,SO2,CO,PM10,NO2,O3,PM2.5
SO2,1,0.207939152,0.266261953,0.26602225,0.177226094,0.283668557
CO,0.207939152,1,0.47055828,0.735280338,0.196768517,0.592378943
PM10,0.266261953,0.47055828,1,0.341075214,0.512687178,0.869450872
NO2,0.26602225,0.735280338,0.341075214,1,0.090471209,0.434467915
O3,0.177226094,0.196768517,0.512687178,0.090471209,1,0.47716575
PM2.5,,0.592378943,0.869450872,0.434467915,0.47716575,1
