aqi,so2,co,pm10,no2,o3(8h),pm25,Class
15,2,2,12,10,2,15,1
88,5,14,48,79,5,88,2
20,2,1,20,7,6,11,1
26,2,1,26,12,6,13,1
32,2,3,11,32,6,21,1
32,8,5,12,32,6,24,1
45,2,8,19,45,6,35,1
93,5,7,54,60,6,93,2
62,5,8,17,62,6,51,2
63,2,6,22,63,6,52,2
30,30,1,18,10,7,12,1
20,2,2,17,18,7,20,1
22,2,2,9,22,7,6,1
23,0,3,8,23,7,14,1
118,2,8,71,37,7,118,3
42,0,7,16,42,7,28,1
122,8,6,75,53,7,122,3
57,5,6,26,57,7,57,2
129,8,7,90,58,7,129,3
95,8,10,56,67,7,95,2
120,5,8,70,67,7,120,3
12,2,1,11,12,8,6,1
13,2,2,10,13,8,11,1
32,5,3,9,32,8,27,1
32,0,3,10,32,8,22,1
32,2,5,11,32,8,12,1
74,5,6,43,42,8,74,2
101,5,14,58,72,8,101,3
9,2,1,7,7,9,3,1
28,2,1,25,10,9,28,1
17,2,3,11,17,9,15,1
20,2,3,20,17,9,13,1
18,15,2,11,18,9,10,1
20,2,2,9,20,9,7,1
22,0,2,6,22,9,17,1
33,0,6,17,33,9,11,1
35,5,5,16,35,9,26,1
55,2,7,26,40,9,55,2
109,2,7,65,42,9,109,3
43,0,9,17,43,9,35,1
50,5,5,18,50,9,39,1
53,2,5,17,53,9,46,2
56,10,6,23,56,9,51,2
74,8,7,38,57,9,74,2
87,2,7,69,60,9,87,2
62,5,9,25,62,9,58,2
111,8,11,67,62,9,111,3
93,15,9,63,67,9,93,2
107,10,12,59,72,9,107,3
15,2,1,10,15,10,6,1
15,2,1,14,15,10,4,1
17,0,2,9,17,10,7,1
20,0,2,6,20,10,11,1
22,0,2,7,22,10,14,1
22,0,2,14,22,10,16,1
23,5,1,13,23,10,15,1
25,0,2,6,25,10,7,1
32,18,2,9,32,10,15,1
32,5,6,18,32,10,25,1
35,35,6,9,33,10,19,1
37,0,5,10,37,10,13,1
42,0,5,15,42,10,28,1
50,10,3,22,50,10,21,1
60,5,6,32,50,10,60,2
52,2,6,21,52,10,44,2
91,5,6,56,54,10,91,2
55,2,6,20,55,10,44,2
90,5,6,56,55,10,90,2
85,2,7,56,56,10,85,2
60,5,10,25,60,10,60,2
21,8,1,21,10,11,15,1
15,5,2,15,13,11,14,1
15,2,2,8,15,11,10,1
17,0,2,15,17,11,6,1
18,5,1,7,18,11,14,1
18,0,2,9,18,11,9,1
18,0,2,9,18,11,7,1
23,2,3,17,18,11,23,1
25,2,2,12,20,11,25,1
22,2,1,10,22,11,15,1
23,0,2,7,23,11,13,1
23,0,2,8,23,11,11,1
23,0,2,8,23,11,10,1
25,5,1,15,25,11,17,1
56,56,6,15,25,11,22,2
28,2,3,13,28,11,15,1
31,0,3,18,30,11,31,1
57,57,20,42,37,11,54,2
38,12,2,14,38,11,22,1
53,35,6,22,43,11,53,2
48,0,6,18,48,11,20,1
94,10,7,41,50,11,94,2
68,5,6,37,51,11,68,2
113,8,7,64,56,11,113,3
77,8,9,40,57,11,77,2
58,2,7,26,58,11,57,2
63,2,7,25,59,11,63,2
122,10,12,74,60,11,122,3
79,2,8,42,63,11,79,2
106,5,9,63,64,11,106,3
12,2,1,9,5,12,6,1
15,0,1,15,7,12,7,1
17,0,1,17,7,12,8,1
14,0,1,14,8,12,7,1
12,2,1,5,10,12,5,1
13,2,1,13,10,12,11,1
15,2,1,7,15,12,10,1
15,0,1,8,15,12,10,1
15,0,1,8,15,12,7,1
19,0,2,9,15,12,19,1
22,0,1,6,17,12,22,1
31,2,3,8,17,12,31,1
17,2,1,9,17,12,8,1
20,2,3,20,17,12,15,1
22,5,1,22,20,12,17,1
22,2,2,10,22,12,7,1
30,30,1,13,22,12,10,1
22,0,2,13,22,12,17,1
23,10,3,15,23,12,11,1
25,2,2,11,25,12,23,1
25,2,2,16,25,12,18,1
27,5,5,9,27,12,11,1
27,5,3,10,27,12,8,1
27,15,2,12,27,12,17,1
28,2,3,11,28,12,15,1
30,10,2,6,30,12,12,1
30,8,2,11,30,12,25,1
33,5,1,9,33,12,11,1
37,2,2,13,37,12,33,1
38,5,3,11,38,12,17,1
38,0,5,16,38,12,20,1
40,2,2,8,40,12,19,1
40,5,3,10,40,12,12,1
47,2,7,19,47,12,32,1
60,25,6,33,52,12,60,2
68,5,5,37,52,12,68,2
76,8,7,41,52,12,76,2
106,5,7,70,54,12,106,3
75,5,8,38,57,12,75,2
65,2,7,30,58,12,65,2
96,10,7,52,60,12,96,2
63,2,9,26,61,12,63,2
102,2,10,57,65,12,102,3
87,10,8,49,67,12,87,2
104,5,8,59,67,12,104,3
94,5,12,54,72,12,94,2
13,0,0,4,2,13,7,1
13,2,0,6,2,13,8,1
13,2,0,4,3,13,8,1
13,0,0,8,3,13,9,1
13,0,0,9,3,13,4,1
13,2,0,8,5,13,7,1
13,0,0,3,7,13,5,1
13,2,1,7,7,13,5,1
13,5,1,9,7,13,8,1
13,2,1,13,7,13,11,1
13,0,1,6,8,13,5,1
13,2,1,8,8,13,2,1
13,2,1,8,8,13,9,1
13,0,2,8,8,13,8,1
13,0,1,12,8,13,10,1
17,2,1,17,8,13,9,1
13,2,1,6,10,13,4,1
14,0,1,14,10,13,12,1
24,2,1,17,10,13,24,1
21,0,2,21,10,13,20,1
13,2,1,9,12,13,3,1
20,5,1,20,12,13,16,1
13,2,2,8,13,13,,1
13,2,1,12,13,13,5,1
19,2,2,19,13,13,18,1
17,2,2,7,15,13,17,1
25,2,3,6,17,13,25,1
17,8,1,8,17,13,9,1
21,2,2,10,17,13,21,1
17,12,3,14,17,13,17,1
18,0,2,6,18,13,3,1
24,10,1,10,18,13,24,1
18,5,1,14,18,13,15,1
35,20,1,35,18,13,19,1
20,0,1,9,20,13,3,1
20,8,2,9,20,13,9,1
20,2,1,10,20,13,14,1
22,0,2,11,22,13,7,1
22,2,2,11,22,13,6,1
22,8,3,14,22,13,13,1
87,0,5,51,22,13,87,2
30,2,3,17,27,13,30,1
27,18,1,20,27,13,16,1
27,2,1,21,27,13,24,1
38,2,3,17,28,13,38,1
28,5,3,19,28,13,23,1
30,22,2,16,30,13,30,1
30,2,3,16,30,13,26,1
42,0,7,15,42,13,22,1
49,5,6,19,45,13,49,1
47,0,8,19,47,13,28,1
50,2,6,20,50,13,33,1
50,5,5,23,50,13,49,1
60,2,7,23,51,13,60,2
90,2,6,42,51,13,90,2
68,5,6,34,53,13,68,2
82,12,6,47,54,13,82,2
70,22,6,38,56,13,70,2
14,0,0,4,2,14,8,1
14,2,0,4,2,14,4,1
14,0,0,5,2,14,5,1
14,0,0,6,2,14,2,1
14,0,0,7,2,14,11,1
17,2,0,12,2,14,17,1
14,2,1,10,3,14,10,1
15,0,1,15,3,14,6,1
16,0,0,16,3,14,13,1
14,2,1,6,5,14,2,1
14,2,0,9,5,14,5,1
14,2,0,9,5,14,8,1
14,2,0,10,5,14,6,1
14,2,0,14,5,14,11,1
14,2,0,14,5,14,11,1
21,0,1,17,5,14,21,1
17,2,1,17,5,14,10,1
33,2,1,33,5,14,15,1
14,2,1,10,7,14,7,1
14,2,1,12,7,14,6,1
14,2,1,4,8,14,,1
14,2,1,6,8,14,10,1
14,0,1,9,8,14,4,1
14,0,1,10,8,14,5,1
14,2,1,11,8,14,10,1
15,0,1,15,8,14,5,1
16,2,0,16,8,14,11,1
14,2,1,5,10,14,1,1
16,2,1,9,10,14,16,1
14,8,2,12,10,14,12,1
15,2,3,15,10,14,12,1
14,0,1,7,12,14,7,1
14,0,1,9,12,14,12,1
14,0,1,9,12,14,6,1
19,2,1,10,12,14,19,1
14,2,1,12,12,14,12,1
14,8,1,9,13,14,9,1
14,0,1,14,13,14,11,1
16,0,1,16,13,14,15,1
16,2,1,16,13,14,16,1
15,0,2,8,15,14,11,1
22,5,2,10,15,14,22,1
20,15,1,15,15,14,20,1
18,0,1,18,15,14,18,1
18,18,2,12,17,14,13,1
25,10,2,14,17,14,25,1
23,5,1,15,17,14,23,1
17,2,1,17,17,14,15,1
17,2,2,17,17,14,9,1
18,2,2,13,18,14,10,1
20,2,3,20,18,14,18,1
20,2,2,9,20,14,15,1
20,2,2,11,20,14,19,1
22,2,1,7,22,14,14,1
22,2,2,8,22,14,3,1
22,10,2,13,22,14,6,1
22,2,2,15,22,14,8,1
23,2,1,13,23,14,14,1
28,8,1,21,23,14,28,1
25,2,2,5,25,14,11,1
25,2,3,16,25,14,21,1
25,12,2,19,25,14,19,1
27,5,2,14,27,14,21,1
27,5,2,20,27,14,20,1
28,2,1,9,28,14,18,1
28,2,3,9,28,14,8,1
28,5,5,15,28,14,13,1
33,2,5,17,33,14,26,1
33,2,5,17,33,14,18,1
59,5,2,38,33,14,59,2
35,2,2,8,35,14,18,1
38,15,1,12,38,14,17,1
38,12,2,16,38,14,31,1
40,0,3,18,40,14,25,1
40,0,7,22,40,14,33,1
58,2,3,26,40,14,58,2
45,2,5,19,45,14,25,1
97,5,6,62,51,14,97,2
52,5,7,18,52,14,36,2
52,30,3,20,52,14,34,2
87,8,5,38,52,14,87,2
52,18,6,39,52,14,51,2
54,5,6,17,54,14,44,2
69,5,5,33,54,14,69,2
102,10,9,49,69,14,102,3
98,5,16,58,82,14,98,2
15,0,0,6,2,15,11,1
15,0,0,9,2,15,12,1
15,0,1,10,2,15,13,1
22,10,1,22,2,15,10,1
15,0,0,4,3,15,11,1
15,2,1,14,3,15,9,1
15,12,1,8,5,15,6,1
15,0,0,10,5,15,9,1
15,2,0,10,5,15,6,1
15,8,1,10,5,15,15,1
15,2,0,14,5,15,9,1
15,0,0,15,5,15,6,1
16,2,1,16,5,15,8,1
15,2,1,6,7,15,,1
15,2,1,12,7,15,9,1
15,2,1,7,8,15,3,1
15,2,1,12,8,15,4,1
15,2,1,13,8,15,14,1
15,0,1,5,10,15,10,1
16,0,1,11,10,15,16,1
15,2,1,12,10,15,,1
15,5,2,13,10,15,5,1
18,2,1,18,10,15,17,1
19,2,1,19,10,15,10,1
15,0,2,5,12,15,7,1
15,2,1,9,12,15,11,1
15,2,1,11,12,15,15,1
15,2,1,13,12,15,5,1
17,0,1,17,12,15,10,1
22,2,1,22,12,15,15,1
15,0,2,4,13,15,13,1
15,2,2,9,13,15,3,1
18,2,1,11,13,15,18,1
15,8,1,11,13,15,11,1
26,0,1,12,13,15,26,1
15,2,1,12,13,15,5,1
15,0,2,5,15,15,,1
20,5,1,10,15,15,20,1
15,2,1,11,15,15,2,1
20,0,2,20,15,15,19,1
17,2,1,7,17,15,4,1
21,5,1,11,17,15,21,1
17,0,1,15,17,15,13,1
25,8,2,15,17,15,25,1
19,2,2,16,17,15,19,1
30,2,2,22,17,15,30,1
18,0,1,7,18,15,9,1
18,5,1,9,18,15,7,1
18,0,2,9,18,15,6,1
23,8,2,13,18,15,23,1
24,0,2,14,18,15,24,1
34,2,2,34,18,15,33,1
20,2,2,4,20,15,8,1
20,2,2,7,20,15,14,1
20,5,1,13,20,15,9,1
20,2,1,15,20,15,13,1
21,8,2,15,20,15,21,1
22,5,1,8,22,15,18,1
22,0,1,10,22,15,18,1
22,0,2,13,22,15,11,1
23,2,1,5,23,15,5,1
23,2,1,9,23,15,5,1
23,20,1,11,23,15,9,1
23,2,2,11,23,15,7,1
23,5,2,13,23,15,15,1
23,5,1,15,23,15,22,1
23,2,3,15,23,15,16,1
28,22,2,18,23,15,28,1
27,0,2,27,23,15,18,1
25,5,2,9,25,15,18,1
25,2,3,16,25,15,23,1
27,5,3,13,27,15,20,1
27,5,3,21,27,15,22,1
68,0,3,34,27,15,68,2
28,2,3,10,28,15,18,1
28,5,3,17,28,15,14,1
48,2,3,26,28,15,48,1
30,2,2,8,30,15,16,1
30,0,2,11,30,15,16,1
30,0,5,15,30,15,18,1
33,2,3,8,33,15,20,1
35,25,2,22,35,15,26,1
37,2,3,17,37,15,36,1
37,2,3,18,37,15,27,1
54,2,5,40,38,15,54,2
40,2,3,15,40,15,30,1
78,2,6,45,42,15,78,2
43,0,5,8,43,15,17,1
45,2,5,20,45,15,24,1
45,5,6,20,45,15,31,1
63,2,5,24,45,15,63,2
47,2,6,21,47,15,44,1
82,5,6,41,48,15,82,2
50,2,6,20,50,15,39,1
51,0,6,13,51,15,28,2
51,2,6,21,51,15,51,2
81,10,6,48,51,15,81,2
52,2,7,15,52,15,30,2
52,18,5,16,52,15,29,2
72,2,5,35,52,15,72,2
106,5,8,38,52,15,106,3
105,5,7,64,53,15,105,3
57,2,6,22,57,15,57,2
61,8,7,48,57,15,61,2
102,2,8,54,57,15,102,3
67,5,9,24,64,15,67,2
16,0,0,5,2,16,9,1
16,0,0,7,2,16,8,1
16,0,0,7,2,16,9,1
19,2,0,12,2,16,19,1
16,0,0,7,3,16,11,1
16,2,1,9,3,16,6,1
16,2,0,11,3,16,14,1
16,2,1,13,3,16,10,1
16,2,1,15,3,16,9,1
16,2,0,5,5,16,2,1
16,2,1,8,5,16,9,1
16,0,0,10,5,16,6,1
16,2,0,10,5,16,9,1
16,2,1,12,5,16,6,1
16,0,0,13,5,16,7,1
16,2,0,13,5,16,6,1
16,5,1,13,5,16,8,1
16,8,1,13,5,16,7,1
16,2,0,15,5,16,13,1
16,2,0,15,5,16,15,1
17,0,0,17,5,16,9,1
16,2,1,8,7,16,10,1
16,0,0,10,7,16,8,1
16,0,1,15,7,16,8,1
16,2,0,10,8,16,6,1
16,2,0,14,8,16,9,1
16,2,1,15,8,16,7,1
16,0,1,14,10,16,7,1
21,2,2,21,10,16,21,1
27,2,1,27,10,16,16,1
16,5,1,13,12,16,8,1
27,0,2,16,12,16,27,1
17,2,1,17,12,16,14,1
20,0,1,20,12,16,17,1
34,2,3,27,12,16,34,1
16,2,2,5,13,16,13,1
16,0,1,7,13,16,4,1
16,5,1,7,13,16,9,1
16,10,1,15,13,16,10,1
22,8,2,19,13,16,22,1
16,2,1,8,15,16,8,1
18,5,2,8,15,16,18,1
16,2,1,9,15,16,6,1
16,0,2,11,15,16,14,1
16,2,1,12,15,16,15,1
16,5,1,12,15,16,11,1
22,5,1,13,15,16,22,1
20,20,3,17,15,16,14,1
19,2,2,10,17,16,19,1
19,2,1,16,17,16,19,1
19,2,2,19,17,16,17,1
74,2,5,43,17,16,74,2
18,5,2,8,18,16,10,1
18,10,2,8,18,16,18,1
18,2,3,8,18,16,14,1
18,12,1,9,18,16,12,1
19,0,2,18,18,16,19,1
19,2,3,19,18,16,19,1
22,8,2,22,18,16,16,1
24,22,2,22,18,16,24,1
43,2,2,29,18,16,43,1
20,12,2,5,20,16,,1
20,2,2,8,20,16,10,1
20,0,2,10,20,16,11,1
25,8,2,12,20,16,25,1
20,2,2,13,20,16,7,1
20,2,2,14,20,16,17,1
20,0,2,15,20,16,20,1
20,2,1,19,20,16,17,1
22,2,1,10,22,16,16,1
22,8,1,11,22,16,11,1
22,8,2,14,22,16,16,1
22,2,2,17,22,16,17,1
28,28,2,9,23,16,15,1
23,0,1,11,23,16,16,1
23,0,3,13,23,16,12,1
31,12,2,21,23,16,31,1
25,15,3,24,23,16,25,1
25,2,2,8,25,16,20,1
25,2,3,18,25,16,21,1
31,2,1,27,25,16,31,1
58,2,5,36,25,16,58,2
27,2,3,9,27,16,6,1
37,2,5,34,28,16,37,1
30,5,2,16,30,16,24,1
30,15,2,19,30,16,29,1
53,2,5,20,30,16,53,2
32,2,2,10,32,16,28,1
32,8,3,13,32,16,13,1
37,15,2,18,32,16,37,1
61,2,5,39,32,16,61,2
33,2,3,18,33,16,25,1
35,5,3,15,35,16,8,1
35,5,5,15,35,16,21,1
43,2,3,18,37,16,43,1
46,2,3,23,37,16,46,1
74,2,5,41,37,16,74,2
38,0,5,13,38,16,19,1
55,0,5,29,38,16,55,2
95,8,5,60,38,16,95,2
42,32,3,16,42,16,35,1
42,5,3,21,42,16,20,1
42,8,5,29,42,16,40,1
43,2,3,19,43,16,24,1
43,5,5,19,43,16,37,1
43,2,3,22,43,16,34,1
45,0,5,15,45,16,32,1
49,25,5,25,47,16,49,1
50,5,6,15,50,16,30,1
50,5,7,29,50,16,45,1
76,30,5,41,50,16,76,2
51,2,5,20,51,16,32,2
52,2,6,21,52,16,49,2
93,5,6,48,52,16,93,2
54,2,7,24,53,16,54,2
53,2,5,27,53,16,38,2
103,5,6,57,53,16,103,3
90,10,7,53,55,16,90,2
57,2,5,11,57,16,17,2
77,5,7,40,57,16,77,2
90,5,8,47,57,16,90,2
61,2,9,25,61,16,59,2
87,12,6,49,61,16,87,2
106,5,15,57,64,16,106,3
111,10,14,59,70,16,111,3
17,2,0,7,0,17,9,1
17,0,0,6,2,17,8,1
17,0,0,7,2,17,13,1
17,5,0,8,2,17,2,1
17,0,0,8,3,17,14,1
17,8,0,8,3,17,6,1
17,2,1,10,3,17,10,1
17,15,1,11,3,17,8,1
17,2,1,12,3,17,9,1
17,2,0,15,3,17,7,1
17,0,0,16,3,17,11,1
17,0,1,5,5,17,3,1
17,0,0,14,5,17,10,1
17,2,1,16,5,17,6,1
17,2,1,16,5,17,16,1
17,2,1,16,5,17,6,1
21,0,1,21,5,17,19,1
17,0,1,4,7,17,8,1
17,0,0,10,7,17,6,1
17,2,1,11,7,17,5,1
17,2,1,11,7,17,9,1
45,45,1,11,7,17,5,1
17,5,0,15,7,17,6,1
17,2,1,15,7,17,7,1
17,0,1,16,7,17,8,1
25,2,1,17,7,17,25,1
22,0,1,22,7,17,16,1
17,2,0,8,8,17,6,1
17,2,1,8,8,17,3,1
17,5,1,10,8,17,10,1
17,2,1,15,8,17,6,1
22,2,1,18,8,17,22,1
18,2,1,18,8,17,18,1
20,2,1,20,8,17,14,1
17,2,1,4,10,17,9,1
17,0,1,8,10,17,11,1
17,2,2,9,10,17,15,1
17,2,1,12,10,17,10,1
18,0,1,18,10,17,8,1
17,2,1,4,12,17,5,1
17,0,1,9,12,17,12,1
17,2,1,10,12,17,1,1
17,2,1,11,12,17,11,1
17,2,0,12,12,17,10,1
21,2,1,13,12,17,21,1
17,2,1,14,12,17,11,1
17,0,1,15,12,17,15,1
17,8,0,17,12,17,7,1
18,2,0,18,12,17,13,1
20,0,1,20,12,17,13,1
17,2,1,8,13,17,12,1
18,0,1,9,13,17,18,1
17,2,1,9,13,17,3,1
17,5,1,13,13,17,2,1
18,0,1,18,13,17,9,1
20,0,1,20,13,17,13,1
26,2,2,26,13,17,23,1
17,2,2,7,15,17,4,1
17,2,1,9,15,17,12,1
17,0,1,11,15,17,9,1
17,5,1,12,15,17,16,1
17,2,1,14,15,17,8,1
30,2,2,16,15,17,30,1
36,2,2,19,15,17,36,1
26,0,2,21,15,17,26,1
17,5,1,6,17,17,8,1
17,2,1,7,17,17,12,1
17,2,2,8,17,17,11,1
17,2,3,8,17,17,17,1
17,0,1,9,17,17,7,1
17,8,1,9,17,17,8,1
17,2,2,10,17,17,7,1
27,10,2,11,17,17,27,1
17,8,2,12,17,17,10,1
17,2,1,13,17,17,14,1
22,0,1,22,17,17,18,1
18,0,2,9,18,17,16,1
37,2,3,29,18,17,37,1
59,2,3,32,18,17,59,2
20,0,1,10,20,17,17,1
20,10,2,11,20,17,10,1
20,2,1,15,20,17,15,1
20,8,2,16,20,17,10,1
29,0,3,17,20,17,29,1
40,40,1,18,20,17,19,1
23,8,2,18,20,17,23,1
22,0,2,8,22,17,18,1
22,2,2,11,22,17,18,1
22,8,2,11,22,17,18,1
22,2,1,13,22,17,9,1
25,25,2,21,22,17,23,1
23,2,2,8,23,17,6,1
28,28,2,11,23,17,17,1
23,8,1,13,23,17,19,1
23,10,2,17,23,17,22,1
27,12,3,17,23,17,27,1
24,15,2,18,23,17,24,1
25,8,0,20,23,17,25,1
35,18,5,28,23,17,35,1
25,2,1,3,25,17,7,1
25,0,2,7,25,17,11,1
25,8,2,14,25,17,20,1
32,0,5,14,25,17,32,1
27,5,3,16,25,17,27,1
29,12,3,17,25,17,29,1
25,15,2,20,25,17,22,1
27,0,2,12,27,17,17,1
40,40,5,17,27,17,21,1
53,2,5,19,27,17,53,2
28,2,3,8,28,17,18,1
28,2,2,9,28,17,19,1
34,8,2,14,30,17,34,1
30,0,3,16,30,17,21,1
36,2,3,19,30,17,36,1
30,5,3,21,30,17,26,1
73,2,5,44,30,17,73,2
32,8,2,11,32,17,27,1
52,2,3,36,32,17,52,2
33,2,5,7,33,17,11,1
33,5,2,12,33,17,8,1
33,2,5,12,33,17,9,1
33,2,1,16,33,17,23,1
75,5,3,50,35,17,75,2
43,2,3,29,38,17,43,1
40,0,3,6,40,17,3,1
47,2,5,18,40,17,47,1
40,5,5,19,40,17,35,1
40,0,2,25,40,17,32,1
42,10,2,12,42,17,17,1
43,2,5,8,43,17,5,1
43,0,3,14,43,17,24,1
43,2,6,16,43,17,33,1
66,5,5,28,43,17,66,2
56,5,5,42,43,17,56,2
62,2,5,31,45,17,62,2
79,2,5,39,47,17,79,2
48,8,2,20,48,17,31,1
90,5,7,45,48,17,90,2
79,5,6,48,48,17,79,2
50,8,3,11,50,17,18,1
51,5,8,16,51,17,33,2
51,25,1,24,51,17,41,2
76,2,5,38,52,17,76,2
55,2,6,13,55,17,24,2
55,5,8,18,55,17,33,2
60,5,6,38,60,17,60,2
84,12,7,60,60,17,84,2
105,8,7,62,60,17,105,3
127,2,9,70,64,17,127,3
18,0,0,8,0,18,12,1
18,2,0,12,0,18,17,1
18,0,0,7,2,18,9,1
18,0,0,8,2,18,12,1
18,2,0,8,2,18,11,1
18,0,0,9,2,18,9,1
18,0,0,9,2,18,12,1
18,2,0,10,2,18,6,1
18,2,1,11,2,18,10,1
18,2,0,9,3,18,11,1
18,5,1,9,3,18,8,1
18,2,0,5,5,18,2,1
18,2,1,6,5,18,3,1
18,2,1,7,5,18,4,1
18,2,1,8,5,18,17,1
18,2,1,11,5,18,5,1
18,2,1,13,5,18,9,1
18,2,1,16,5,18,12,1
18,0,1,17,5,18,12,1
18,2,1,17,5,18,4,1
18,2,1,18,5,18,16,1
19,2,1,19,5,18,14,1
18,2,1,8,7,18,12,1
18,0,1,11,7,18,7,1
18,0,1,12,7,18,10,1
29,2,1,15,7,18,29,1
18,5,0,16,7,18,12,1
20,2,1,20,7,18,12,1
21,0,0,21,7,18,13,1
23,2,1,23,7,18,11,1
18,2,1,4,8,18,5,1
18,2,1,4,8,18,12,1
18,2,1,8,8,18,4,1
18,5,1,9,8,18,6,1
18,8,1,10,8,18,14,1
18,2,1,12,8,18,12,1
18,2,1,14,8,18,18,1
18,0,1,15,8,18,9,1
18,2,1,16,8,18,9,1
18,0,0,17,8,18,10,1
22,0,2,17,8,18,22,1
22,0,1,22,8,18,19,1
23,2,1,23,8,18,12,1
23,2,1,23,8,18,14,1
18,0,1,8,10,18,2,1
18,2,1,14,10,18,15,1
18,2,1,16,10,18,13,1
18,2,1,17,10,18,10,1
18,2,0,12,12,18,10,1
18,0,1,12,12,18,7,1
18,5,1,12,12,18,6,1
23,2,1,15,12,18,23,1
20,0,1,16,12,18,20,1
18,2,1,17,12,18,8,1
18,5,1,4,13,18,7,1
18,2,1,9,13,18,17,1
18,2,0,11,13,18,9,1
21,2,1,13,13,18,21,1
33,2,1,14,13,18,33,1
18,2,1,15,13,18,8,1
18,2,1,17,13,18,5,1
18,5,1,17,13,18,13,1
22,0,1,7,15,18,22,1
23,0,0,13,15,18,23,1
21,5,2,14,15,18,21,1
18,5,2,14,15,18,8,1
30,0,2,18,15,18,30,1
24,0,1,20,15,18,24,1
42,2,2,35,15,18,42,1
24,5,1,10,17,18,24,1
18,8,1,12,17,18,17,1
18,0,1,13,17,18,11,1
22,22,2,14,17,18,10,1
18,2,2,15,17,18,6,1
28,5,2,16,17,18,28,1
23,5,2,17,17,18,23,1
32,0,2,25,17,18,32,1
18,15,1,10,18,18,12,1
27,2,2,12,18,18,27,1
18,5,2,13,18,18,17,1
18,10,1,14,18,18,15,1
18,8,2,16,18,18,9,1
28,2,1,21,18,18,28,1
59,5,2,26,18,18,59,2
20,5,2,8,20,18,10,1
20,2,2,9,20,18,16,1
20,5,2,10,20,18,5,1
20,2,1,11,20,18,9,1
20,2,1,12,20,18,15,1
20,2,2,12,20,18,13,1
20,5,2,14,20,18,18,1
20,12,2,14,20,18,10,1
20,5,3,14,20,18,15,1
20,2,2,16,20,18,16,1
22,5,2,9,22,18,17,1
22,2,2,10,22,18,10,1
22,0,2,11,22,18,18,1
22,2,2,11,22,18,19,1
33,2,1,16,22,18,33,1
22,2,3,16,22,18,22,1
23,2,2,6,23,18,10,1
23,22,2,8,23,18,8,1
48,48,1,14,23,18,21,1
23,8,1,16,23,18,17,1
23,2,2,16,23,18,7,1
32,10,2,21,23,18,32,1
28,8,1,24,23,18,28,1
44,8,3,25,23,18,44,1
64,2,3,28,23,18,64,2
65,2,3,33,23,18,65,2
27,0,2,19,25,18,27,1
51,2,3,22,25,18,51,2
27,18,3,27,25,18,26,1
30,15,1,30,25,18,,1
27,5,2,10,27,18,15,1
31,5,1,14,27,18,31,1
27,5,2,17,27,18,17,1
27,0,5,17,27,18,19,1
65,2,3,34,27,18,65,2
85,5,3,38,27,18,85,2
28,5,2,12,28,18,15,1
39,5,3,18,28,18,39,1
33,32,2,20,28,18,33,1
51,2,3,24,28,18,51,2
30,0,2,10,30,18,5,1
30,8,2,21,30,18,19,1
42,2,3,22,30,18,42,1
30,8,3,22,30,18,27,1
39,25,3,30,30,18,39,1
33,5,5,30,30,18,33,1
32,0,3,6,32,18,17,1
35,0,5,20,32,18,35,1
57,2,3,38,32,18,57,2
33,2,2,16,33,18,27,1
33,2,3,25,33,18,31,1
102,5,5,54,33,18,102,3
35,2,5,13,35,18,23,1
56,2,3,30,35,18,56,2
37,5,5,11,37,18,20,1
37,30,9,16,37,18,27,1
38,2,5,14,38,18,19,1
38,2,3,25,38,18,30,1
40,8,2,13,40,18,35,1
40,2,2,15,40,18,23,1
40,5,6,15,40,18,23,1
42,0,3,8,42,18,21,1
54,5,5,24,43,18,54,2
57,2,5,46,45,18,57,2
75,5,5,41,47,18,75,2
48,0,3,17,48,18,21,1
52,2,3,16,52,18,24,2
52,2,6,16,52,18,33,2
82,2,6,40,52,18,82,2
53,0,2,9,53,18,14,2
53,10,6,19,53,18,44,2
68,12,5,58,54,18,68,2
55,5,10,25,55,18,55,2
89,50,7,52,55,18,89,2
121,2,10,56,55,18,121,3
90,2,8,41,57,18,90,2
66,8,9,19,66,18,34,2
19,0,1,9,0,19,3,1
19,2,0,7,2,19,12,1
19,2,0,8,2,19,12,1
19,0,0,9,2,19,11,1
19,2,0,9,2,19,11,1
19,2,1,9,2,19,9,1
22,0,0,15,2,19,22,1
23,2,0,16,2,19,23,1
19,0,0,4,3,19,6,1
19,0,0,6,3,19,7,1
19,0,0,7,3,19,13,1
19,2,1,9,3,19,6,1
42,42,3,10,3,19,15,1
19,2,1,13,3,19,12,1
19,2,0,14,3,19,4,1
21,2,1,18,3,19,21,1
19,2,1,19,3,19,12,1
37,2,2,19,3,19,37,1
19,0,1,3,5,19,16,1
19,0,1,5,5,19,17,1
19,2,0,6,5,19,6,1
19,5,0,6,5,19,4,1
19,2,0,9,5,19,6,1
19,2,1,11,5,19,14,1
19,2,1,12,5,19,10,1
19,0,1,14,5,19,6,1
19,0,1,14,5,19,18,1
19,2,1,14,5,19,12,1
19,2,1,14,5,19,17,1
19,2,0,15,5,19,12,1
19,2,0,15,5,19,14,1
19,0,1,15,5,19,15,1
19,0,1,15,5,19,10,1
19,2,1,15,5,19,18,1
19,2,1,15,5,19,10,1
19,2,1,15,5,19,10,1
20,0,0,16,5,19,20,1
19,2,0,16,5,19,12,1
19,2,1,16,5,19,8,1
19,2,1,17,5,19,6,1
20,2,1,20,5,19,5,1
33,0,1,28,5,19,33,1
19,2,1,4,7,19,8,1
19,0,1,5,7,19,6,1
19,2,1,5,7,19,1,1
19,2,1,7,7,19,14,1
19,0,0,8,7,19,10,1
19,8,1,8,7,19,4,1
19,2,1,10,7,19,7,1
19,15,1,10,7,19,8,1
19,0,0,11,7,19,5,1
19,0,1,11,7,19,7,1
19,2,1,11,7,19,8,1
19,2,1,12,7,19,6,1
19,0,0,13,7,19,16,1
19,0,1,13,7,19,10,1
19,2,1,17,7,19,18,1
19,2,0,18,7,19,5,1
19,2,1,18,7,19,9,1
24,2,1,20,7,19,24,1
20,0,2,20,7,19,12,1
21,0,1,21,7,19,20,1
23,2,1,23,7,19,11,1
28,2,1,25,7,19,28,1
66,2,1,66,7,19,18,2
19,5,1,2,8,19,3,1
19,0,1,4,8,19,,1
19,2,1,5,8,19,4,1
19,2,0,7,8,19,8,1
19,2,1,7,8,19,10,1
19,2,1,8,8,19,1,1
24,2,1,11,8,19,24,1
19,5,0,12,8,19,14,1
19,2,1,12,8,19,12,1
19,2,1,12,8,19,9,1
19,2,1,13,8,19,12,1
19,0,1,14,8,19,8,1
19,2,1,15,8,19,11,1
19,2,1,16,8,19,14,1
19,0,1,17,8,19,19,1
19,0,1,17,8,19,12,1
19,5,0,18,8,19,12,1
19,2,1,18,8,19,17,1
20,5,0,20,8,19,8,1
22,2,1,21,8,19,22,1
21,2,1,21,8,19,18,1
22,2,1,22,8,19,13,1
19,2,1,3,10,19,4,1
19,0,1,5,10,19,10,1
19,2,1,5,10,19,4,1
19,2,1,9,10,19,9,1
19,0,1,10,10,19,15,1
19,5,1,10,10,19,5,1
19,0,2,10,10,19,15,1
19,2,1,11,10,19,9,1
19,0,2,12,10,19,16,1
19,2,1,13,10,19,5,1
19,2,1,14,10,19,13,1
19,2,2,14,10,19,14,1
19,2,1,15,10,19,8,1
23,2,1,16,10,19,23,1
19,2,1,17,10,19,17,1
24,2,1,18,10,19,24,1
19,2,1,19,10,19,12,1
19,5,1,19,10,19,13,1
24,2,1,21,10,19,24,1
26,5,1,26,10,19,13,1
19,2,1,5,12,19,10,1
19,2,1,7,12,19,7,1
19,0,1,8,12,19,18,1
19,0,1,8,12,19,9,1
19,2,1,8,12,19,8,1
19,2,1,8,12,19,12,1
19,5,1,9,12,19,10,1
19,0,2,9,12,19,6,1
19,2,1,10,12,19,8,1
19,2,1,10,12,19,16,1
19,0,1,11,12,19,11,1
19,2,1,11,12,19,15,1
19,5,1,11,12,19,4,1
19,2,1,14,12,19,14,1
19,2,1,16,12,19,16,1
19,2,1,18,12,19,12,1
23,0,1,20,12,19,23,1
32,2,1,20,12,19,32,1
19,2,2,4,13,19,14,1
19,5,1,9,13,19,16,1
19,2,0,10,13,19,14,1
19,0,1,10,13,19,4,1
19,2,2,11,13,19,6,1
19,2,1,12,13,19,6,1
19,5,1,12,13,19,7,1
19,5,1,13,13,19,7,1
21,0,2,14,13,19,21,1
20,2,2,14,13,19,20,1
19,2,1,15,13,19,14,1
19,0,2,15,13,19,7,1
19,0,2,17,13,19,8,1
26,0,2,18,13,19,26,1
20,2,1,20,13,19,15,1
23,5,1,23,13,19,19,1
30,2,1,24,13,19,30,1
19,2,2,6,15,19,6,1
19,2,1,7,15,19,4,1
21,12,1,9,15,19,21,1
19,0,1,11,15,19,12,1
19,8,1,11,15,19,13,1
22,10,1,11,15,19,22,1
19,2,2,11,15,19,,1
22,0,1,12,15,19,22,1
19,2,1,12,15,19,16,1
19,2,1,13,15,19,19,1
19,8,1,13,15,19,19,1
19,8,1,13,15,19,13,1
19,8,2,13,15,19,15,1
19,0,1,14,15,19,16,1
19,2,1,15,15,19,15,1
26,2,2,15,15,19,26,1
19,5,2,15,15,19,12,1
20,5,2,16,15,19,20,1
24,0,1,18,15,19,24,1
33,2,2,19,15,19,33,1
24,2,1,20,15,19,24,1
24,0,2,21,15,19,24,1
30,2,1,22,15,19,30,1
38,2,2,24,15,19,38,1
24,2,3,24,15,19,17,1
25,5,1,25,15,19,22,1
19,2,2,3,17,19,7,1
19,2,1,9,17,19,4,1
19,5,2,12,17,19,3,1
32,0,1,15,17,19,32,1
19,2,1,15,17,19,16,1
20,0,2,15,17,19,20,1
26,2,1,17,17,19,26,1
26,8,2,17,17,19,26,1
33,10,2,17,17,19,33,1
19,0,2,18,17,19,17,1
22,8,2,18,17,19,22,1
31,2,2,21,17,19,31,1
24,0,2,24,17,19,24,1
48,48,1,28,17,19,19,1
20,0,2,6,18,19,20,1
19,5,2,7,18,19,6,1
19,0,1,8,18,19,7,1
19,2,2,8,18,19,17,1
19,8,1,9,18,19,8,1
19,2,2,9,18,19,16,1
28,8,2,11,18,19,28,1
21,5,2,12,18,19,21,1
19,2,2,13,18,19,19,1
19,2,2,14,18,19,17,1
19,5,2,15,18,19,15,1
31,5,1,16,18,19,31,1
19,8,1,17,18,19,15,1
38,10,2,19,18,19,38,1
28,2,2,21,18,19,28,1
35,5,2,21,18,19,35,1
30,10,2,26,18,19,30,1
36,30,2,28,18,19,36,1
20,5,0,1,20,19,8,1
20,2,0,6,20,19,6,1
20,0,3,8,20,19,13,1
20,2,3,9,20,19,19,1
20,10,1,12,20,19,19,1
20,5,1,13,20,19,16,1
20,12,2,13,20,19,14,1
20,8,2,14,20,19,19,1
20,2,2,15,20,19,20,1
28,8,2,15,20,19,28,1
20,2,1,16,20,19,9,1
20,8,2,16,20,19,19,1
21,2,3,16,20,19,21,1
22,8,3,17,20,19,22,1
20,5,1,18,20,19,20,1
28,0,2,18,20,19,28,1
20,10,2,19,20,19,14,1
20,10,2,20,20,19,19,1
34,2,1,23,20,19,34,1
23,2,1,23,20,19,12,1
28,2,2,23,20,19,28,1
40,5,2,26,20,19,40,1
22,2,0,5,22,19,7,1
22,2,2,5,22,19,2,1
22,5,1,6,22,19,18,1
22,2,1,8,22,19,18,1
22,8,1,10,22,19,16,1
22,0,3,10,22,19,7,1
22,10,2,12,22,19,21,1
25,5,2,14,22,19,25,1
22,5,1,15,22,19,16,1
22,5,1,17,22,19,19,1
22,2,1,18,22,19,18,1
27,12,3,19,22,19,27,1
24,8,1,22,22,19,24,1
22,8,2,22,22,19,22,1
59,2,5,29,22,19,59,2
23,0,2,7,23,19,4,1
23,2,2,7,23,19,18,1
23,0,3,7,23,19,16,1
23,0,2,8,23,19,11,1
23,2,2,10,23,19,17,1
23,2,3,12,23,19,15,1
44,8,3,14,23,19,44,1
23,5,1,16,23,19,15,1
31,2,2,16,23,19,31,1
23,2,3,16,23,19,23,1
23,2,3,17,23,19,22,1
29,2,2,18,23,19,29,1
23,2,3,18,23,19,23,1
23,8,3,18,23,19,20,1
23,8,2,19,23,19,19,1
23,2,3,21,23,19,22,1
28,2,3,22,23,19,28,1
23,2,1,23,23,19,15,1
29,8,3,29,23,19,27,1
25,0,2,5,25,19,7,1
25,0,1,7,25,19,12,1
25,10,2,8,25,19,7,1
25,2,1,10,25,19,11,1
25,10,3,11,25,19,12,1
25,2,2,12,25,19,19,1
25,15,2,13,25,19,14,1
25,5,2,14,25,19,22,1
25,5,1,15,25,19,22,1
25,5,3,16,25,19,12,1
28,2,2,19,25,19,28,1
28,2,3,19,25,19,28,1
32,15,3,21,25,19,32,1
25,15,2,23,25,19,20,1
43,10,3,27,25,19,43,1
27,0,3,6,27,19,9,1
27,0,1,11,27,19,20,1
27,0,1,11,27,19,9,1
27,2,3,12,27,19,8,1
27,2,1,13,27,19,17,1
27,2,1,14,27,19,24,1
29,10,1,14,27,19,29,1
27,8,2,14,27,19,8,1
27,2,2,15,27,19,25,1
27,2,2,15,27,19,16,1
27,2,2,18,27,19,15,1
30,8,2,21,27,19,30,1
35,2,3,24,27,19,35,1
56,18,3,31,27,19,56,2
61,2,5,34,27,19,61,2
70,5,3,42,27,19,70,2
28,0,2,2,28,19,6,1
28,0,3,10,28,19,13,1
28,5,3,11,28,19,21,1
28,18,2,12,28,19,22,1
28,8,0,13,28,19,20,1
28,8,2,15,28,19,24,1
28,0,6,16,28,19,19,1
28,10,2,19,28,19,27,1
33,0,2,20,28,19,33,1
36,8,2,23,28,19,36,1
28,12,2,23,28,19,28,1
29,10,2,24,28,19,29,1
30,5,1,9,30,19,10,1
30,0,2,9,30,19,8,1
30,10,2,15,30,19,21,1
30,2,3,16,30,19,25,1
30,2,2,17,30,19,27,1
30,2,2,18,30,19,23,1
30,2,3,18,30,19,28,1
44,0,3,22,30,19,44,1
42,5,3,24,30,19,42,1
32,2,3,7,32,19,17,1
32,5,1,10,32,19,23,1
32,10,1,10,32,19,16,1
32,25,8,12,32,19,19,1
32,8,3,13,32,19,11,1
32,2,2,15,32,19,13,1
32,15,2,17,32,19,29,1
32,5,3,18,32,19,28,1
37,2,3,23,32,19,37,1
33,15,3,13,33,19,31,1
40,40,3,13,33,19,31,1
33,10,2,14,33,19,33,1
33,22,2,14,33,19,17,1
33,2,5,14,33,19,28,1
33,0,3,15,33,19,24,1
38,2,2,23,33,19,38,1
53,12,2,25,33,19,53,2
33,2,5,25,33,19,32,1
35,2,3,15,35,19,22,1
35,2,2,17,35,19,27,1
35,2,2,19,35,19,31,1
53,0,5,25,35,19,53,2
43,2,3,29,35,19,43,1
35,22,3,29,35,19,29,1
37,8,2,14,37,19,22,1
37,2,3,14,37,19,6,1
37,0,5,16,37,19,27,1
37,0,5,17,37,19,24,1
37,5,3,20,37,19,27,1
41,2,2,23,37,19,41,1
37,2,5,24,37,19,26,1
38,2,6,15,38,19,24,1
38,8,6,17,38,19,31,1
40,2,5,21,38,19,40,1
58,2,5,32,38,19,58,2
67,2,5,33,38,19,67,2
46,5,3,37,38,19,46,1
40,12,3,16,40,19,27,1
40,2,2,18,40,19,30,1
54,5,3,36,40,19,54,2
42,5,3,11,42,19,17,1
42,30,1,13,42,19,24,1
42,5,2,14,42,19,25,1
42,0,5,17,42,19,27,1
52,5,5,42,42,19,52,2
43,5,2,7,43,19,8,1
43,5,5,8,43,19,20,1
43,5,6,15,43,19,24,1
43,2,5,16,43,19,37,1
50,5,3,23,43,19,50,1
49,8,3,23,43,19,49,1
57,8,5,39,43,19,57,2
83,5,7,44,43,19,83,2
45,15,2,15,45,19,35,1
45,2,6,18,45,19,33,1
54,8,3,22,45,19,54,2
49,5,3,26,45,19,49,1
49,5,3,27,45,19,49,1
84,2,6,40,45,19,84,2
47,8,3,12,47,19,29,1
47,8,6,13,47,19,27,1
47,2,5,16,47,19,24,1
47,2,7,17,47,19,31,1
47,5,7,19,47,19,28,1
47,2,3,23,47,19,47,1
69,5,12,27,47,19,69,2
72,5,8,31,48,19,72,2
50,10,7,17,50,19,33,1
50,2,8,18,50,19,29,1
116,5,6,58,50,19,116,3
52,2,5,9,52,19,14,2
52,8,7,15,52,19,22,2
52,10,9,20,52,19,48,2
65,5,7,45,52,19,65,2
79,25,6,50,52,19,79,2
86,5,6,61,52,19,86,2
54,2,6,12,54,19,25,2
54,0,5,14,54,19,29,2
55,8,7,18,55,19,37,2
55,2,8,22,55,19,46,2
55,5,5,25,55,19,46,2
62,5,6,40,55,19,62,2
108,2,7,50,56,19,108,3
57,2,3,9,57,19,23,2
57,5,8,18,57,19,42,2
57,2,8,21,57,19,44,2
59,2,7,25,59,19,58,2
60,2,7,21,60,19,48,2
75,10,6,28,60,19,75,2
67,15,8,22,67,19,47,2
69,2,15,29,69,19,57,2
92,5,14,51,75,19,92,2
110,8,17,52,82,19,110,3
20,2,0,10,0,20,10,1
20,2,0,4,2,20,2,1
20,0,0,6,2,20,6,1
20,2,1,6,2,20,14,1
20,2,1,6,2,20,3,1
20,0,0,9,2,20,13,1
20,0,1,9,2,20,11,1
20,0,1,10,2,20,12,1
20,2,0,12,2,20,9,1
20,0,0,3,3,20,4,1
20,2,0,16,3,20,10,1
20,2,0,16,3,20,13,1
24,2,1,16,3,20,24,1
20,0,1,18,3,20,15,1
20,0,0,1,5,20,11,1
20,2,0,9,5,20,9,1
20,2,0,11,5,20,9,1
20,2,1,11,5,20,1,1
20,2,1,12,5,20,17,1
20,2,1,13,5,20,7,1
20,2,0,14,5,20,7,1
20,2,1,14,5,20,5,1
20,2,1,4,7,20,7,1
20,2,1,8,7,20,15,1
20,2,0,9,7,20,6,1
20,2,1,10,7,20,6,1
20,2,1,11,7,20,6,1
20,2,1,11,7,20,9,1
20,0,1,12,7,20,20,1
20,0,1,12,7,20,15,1
20,2,1,12,7,20,15,1
20,0,1,13,7,20,11,1
20,2,1,14,7,20,7,1
20,8,1,14,7,20,16,1
20,5,1,16,7,20,9,1
20,2,0,17,7,20,12,1
20,2,1,4,8,20,10,1
20,2,1,9,8,20,20,1
20,0,1,11,8,20,20,1
23,2,1,12,8,20,23,1
26,0,0,13,8,20,26,1
20,2,1,14,8,20,14,1
20,2,1,14,8,20,7,1
20,0,1,15,8,20,11,1
20,2,1,16,8,20,18,1
28,0,1,18,8,20,28,1
22,0,1,22,8,20,16,1
23,0,1,23,8,20,12,1
28,18,0,28,8,20,20,1
39,0,1,32,8,20,39,1
20,0,1,5,10,20,8,1
20,0,1,5,10,20,8,1
20,2,1,5,10,20,6,1
20,2,1,8,10,20,5,1
20,2,1,9,10,20,6,1
21,2,1,14,10,20,21,1
20,0,1,16,10,20,12,1
30,2,1,18,10,20,30,1
20,2,1,18,10,20,15,1
20,0,1,20,10,20,16,1
25,8,1,25,10,20,11,1
29,2,2,27,10,20,29,1
20,0,2,4,12,20,0,1
20,2,1,11,12,20,12,1
20,0,1,12,12,20,17,1
25,2,1,12,12,20,25,1
20,2,2,12,12,20,15,1
20,2,1,13,12,20,19,1
20,0,2,14,12,20,12,1
20,2,2,14,12,20,18,1
35,2,1,17,12,20,35,1
20,2,2,20,12,20,14,1
23,2,2,23,12,20,11,1
20,2,1,2,13,20,3,1
20,2,2,4,13,20,12,1
20,2,1,7,13,20,4,1
20,0,1,9,13,20,9,1
20,2,1,10,13,20,16,1
20,0,2,12,13,20,10,1
20,5,0,14,13,20,10,1
20,2,2,16,13,20,18,1
27,0,1,19,13,20,27,1
43,2,2,20,13,20,43,1
31,12,1,21,13,20,31,1
22,2,3,22,13,20,12,1
28,2,2,25,13,20,28,1
20,0,1,4,15,20,9,1
20,2,2,4,15,20,4,1
21,2,1,7,15,20,21,1
20,2,2,8,15,20,5,1
20,5,2,8,15,20,18,1
20,0,2,9,15,20,3,1
20,2,2,11,15,20,12,1
20,2,2,12,15,20,8,1
33,0,1,15,15,20,33,1
22,2,2,18,15,20,22,1
20,2,1,19,15,20,16,1
20,0,2,20,15,20,11,1
20,0,1,4,17,20,15,1
20,0,1,7,17,20,7,1
20,2,2,8,17,20,15,1
22,12,2,9,17,20,22,1
20,2,2,13,17,20,18,1
20,2,2,15,17,20,14,1
20,2,2,17,17,20,19,1
20,12,8,20,17,20,19,1
22,0,2,22,17,20,17,1
32,5,1,23,17,20,32,1
20,2,1,4,18,20,7,1
20,0,2,6,18,20,4,1
22,10,3,12,18,20,22,1
20,5,1,14,18,20,16,1
20,5,2,14,18,20,14,1
20,2,2,17,18,20,13,1
22,2,2,18,18,20,22,1
34,5,1,22,18,20,34,1
23,8,0,23,18,20,20,1
31,5,2,29,18,20,31,1
20,2,1,6,20,20,10,1
20,5,2,6,20,20,4,1
20,10,1,7,20,20,9,1
20,0,1,9,20,20,16,1
26,2,3,11,20,20,26,1
20,0,2,12,20,20,6,1
20,2,2,12,20,20,9,1
20,0,2,15,20,20,12,1
31,10,2,15,20,20,31,1
20,0,1,18,20,20,14,1
22,12,2,19,20,20,22,1
24,5,2,8,22,20,24,1
22,5,1,9,22,20,10,1
22,8,2,12,22,20,14,1
25,2,2,15,22,20,25,1
28,2,1,17,22,20,28,1
22,2,1,17,22,20,10,1
22,12,2,20,22,20,22,1
24,2,1,24,22,20,18,1
23,2,2,9,23,20,17,1
23,10,1,10,23,20,22,1
23,10,2,10,23,20,23,1
26,8,3,15,23,20,26,1
23,2,0,17,23,20,17,1
23,2,1,19,23,20,22,1
28,2,3,19,23,20,28,1
23,2,3,21,23,20,19,1
34,2,2,23,23,20,34,1
25,2,1,3,25,20,5,1
25,8,2,11,25,20,19,1
25,8,2,11,25,20,11,1
27,2,3,12,25,20,27,1
25,18,7,12,25,20,19,1
25,2,2,13,25,20,20,1
25,2,2,15,25,20,15,1
25,2,2,16,25,20,21,1
34,2,3,11,27,20,34,1
27,2,3,11,27,20,9,1
27,2,1,13,27,20,12,1
27,5,2,14,27,20,27,1
27,5,2,15,27,20,22,1
36,2,3,22,27,20,36,1
49,2,3,24,27,20,49,1
34,2,3,27,27,20,34,1
28,0,2,8,28,20,15,1
28,0,5,9,28,20,26,1
28,8,2,12,28,20,12,1
28,8,2,17,28,20,20,1
28,8,2,18,28,20,27,1
30,0,1,10,30,20,22,1
30,5,2,12,30,20,14,1
30,2,5,12,30,20,14,1
30,8,2,13,30,20,18,1
30,8,2,17,30,20,21,1
30,5,3,19,30,20,23,1
32,10,3,19,30,20,32,1
53,2,3,38,30,20,53,2
32,5,0,6,32,20,9,1
32,5,3,12,32,20,23,1
32,5,5,12,32,20,28,1
32,5,3,19,32,20,26,1
32,2,2,21,32,20,29,1
33,28,2,22,32,20,33,1
54,12,3,22,32,20,54,2
32,12,3,31,32,20,24,1
33,15,1,10,33,20,18,1
33,2,3,11,33,20,22,1
35,2,3,13,33,20,35,1
33,2,5,15,33,20,30,1
39,15,2,20,33,20,39,1
35,8,2,9,35,20,19,1
36,2,3,15,35,20,36,1
63,0,5,30,35,20,63,2
77,2,5,40,35,20,77,2
37,2,5,20,37,20,31,1
43,8,3,23,37,20,43,1
38,2,3,5,38,20,10,1
38,15,3,13,38,20,15,1
38,0,5,15,38,20,30,1
38,12,3,23,38,20,30,1
57,2,5,24,38,20,57,2
68,5,5,68,38,20,68,2
40,0,5,11,40,20,16,1
40,2,6,15,40,20,36,1
40,10,3,16,40,20,23,1
40,8,3,18,40,20,33,1
40,10,2,22,40,20,27,1
42,2,3,17,42,20,25,1
43,2,2,11,43,20,18,1
43,8,5,12,43,20,18,1
43,2,5,21,43,20,42,1
43,32,3,26,43,20,43,1
45,8,2,9,45,20,22,1
45,28,1,16,45,20,22,1
96,5,5,64,45,20,96,2
47,2,6,8,47,20,30,1
54,2,5,20,47,20,54,2
47,15,6,20,47,20,24,1
47,0,7,23,47,20,36,1
74,12,6,31,47,20,74,2
62,2,5,35,48,20,62,2
50,2,5,13,50,20,26,1
94,8,5,57,50,20,94,2
51,2,5,13,51,20,31,2
51,8,2,15,51,20,24,2
51,15,2,18,51,20,25,2
51,2,7,19,51,20,30,2
52,0,5,12,52,20,17,2
57,2,5,21,52,20,57,2
63,5,5,38,52,20,63,2
92,5,3,47,53,20,92,2
112,8,7,63,54,20,112,3
55,2,5,26,55,20,34,2
98,5,6,64,55,20,98,2
57,5,8,18,57,20,34,2
61,10,7,35,57,20,61,2
59,2,9,16,59,20,41,2
60,22,7,33,59,20,60,2
62,5,10,29,60,20,62,2
61,8,9,34,60,20,61,2
61,2,6,28,61,20,58,2
124,2,7,80,61,20,124,3
64,8,8,21,64,20,37,2
67,10,8,19,67,20,44,2
21,2,1,5,2,21,6,1
24,2,0,9,2,21,24,1
21,2,0,10,2,21,12,1
21,2,0,11,2,21,19,1
21,5,0,11,2,21,20,1
21,0,0,12,2,21,10,1
21,0,0,14,2,21,20,1
21,0,0,17,2,21,15,1
21,0,0,19,2,21,16,1
21,0,0,6,3,21,11,1
21,2,1,7,3,21,7,1
21,10,1,8,3,21,,1
21,2,1,14,3,21,15,1
21,2,1,15,3,21,15,1
31,0,0,24,3,21,31,1
40,2,1,35,3,21,40,1
21,0,0,4,5,21,10,1
21,0,1,12,5,21,12,1
21,2,1,15,5,21,11,1
21,2,0,16,5,21,7,1
21,2,1,16,5,21,10,1
21,2,1,16,5,21,19,1
21,2,1,17,5,21,16,1
28,0,1,20,5,21,28,1
21,2,1,20,5,21,11,1
21,2,1,6,7,21,10,1
21,0,1,9,7,21,7,1
21,5,1,9,7,21,4,1
21,2,1,13,7,21,19,1
21,0,1,15,7,21,20,1
21,2,1,15,7,21,9,1
21,2,1,17,7,21,18,1
22,0,1,22,7,21,14,1
23,2,3,23,7,21,13,1
29,5,0,29,7,21,23,1
21,2,1,3,8,21,4,1
21,0,1,4,8,21,4,1
21,0,1,5,8,21,5,1
21,2,1,9,8,21,11,1
21,2,0,11,8,21,19,1
21,2,1,11,8,21,15,1
21,2,1,12,8,21,12,1
21,2,1,13,8,21,19,1
21,2,1,14,8,21,11,1
21,2,1,15,8,21,17,1
29,5,1,15,8,21,29,1
21,2,1,16,8,21,6,1
21,12,1,16,8,21,6,1
21,0,2,17,8,21,19,1
21,2,1,19,8,21,19,1
27,2,1,20,8,21,27,1
21,10,1,21,8,21,21,1
22,5,1,22,8,21,8,1
21,2,1,6,10,21,3,1
21,5,1,9,10,21,7,1
21,2,1,10,10,21,11,1
21,0,0,11,10,21,19,1
21,0,1,14,10,21,19,1
21,0,1,15,10,21,13,1
21,0,1,15,10,21,15,1
21,2,1,18,10,21,15,1
21,2,2,18,10,21,15,1
31,5,2,19,10,21,31,1
32,0,2,20,10,21,32,1
31,2,0,27,10,21,31,1
28,2,1,28,10,21,27,1
21,2,2,3,12,21,7,1
21,2,1,5,12,21,4,1
21,2,2,8,12,21,10,1
21,0,1,11,12,21,3,1
21,0,1,12,12,21,15,1
21,0,1,12,12,21,6,1
21,0,2,12,12,21,16,1
25,2,1,13,12,21,25,1
21,2,1,13,12,21,17,1
21,2,1,13,12,21,17,1
21,2,1,15,12,21,14,1
21,5,2,20,12,21,12,1
38,5,2,23,12,21,38,1
26,5,1,26,12,21,23,1
99,0,1,99,12,21,23,2
21,2,2,1,13,21,6,1
21,0,2,4,13,21,20,1
21,2,1,10,13,21,6,1
21,5,1,11,13,21,11,1
21,5,1,13,13,21,8,1
33,5,1,14,13,21,33,1
22,5,1,14,13,21,22,1
21,2,1,16,13,21,14,1
27,2,1,18,13,21,27,1
28,2,2,23,13,21,28,1
27,2,1,27,13,21,24,1
21,2,1,5,15,21,3,1
21,5,1,7,15,21,15,1
21,8,1,8,15,21,12,1
21,2,2,8,15,21,10,1
25,2,2,11,15,21,25,1
21,0,1,12,15,21,15,1
21,12,1,12,15,21,18,1
21,2,1,15,15,21,15,1
21,2,1,15,15,21,14,1
33,8,1,15,15,21,33,1
48,2,2,20,15,21,48,1
21,2,1,21,15,21,21,1
22,0,2,22,15,21,18,1
31,5,2,24,15,21,31,1
21,2,2,7,17,21,6,1
21,8,2,9,17,21,7,1
21,5,1,10,17,21,10,1
33,2,5,10,17,21,33,1
21,0,2,12,17,21,16,1
21,2,1,13,17,21,15,1
21,5,2,13,17,21,12,1
28,12,2,19,17,21,28,1
30,2,1,21,17,21,30,1
25,2,3,22,17,21,25,1
21,5,1,9,18,21,19,1
26,2,2,10,18,21,26,1
21,2,2,14,18,21,11,1
21,5,2,15,18,21,19,1
42,2,3,18,18,21,42,1
33,10,2,21,18,21,33,1
24,2,3,21,18,21,24,1
99,5,3,65,18,21,99,2
21,2,0,8,20,21,9,1
21,5,1,13,20,21,20,1
21,5,1,14,20,21,18,1
21,0,1,15,20,21,21,1
21,8,2,15,20,21,15,1
32,0,2,18,20,21,32,1
21,2,2,19,20,21,19,1
28,5,1,23,20,21,28,1
24,2,2,24,20,21,23,1
31,8,3,26,20,21,31,1
31,2,1,28,20,21,31,1
22,2,2,8,22,21,5,1
22,2,1,10,22,21,19,1
24,0,2,12,22,21,24,1
22,8,2,12,22,21,19,1
30,2,2,13,22,21,30,1
34,2,3,17,22,21,34,1
36,0,2,18,22,21,36,1
28,8,2,19,22,21,28,1
26,18,1,21,22,21,26,1
22,5,0,22,22,21,17,1
38,5,2,30,22,21,38,1
23,10,1,7,23,21,19,1
23,5,2,8,23,21,9,1
23,2,2,12,23,21,6,1
23,5,2,14,23,21,22,1
24,5,2,16,23,21,24,1
23,12,2,16,23,21,21,1
39,0,3,17,23,21,39,1
49,2,5,20,23,21,49,1
41,2,2,22,23,21,41,1
32,5,3,22,23,21,32,1
57,2,3,28,23,21,57,2
25,2,2,5,25,21,11,1
25,5,5,12,25,21,24,1
25,2,3,13,25,21,13,1
25,10,2,16,25,21,19,1
25,2,3,16,25,21,24,1
39,10,2,18,25,21,39,1
42,5,3,20,25,21,42,1
39,2,2,21,25,21,39,1
29,20,2,24,25,21,29,1
27,10,2,8,27,21,17,1
30,2,5,12,27,21,30,1
34,8,2,17,27,21,34,1
31,2,3,17,27,21,31,1
30,8,3,20,27,21,30,1
48,10,2,22,27,21,48,1
32,2,5,26,27,21,32,1
43,5,2,38,27,21,43,1
85,81,3,51,27,21,85,2
28,2,2,10,28,21,19,1
28,0,2,15,28,21,17,1
28,8,3,19,28,21,20,1
28,10,5,19,28,21,27,1
28,2,3,20,28,21,28,1
28,8,2,25,28,21,23,1
54,2,3,26,28,21,54,2
68,2,3,34,28,21,68,2
68,8,2,46,28,21,68,2
30,2,2,11,30,21,17,1
30,5,2,12,30,21,14,1
34,0,6,15,30,21,34,1
41,12,3,20,30,21,41,1
30,2,3,26,30,21,26,1
65,5,3,32,30,21,65,2
32,0,3,6,32,21,13,1
32,2,2,8,32,21,8,1
32,2,2,9,32,21,20,1
32,2,2,10,32,21,14,1
32,2,1,12,32,21,11,1
32,2,2,12,32,21,27,1
32,2,3,13,32,21,23,1
32,2,5,14,32,21,22,1
32,8,3,17,32,21,21,1
44,10,3,26,32,21,44,1
33,25,1,6,33,21,21,1
33,0,3,6,33,21,10,1
33,2,2,9,33,21,7,1
33,0,3,18,33,21,29,1
35,2,2,8,35,21,11,1
35,10,5,18,35,21,28,1
45,45,2,19,35,21,20,1
35,0,3,21,35,21,31,1
35,2,2,25,35,21,34,1
57,2,5,25,35,21,57,2
65,5,5,31,35,21,65,2
37,0,5,14,37,21,20,1
37,8,1,15,37,21,24,1
37,2,3,16,37,21,31,1
37,10,3,17,37,21,25,1
37,8,3,21,37,21,37,1
57,5,3,22,37,21,57,2
38,8,3,21,38,21,36,1
38,5,2,24,38,21,29,1
40,5,3,6,40,21,21,1
42,10,2,12,42,21,16,1
42,0,5,15,42,21,17,1
42,2,5,23,42,21,34,1
43,5,6,14,43,21,17,1
43,18,2,19,43,21,23,1
98,2,5,58,43,21,98,2
45,12,2,19,45,21,22,1
45,2,6,23,45,21,37,1
51,2,5,28,45,21,51,2
47,10,5,19,47,21,17,1
47,0,7,19,47,21,20,1
47,28,5,25,47,21,26,1
88,2,6,39,47,21,88,2
89,5,6,42,47,21,89,2
99,5,6,61,47,21,99,2
48,5,3,12,48,21,35,1
48,2,3,13,48,21,17,1
50,0,6,11,50,21,17,1
52,0,6,19,52,21,36,2
53,2,6,16,53,21,33,2
53,2,7,16,53,21,25,2
61,2,7,25,55,21,61,2
92,5,6,52,55,21,92,2
74,12,10,39,58,21,74,2
59,2,8,23,59,21,34,2
60,2,8,18,60,21,50,2
60,8,10,30,60,21,54,2
61,2,9,19,61,21,31,2
67,2,14,29,67,21,54,2
70,8,14,35,70,21,61,2
100,2,12,48,74,21,100,2
22,0,1,5,0,22,,1
22,2,0,11,0,22,18,1
22,0,0,4,2,22,12,1
22,0,0,4,2,22,13,1
22,2,0,9,2,22,12,1
22,2,0,11,2,22,11,1
22,2,0,13,2,22,3,1
22,2,1,6,3,22,3,1
22,2,1,6,3,22,3,1
22,0,0,10,3,22,13,1
22,0,1,11,3,22,14,1
22,2,1,11,3,22,11,1
32,2,1,14,3,22,32,1
22,0,0,16,3,22,8,1
22,0,0,14,5,22,14,1
22,0,0,15,5,22,9,1
22,0,1,15,5,22,16,1
22,2,1,15,5,22,16,1
22,2,1,17,5,22,19,1
22,0,1,21,5,22,16,1
24,2,0,24,5,22,12,1
22,2,1,4,7,22,2,1
22,2,1,7,7,22,4,1
22,0,0,8,7,22,4,1
22,5,1,9,7,22,12,1
22,2,1,10,7,22,18,1
22,0,0,11,7,22,16,1
22,0,1,11,7,22,7,1
22,2,1,12,7,22,15,1
22,0,1,13,7,22,9,1
22,0,1,13,7,22,16,1
22,0,1,13,7,22,9,1
22,2,1,13,7,22,6,1
22,0,0,18,7,22,16,1
22,0,1,18,7,22,13,1
29,2,1,18,7,22,29,1
22,2,1,19,7,22,20,1
22,0,0,20,7,22,13,1
29,0,1,29,7,22,25,1
31,0,1,31,7,22,29,1
22,2,1,2,8,22,15,1
22,2,1,2,8,22,1,1
22,2,1,10,8,22,8,1
22,2,1,10,8,22,4,1
22,2,1,11,8,22,7,1
22,2,1,12,8,22,11,1
22,2,1,13,8,22,18,1
22,2,1,13,8,22,18,1
22,0,1,14,8,22,14,1
22,5,1,14,8,22,20,1
22,0,1,15,8,22,14,1
22,2,1,15,8,22,13,1
22,2,1,15,8,22,4,1
22,2,2,17,8,22,13,1
27,0,1,20,8,22,27,1
22,0,1,20,8,22,19,1
22,2,1,21,8,22,15,1
22,2,1,4,10,22,11,1
22,0,1,5,10,22,11,1
22,2,1,7,10,22,2,1
22,2,1,7,10,22,10,1
22,2,1,11,10,22,11,1
22,2,1,12,10,22,10,1
22,5,1,12,10,22,8,1
22,15,1,12,10,22,9,1
22,2,1,14,10,22,18,1
23,5,1,16,10,22,23,1
23,2,2,16,10,22,23,1
22,2,1,17,10,22,10,1
22,2,1,17,10,22,22,1
22,0,1,19,10,22,19,1
22,0,2,22,10,22,11,1
22,12,1,9,12,22,6,1
22,0,1,11,12,22,11,1
22,0,1,13,12,22,6,1
22,2,1,13,12,22,10,1
22,2,1,13,12,22,17,1
22,2,0,15,12,22,9,1
22,2,1,15,12,22,13,1
28,5,1,15,12,22,28,1
28,2,1,16,12,22,28,1
22,5,3,16,12,22,18,1
22,2,1,17,12,22,8,1
22,22,1,17,12,22,14,1
40,2,1,22,12,22,40,1
28,2,1,22,12,22,28,1
28,5,1,28,12,22,17,1
22,5,2,4,13,22,10,1
22,2,1,8,13,22,9,1
22,2,2,8,13,22,13,1
22,2,1,10,13,22,8,1
22,0,1,12,13,22,8,1
22,2,2,12,13,22,11,1
22,2,2,14,13,22,16,1
22,12,1,15,13,22,22,1
22,2,1,21,13,22,19,1
23,0,1,23,13,22,10,1
31,0,2,25,13,22,31,1
27,2,2,27,13,22,25,1
22,0,1,7,15,22,6,1
22,2,1,8,15,22,9,1
22,2,0,11,15,22,15,1
22,2,1,12,15,22,18,1
22,5,1,12,15,22,19,1
22,2,1,13,15,22,15,1
22,0,1,14,15,22,19,1
23,2,1,14,15,22,23,1
22,2,1,14,15,22,19,1
22,5,2,14,15,22,16,1
22,2,1,15,15,22,11,1
29,0,1,17,15,22,29,1
28,2,1,17,15,22,28,1
22,0,2,17,15,22,20,1
22,2,1,18,15,22,17,1
22,5,1,18,15,22,15,1
22,2,2,18,15,22,12,1
26,0,2,19,15,22,26,1
22,2,2,19,15,22,21,1
26,2,2,20,15,22,26,1
25,5,2,20,15,22,25,1
22,2,3,20,15,22,21,1
36,2,2,21,15,22,36,1
23,2,1,23,15,22,12,1
37,0,1,25,15,22,37,1
44,0,2,44,15,22,41,1
22,2,2,3,17,22,9,1
22,2,1,5,17,22,19,1
22,0,1,7,17,22,8,1
22,2,2,7,17,22,1,1
22,10,2,10,17,22,22,1
22,2,1,11,17,22,14,1
22,2,1,13,17,22,12,1
22,18,1,13,17,22,22,1
22,0,2,14,17,22,20,1
22,2,1,17,17,22,14,1
30,2,2,19,17,22,30,1
69,2,3,34,17,22,69,2
22,2,1,6,18,22,8,1
22,2,1,10,18,22,16,1
29,2,2,12,18,22,29,1
22,10,2,12,18,22,20,1
23,2,1,14,18,22,23,1
27,20,0,17,18,22,27,1
22,0,2,18,18,22,15,1
30,2,2,18,18,22,30,1
26,5,2,20,18,22,26,1
23,2,2,23,18,22,21,1
36,8,2,23,18,22,36,1
37,2,2,24,18,22,37,1
27,2,5,27,18,22,27,1
22,0,1,4,20,22,6,1
22,0,1,6,20,22,16,1
22,0,2,7,20,22,19,1
22,5,1,9,20,22,17,1
25,2,1,10,20,22,25,1
22,8,1,12,20,22,16,1
22,8,2,13,20,22,11,1
22,2,2,17,20,22,18,1
52,8,3,27,20,22,52,2
37,0,2,30,20,22,37,1
22,0,2,7,22,22,18,1
25,5,2,11,22,22,25,1
23,5,2,13,22,22,23,1
41,5,2,16,22,22,41,1
73,73,1,18,22,22,16,2
31,2,2,21,22,22,31,1
33,2,3,21,22,22,33,1
67,2,5,24,22,22,67,2
98,5,3,61,22,22,98,2
23,2,2,9,23,22,17,1
23,0,2,12,23,22,18,1
23,10,2,17,23,22,23,1
23,2,3,18,23,22,23,1
25,2,2,24,23,22,25,1
25,2,1,7,25,22,23,1
25,2,0,8,25,22,17,1
25,15,1,9,25,22,17,1
25,0,2,11,25,22,10,1
25,0,2,12,25,22,11,1
25,8,2,14,25,22,21,1
31,0,5,14,25,22,31,1
31,5,1,17,25,22,31,1
25,18,2,19,25,22,25,1
34,2,2,20,25,22,34,1
33,18,3,21,25,22,33,1
28,2,5,22,25,22,28,1
25,5,5,25,25,22,24,1
61,2,3,27,25,22,61,2
53,5,2,28,25,22,53,2
90,5,5,48,25,22,90,2
27,5,1,7,27,22,17,1
27,2,3,7,27,22,21,1
27,2,5,8,27,22,9,1
31,8,2,31,27,22,25,1
28,2,5,6,28,22,14,1
28,0,2,9,28,22,24,1
28,2,2,9,28,22,2,1
30,2,6,14,28,22,30,1
28,2,5,16,28,22,27,1
31,2,2,18,28,22,31,1
28,0,5,20,28,22,11,1
39,8,5,23,28,22,39,1
30,2,1,4,30,22,14,1
30,0,3,11,30,22,20,1
35,2,3,16,30,22,35,1
30,2,5,16,30,22,27,1
44,2,3,17,30,22,44,1
30,12,2,22,30,22,29,1
39,2,3,27,30,22,39,1
32,2,3,7,32,22,21,1
32,5,2,8,32,22,20,1
32,5,2,12,32,22,11,1
32,12,2,17,32,22,25,1
32,8,2,19,32,22,31,1
56,25,2,26,32,22,56,2
73,2,5,26,32,22,73,2
33,5,1,10,33,22,10,1
33,8,2,16,33,22,29,1
33,15,3,16,33,22,24,1
33,2,3,17,33,22,33,1
33,2,5,17,33,22,28,1
33,2,2,19,33,22,26,1
33,2,2,19,33,22,31,1
33,0,3,20,33,22,24,1
43,15,3,21,33,22,43,1
35,8,2,13,35,22,12,1
35,2,5,16,35,22,26,1
35,5,3,20,35,22,31,1
37,2,3,6,37,22,6,1
37,2,5,7,37,22,15,1
37,2,2,13,37,22,15,1
37,10,3,14,37,22,,1
37,2,3,18,37,22,35,1
44,10,3,24,37,22,44,1
66,12,5,46,37,22,66,2
38,5,2,11,38,22,24,1
38,2,5,11,38,22,18,1
38,2,5,14,38,22,30,1
52,0,3,25,38,22,52,2
94,2,3,54,38,22,94,2
40,2,5,15,40,22,38,1
40,2,5,22,40,22,39,1
49,2,5,24,40,22,49,1
76,18,5,36,40,22,76,2
42,8,5,8,42,22,8,1
42,2,5,9,42,22,19,1
42,12,2,13,42,22,18,1
42,5,3,14,42,22,30,1
42,2,3,19,42,22,25,1
42,5,3,20,42,22,22,1
46,5,2,21,42,22,46,1
62,5,5,29,42,22,62,2
66,2,6,36,42,22,66,2
43,2,3,12,43,22,19,1
51,2,5,27,43,22,51,2
45,0,6,14,45,22,31,1
45,10,3,18,45,22,29,1
45,2,7,22,45,22,35,1
72,5,5,42,45,22,72,2
69,5,5,37,47,22,69,2
63,5,6,37,48,22,63,2
50,2,5,21,50,22,32,1
50,5,5,22,50,22,50,1
51,2,6,16,51,22,37,2
52,2,5,8,52,22,16,2
52,2,6,10,52,22,14,2
52,5,5,19,52,22,24,2
52,5,3,28,52,22,47,2
53,32,5,15,53,22,34,2
82,15,5,38,53,22,82,2
54,5,3,10,54,22,21,2
66,5,7,35,54,22,66,2
56,53,9,27,56,22,47,2
57,10,7,17,57,22,41,2
58,15,9,26,58,22,49,2
60,2,5,19,60,22,50,2
71,2,8,30,60,22,71,2
66,10,9,35,61,22,66,2
62,5,9,19,62,22,32,2
62,10,7,48,62,22,62,2
114,2,18,63,72,22,114,3
28,0,1,19,0,23,28,1
28,0,0,28,0,23,21,1
23,0,0,5,2,23,15,1
23,2,0,5,2,23,9,1
23,5,1,5,2,23,6,1
23,2,0,9,2,23,10,1
23,0,1,9,2,23,10,1
23,0,0,12,2,23,11,1
23,0,0,13,2,23,19,1
23,2,0,21,2,23,21,1
23,0,1,1,3,23,1,1
23,2,0,7,3,23,13,1
23,0,0,10,5,23,19,1
23,2,1,13,5,23,13,1
24,0,0,14,5,23,24,1
23,0,1,22,5,23,16,1
35,2,0,35,5,23,22,1
48,2,1,48,5,23,28,1
23,2,1,4,7,23,1,1
23,0,1,11,7,23,19,1
23,0,1,12,7,23,19,1
23,2,1,13,7,23,13,1
23,2,1,13,7,23,8,1
23,2,1,14,7,23,14,1
23,2,1,15,7,23,21,1
25,2,2,15,7,23,25,1
23,2,1,19,7,23,18,1
23,2,0,21,7,23,14,1
29,0,1,21,7,23,29,1
23,0,1,23,7,23,16,1
31,2,1,25,7,23,31,1
23,2,1,11,8,23,14,1
23,2,1,11,8,23,10,1
23,5,0,14,8,23,12,1
23,2,1,14,8,23,22,1
23,2,1,14,8,23,10,1
26,0,1,21,8,23,26,1
23,0,1,21,8,23,14,1
23,0,1,22,8,23,19,1
31,2,1,22,8,23,31,1
25,5,0,25,8,23,16,1
29,0,1,29,8,23,25,1
39,2,1,39,8,23,22,1
46,0,1,45,8,23,46,1
23,2,1,3,10,23,3,1
25,2,1,4,10,23,25,1
23,0,1,5,10,23,7,1
23,5,1,5,10,23,6,1
23,0,1,7,10,23,3,1
23,2,1,7,10,23,5,1
23,2,1,11,10,23,13,1
24,0,1,12,10,23,24,1
23,2,1,12,10,23,18,1
23,0,1,13,10,23,15,1
25,5,1,13,10,23,25,1
23,2,1,15,10,23,17,1
23,2,1,15,10,23,10,1
23,2,2,15,10,23,16,1
23,2,2,15,10,23,14,1
32,8,2,17,10,23,32,1
23,2,1,18,10,23,13,1
23,5,2,19,10,23,12,1
23,0,1,21,10,23,22,1
27,2,1,27,10,23,12,1
23,0,2,6,12,23,5,1
23,5,2,6,12,23,16,1
23,0,1,7,12,23,1,1
23,2,2,7,12,23,19,1
23,2,1,9,12,23,19,1
23,2,1,9,12,23,8,1
23,2,1,9,12,23,11,1
23,2,1,10,12,23,12,1
23,2,1,10,12,23,21,1
23,2,1,11,12,23,23,1
23,2,1,11,12,23,6,1
23,2,1,12,12,23,12,1
23,2,1,14,12,23,15,1
23,2,1,14,12,23,15,1
32,8,1,14,12,23,32,1
23,5,1,15,12,23,13,1
26,2,1,16,12,23,26,1
23,2,1,16,12,23,18,1
23,2,2,16,12,23,23,1
23,2,1,17,12,23,23,1
23,8,1,22,12,23,10,1
62,2,5,23,12,23,62,2
23,2,0,4,13,23,4,1
23,0,1,6,13,23,2,1
23,0,1,9,13,23,18,1
23,2,1,9,13,23,6,1
23,10,1,9,13,23,9,1
23,2,1,10,13,23,15,1
23,5,1,10,13,23,16,1
23,2,1,11,13,23,15,1
23,2,1,12,13,23,15,1
23,2,2,13,13,23,17,1
23,5,1,14,13,23,18,1
24,2,1,15,13,23,24,1
23,2,1,15,13,23,12,1
23,0,2,15,13,23,16,1
23,10,0,16,13,23,8,1
34,2,1,16,13,23,34,1
23,2,3,16,13,23,17,1
23,0,1,18,13,23,19,1
24,8,2,19,13,23,24,1
31,2,1,23,13,23,31,1
24,2,2,24,13,23,20,1
53,10,2,53,13,23,46,2
23,2,1,4,15,23,15,1
24,2,1,10,15,23,24,1
23,2,1,10,15,23,15,1
23,2,2,10,15,23,15,1
23,5,2,10,15,23,14,1
27,2,1,11,15,23,27,1
23,2,1,11,15,23,6,1
23,2,1,12,15,23,8,1
23,2,1,12,15,23,6,1
23,2,0,13,15,23,19,1
27,2,2,13,15,23,27,1
23,2,1,14,15,23,19,1
23,2,2,14,15,23,16,1
23,5,2,15,15,23,21,1
26,2,0,16,15,23,26,1
23,2,1,17,15,23,17,1
23,8,1,17,15,23,14,1
27,2,2,18,15,23,27,1
23,0,2,19,15,23,12,1
30,2,1,22,15,23,30,1
24,8,1,22,15,23,24,1
35,10,2,22,15,23,35,1
30,0,1,30,15,23,13,1
23,0,3,6,17,23,15,1
23,2,2,9,17,23,7,1
23,2,2,13,17,23,12,1
23,2,1,14,17,23,22,1
23,2,2,14,17,23,16,1
43,2,3,15,17,23,43,1
29,2,2,16,17,23,29,1
23,2,1,17,17,23,18,1
26,5,1,18,17,23,26,1
23,2,2,19,17,23,22,1
39,8,2,19,17,23,39,1
24,2,2,20,17,23,24,1
83,2,3,44,17,23,83,2
23,0,1,7,18,23,12,1
23,2,1,13,18,23,17,1
23,2,1,14,18,23,12,1
23,10,1,14,18,23,18,1
23,0,1,15,18,23,15,1
39,2,1,15,18,23,39,1
31,0,2,16,18,23,31,1
23,2,2,16,18,23,23,1
23,2,3,16,18,23,16,1
38,0,1,18,18,23,38,1
23,8,1,18,18,23,22,1
33,10,2,20,18,23,33,1
31,2,2,21,18,23,31,1
26,2,3,22,18,23,26,1
35,0,2,24,18,23,35,1
30,30,1,8,20,23,10,1
23,2,1,10,20,23,13,1
23,0,2,11,20,23,17,1
23,8,2,11,20,23,17,1
23,2,1,12,20,23,16,1
24,5,1,12,20,23,24,1
23,2,1,13,20,23,15,1
27,0,1,16,20,23,27,1
23,2,2,16,20,23,7,1
28,22,2,23,20,23,28,1
41,10,2,25,20,23,41,1
29,2,3,28,20,23,29,1
23,12,1,7,22,23,21,1
23,2,2,9,22,23,10,1
23,2,1,10,22,23,16,1
23,10,2,12,22,23,11,1
23,2,2,14,22,23,23,1
28,0,6,15,22,23,28,1
23,5,2,17,22,23,19,1
35,2,2,18,22,23,35,1
23,0,3,18,22,23,12,1
39,2,1,22,22,23,39,1
28,5,3,22,22,23,28,1
28,2,2,23,22,23,28,1
29,8,2,23,22,23,29,1
30,5,2,24,22,23,30,1
37,10,2,25,22,23,37,1
48,5,3,40,22,23,48,1
23,0,2,7,23,23,16,1
23,2,2,7,23,23,6,1
23,2,2,9,23,23,17,1
23,5,2,10,23,23,15,1
29,2,3,10,23,23,29,1
30,5,2,11,23,23,30,1
23,8,2,16,23,23,12,1
23,2,1,17,23,23,17,1
34,15,3,21,23,23,34,1
65,5,2,31,23,23,65,2
39,2,2,36,23,23,39,1
25,2,0,4,25,23,13,1
25,2,3,6,25,23,13,1
25,0,2,7,25,23,5,1
25,2,2,10,25,23,14,1
25,10,1,11,25,23,15,1
30,2,3,11,25,23,30,1
25,2,2,12,25,23,16,1
25,2,2,12,25,23,15,1
34,2,3,13,25,23,34,1
25,5,3,13,25,23,18,1
26,2,6,13,25,23,26,1
25,10,2,16,25,23,25,1
52,2,5,17,25,23,52,2
35,8,1,18,25,23,35,1
41,2,5,18,25,23,41,1
31,2,2,20,25,23,31,1
28,22,2,21,25,23,28,1
56,0,3,23,25,23,56,2
31,8,3,23,25,23,31,1
47,5,3,27,25,23,47,1
27,2,2,6,27,23,9,1
27,8,2,7,27,23,16,1
27,2,3,11,27,23,24,1
27,2,6,12,27,23,19,1
27,2,2,14,27,23,24,1
27,2,2,15,27,23,26,1
28,5,2,17,27,23,28,1
27,5,3,17,27,23,19,1
31,5,5,17,27,23,31,1
30,2,2,19,27,23,30,1
33,2,3,22,27,23,33,1
28,8,2,9,28,23,8,1
28,2,2,14,28,23,14,1
36,2,2,17,28,23,36,1
28,10,2,17,28,23,27,1
28,5,2,18,28,23,24,1
28,2,2,23,28,23,26,1
64,0,2,28,28,23,64,2
82,12,5,62,28,23,82,2
30,2,2,8,30,23,19,1
30,2,3,8,30,23,23,1
42,2,3,14,30,23,42,1
30,5,2,16,30,23,27,1
34,2,2,17,30,23,34,1
30,2,3,18,30,23,17,1
58,2,3,23,30,23,58,2
56,22,3,24,30,23,56,2
56,2,5,24,30,23,56,2
64,2,5,26,30,23,64,2
32,0,3,8,32,23,16,1
32,2,3,10,32,23,18,1
32,10,3,17,32,23,31,1
32,18,6,17,32,23,32,1
43,2,3,24,32,23,43,1
32,8,1,25,32,23,26,1
60,2,5,27,32,23,60,2
33,0,1,11,33,23,23,1
33,2,3,16,33,23,24,1
33,2,2,21,33,23,31,1
37,5,5,21,33,23,37,1
33,5,3,31,33,23,33,1
35,5,1,14,35,23,19,1
35,2,3,15,35,23,19,1
42,30,2,19,35,23,42,1
37,0,3,8,37,23,16,1
37,15,3,9,37,23,20,1
37,5,2,12,37,23,20,1
37,5,3,17,37,23,17,1
37,8,3,21,37,23,31,1
81,5,3,51,37,23,81,2
38,0,2,9,38,23,11,1
38,2,3,13,38,23,21,1
38,5,2,14,38,23,32,1
38,8,3,14,38,23,33,1
38,2,3,17,38,23,28,1
38,5,2,18,38,23,35,1
38,5,3,18,38,23,16,1
43,2,5,22,38,23,43,1
65,5,5,30,38,23,65,2
65,12,3,34,38,23,65,2
40,2,2,6,40,23,12,1
40,0,6,14,40,23,29,1
40,2,5,15,40,23,36,1
40,0,2,17,40,23,21,1
40,2,3,19,40,23,27,1
43,5,5,25,40,23,43,1
44,5,5,44,40,23,44,1
73,32,5,44,40,23,73,2
42,5,6,11,42,23,23,1
42,8,5,18,42,23,25,1
96,2,3,44,42,23,96,2
59,38,9,59,42,23,40,2
43,2,5,10,43,23,11,1
43,5,3,14,43,23,29,1
78,2,5,31,43,23,78,2
77,2,5,34,43,23,77,2
45,2,6,17,45,23,37,1
45,5,3,19,45,23,24,1
45,2,7,19,45,23,32,1
45,5,5,22,45,23,32,1
79,8,5,36,47,23,79,2
48,2,5,16,48,23,25,1
56,5,3,26,48,23,56,2
74,5,6,38,48,23,74,2
110,10,5,56,48,23,110,3
50,2,6,19,50,23,46,1
51,2,6,9,51,23,14,2
51,2,5,14,51,23,31,2
51,0,6,14,51,23,22,2
51,2,3,18,51,23,30,2
51,2,7,22,51,23,49,2
51,2,5,23,51,23,45,2
52,2,5,11,52,23,18,2
52,2,6,14,52,23,21,2
52,2,7,15,52,23,26,2
52,8,7,16,52,23,30,2
52,2,7,17,52,23,32,2
60,5,7,26,52,23,60,2
74,0,7,28,52,23,74,2
65,2,7,35,52,23,65,2
73,5,8,36,52,23,73,2
53,2,5,12,53,23,18,2
55,5,6,20,55,23,36,2
67,5,8,36,55,23,67,2
56,5,8,9,56,23,15,2
59,5,8,23,59,23,47,2
60,2,7,23,60,23,58,2
63,5,7,17,63,23,41,2
64,5,6,34,64,23,53,2
68,18,10,36,66,23,68,2
24,0,0,2,2,24,1,1
24,2,1,6,2,24,4,1
24,2,1,6,2,24,10,1
24,2,1,8,2,24,9,1
24,0,0,12,2,24,16,1
24,0,0,12,2,24,11,1
24,0,0,13,2,24,21,1
24,0,1,20,2,24,23,1
24,0,1,11,3,24,15,1
24,2,1,13,3,24,21,1
24,2,1,14,3,24,19,1
24,2,1,5,5,24,14,1
24,0,1,6,5,24,3,1
24,0,1,9,5,24,7,1
25,0,2,9,5,24,25,1
24,10,2,13,5,24,19,1
24,2,1,14,5,24,10,1
24,2,1,14,5,24,24,1
24,2,0,16,5,24,20,1
24,0,1,17,5,24,12,1
24,0,0,18,5,24,16,1
24,0,1,20,5,24,12,1
28,2,2,21,5,24,28,1
24,0,0,23,5,24,23,1
24,5,1,8,7,24,12,1
24,2,1,12,7,24,8,1
24,0,1,15,7,24,20,1
27,2,1,15,7,24,27,1
24,2,1,16,7,24,16,1
31,2,1,21,7,24,31,1
24,5,1,21,7,24,10,1
29,2,1,29,7,24,28,1
24,0,1,3,8,24,6,1
24,0,1,6,8,24,21,1
24,2,1,9,8,24,5,1
24,5,2,10,8,24,11,1
24,2,1,12,8,24,10,1
24,2,1,12,8,24,19,1
24,2,1,13,8,24,17,1
24,2,0,14,8,24,6,1
24,2,1,15,8,24,4,1
24,0,1,16,8,24,9,1
24,2,1,16,8,24,20,1
24,2,0,19,8,24,22,1
24,2,1,19,8,24,,1
24,0,1,20,8,24,24,1
24,2,2,20,8,24,12,1
32,5,2,21,8,24,32,1
32,15,1,24,8,24,32,1
38,0,2,32,8,24,38,1
41,2,1,40,8,24,41,1
24,2,1,4,10,24,3,1
24,2,1,7,10,24,3,1
24,2,1,7,10,24,9,1
24,2,1,8,10,24,8,1
24,2,1,11,10,24,10,1
24,2,2,11,10,24,21,1
24,2,1,12,10,24,9,1
24,2,1,13,10,24,13,1
24,2,1,14,10,24,19,1
24,2,1,14,10,24,11,1
24,5,1,14,10,24,18,1
29,8,1,14,10,24,29,1
24,0,2,14,10,24,23,1
34,0,1,15,10,24,34,1
26,2,1,15,10,24,26,1
24,10,1,15,10,24,16,1
24,2,1,16,10,24,23,1
24,2,0,17,10,24,14,1
37,0,1,22,10,24,37,1
24,2,1,3,12,24,,1
26,2,1,7,12,24,26,1
24,2,5,8,12,24,21,1
24,2,0,12,12,24,15,1
24,0,1,12,12,24,11,1
24,0,1,13,12,24,12,1
24,2,1,13,12,24,16,1
24,0,2,14,12,24,16,1
24,0,1,15,12,24,12,1
24,2,1,15,12,24,17,1
24,0,2,15,12,24,14,1
25,0,1,17,12,24,25,1
24,10,1,17,12,24,15,1
24,0,2,17,12,24,17,1
26,5,2,17,12,24,26,1
27,2,1,18,12,24,27,1
29,5,1,18,12,24,29,1
24,5,2,18,12,24,17,1
43,2,2,43,12,24,31,1
28,28,2,5,13,24,20,1
24,2,2,9,13,24,16,1
24,2,1,11,13,24,21,1
24,0,5,11,13,24,15,1
24,0,1,12,13,24,14,1
24,2,1,12,13,24,10,1
24,5,1,12,13,24,12,1
24,2,2,12,13,24,22,1
24,8,2,13,13,24,,1
24,0,2,15,13,24,16,1
24,5,0,16,13,24,21,1
32,2,1,16,13,24,32,1
24,2,1,16,13,24,24,1
28,2,1,18,13,24,28,1
24,2,1,18,13,24,13,1
24,2,2,18,13,24,19,1
70,2,1,22,13,24,70,2
46,5,2,46,13,24,46,1
24,2,2,6,15,24,5,1
24,2,5,9,15,24,21,1
24,5,2,10,15,24,15,1
24,5,2,10,15,24,3,1
24,2,2,13,15,24,12,1
24,2,1,14,15,24,18,1
29,8,2,15,15,24,29,1
24,2,2,16,15,24,22,1
28,0,1,17,15,24,28,1
24,0,1,18,15,24,19,1
24,2,1,22,15,24,22,1
32,2,1,23,15,24,32,1
68,2,5,26,15,24,68,2
24,5,2,8,17,24,3,1
24,5,2,8,17,24,21,1
24,2,1,9,17,24,12,1
24,2,1,11,17,24,11,1
24,2,2,11,17,24,24,1
24,2,2,11,17,24,15,1
27,2,1,13,17,24,27,1
24,2,1,14,17,24,11,1
24,2,1,16,17,24,12,1
24,18,1,16,17,24,22,1
26,0,1,18,17,24,26,1
24,0,2,18,17,24,23,1
28,2,2,18,17,24,28,1
24,8,0,20,17,24,16,1
24,2,3,23,17,24,19,1
76,10,0,39,17,24,76,2
24,0,1,6,18,24,13,1
24,0,3,7,18,24,14,1
24,12,2,8,18,24,14,1
24,2,1,9,18,24,14,1
24,5,1,10,18,24,17,1
24,2,1,11,18,24,18,1
24,2,1,12,18,24,13,1
24,2,2,13,18,24,17,1
24,2,1,15,18,24,10,1
31,5,2,15,18,24,31,1
24,2,1,16,18,24,22,1
24,5,2,19,18,24,19,1
29,5,1,23,18,24,29,1
24,8,1,8,20,24,19,1
24,2,2,10,20,24,14,1
24,2,2,11,20,24,13,1
24,8,2,12,20,24,11,1
27,5,2,13,20,24,27,1
24,10,1,14,20,24,22,1
24,0,2,15,20,24,17,1
24,2,2,15,20,24,17,1
24,2,1,16,20,24,18,1
27,12,2,18,20,24,27,1
24,5,6,21,20,24,21,1
24,0,2,7,22,24,8,1
24,2,2,7,22,24,5,1
24,5,2,7,22,24,22,1
24,2,3,8,22,24,19,1
24,8,2,10,22,24,23,1
35,0,5,10,22,24,35,1
24,5,2,12,22,24,15,1
32,2,2,16,22,24,32,1
30,20,2,16,22,24,30,1
44,2,5,16,22,24,44,1
46,2,5,17,22,24,46,1
32,22,1,18,22,24,32,1
24,12,2,18,22,24,20,1
36,15,2,18,22,24,36,1
46,2,5,18,22,24,46,1
56,0,5,32,22,24,56,2
24,2,2,9,23,24,6,1
24,2,3,10,23,24,,1
24,5,2,11,23,24,16,1
29,2,1,12,23,24,29,1
24,22,1,12,23,24,20,1
24,2,2,15,23,24,16,1
40,2,3,16,23,24,40,1
35,2,1,20,23,24,35,1
47,2,2,21,23,24,47,1
47,5,2,28,23,24,47,1
77,8,3,39,23,24,77,2
25,2,3,4,25,24,13,1
25,2,5,5,25,24,12,1
25,5,2,6,25,24,17,1
25,2,2,7,25,24,5,1
25,2,3,7,25,24,12,1
28,2,6,10,25,24,28,1
34,5,1,13,25,24,34,1
25,2,2,13,25,24,24,1
25,5,3,14,25,24,14,1
25,0,1,15,25,24,21,1
42,5,3,24,25,24,42,1
48,12,5,32,25,24,48,1
38,5,3,38,25,24,31,1
27,12,2,5,27,24,9,1
27,0,3,7,27,24,11,1
27,2,2,11,27,24,16,1
27,2,2,13,27,24,16,1
27,5,2,14,27,24,19,1
28,12,2,16,27,24,28,1
40,0,5,16,27,24,40,1
31,2,2,19,27,24,31,1
43,5,2,43,27,24,30,1
45,2,3,45,27,24,35,1
112,2,5,58,27,24,112,3
115,5,5,72,27,24,115,3
28,0,5,4,28,24,9,1
28,2,5,9,28,24,23,1
28,2,5,10,28,24,21,1
28,2,1,11,28,24,14,1
28,0,2,14,28,24,19,1
31,2,5,15,28,24,31,1
38,2,3,16,28,24,38,1
28,2,3,16,28,24,28,1
28,2,2,17,28,24,25,1
28,10,2,17,28,24,22,1
52,52,6,24,28,24,39,2
30,2,3,11,30,24,17,1
30,8,6,11,30,24,28,1
30,0,3,12,30,24,27,1
36,2,1,13,30,24,36,1
30,2,3,14,30,24,24,1
30,0,5,14,30,24,25,1
30,5,1,18,30,24,16,1
34,2,3,18,30,24,34,1
30,8,2,19,30,24,25,1
30,2,2,20,30,24,26,1
32,8,1,21,30,24,32,1
72,10,2,32,30,24,72,2
59,10,5,33,30,24,59,2
32,2,3,9,32,24,11,1
40,40,2,10,32,24,17,1
35,2,2,12,32,24,35,1
32,2,3,16,32,24,,1
32,2,3,16,32,24,15,1
36,2,6,16,32,24,36,1
42,8,2,18,32,24,42,1
32,2,2,19,32,24,31,1
32,8,3,19,32,24,24,1
32,8,3,19,32,24,31,1
32,8,5,20,32,24,30,1
47,2,3,22,32,24,47,1
78,2,6,36,32,24,78,2
33,0,3,5,33,24,11,1
33,2,3,13,33,24,19,1
33,15,2,15,33,24,21,1
33,0,5,18,33,24,22,1
34,2,3,20,33,24,34,1
48,5,5,26,33,24,48,1
67,12,3,40,33,24,67,2
35,2,2,15,35,24,23,1
35,5,3,15,35,24,23,1
35,5,5,15,35,24,15,1
35,2,3,16,35,24,34,1
35,2,5,20,35,24,26,1
57,2,5,38,35,24,57,2
37,2,5,7,37,24,15,1
37,8,2,11,37,24,10,1
37,2,6,14,37,24,32,1
37,2,2,18,37,24,32,1
37,2,3,18,37,24,36,1
37,2,5,22,37,24,19,1
56,8,2,26,37,24,56,2
59,2,5,41,37,24,59,2
59,2,5,44,37,24,59,2
38,2,5,11,38,24,28,1
38,2,3,12,38,24,13,1
38,2,6,17,38,24,33,1
38,5,2,19,38,24,23,1
38,8,2,19,38,24,18,1
38,0,6,19,38,24,29,1
48,10,5,26,38,24,48,1
67,2,6,41,38,24,67,2
64,2,6,42,38,24,64,2
40,0,6,7,40,24,20,1
40,0,3,11,40,24,17,1
40,5,3,12,40,24,21,1
40,2,5,13,40,24,31,1
40,5,2,18,40,24,18,1
40,2,3,19,40,24,35,1
40,2,2,25,40,24,31,1
42,8,5,16,42,24,15,1
45,2,5,24,42,24,45,1
55,5,6,24,42,24,55,2
42,2,3,25,42,24,39,1
59,5,6,30,42,24,59,2
43,2,3,5,43,24,18,1
43,2,3,11,43,24,28,1
43,2,2,13,43,24,18,1
43,5,5,15,43,24,32,1
43,8,5,15,43,24,26,1
43,2,5,16,43,24,33,1
43,8,5,17,43,24,27,1
55,2,5,28,43,24,55,2
45,2,6,14,45,24,24,1
45,12,5,21,45,24,33,1
47,2,5,15,47,24,23,1
47,2,5,17,47,24,15,1
47,2,5,24,47,24,34,1
48,2,5,9,48,24,22,1
48,2,5,14,48,24,19,1
48,5,5,17,48,24,29,1
65,2,6,37,48,24,65,2
50,5,7,14,50,24,28,1
57,5,5,42,50,24,57,2
51,2,7,9,51,24,15,2
51,0,5,13,51,24,23,2
51,8,3,17,51,24,41,2
51,2,3,24,51,24,47,2
52,2,5,14,52,24,33,2
65,5,6,35,52,24,65,2
75,8,5,38,52,24,75,2
80,5,5,58,52,24,80,2
53,2,8,22,53,24,49,2
61,10,6,34,53,24,61,2
147,2,6,77,53,24,147,3
54,5,10,18,54,24,40,2
54,5,6,25,54,24,44,2
54,2,6,26,54,24,45,2
87,5,5,54,54,24,87,2
55,40,6,18,55,24,41,2
55,2,7,21,55,24,53,2
71,5,7,40,55,24,71,2
56,2,8,16,56,24,26,2
57,2,9,26,57,24,53,2
57,2,5,35,57,24,48,2
133,8,6,62,57,24,133,3
59,2,6,17,59,24,26,2
67,10,7,29,61,24,67,2
73,5,11,37,63,24,73,2
64,12,6,16,64,24,47,2
64,2,10,18,64,24,42,2
64,15,8,24,64,24,55,2
71,10,14,40,64,24,71,2
67,5,16,32,67,24,60,2
83,8,17,48,71,24,83,2
25,0,0,7,2,25,8,1
25,0,0,7,2,25,8,1
25,2,0,9,2,25,19,1
25,2,1,11,2,25,20,1
25,0,1,3,3,25,13,1
25,2,1,7,3,25,5,1
25,0,1,15,3,25,11,1
28,0,1,28,3,25,26,1
25,0,1,4,5,25,5,1
25,2,1,6,5,25,6,1
25,2,0,11,5,25,6,1
25,2,0,11,5,25,14,1
25,2,1,12,5,25,15,1
25,2,1,12,5,25,22,1
25,0,1,15,5,25,16,1
26,5,1,18,5,25,26,1
25,0,1,19,5,25,18,1
25,2,1,19,5,25,18,1
29,0,1,21,5,25,29,1
25,0,1,25,5,25,18,1
27,2,1,27,5,25,25,1
25,5,1,2,7,25,8,1
25,2,0,3,7,25,10,1
25,0,0,9,7,25,7,1
25,2,1,9,7,25,10,1
25,2,1,11,7,25,16,1
25,2,1,11,7,25,12,1
25,2,0,12,7,25,7,1
25,2,1,13,7,25,16,1
25,0,1,14,7,25,21,1
25,0,1,14,7,25,17,1
25,2,1,14,7,25,18,1
25,2,1,15,7,25,14,1
25,2,1,15,7,25,19,1
25,0,1,17,7,25,20,1
25,2,1,17,7,25,18,1
27,0,1,27,7,25,20,1
25,0,1,8,8,25,6,1
25,5,1,10,8,25,21,1
25,2,1,12,8,25,12,1
25,2,1,12,8,25,21,1
25,2,1,13,8,25,10,1
25,2,1,15,8,25,18,1
25,0,1,16,8,25,14,1
25,2,1,16,8,25,18,1
25,5,1,16,8,25,23,1
30,2,1,18,8,25,30,1
25,2,1,20,8,25,18,1
25,2,1,8,10,25,23,1
25,2,1,8,10,25,23,1
25,2,1,8,10,25,4,1
25,2,1,10,10,25,23,1
25,5,1,11,10,25,13,1
25,5,1,12,10,25,18,1
25,2,1,13,10,25,22,1
25,0,1,15,10,25,15,1
25,2,1,15,10,25,11,1
25,5,2,15,10,25,6,1
25,5,1,16,10,25,22,1
25,2,1,17,10,25,17,1
25,2,1,17,10,25,13,1
25,5,1,17,10,25,2,1
25,2,1,18,10,25,25,1
30,2,2,18,10,25,30,1
33,2,2,23,10,25,33,1
25,2,2,8,12,25,6,1
25,2,1,10,12,25,15,1
31,2,1,15,12,25,31,1
25,2,1,15,12,25,19,1
25,2,2,15,12,25,14,1
25,10,2,16,12,25,21,1
25,2,1,17,12,25,19,1
34,2,1,18,12,25,34,1
25,0,2,18,12,25,19,1
41,2,2,19,12,25,41,1
25,0,1,22,12,25,23,1
25,5,2,22,12,25,23,1
32,2,1,23,12,25,32,1
25,2,2,23,12,25,18,1
41,0,2,26,12,25,41,1
25,2,1,4,13,25,7,1
25,0,2,9,13,25,19,1
27,5,2,12,13,25,27,1
25,8,1,13,13,25,19,1
27,2,2,14,13,25,27,1
25,0,1,15,13,25,10,1
25,8,1,15,13,25,16,1
25,5,1,18,13,25,17,1
27,0,1,19,13,25,27,1
27,0,1,20,13,25,27,1
25,2,1,20,13,25,21,1
25,2,0,2,15,25,4,1
25,0,2,9,15,25,6,1
25,2,0,10,15,25,14,1
25,2,2,11,15,25,11,1
25,2,1,12,15,25,15,1
25,2,1,12,15,25,19,1
25,8,2,12,15,25,25,1
25,2,2,13,15,25,23,1
25,5,1,14,15,25,18,1
26,0,2,14,15,25,26,1
25,10,2,14,15,25,14,1
28,5,5,16,15,25,28,1
28,5,1,17,15,25,28,1
25,8,1,17,15,25,15,1
29,2,2,17,15,25,29,1
25,2,1,18,15,25,9,1
25,5,1,18,15,25,12,1
25,0,2,19,15,25,10,1
25,2,3,19,15,25,24,1
25,2,2,21,15,25,19,1
25,0,1,22,15,25,25,1
26,2,3,22,15,25,26,1
42,5,3,31,15,25,42,1
39,10,2,38,15,25,39,1
25,2,2,7,17,25,,1
27,5,3,7,17,25,27,1
25,12,1,9,17,25,16,1
25,0,2,9,17,25,6,1
25,2,3,10,17,25,,1
25,0,2,11,17,25,15,1
25,2,1,12,17,25,23,1
25,0,2,12,17,25,16,1
25,2,1,13,17,25,,1
25,2,2,14,17,25,23,1
26,2,1,17,17,25,26,1
25,0,2,17,17,25,20,1
25,2,1,18,17,25,14,1
30,0,1,20,17,25,30,1
36,18,1,23,17,25,36,1
43,5,1,43,17,25,25,1
25,2,1,14,18,25,18,1
25,2,1,15,18,25,7,1
25,5,1,15,18,25,20,1
40,40,2,16,18,25,25,1
25,2,1,17,18,25,17,1
25,2,2,19,18,25,21,1
25,2,2,19,18,25,25,1
34,8,1,20,18,25,34,1
51,2,2,20,18,25,51,2
25,2,1,22,18,25,24,1
40,2,2,27,18,25,40,1
25,0,2,6,20,25,7,1
25,5,2,8,20,25,15,1
25,0,5,8,20,25,18,1
25,2,0,10,20,25,14,1
25,2,2,11,20,25,21,1
25,5,2,11,20,25,23,1
33,5,1,13,20,25,33,1
25,0,2,13,20,25,17,1
25,2,2,13,20,25,17,1
25,2,2,13,20,25,21,1
30,2,1,15,20,25,30,1
25,2,1,16,20,25,24,1
29,5,3,16,20,25,29,1
38,0,2,20,20,25,38,1
36,0,2,20,20,25,36,1
28,2,1,24,20,25,28,1
31,5,1,31,20,25,31,1
48,2,1,32,20,25,48,1
25,2,1,7,22,25,9,1
25,0,5,8,22,25,22,1
25,2,3,10,22,25,14,1
25,0,2,12,22,25,,1
25,2,2,14,22,25,22,1
25,2,2,15,22,25,18,1
31,2,3,16,22,25,31,1
25,2,2,17,22,25,16,1
27,8,1,21,22,25,27,1
34,2,2,22,22,25,34,1
38,5,2,24,22,25,38,1
25,2,2,4,23,25,5,1
25,2,6,8,23,25,16,1
25,2,1,12,23,25,20,1
26,10,2,12,23,25,26,1
25,15,1,13,23,25,23,1
25,2,3,13,23,25,22,1
25,0,1,15,23,25,25,1
25,0,1,16,23,25,18,1
46,2,6,16,23,25,46,1
25,2,2,17,23,25,15,1
28,15,2,19,23,25,28,1
29,2,5,23,23,25,29,1
28,2,2,24,23,25,28,1
49,10,5,33,23,25,49,1
46,2,2,34,23,25,46,1
25,2,3,5,25,25,20,1
25,5,1,8,25,25,18,1
25,0,2,9,25,25,9,1
25,0,3,10,25,25,15,1
25,0,2,13,25,25,12,1
26,2,3,15,25,25,26,1
42,5,2,16,25,25,42,1
25,2,3,16,25,25,17,1
25,10,3,19,25,25,25,1
47,2,6,19,25,25,47,1
58,0,1,21,25,25,58,2
47,2,3,21,25,25,47,1
27,2,2,7,27,25,24,1
27,5,1,11,27,25,27,1
29,10,2,14,27,25,29,1
27,2,3,14,27,25,18,1
27,2,2,16,27,25,21,1
35,5,2,16,27,25,35,1
27,5,2,17,27,25,18,1
37,5,2,18,27,25,37,1
37,5,2,20,27,25,37,1
43,8,5,25,27,25,43,1
35,2,2,27,27,25,35,1
28,2,2,3,28,25,12,1
28,5,2,7,28,25,14,1
28,5,3,10,28,25,21,1
28,2,2,12,28,25,20,1
28,5,2,15,28,25,21,1
28,5,2,16,28,25,19,1
28,5,2,17,28,25,14,1
54,5,5,19,28,25,54,2
40,8,5,19,28,25,40,1
38,2,2,22,28,25,38,1
34,2,7,22,28,25,34,1
29,0,3,23,28,25,29,1
28,12,2,24,28,25,28,1
52,0,3,29,28,25,52,2
63,15,3,35,28,25,63,2
30,2,3,6,30,25,6,1
32,5,3,13,30,25,32,1
31,0,5,15,30,25,31,1
30,5,1,16,30,25,25,1
30,5,1,17,30,25,26,1
74,5,3,29,30,25,74,2
41,8,3,32,30,25,41,1
44,2,5,32,30,25,44,1
32,2,2,11,32,25,26,1
32,0,2,15,32,25,21,1
32,15,3,15,32,25,22,1
37,5,5,15,32,25,37,1
32,10,2,17,32,25,19,1
32,5,3,18,32,25,26,1
39,2,2,21,32,25,39,1
51,2,6,22,32,25,51,2
33,0,3,12,33,25,18,1
33,2,5,14,33,25,8,1
37,2,2,18,33,25,37,1
33,5,3,18,33,25,24,1
50,2,5,22,33,25,50,1
40,8,2,23,33,25,40,1
64,5,3,35,33,25,64,2
68,8,3,37,33,25,68,2
35,2,2,7,35,25,17,1
35,2,3,14,35,25,31,1
35,2,3,15,35,25,29,1
35,32,6,15,35,25,34,1
40,40,5,17,35,25,33,1
35,2,2,18,35,25,27,1
35,0,3,20,35,25,26,1
35,2,2,23,35,25,27,1
46,18,5,26,35,25,46,1
72,8,6,47,35,25,72,2
37,2,1,13,37,25,26,1
37,0,6,13,37,25,11,1
37,0,5,14,37,25,35,1
37,2,5,15,37,25,13,1
37,2,3,16,37,25,15,1
37,10,5,18,37,25,25,1
37,10,3,19,37,25,28,1
38,2,5,11,38,25,31,1
38,2,5,15,38,25,21,1
38,2,5,17,38,25,29,1
40,40,2,18,38,25,29,1
38,10,2,19,38,25,34,1
57,2,5,37,38,25,57,2
62,62,14,53,38,25,59,2
40,2,3,18,40,25,27,1
94,2,7,43,40,25,94,2
42,0,3,8,42,25,10,1
42,0,6,8,42,25,14,1
42,2,5,11,42,25,21,1
44,2,5,17,42,25,44,1
42,2,3,20,42,25,33,1
55,2,3,23,42,25,55,2
43,2,2,8,43,25,17,1
43,0,5,9,43,25,13,1
43,10,5,9,43,25,25,1
43,5,3,12,43,25,19,1
43,5,5,12,43,25,17,1
43,5,6,13,43,25,14,1
43,12,5,17,43,25,41,1
43,2,5,18,43,25,35,1
43,2,5,21,43,25,28,1
45,0,5,15,45,25,36,1
45,5,6,17,45,25,34,1
52,2,5,19,45,25,52,2
67,2,3,35,45,25,67,2
47,5,5,5,47,25,21,1
47,0,2,12,47,25,23,1
47,2,6,12,47,25,20,1
47,5,2,17,47,25,24,1
65,5,5,20,47,25,65,2
68,5,6,31,47,25,68,2
63,2,7,37,47,25,63,2
67,2,5,38,47,25,67,2
64,2,8,41,47,25,64,2
76,5,5,47,47,25,76,2
48,5,6,13,48,25,33,1
48,2,5,20,48,25,26,1
55,0,3,22,48,25,55,2
48,5,5,24,48,25,38,1
50,2,5,14,50,25,28,1
61,8,5,43,50,25,61,2
51,2,5,9,51,25,12,2
51,0,6,11,51,25,9,2
51,0,5,12,51,25,15,2
52,2,6,23,51,25,52,2
79,2,6,39,51,25,79,2
52,2,6,12,52,25,26,2
52,2,6,13,52,25,24,2
52,2,6,13,52,25,23,2
52,5,5,14,52,25,40,2
52,5,5,16,52,25,46,2
52,0,6,25,52,25,32,2
72,8,5,33,52,25,72,2
85,5,6,35,52,25,85,2
53,0,5,13,53,25,13,2
53,5,6,14,53,25,24,2
53,2,6,18,53,25,37,2
61,5,6,23,53,25,61,2
89,2,5,48,53,25,89,2
90,5,6,58,53,25,90,2
54,5,7,21,54,25,52,2
56,2,7,23,54,25,56,2
55,5,3,21,55,25,33,2
129,2,7,65,55,25,129,3
124,5,6,76,55,25,124,3
59,5,5,26,56,25,59,2
58,2,10,32,58,25,54,2
61,5,9,24,59,25,61,2
60,2,6,19,60,25,43,2
61,5,6,21,61,25,51,2
61,12,2,25,61,25,37,2
62,8,10,25,62,25,57,2
96,5,7,57,62,25,96,2
67,5,14,29,67,25,60,2
67,5,15,31,67,25,63,2
68,2,9,32,68,25,48,2
72,8,6,51,68,25,72,2
76,5,10,38,74,25,76,2
26,0,1,6,0,26,6,1
26,2,0,10,0,26,18,1
26,2,1,6,2,26,3,1
26,0,1,8,2,26,10,1
26,2,1,8,2,26,16,1
26,0,1,9,2,26,11,1
26,2,1,9,2,26,19,1
26,2,1,10,2,26,11,1
26,2,0,11,2,26,21,1
26,0,1,6,3,26,5,1
26,2,1,9,3,26,11,1
26,2,1,10,3,26,22,1
26,2,0,11,3,26,19,1
26,2,1,21,3,26,15,1
26,0,1,7,5,26,15,1
26,2,1,9,5,26,15,1
26,2,1,9,5,26,9,1
26,2,1,10,5,26,9,1
26,2,1,12,5,26,20,1
26,2,1,14,5,26,16,1
26,2,0,15,5,26,14,1
26,0,0,19,5,26,15,1
30,2,0,30,5,26,23,1
26,2,0,3,7,26,9,1
26,0,1,5,7,26,4,1
26,0,1,6,7,26,9,1
26,0,1,9,7,26,9,1
26,0,1,10,7,26,13,1
26,2,1,10,7,26,15,1
26,2,0,11,7,26,19,1
26,2,1,11,7,26,14,1
26,0,1,12,7,26,12,1
26,0,1,13,7,26,11,1
26,5,1,13,7,26,14,1
29,2,1,14,7,26,29,1
26,2,1,14,7,26,26,1
26,2,0,15,7,26,6,1
38,2,1,16,7,26,38,1
29,2,1,18,7,26,29,1
34,2,2,18,7,26,34,1
26,0,1,20,7,26,14,1
26,5,1,21,7,26,16,1
26,2,1,22,7,26,25,1
26,5,1,23,7,26,21,1
26,0,1,4,8,26,10,1
26,2,1,8,8,26,21,1
34,2,1,10,8,26,34,1
26,2,1,11,8,26,14,1
26,2,1,11,8,26,17,1
26,2,1,11,8,26,4,1
26,0,1,13,8,26,17,1
26,2,1,13,8,26,23,1
26,2,1,13,8,26,21,1
26,2,1,14,8,26,8,1
26,0,1,16,8,26,15,1
27,2,1,16,8,26,27,1
26,5,1,16,8,26,24,1
26,0,1,17,8,26,19,1
27,2,1,18,8,26,27,1
26,2,1,19,8,26,19,1
26,0,2,19,8,26,15,1
26,0,1,21,8,26,9,1
26,5,0,22,8,26,23,1
63,2,1,24,8,26,63,2
30,2,1,26,8,26,30,1
29,2,1,29,8,26,16,1
26,2,1,10,10,26,7,1
26,2,1,11,10,26,21,1
26,2,1,11,10,26,5,1
26,2,0,12,10,26,23,1
26,0,1,12,10,26,17,1
26,2,1,12,10,26,16,1
26,0,0,14,10,26,25,1
26,2,1,14,10,26,11,1
26,2,1,15,10,26,15,1
26,2,1,15,10,26,14,1
26,2,1,15,10,26,20,1
26,2,1,16,10,26,17,1
26,2,1,18,10,26,22,1
26,5,1,18,10,26,22,1
26,5,1,19,10,26,17,1
33,2,1,21,10,26,33,1
35,2,1,23,10,26,35,1
31,0,1,24,10,26,31,1
26,2,2,25,10,26,26,1
26,2,2,25,10,26,25,1
33,2,1,26,10,26,33,1
26,2,0,3,12,26,4,1
26,0,1,9,12,26,11,1
26,0,1,11,12,26,4,1
26,2,1,11,12,26,10,1
26,2,1,12,12,26,10,1
26,2,1,12,12,26,8,1
26,2,1,12,12,26,17,1
26,2,1,12,12,26,16,1
26,2,1,12,12,26,11,1
27,5,1,12,12,26,27,1
26,5,1,12,12,26,11,1
26,10,1,13,12,26,10,1
26,2,1,14,12,26,24,1
26,2,2,14,12,26,19,1
26,0,1,15,12,26,12,1
26,2,1,15,12,26,21,1
26,2,2,15,12,26,16,1
26,2,1,16,12,26,13,1
26,0,2,16,12,26,19,1
26,2,2,16,12,26,12,1
26,2,2,17,12,26,11,1
26,2,2,17,12,26,22,1
26,2,1,18,12,26,17,1
26,2,1,18,12,26,15,1
26,2,1,18,12,26,22,1
26,2,1,20,12,26,14,1
26,5,1,20,12,26,22,1
35,0,2,22,12,26,35,1
30,0,1,24,12,26,30,1
43,5,1,27,12,26,43,1
41,2,1,40,12,26,41,1
26,2,1,4,13,26,,1
26,2,1,8,13,26,13,1
26,0,1,9,13,26,3,1
26,2,1,9,13,26,17,1
26,8,1,9,13,26,16,1
26,0,1,10,13,26,23,1
26,2,2,10,13,26,19,1
26,2,1,11,13,26,14,1
26,2,1,12,13,26,21,1
26,0,2,12,13,26,11,1
28,2,1,14,13,26,28,1
26,2,1,14,13,26,15,1
32,5,1,14,13,26,32,1
26,5,1,14,13,26,18,1
28,2,2,15,13,26,28,1
27,2,2,15,13,26,27,1
26,0,2,16,13,26,19,1
26,0,1,17,13,26,17,1
26,2,1,17,13,26,14,1
26,2,1,17,13,26,20,1
26,5,1,18,13,26,24,1
26,0,2,18,13,26,9,1
40,2,5,18,13,26,40,1
26,5,1,20,13,26,15,1
46,5,2,21,13,26,46,1
26,2,3,21,13,26,19,1
31,5,2,23,13,26,31,1
31,2,0,26,13,26,31,1
30,5,2,30,13,26,30,1
40,5,1,31,13,26,40,1
53,8,2,33,13,26,53,2
40,8,2,33,13,26,40,1
47,5,2,47,13,26,42,1
26,2,5,11,15,26,15,1
26,5,1,13,15,26,24,1
26,2,2,13,15,26,21,1
26,2,2,13,15,26,23,1
26,2,1,14,15,26,10,1
26,2,1,14,15,26,23,1
26,2,1,14,15,26,16,1
26,5,1,14,15,26,18,1
26,8,1,14,15,26,16,1
26,15,1,16,15,26,15,1
36,0,3,16,15,26,36,1
28,5,1,24,15,26,28,1
29,2,1,29,15,26,25,1
40,0,1,40,15,26,30,1
26,5,1,10,17,26,18,1
26,2,3,12,17,26,25,1
26,2,3,12,17,26,24,1
26,0,1,13,17,26,17,1
26,2,2,13,17,26,22,1
26,2,1,14,17,26,18,1
26,2,2,14,17,26,20,1
32,2,2,16,17,26,32,1
26,2,1,17,17,26,23,1
26,0,2,19,17,26,15,1
39,2,5,19,17,26,39,1
26,2,3,20,17,26,22,1
37,5,3,26,17,26,37,1
26,2,5,7,18,26,22,1
26,2,2,8,18,26,8,1
26,0,1,10,18,26,25,1
26,2,1,10,18,26,11,1
26,2,2,10,18,26,7,1
26,2,2,10,18,26,8,1
26,5,2,10,18,26,17,1
26,2,1,11,18,26,19,1
26,2,2,12,18,26,9,1
34,2,5,13,18,26,34,1
26,2,1,14,18,26,15,1
30,5,2,14,18,26,30,1
43,2,5,14,18,26,43,1
38,2,1,15,18,26,38,1
28,2,1,15,18,26,28,1
30,5,2,16,18,26,30,1
26,15,2,16,18,26,15,1
26,2,1,17,18,26,24,1
32,5,2,17,18,26,32,1
26,2,1,19,18,26,12,1
26,10,2,19,18,26,20,1
26,0,3,22,18,26,25,1
31,12,1,23,18,26,31,1
53,5,3,25,18,26,53,2
35,5,3,35,18,26,34,1
26,2,1,4,20,26,13,1
26,12,1,5,20,26,7,1
26,2,3,8,20,26,20,1
26,2,2,10,20,26,16,1
31,2,3,10,20,26,31,1
27,0,1,12,20,26,27,1
26,2,2,12,20,26,19,1
26,2,2,12,20,26,14,1
26,5,2,13,20,26,25,1
34,2,2,18,20,26,34,1
36,5,1,20,20,26,36,1
26,2,3,20,20,26,18,1
54,2,5,23,20,26,54,2
32,2,2,25,20,26,32,1
61,61,2,26,20,26,33,2
26,25,2,6,22,26,13,1
26,0,3,7,22,26,2,1
26,8,1,8,22,26,16,1
26,8,2,10,22,26,14,1
26,5,5,10,22,26,16,1
26,2,6,12,22,26,21,1
26,2,2,13,22,26,15,1
26,2,2,13,22,26,20,1
26,5,2,13,22,26,23,1
26,10,2,14,22,26,17,1
26,12,2,14,22,26,26,1
26,2,2,15,22,26,15,1
51,2,5,17,22,26,51,2
31,2,1,19,22,26,31,1
28,2,2,21,22,26,28,1
26,10,2,21,22,26,11,1
32,2,3,22,22,26,32,1
38,0,1,23,22,26,38,1
34,5,2,23,22,26,34,1
29,2,2,25,22,26,29,1
46,5,5,25,22,26,46,1
26,2,2,9,23,26,14,1
26,2,5,9,23,26,26,1
26,2,3,10,23,26,16,1
26,2,2,12,23,26,15,1
26,8,2,12,23,26,19,1
26,2,2,13,23,26,8,1
26,8,2,13,23,26,26,1
26,2,2,15,23,26,26,1
26,2,2,15,23,26,24,1
26,2,3,15,23,26,23,1
26,5,3,15,23,26,24,1
27,2,3,16,23,26,27,1
26,5,2,17,23,26,11,1
30,5,2,18,23,26,30,1
34,5,2,20,23,26,34,1
26,12,2,20,23,26,20,1
26,2,1,21,23,26,26,1
38,5,2,21,23,26,38,1
56,0,5,27,23,26,56,2
26,2,3,7,25,26,16,1
26,2,2,9,25,26,12,1
26,0,2,11,25,26,6,1
26,2,2,11,25,26,24,1
26,5,2,12,25,26,17,1
26,5,2,14,25,26,16,1
26,2,3,14,25,26,18,1
29,0,5,14,25,26,29,1
26,2,1,15,25,26,23,1
26,2,3,15,25,26,21,1
26,2,2,16,25,26,26,1
64,64,1,17,25,26,25,2
44,5,2,19,25,26,44,1
26,5,2,19,25,26,26,1
35,2,2,21,25,26,35,1
53,2,3,21,25,26,53,2
26,2,2,23,25,26,21,1
26,8,2,24,25,26,22,1
47,5,3,25,25,26,47,1
35,2,3,27,25,26,35,1
48,8,2,38,25,26,48,1
47,5,5,47,25,26,38,1
27,8,3,7,27,26,15,1
27,2,3,9,27,26,21,1
27,2,3,10,27,26,20,1
27,2,2,13,27,26,14,1
27,2,2,13,27,26,26,1
27,12,2,13,27,26,24,1
27,0,2,14,27,26,27,1
37,2,3,15,27,26,37,1
27,2,3,15,27,26,24,1
31,0,3,21,27,26,31,1
35,25,3,21,27,26,35,1
57,2,3,23,27,26,57,2
44,2,3,25,27,26,44,1
33,5,5,25,27,26,33,1
28,8,2,7,28,26,14,1
28,5,3,7,28,26,12,1
28,15,3,11,28,26,23,1
28,0,2,12,28,26,18,1
28,2,3,12,28,26,22,1
32,5,3,14,28,26,32,1
28,5,2,16,28,26,23,1
37,20,2,18,28,26,37,1
28,2,3,19,28,26,25,1
28,12,3,19,28,26,27,1
28,2,2,22,28,26,21,1
33,2,2,23,28,26,33,1
51,15,3,25,28,26,51,2
39,2,2,29,28,26,39,1
29,8,2,29,28,26,20,1
78,8,3,31,28,26,78,2
40,2,3,38,28,26,40,1
30,0,3,5,30,26,5,1
30,0,3,8,30,26,18,1
30,2,1,12,30,26,23,1
30,2,2,13,30,26,23,1
30,2,5,13,30,26,21,1
31,2,3,14,30,26,31,1
30,2,2,15,30,26,27,1
30,2,3,19,30,26,28,1
33,2,3,21,30,26,33,1
55,8,3,24,30,26,55,2
45,2,3,39,30,26,45,1
32,5,3,8,32,26,23,1
32,2,2,9,32,26,8,1
32,2,3,9,32,26,11,1
32,5,2,10,32,26,26,1
32,2,2,12,32,26,29,1
32,5,3,13,32,26,21,1
32,5,2,14,32,26,30,1
32,10,2,16,32,26,18,1
32,10,3,16,32,26,32,1
32,12,3,17,32,26,21,1
32,2,3,18,32,26,25,1
52,8,3,27,32,26,52,2
45,12,2,45,32,26,34,1
33,0,3,9,33,26,9,1
33,5,3,12,33,26,15,1
33,0,2,14,33,26,18,1
33,2,2,17,33,26,32,1
33,2,1,18,33,26,28,1
33,10,2,18,33,26,21,1
33,0,3,18,33,26,19,1
33,2,2,19,33,26,20,1
40,5,3,21,33,26,40,1
50,5,5,23,33,26,50,1
38,12,3,34,33,26,38,1
129,30,5,78,33,26,129,3
35,2,5,11,35,26,23,1
35,2,2,13,35,26,15,1
35,2,5,16,35,26,31,1
35,0,3,19,35,26,25,1
59,8,2,20,35,26,59,2
35,5,5,21,35,26,32,1
59,2,3,28,35,26,59,2
108,2,6,54,35,26,108,3
37,5,2,1,37,26,6,1
37,2,2,8,37,26,3,1
37,2,5,11,37,26,24,1
38,5,3,20,37,26,38,1
37,2,5,23,37,26,34,1
58,5,3,24,37,26,58,2
52,2,2,26,37,26,52,2
54,2,6,31,37,26,54,2
63,5,3,32,37,26,63,2
67,5,5,37,37,26,67,2
38,0,3,9,38,26,12,1
38,2,2,11,38,26,11,1
38,2,3,11,38,26,20,1
38,2,3,14,38,26,19,1
38,2,3,16,38,26,29,1
54,5,5,34,38,26,54,2
70,2,5,35,38,26,70,2
45,5,3,41,38,26,45,1
40,2,3,7,40,26,19,1
40,2,2,8,40,26,15,1
40,5,3,10,40,26,15,1
86,15,5,56,40,26,86,2
42,0,5,5,42,26,16,1
42,2,2,9,42,26,21,1
42,2,2,13,42,26,12,1
42,5,2,13,42,26,16,1
42,5,6,19,42,26,23,1
53,8,3,20,42,26,53,2
45,15,6,21,42,26,45,1
64,8,2,23,42,26,64,2
98,12,6,51,42,26,98,2
91,8,6,56,42,26,91,2
100,5,5,57,42,26,100,2
43,2,5,23,43,26,36,1
45,0,3,11,45,26,17,1
45,2,6,14,45,26,24,1
45,2,6,17,45,26,29,1
45,2,6,20,45,26,37,1
82,8,5,41,45,26,82,2
47,2,6,9,47,26,26,1
48,10,3,11,48,26,15,1
48,2,6,12,48,26,24,1
48,0,6,13,48,26,22,1
48,2,5,18,48,26,31,1
48,5,5,20,48,26,31,1
50,2,5,11,50,26,19,1
50,5,3,13,50,26,25,1
50,8,6,22,50,26,40,1
54,18,3,32,50,26,54,2
64,2,5,32,50,26,64,2
82,8,5,49,50,26,82,2
51,5,2,16,51,26,20,2
51,2,5,22,51,26,41,2
52,2,6,12,52,26,18,2
52,5,5,15,52,26,38,2
52,2,6,15,52,26,30,2
52,2,5,20,52,26,32,2
53,12,7,23,53,26,41,2
55,2,6,24,53,26,55,2
54,0,3,14,54,26,25,2
56,2,6,21,54,26,56,2
55,2,7,11,55,26,24,2
55,2,7,20,55,26,49,2
66,25,6,34,55,26,66,2
78,10,6,51,55,26,78,2
56,2,5,19,56,26,43,2
57,2,6,11,57,26,28,2
60,2,6,19,60,26,36,2
60,2,7,31,60,26,52,2
67,10,14,29,67,26,58,2
43,0,0,43,0,27,42,1
60,0,1,60,0,27,37,2
27,2,1,3,2,27,11,1
27,0,1,5,2,27,6,1
27,2,1,9,2,27,15,1
27,0,0,10,2,27,9,1
27,2,0,10,2,27,26,1
27,0,1,18,2,27,16,1
75,2,1,75,2,27,61,2
27,5,1,7,3,27,5,1
27,2,1,5,5,27,3,1
27,2,1,7,5,27,10,1
27,0,1,10,5,27,7,1
27,5,1,10,5,27,9,1
27,0,1,11,5,27,15,1
27,2,1,11,5,27,17,1
27,2,1,11,5,27,18,1
27,0,1,12,5,27,13,1
27,2,1,12,5,27,12,1
27,2,1,13,5,27,14,1
27,2,1,16,5,27,21,1
27,2,0,21,5,27,18,1
27,2,0,23,5,27,23,1
27,0,1,2,7,27,10,1
27,0,1,6,7,27,10,1
27,0,1,8,7,27,8,1
27,2,1,8,7,27,12,1
27,2,2,8,7,27,10,1
27,2,1,9,7,27,11,1
27,2,1,11,7,27,18,1
27,2,1,11,7,27,19,1
27,2,1,11,7,27,9,1
27,2,1,12,7,27,16,1
27,0,1,13,7,27,12,1
27,5,1,14,7,27,13,1
27,2,0,15,7,27,16,1
27,0,0,16,7,27,13,1
27,2,1,16,7,27,11,1
27,2,1,17,7,27,20,1
27,0,1,19,7,27,20,1
27,2,1,24,7,27,25,1
27,2,1,4,8,27,3,1
27,0,1,9,8,27,7,1
27,2,1,9,8,27,8,1
27,2,1,9,8,27,9,1
27,2,2,9,8,27,12,1
27,2,1,11,8,27,15,1
27,0,2,11,8,27,14,1
27,2,1,12,8,27,20,1
27,0,0,13,8,27,19,1
27,0,1,13,8,27,16,1
27,2,1,13,8,27,4,1
27,2,1,15,8,27,21,1
27,10,1,16,8,27,19,1
27,2,1,17,8,27,18,1
27,2,1,17,8,27,16,1
27,2,1,17,8,27,15,1
27,5,1,17,8,27,26,1
38,10,1,17,8,27,38,1
27,2,1,19,8,27,20,1
37,2,1,22,8,27,37,1
27,2,1,22,8,27,19,1
27,5,1,22,8,27,19,1
34,0,2,31,8,27,34,1
27,0,1,4,10,27,2,1
27,2,2,5,10,27,5,1
27,2,0,6,10,27,6,1
27,5,5,6,10,27,25,1
27,2,1,7,10,27,13,1
27,2,1,7,10,27,13,1
27,0,1,8,10,27,24,1
27,2,1,8,10,27,23,1
27,2,1,9,10,27,16,1
27,2,1,10,10,27,15,1
27,5,1,11,10,27,12,1
27,2,1,12,10,27,11,1
27,5,1,12,10,27,12,1
27,0,2,12,10,27,8,1
27,5,1,13,10,27,13,1
27,2,1,14,10,27,9,1
27,2,1,14,10,27,25,1
27,0,2,14,10,27,14,1
27,2,1,15,10,27,19,1
27,2,1,16,10,27,27,1
27,2,1,16,10,27,24,1
30,2,1,17,10,27,30,1
27,2,1,17,10,27,27,1
34,2,1,19,10,27,34,1
37,2,1,20,10,27,37,1
34,2,1,20,10,27,34,1
27,2,1,20,10,27,19,1
27,5,0,22,10,27,27,1
37,2,0,37,10,27,16,1
27,0,2,5,12,27,3,1
27,2,1,8,12,27,25,1
27,2,1,9,12,27,21,1
27,2,1,9,12,27,6,1
27,2,1,10,12,27,13,1
27,2,1,10,12,27,7,1
27,2,5,10,12,27,22,1
27,2,1,11,12,27,25,1
27,0,1,12,12,27,15,1
27,2,1,12,12,27,21,1
27,2,1,12,12,27,16,1
27,8,2,12,12,27,16,1
28,2,1,13,12,27,28,1
27,2,1,13,12,27,13,1
27,5,1,13,12,27,18,1
27,2,0,14,12,27,24,1
34,2,1,16,12,27,34,1
29,2,1,16,12,27,29,1
30,2,2,16,12,27,30,1
27,2,2,16,12,27,5,1
27,5,0,17,12,27,15,1
27,5,1,17,12,27,21,1
27,2,2,17,12,27,23,1
27,2,0,18,12,27,22,1
27,2,1,19,12,27,26,1
42,2,1,21,12,27,42,1
38,2,1,24,12,27,38,1
42,8,1,32,12,27,42,1
58,5,1,58,12,27,18,2
27,0,1,5,13,27,4,1
27,2,1,5,13,27,5,1
27,2,2,6,13,27,6,1
27,2,5,8,13,27,19,1
27,0,1,9,13,27,18,1
27,2,2,9,13,27,21,1
27,2,2,9,13,27,15,1
27,15,2,9,13,27,11,1
27,0,2,10,13,27,17,1
27,2,1,11,13,27,7,1
27,2,1,13,13,27,21,1
27,2,1,13,13,27,13,1
27,10,1,13,13,27,17,1
27,2,1,14,13,27,18,1
27,5,1,14,13,27,20,1
27,0,1,15,13,27,14,1
27,0,1,15,13,27,16,1
27,2,1,15,13,27,19,1
27,5,1,15,13,27,14,1
27,8,1,15,13,27,21,1
27,8,2,15,13,27,16,1
27,2,1,16,13,27,22,1
33,2,3,16,13,27,33,1
27,2,2,17,13,27,18,1
37,0,1,18,13,27,37,1
27,2,2,18,13,27,24,1
27,2,2,18,13,27,24,1
27,0,2,19,13,27,22,1
29,5,1,20,13,27,29,1
27,2,1,25,13,27,19,1
45,8,2,27,13,27,45,1
82,15,1,39,13,27,82,2
27,5,1,5,15,27,10,1
27,2,1,9,15,27,23,1
27,0,1,11,15,27,19,1
28,2,1,11,15,27,28,1
27,5,1,11,15,27,18,1
27,8,2,11,15,27,22,1
27,2,1,12,15,27,8,1
27,5,1,13,15,27,21,1
27,2,2,13,15,27,22,1
27,2,2,13,15,27,22,1
27,8,1,15,15,27,12,1
27,2,2,15,15,27,24,1
27,2,1,16,15,27,19,1
27,2,2,16,15,27,15,1
27,2,2,16,15,27,13,1
27,5,1,17,15,27,20,1
44,2,5,17,15,27,44,1
27,5,2,18,15,27,14,1
27,0,1,19,15,27,27,1
27,2,1,19,15,27,,1
27,5,1,19,15,27,13,1
27,8,2,19,15,27,11,1
27,2,1,20,15,27,24,1
27,8,1,20,15,27,16,1
28,2,2,20,15,27,28,1
42,2,5,20,15,27,42,1
37,5,1,21,15,27,37,1
34,5,2,22,15,27,34,1
32,0,1,28,15,27,32,1
38,2,2,28,15,27,38,1
27,2,2,7,17,27,15,1
27,2,1,8,17,27,13,1
27,5,1,9,17,27,25,1
27,0,1,10,17,27,20,1
27,0,2,10,17,27,7,1
27,5,2,11,17,27,24,1
27,2,2,12,17,27,19,1
27,2,1,14,17,27,20,1
27,10,1,14,17,27,21,1
27,0,2,14,17,27,14,1
27,8,2,15,17,27,17,1
27,5,1,17,17,27,21,1
27,2,2,18,17,27,26,1
30,2,1,20,17,27,30,1
27,0,1,21,17,27,21,1
38,5,1,21,17,27,38,1
27,2,5,22,17,27,26,1
39,2,2,24,17,27,39,1
27,18,2,25,17,27,21,1
58,2,2,41,17,27,58,2
27,2,2,4,18,27,11,1
27,0,2,5,18,27,14,1
27,2,5,8,18,27,26,1
27,0,1,9,18,27,15,1
27,2,2,9,18,27,17,1
27,25,1,10,18,27,11,1
27,5,2,11,18,27,23,1
27,2,5,11,18,27,20,1
27,5,2,13,18,27,9,1
27,2,2,14,18,27,23,1
27,12,2,14,18,27,7,1
27,2,2,15,18,27,,1
27,5,2,15,18,27,22,1
27,2,1,16,18,27,,1
31,2,2,16,18,27,31,1
27,2,1,17,18,27,21,1
27,5,1,17,18,27,24,1
42,5,3,17,18,27,42,1
27,5,1,18,18,27,21,1
27,2,2,18,18,27,17,1
41,2,5,19,18,27,41,1
49,2,1,33,18,27,49,1
27,5,1,6,20,27,25,1
27,0,2,6,20,27,19,1
27,2,2,8,20,27,10,1
27,5,1,9,20,27,7,1
27,2,2,9,20,27,13,1
27,2,2,12,20,27,15,1
27,5,2,12,20,27,16,1
27,5,2,12,20,27,15,1
27,5,2,12,20,27,15,1
27,2,5,13,20,27,26,1
27,2,2,15,20,27,18,1
45,0,3,17,20,27,45,1
27,5,2,18,20,27,18,1
29,5,1,20,20,27,29,1
32,5,2,21,20,27,32,1
28,28,2,21,20,27,22,1
33,2,2,22,20,27,33,1
45,2,3,22,20,27,45,1
33,5,0,27,20,27,33,1
52,8,2,32,20,27,52,2
39,10,2,33,20,27,39,1
28,5,1,10,22,27,28,1
27,0,2,10,22,27,20,1
27,2,2,10,22,27,11,1
36,2,2,11,22,27,36,1
31,2,1,12,22,27,31,1
27,2,2,14,22,27,20,1
27,12,2,14,22,27,18,1
27,0,2,15,22,27,26,1
27,2,2,16,22,27,19,1
35,2,2,18,22,27,35,1
27,2,2,18,22,27,19,1
34,5,2,18,22,27,34,1
28,5,3,18,22,27,28,1
29,2,2,19,22,27,29,1
27,2,5,20,22,27,21,1
27,2,2,23,22,27,27,1
31,0,2,25,22,27,31,1
32,2,3,27,22,27,32,1
42,22,3,27,22,27,42,1
59,2,5,37,22,27,59,2
27,2,0,5,23,27,7,1
27,2,3,7,23,27,17,1
27,0,3,9,23,27,11,1
27,0,1,11,23,27,14,1
28,2,1,12,23,27,28,1
27,0,2,13,23,27,18,1
27,0,1,14,23,27,13,1
27,2,2,14,23,27,19,1
29,5,2,14,23,27,29,1
27,2,2,15,23,27,23,1
27,2,3,16,23,27,11,1
44,5,5,16,23,27,44,1
31,0,2,17,23,27,31,1
39,8,2,18,23,27,39,1
29,0,2,19,23,27,29,1
27,2,2,19,23,27,26,1
27,2,2,20,23,27,24,1
36,2,2,21,23,27,36,1
27,5,2,21,23,27,25,1
41,25,3,24,23,27,41,1
52,0,2,28,23,27,52,2
29,5,3,28,23,27,29,1
54,5,5,28,23,27,54,2
77,30,2,36,23,27,77,2
56,2,5,38,23,27,56,2
27,5,3,4,25,27,9,1
27,0,3,8,25,27,19,1
27,12,2,10,25,27,23,1
27,0,1,11,25,27,10,1
27,2,2,14,25,27,21,1
27,2,2,15,25,27,11,1
27,0,3,15,25,27,14,1
27,2,1,16,25,27,13,1
27,22,2,17,25,27,25,1
33,8,2,18,25,27,33,1
34,2,3,19,25,27,34,1
27,2,3,19,25,27,25,1
39,0,3,21,25,27,39,1
51,5,5,23,25,27,51,2
44,2,5,28,25,27,44,1
57,2,3,29,25,27,57,2
27,0,2,10,27,27,15,1
27,5,1,12,27,27,19,1
27,2,2,12,27,27,21,1
27,2,2,14,27,27,14,1
27,5,1,15,27,27,24,1
27,5,3,15,27,27,17,1
27,0,2,16,27,27,23,1
28,5,2,16,27,27,28,1
27,0,2,17,27,27,19,1
44,2,3,19,27,27,44,1
27,12,1,20,27,27,22,1
38,18,2,20,27,27,38,1
48,2,3,20,27,27,48,1
41,5,5,21,27,27,41,1
36,5,2,23,27,27,36,1
27,8,2,23,27,27,27,1
55,8,5,31,27,27,55,2
79,5,2,36,27,27,79,2
49,8,3,36,27,27,49,1
84,5,5,58,27,27,84,2
28,0,2,5,28,27,20,1
28,2,3,5,28,27,7,1
28,2,2,9,28,27,15,1
28,2,2,11,28,27,19,1
28,5,2,14,28,27,15,1
28,10,2,15,28,27,18,1
30,0,2,18,28,27,30,1
33,2,2,19,28,27,33,1
31,10,3,20,28,27,31,1
32,12,2,21,28,27,32,1
40,0,2,22,28,27,40,1
54,5,2,24,28,27,54,2
45,10,2,27,28,27,45,1
51,2,3,27,28,27,51,2
31,5,5,31,28,27,30,1
63,2,3,37,28,27,63,2
44,2,3,44,28,27,33,1
30,12,3,13,30,27,26,1
30,2,3,14,30,27,16,1
30,10,3,21,30,27,21,1
37,0,5,21,30,27,37,1
54,5,5,25,30,27,54,2
49,8,2,27,30,27,49,1
45,8,3,27,30,27,45,1
41,12,5,30,30,27,41,1
76,5,5,55,30,27,76,2
119,2,3,72,30,27,119,3
32,0,2,7,32,27,1,1
32,20,1,9,32,27,20,1
33,2,5,15,32,27,33,1
32,2,5,15,32,27,24,1
32,2,2,17,32,27,24,1
32,8,3,17,32,27,19,1
32,2,5,17,32,27,31,1
32,8,3,21,32,27,28,1
44,2,3,24,32,27,44,1
41,8,5,26,32,27,41,1
66,2,3,30,32,27,66,2
44,2,5,30,32,27,44,1
52,5,5,44,32,27,52,2
33,5,2,5,33,27,15,1
33,5,6,9,33,27,21,1
33,2,5,12,33,27,12,1
33,2,2,13,33,27,19,1
33,2,3,15,33,27,33,1
33,5,3,17,33,27,31,1
33,2,3,18,33,27,27,1
34,2,3,22,33,27,34,1
41,5,5,23,33,27,41,1
33,5,3,26,33,27,32,1
35,2,3,6,35,27,18,1
35,2,3,11,35,27,19,1
35,2,5,12,35,27,32,1
35,2,3,14,35,27,16,1
35,2,3,14,35,27,30,1
35,8,3,15,35,27,21,1
35,10,3,15,35,27,20,1
35,5,5,15,35,27,27,1
35,8,2,17,35,27,28,1
36,5,2,18,35,27,36,1
42,2,3,21,35,27,42,1
35,2,2,22,35,27,25,1
35,8,2,22,35,27,31,1
50,2,3,22,35,27,50,1
35,2,3,22,35,27,26,1
35,5,3,22,35,27,34,1
64,2,5,24,35,27,64,2
48,12,5,24,35,27,48,1
60,2,3,27,35,27,60,2
43,2,5,27,35,27,43,1
69,5,5,28,35,27,69,2
77,10,5,28,35,27,77,2
66,35,5,34,35,27,66,2
37,2,2,11,37,27,17,1
40,35,2,16,37,27,40,1
40,5,5,24,37,27,40,1
65,5,3,30,37,27,65,2
53,5,1,33,37,27,53,2
80,2,5,53,37,27,80,2
38,2,3,5,38,27,6,1
38,5,3,6,38,27,21,1
38,2,6,10,38,27,28,1
38,2,3,12,38,27,15,1
38,2,5,16,38,27,22,1
53,2,3,22,38,27,53,2
38,5,3,23,38,27,38,1
55,2,5,29,38,27,55,2
70,2,3,33,38,27,70,2
63,2,7,36,38,27,63,2
99,2,7,49,38,27,99,2
40,0,2,9,40,27,22,1
40,0,3,12,40,27,24,1
40,2,5,15,40,27,27,1
40,5,6,15,40,27,30,1
40,2,5,21,40,27,28,1
64,10,5,32,40,27,64,2
51,2,5,33,40,27,51,2
68,10,2,36,40,27,68,2
76,5,5,37,40,27,76,2
42,0,3,8,42,27,12,1
42,2,1,13,42,27,23,1
42,2,2,13,42,27,14,1
42,25,2,15,42,27,33,1
42,2,5,15,42,27,39,1
42,2,6,18,42,27,31,1
42,2,5,20,42,27,23,1
60,8,5,25,42,27,60,2
70,10,3,49,42,27,70,2
43,5,5,9,43,27,14,1
43,5,2,10,43,27,13,1
43,2,5,15,43,27,34,1
43,2,6,19,43,27,36,1
43,2,5,22,43,27,27,1
62,8,6,29,43,27,62,2
56,5,5,30,43,27,56,2
64,5,5,44,43,27,64,2
45,12,6,11,45,27,24,1
45,2,5,13,45,27,19,1
45,2,5,21,45,27,41,1
58,5,6,31,45,27,58,2
47,2,3,13,47,27,24,1
47,5,6,16,47,27,29,1
47,2,6,17,47,27,,1
76,10,2,33,47,27,76,2
69,5,5,48,47,27,69,2
48,5,6,6,48,27,13,1
48,2,5,12,48,27,23,1
48,2,5,14,48,27,17,1
48,5,6,14,48,27,37,1
48,2,6,17,48,27,21,1
48,10,6,21,48,27,36,1
71,32,5,42,48,27,71,2
72,8,5,47,48,27,72,2
50,8,2,33,50,27,39,1
51,0,5,12,51,27,17,2
51,2,5,12,51,27,25,2
51,0,8,13,51,27,23,2
51,5,3,23,51,27,30,2
51,5,5,28,51,27,40,2
53,8,5,42,51,27,53,2
83,2,6,44,51,27,83,2
52,5,6,8,52,27,17,2
52,2,6,14,52,27,30,2
52,2,5,21,52,27,50,2
52,2,6,21,52,27,52,2
52,2,6,23,52,27,44,2
60,2,6,26,52,27,60,2
52,5,3,30,52,27,34,2
52,15,5,30,52,27,41,2
53,2,5,22,53,27,39,2
54,2,7,21,54,27,22,2
59,2,7,25,54,27,59,2
59,5,6,34,54,27,59,2
55,5,7,25,55,27,38,2
56,5,7,24,56,27,54,2
57,8,9,36,57,27,50,2
58,2,6,32,58,27,49,2
60,8,8,23,60,27,52,2
61,8,8,21,61,27,46,2
70,5,8,37,62,27,70,2
80,10,6,39,64,27,80,2
66,20,11,31,66,27,62,2
121,2,15,61,68,27,121,3
94,2,15,55,77,27,94,2
28,2,1,12,2,28,15,1
28,0,0,19,2,28,14,1
28,2,0,21,2,28,19,1
28,2,1,22,2,28,16,1
28,8,1,11,3,28,4,1
28,2,1,14,3,28,10,1
28,2,1,15,3,28,,1
33,2,1,24,3,28,33,1
36,0,1,36,3,28,36,1
39,2,0,39,3,28,24,1
28,2,1,3,5,28,4,1
28,2,1,5,5,28,4,1
28,2,0,9,5,28,15,1
28,8,1,10,5,28,13,1
28,2,1,13,5,28,5,1
28,2,1,14,5,28,22,1
28,5,1,14,5,28,14,1
28,2,1,19,5,28,,1
28,0,1,22,5,28,17,1
55,2,2,27,5,28,55,2
35,0,1,31,5,28,35,1
41,0,0,41,5,28,15,1
28,2,1,7,7,28,12,1
28,2,1,9,7,28,3,1
28,0,1,10,7,28,12,1
28,0,2,11,7,28,5,1
28,15,1,12,7,28,23,1
28,2,2,13,7,28,17,1
28,2,2,13,7,28,15,1
28,0,1,15,7,28,7,1
28,2,1,15,7,28,9,1
28,2,1,16,7,28,19,1
28,2,1,17,7,28,13,1
28,2,1,17,7,28,16,1
28,2,1,18,7,28,23,1
28,2,1,20,7,28,10,1
28,2,1,20,7,28,17,1
36,2,1,24,7,28,36,1
28,0,1,27,7,28,23,1
28,2,1,8,8,28,20,1
28,2,1,9,8,28,4,1
28,2,1,10,8,28,13,1
28,2,1,11,8,28,10,1
28,2,1,13,8,28,19,1
28,2,1,13,8,28,17,1
28,2,1,14,8,28,16,1
28,2,1,14,8,28,23,1
33,2,1,15,8,28,33,1
28,2,1,15,8,28,8,1
28,2,2,15,8,28,13,1
28,0,1,16,8,28,23,1
28,2,1,21,8,28,27,1
28,2,1,21,8,28,25,1
28,5,1,21,8,28,22,1
28,5,1,21,8,28,19,1
28,0,1,24,8,28,24,1
46,2,1,46,8,28,45,1
28,2,1,3,10,28,10,1
28,8,2,4,10,28,8,1
28,2,3,6,10,28,8,1
28,2,1,8,10,28,10,1
28,0,2,10,10,28,4,1
28,2,1,11,10,28,18,1
28,2,1,12,10,28,19,1
28,5,1,12,10,28,19,1
28,2,1,13,10,28,12,1
28,2,1,13,10,28,18,1
28,5,1,13,10,28,25,1
28,5,2,13,10,28,14,1
28,0,1,14,10,28,22,1
28,2,1,14,10,28,27,1
28,2,1,14,10,28,18,1
28,2,1,16,10,28,18,1
28,2,1,16,10,28,11,1
28,2,2,16,10,28,16,1
28,2,1,19,10,28,25,1
28,5,2,20,10,28,22,1
35,2,1,21,10,28,35,1
28,2,1,22,10,28,20,1
28,0,1,23,10,28,20,1
46,2,2,32,10,28,46,1
28,5,1,6,12,28,21,1
28,2,3,7,12,28,26,1
28,2,1,10,12,28,12,1
28,2,1,10,12,28,8,1
28,0,1,11,12,28,7,1
28,2,1,11,12,28,18,1
28,2,1,11,12,28,18,1
28,2,1,13,12,28,16,1
28,0,1,14,12,28,19,1
28,5,1,14,12,28,24,1
28,2,1,15,12,28,14,1
37,0,1,16,12,28,37,1
28,2,1,16,12,28,19,1
28,2,1,16,12,28,21,1
31,2,1,17,12,28,31,1
28,2,1,17,12,28,12,1
28,5,1,18,12,28,24,1
31,2,1,19,12,28,31,1
31,2,1,19,12,28,31,1
28,0,1,21,12,28,12,1
39,5,1,21,12,28,39,1
28,2,2,23,12,28,16,1
40,2,1,26,12,28,40,1
44,5,1,27,12,28,44,1
28,2,2,28,12,28,28,1
28,2,2,5,13,28,15,1
28,2,0,7,13,28,26,1
28,10,2,8,13,28,13,1
28,2,3,8,13,28,16,1
28,0,2,12,13,28,17,1
28,2,1,13,13,28,26,1
28,5,1,15,13,28,20,1
28,0,5,15,13,28,26,1
28,0,1,16,13,28,21,1
28,2,1,16,13,28,20,1
28,5,1,16,13,28,13,1
32,2,2,16,13,28,32,1
28,5,1,17,13,28,16,1
35,2,1,18,13,28,35,1
35,2,2,18,13,28,35,1
28,10,0,20,13,28,21,1
28,2,2,20,13,28,13,1
35,2,1,21,13,28,35,1
28,2,1,21,13,28,27,1
28,10,2,21,13,28,10,1
28,2,2,6,15,28,11,1
28,5,3,6,15,28,12,1
28,2,3,7,15,28,9,1
28,0,1,10,15,28,18,1
28,2,2,10,15,28,14,1
28,2,2,12,15,28,12,1
28,0,1,13,15,28,15,1
28,2,1,14,15,28,28,1
29,2,3,18,15,28,29,1
28,0,2,20,15,28,27,1
45,2,3,21,15,28,45,1
30,0,2,23,15,28,30,1
43,2,2,23,15,28,43,1
40,2,2,24,15,28,40,1
69,10,2,30,15,28,69,2
81,2,2,36,15,28,81,2
28,5,1,6,17,28,11,1
28,2,2,6,17,28,16,1
28,0,1,7,17,28,5,1
29,2,3,9,17,28,29,1
28,2,3,9,17,28,21,1
28,0,1,11,17,28,16,1
28,2,1,11,17,28,25,1
28,0,2,11,17,28,12,1
28,2,1,12,17,28,13,1
30,5,2,12,17,28,30,1
38,2,5,12,17,28,38,1
28,2,0,13,17,28,20,1
30,5,1,14,17,28,30,1
28,2,1,17,17,28,28,1
28,5,2,17,17,28,23,1
35,2,2,20,17,28,35,1
37,5,1,21,17,28,37,1
30,5,1,24,17,28,30,1
52,2,2,25,17,28,52,2
39,18,1,27,17,28,39,1
54,5,2,27,17,28,54,2
68,5,1,31,17,28,68,2
53,2,3,31,17,28,53,2
81,2,3,41,17,28,81,2
28,2,2,5,18,28,15,1
28,2,2,6,18,28,15,1
28,5,2,11,18,28,18,1
29,5,1,12,18,28,29,1
28,2,1,13,18,28,24,1
30,2,1,14,18,28,30,1
28,2,1,14,18,28,21,1
28,2,1,15,18,28,27,1
33,18,3,15,18,28,33,1
28,0,2,16,18,28,28,1
28,2,1,17,18,28,23,1
28,2,2,17,18,28,26,1
29,2,3,18,18,28,29,1
31,5,1,20,18,28,31,1
28,8,2,23,18,28,21,1
48,42,2,23,18,28,48,1
51,0,2,33,18,28,51,2
47,2,3,33,18,28,47,1
43,5,3,34,18,28,43,1
28,10,1,6,20,28,11,1
28,2,1,8,20,28,14,1
28,2,3,10,20,28,23,1
28,5,2,13,20,28,7,1
28,10,2,13,20,28,14,1
28,2,1,14,20,28,19,1
28,2,2,14,20,28,15,1
28,2,2,14,20,28,20,1
28,8,1,15,20,28,17,1
33,2,2,17,20,28,33,1
32,5,1,20,20,28,32,1
28,2,2,21,20,28,23,1
53,5,3,25,20,28,53,2
29,2,5,25,20,28,29,1
89,15,2,30,20,28,89,2
28,2,2,7,22,28,17,1
28,2,2,8,22,28,3,1
28,2,2,8,22,28,13,1
28,2,2,10,22,28,13,1
28,2,2,12,22,28,19,1
28,2,2,12,22,28,2,1
28,0,2,14,22,28,19,1
28,0,3,14,22,28,17,1
37,8,1,16,22,28,37,1
28,2,2,16,22,28,17,1
28,0,3,16,22,28,17,1
28,2,2,18,22,28,27,1
36,2,2,19,22,28,36,1
34,2,2,19,22,28,34,1
42,2,5,20,22,28,42,1
33,5,1,22,22,28,33,1
28,5,2,22,22,28,28,1
37,5,3,22,22,28,37,1
33,0,2,23,22,28,33,1
32,5,3,23,22,28,32,1
47,2,3,24,22,28,47,1
28,2,3,24,22,28,25,1
64,5,5,28,22,28,64,2
67,25,2,42,22,28,67,2
62,2,3,42,22,28,62,2
28,5,1,11,23,28,17,1
29,2,1,13,23,28,29,1
28,2,2,14,23,28,19,1
28,2,2,14,23,28,22,1
28,5,3,15,23,28,23,1
28,0,3,16,23,28,25,1
28,0,5,16,23,28,27,1
28,2,1,17,23,28,21,1
40,2,2,17,23,28,40,1
28,0,3,17,23,28,16,1
31,30,3,18,23,28,31,1
49,2,3,19,23,28,49,1
33,2,3,22,23,28,33,1
55,2,2,23,23,28,55,2
36,5,2,24,23,28,36,1
43,5,5,24,23,28,43,1
69,8,3,35,23,28,69,2
28,0,3,8,25,28,13,1
28,2,3,10,25,28,24,1
28,2,3,10,25,28,25,1
28,5,2,12,25,28,14,1
28,2,3,12,25,28,23,1
28,0,1,13,25,28,17,1
28,2,2,13,25,28,6,1
28,2,2,15,25,28,16,1
28,5,3,15,25,28,26,1
28,2,2,16,25,28,15,1
28,0,3,16,25,28,14,1
28,2,2,17,25,28,15,1
28,2,2,18,25,28,21,1
28,2,1,19,25,28,23,1
28,8,1,19,25,28,24,1
39,2,5,25,25,28,39,1
30,5,5,30,25,28,28,1
60,8,5,30,25,28,60,2
28,2,3,5,27,28,16,1
28,2,3,6,27,28,19,1
28,2,2,7,27,28,10,1
28,5,2,9,27,28,14,1
28,2,2,10,27,28,17,1
28,5,1,11,27,28,22,1
28,0,2,12,27,28,7,1
28,2,3,13,27,28,24,1
28,5,3,13,27,28,22,1
28,0,5,13,27,28,19,1
34,5,2,18,27,28,34,1
28,5,3,18,27,28,28,1
56,2,3,23,27,28,56,2
44,22,3,25,27,28,44,1
44,5,5,25,27,28,44,1
56,28,5,26,27,28,56,2
46,10,5,27,27,28,46,1
55,2,3,28,27,28,55,2
55,5,3,28,27,28,55,2
48,5,5,29,27,28,48,1
75,5,3,33,27,28,75,2
83,5,3,58,27,28,83,2
93,10,2,93,27,28,43,2
28,2,2,13,28,28,14,1
28,2,3,14,28,28,16,1
28,0,2,16,28,28,24,1
28,2,5,17,28,28,25,1
35,8,5,17,28,28,35,1
40,2,3,18,28,28,40,1
49,5,5,19,28,28,49,1
30,8,5,19,28,28,30,1
43,2,3,22,28,28,43,1
31,2,3,26,28,28,31,1
45,10,2,27,28,28,45,1
44,8,3,27,28,28,44,1
80,10,2,33,28,28,80,2
69,5,5,34,28,28,69,2
30,2,5,5,30,28,8,1
30,0,3,8,30,28,19,1
30,2,3,10,30,28,10,1
30,5,5,12,30,28,27,1
30,2,3,18,30,28,26,1
30,5,1,21,30,28,28,1
30,12,3,22,30,28,30,1
41,0,3,23,30,28,41,1
31,2,5,25,30,28,31,1
58,5,3,32,30,28,58,2
32,2,3,8,32,28,17,1
32,2,2,12,32,28,21,1
35,2,2,13,32,28,35,1
32,8,3,15,32,28,31,1
32,2,7,15,32,28,24,1
32,12,2,17,32,28,25,1
44,5,3,17,32,28,44,1
35,5,3,24,32,28,35,1
32,0,3,25,32,28,27,1
52,5,3,25,32,28,52,2
54,5,5,26,32,28,54,2
63,5,3,32,32,28,63,2
58,5,3,33,32,28,58,2
33,2,3,9,33,28,19,1
33,0,5,12,33,28,21,1
42,5,2,18,33,28,42,1
33,5,3,22,33,28,30,1
52,8,3,30,33,28,52,2
47,2,5,42,33,28,47,1
42,5,5,42,33,28,42,1
35,2,2,7,35,28,10,1
35,2,3,11,35,28,19,1
35,5,3,12,35,28,14,1
35,10,2,15,35,28,30,1
39,20,3,16,35,28,39,1
35,0,2,18,35,28,25,1
35,2,2,20,35,28,34,1
35,5,3,22,35,28,28,1
44,2,3,28,35,28,44,1
50,8,6,33,35,28,50,1
64,5,5,34,35,28,64,2
65,10,6,34,35,28,65,2
57,5,6,35,35,28,57,2
65,2,3,38,35,28,65,2
37,0,5,6,37,28,15,1
37,10,3,8,37,28,18,1
37,5,2,10,37,28,17,1
37,5,2,11,37,28,11,1
37,5,2,14,37,28,17,1
37,5,3,15,37,28,26,1
37,12,2,16,37,28,20,1
37,0,5,17,37,28,36,1
49,10,3,19,37,28,49,1
37,10,5,20,37,28,24,1
37,5,2,21,37,28,28,1
37,5,3,21,37,28,28,1
53,8,5,22,37,28,53,2
62,10,3,29,37,28,62,2
42,10,3,29,37,28,42,1
67,2,3,35,37,28,67,2
60,10,6,36,37,28,60,2
121,2,5,66,37,28,121,3
38,0,2,7,38,28,11,1
38,5,3,10,38,28,15,1
38,2,3,11,38,28,19,1
39,2,1,15,38,28,39,1
38,18,2,15,38,28,20,1
38,5,5,16,38,28,23,1
38,2,6,18,38,28,34,1
42,5,5,19,38,28,42,1
41,15,3,21,38,28,41,1
38,18,5,22,38,28,33,1
48,2,3,24,38,28,48,1
38,0,6,26,38,28,33,1
38,5,2,27,38,28,31,1
53,2,6,27,38,28,53,2
65,2,5,34,38,28,65,2
51,12,5,40,38,28,51,2
40,0,3,12,40,28,12,1
40,5,2,15,40,28,27,1
40,0,3,15,40,28,36,1
40,2,6,15,40,28,29,1
40,15,2,16,40,28,22,1
40,2,5,19,40,28,27,1
40,2,3,21,40,28,29,1
62,5,5,22,40,28,62,2
40,10,2,23,40,28,36,1
46,8,5,23,40,28,46,1
63,8,3,26,40,28,63,2
40,5,3,30,40,28,35,1
43,15,2,32,40,28,43,1
60,8,3,32,40,28,60,2
68,5,5,47,40,28,68,2
90,2,3,63,40,28,90,2
42,2,5,8,42,28,1,1
42,2,6,12,42,28,26,1
42,12,2,23,42,28,31,1
45,12,3,24,42,28,45,1
42,10,3,30,42,28,37,1
63,2,5,31,42,28,63,2
43,5,5,9,43,28,20,1
43,0,5,10,43,28,24,1
43,5,3,16,43,28,39,1
43,2,3,19,43,28,39,1
46,5,5,28,43,28,46,1
51,2,5,31,43,28,51,2
60,8,5,38,43,28,60,2
73,5,5,47,43,28,73,2
45,5,6,14,45,28,21,1
45,5,6,16,45,28,27,1
45,5,5,20,45,28,29,1
45,5,5,23,45,28,34,1
75,5,2,27,45,28,75,2
63,5,3,40,45,28,63,2
47,2,3,14,47,28,11,1
47,5,8,19,47,28,40,1
47,2,6,22,47,28,31,1
47,5,2,24,47,28,23,1
56,2,5,35,47,28,56,2
48,2,5,6,48,28,15,1
48,0,5,13,48,28,33,1
48,2,3,15,48,28,30,1
48,2,5,16,48,28,23,1
48,2,5,19,48,28,42,1
48,2,5,21,48,28,48,1
56,2,3,31,48,28,56,2
66,2,7,41,48,28,66,2
105,5,6,68,48,28,105,3
50,5,5,10,50,28,27,1
50,5,3,12,50,28,24,1
80,8,5,47,50,28,80,2
51,5,2,14,51,28,20,2
59,5,6,32,51,28,59,2
52,2,6,12,52,28,28,2
52,2,3,16,52,28,28,2
52,2,7,18,52,28,37,2
52,5,5,19,52,28,30,2
52,5,6,19,52,28,32,2
52,5,8,19,52,28,30,2
52,5,3,20,52,28,41,2
52,15,2,23,52,28,28,2
53,2,6,23,52,28,53,2
95,5,6,63,52,28,95,2
53,2,3,22,53,28,31,2
92,8,5,59,53,28,92,2
54,2,7,15,54,28,32,2
54,2,3,20,54,28,34,2
54,2,5,29,54,28,50,2
55,2,5,12,55,28,17,2
55,2,7,15,55,28,24,2
55,8,5,19,55,28,38,2
55,2,6,23,55,28,44,2
55,5,5,24,55,28,40,2
65,5,5,33,55,28,65,2
76,15,6,43,55,28,76,2
79,30,6,46,55,28,79,2
89,5,6,52,56,28,89,2
57,2,7,16,57,28,21,2
58,5,6,17,58,28,30,2
94,15,6,62,58,28,94,2
59,8,9,27,59,28,49,2
64,12,8,36,64,28,60,2
64,5,8,38,64,28,53,2
67,2,9,33,67,28,54,2
73,2,11,26,73,28,60,2
80,8,15,45,77,28,80,2
30,0,0,30,0,29,26,1
29,2,1,7,2,29,8,1
29,2,1,10,2,29,19,1
29,2,1,13,2,29,17,1
29,0,1,17,2,29,29,1
29,0,1,8,3,29,13,1
29,0,1,12,3,29,16,1
29,2,1,17,3,29,26,1
29,2,5,0,5,29,12,1
29,0,1,4,5,29,6,1
29,2,1,13,5,29,28,1
29,2,1,14,5,29,12,1
29,0,1,15,5,29,22,1
29,2,1,15,5,29,9,1
29,0,1,16,5,29,18,1
29,2,1,16,5,29,21,1
29,2,1,16,5,29,28,1
29,10,1,21,5,29,25,1
29,2,1,28,5,29,15,1
34,0,0,34,5,29,27,1
29,0,0,6,7,29,13,1
29,2,3,6,7,29,9,1
29,5,1,8,7,29,15,1
29,2,1,9,7,29,8,1
29,2,1,11,7,29,6,1
29,2,1,12,7,29,17,1
29,2,1,13,7,29,9,1
29,0,1,14,7,29,21,1
29,2,1,14,7,29,11,1
29,2,1,14,7,29,20,1
29,2,1,16,7,29,6,1
29,0,0,17,7,29,17,1
29,8,1,17,7,29,17,1
29,0,1,20,7,29,18,1
49,2,1,26,7,29,49,1
45,8,2,28,7,29,45,1
29,0,1,6,8,29,0,1
29,2,1,6,8,29,4,1
29,2,1,8,8,29,7,1
29,0,2,8,8,29,23,1
29,0,2,9,8,29,8,1
29,8,1,10,8,29,17,1
29,5,0,11,8,29,14,1
29,5,1,11,8,29,10,1
29,8,1,11,8,29,18,1
29,2,1,13,8,29,15,1
29,2,1,14,8,29,17,1
29,2,2,16,8,29,23,1
29,0,1,17,8,29,24,1
29,2,1,19,8,29,19,1
42,2,5,20,8,29,42,1
39,2,1,22,8,29,39,1
33,0,1,23,8,29,33,1
34,2,3,24,8,29,34,1
33,2,2,25,8,29,33,1
38,2,2,26,8,29,38,1
29,2,3,6,10,29,,1
29,2,2,8,10,29,10,1
29,2,2,9,10,29,29,1
29,0,0,10,10,29,12,1
29,2,1,10,10,29,18,1
29,2,2,11,10,29,16,1
29,2,1,12,10,29,14,1
29,0,1,13,10,29,13,1
29,2,1,13,10,29,11,1
29,2,1,13,10,29,11,1
29,5,1,13,10,29,23,1
29,2,0,14,10,29,14,1
29,5,1,14,10,29,7,1
30,2,1,15,10,29,30,1
29,2,1,15,10,29,29,1
29,2,1,16,10,29,17,1
29,8,1,16,10,29,23,1
29,2,1,18,10,29,19,1
29,0,1,19,10,29,21,1
29,8,2,19,10,29,20,1
47,2,1,20,10,29,47,1
29,2,2,20,10,29,21,1
31,2,1,21,10,29,31,1
31,0,2,23,10,29,31,1
42,0,3,27,10,29,42,1
29,0,1,3,12,29,4,1
29,5,3,5,12,29,24,1
29,2,1,7,12,29,9,1
29,0,1,10,12,29,3,1
29,2,1,10,12,29,10,1
29,0,1,13,12,29,13,1
32,2,1,13,12,29,32,1
29,2,2,13,12,29,14,1
29,2,1,14,12,29,23,1
29,2,1,14,12,29,15,1
29,2,0,15,12,29,12,1
29,2,1,15,12,29,22,1
29,2,0,16,12,29,14,1
39,0,3,16,12,29,39,1
29,2,1,17,12,29,15,1
29,2,1,17,12,29,18,1
29,8,1,17,12,29,9,1
29,20,1,17,12,29,19,1
29,2,1,18,12,29,23,1
29,8,1,18,12,29,23,1
29,5,1,19,12,29,28,1
34,2,2,19,12,29,34,1
31,2,1,21,12,29,31,1
35,2,1,22,12,29,35,1
44,0,2,40,12,29,44,1
45,0,1,45,12,29,37,1
29,0,2,3,13,29,5,1
29,2,1,7,13,29,15,1
29,2,1,8,13,29,11,1
29,5,1,8,13,29,17,1
29,5,3,8,13,29,14,1
29,5,1,9,13,29,13,1
29,10,1,9,13,29,7,1
29,2,2,9,13,29,22,1
29,2,2,9,13,29,19,1
29,5,1,10,13,29,15,1
29,2,1,11,13,29,12,1
29,8,1,11,13,29,29,1
29,2,2,11,13,29,18,1
29,2,1,13,13,29,12,1
29,8,1,13,13,29,18,1
29,10,1,13,13,29,11,1
29,0,2,13,13,29,14,1
30,2,1,15,13,29,30,1
29,8,1,15,13,29,20,1
29,0,2,15,13,29,23,1
29,0,1,16,13,29,28,1
29,0,1,17,13,29,16,1
29,2,1,17,13,29,23,1
29,2,1,17,13,29,19,1
29,0,2,17,13,29,19,1
29,8,1,18,13,29,17,1
29,2,2,18,13,29,28,1
29,8,1,19,13,29,23,1
31,2,2,19,13,29,31,1
29,0,1,20,13,29,20,1
29,2,1,20,13,29,19,1
29,2,2,20,13,29,29,1
30,8,2,20,13,29,30,1
36,8,2,24,13,29,36,1
29,5,2,25,13,29,29,1
29,2,2,4,15,29,9,1
29,5,2,8,15,29,6,1
29,12,1,12,15,29,6,1
29,2,1,13,15,29,29,1
29,5,1,13,15,29,13,1
29,2,1,14,15,29,11,1
29,2,1,16,15,29,18,1
33,2,5,17,15,29,33,1
35,2,2,19,15,29,35,1
29,2,2,19,15,29,21,1
29,2,2,19,15,29,20,1
36,5,2,19,15,29,36,1
29,5,2,21,15,29,26,1
50,0,2,32,15,29,50,1
32,5,2,32,15,29,32,1
89,18,1,37,15,29,89,2
29,0,2,3,17,29,9,1
29,2,3,5,17,29,6,1
29,2,2,8,17,29,8,1
29,5,2,8,17,29,10,1
29,5,2,8,17,29,9,1
29,2,2,10,17,29,16,1
29,5,2,10,17,29,15,1
29,0,3,10,17,29,25,1
29,2,2,11,17,29,13,1
29,2,1,12,17,29,16,1
29,2,2,12,17,29,17,1
29,2,2,13,17,29,16,1
29,0,3,13,17,29,12,1
29,5,1,14,17,29,21,1
29,5,1,16,17,29,19,1
30,2,3,16,17,29,30,1
29,8,1,17,17,29,14,1
29,2,2,17,17,29,19,1
38,5,1,18,17,29,38,1
29,5,1,18,17,29,28,1
29,5,1,18,17,29,21,1
31,2,2,18,17,29,31,1
29,0,2,19,17,29,24,1
32,2,3,21,17,29,32,1
29,5,1,27,17,29,25,1
49,8,2,27,17,29,49,1
56,2,2,30,17,29,56,2
58,2,2,34,17,29,58,2
29,0,1,5,18,29,10,1
29,2,2,8,18,29,11,1
29,2,2,9,18,29,15,1
29,5,2,13,18,29,7,1
29,0,5,14,18,29,24,1
29,2,1,15,18,29,9,1
29,2,1,16,18,29,17,1
29,8,2,16,18,29,21,1
29,2,3,16,18,29,28,1
29,2,1,17,18,29,13,1
29,8,2,17,18,29,29,1
29,2,2,19,18,29,17,1
31,2,1,21,18,29,31,1
31,2,1,22,18,29,31,1
29,2,1,22,18,29,29,1
54,2,2,22,18,29,54,2
36,2,2,23,18,29,36,1
42,2,3,23,18,29,42,1
42,2,2,25,18,29,42,1
54,2,2,40,18,29,54,2
29,2,2,7,20,29,12,1
29,8,1,8,20,29,12,1
29,5,2,8,20,29,10,1
29,2,1,9,20,29,17,1
29,2,2,9,20,29,25,1
29,8,1,10,20,29,19,1
29,18,2,10,20,29,21,1
29,5,3,11,20,29,11,1
29,2,1,13,20,29,12,1
31,8,1,14,20,29,31,1
29,2,5,14,20,29,26,1
29,5,1,15,20,29,19,1
29,15,0,16,20,29,20,1
35,10,2,17,20,29,35,1
29,2,2,18,20,29,27,1
31,5,3,20,20,29,31,1
29,2,3,22,20,29,29,1
58,2,3,23,20,29,58,2
51,5,1,33,20,29,51,2
29,5,3,12,22,29,18,1
29,5,2,13,22,29,16,1
29,0,1,14,22,29,14,1
29,0,1,14,22,29,10,1
32,2,5,14,22,29,32,1
29,2,1,15,22,29,12,1
29,2,2,15,22,29,21,1
29,2,3,15,22,29,23,1
29,5,1,20,22,29,17,1
46,2,5,20,22,29,46,1
38,2,2,21,22,29,38,1
38,2,2,23,22,29,38,1
29,2,3,23,22,29,29,1
35,10,3,23,22,29,35,1
39,8,2,27,22,29,39,1
37,30,2,28,22,29,37,1
76,8,1,31,22,29,76,2
34,2,3,31,22,29,34,1
29,0,2,4,23,29,7,1
31,5,2,9,23,29,31,1
29,5,2,9,23,29,18,1
31,8,1,12,23,29,31,1
29,10,2,12,23,29,15,1
30,5,5,13,23,29,30,1
29,2,2,14,23,29,,1
36,5,2,14,23,29,36,1
29,5,2,14,23,29,19,1
29,5,2,15,23,29,17,1
29,10,2,15,23,29,25,1
29,2,1,16,23,29,27,1
29,2,3,17,23,29,26,1
30,2,3,19,23,29,30,1
36,5,2,21,23,29,36,1
38,2,2,25,23,29,38,1
53,8,3,28,23,29,53,2
29,5,3,4,25,29,10,1
29,2,5,9,25,29,23,1
29,2,2,11,25,29,15,1
29,0,3,12,25,29,18,1
29,8,1,13,25,29,23,1
29,0,2,13,25,29,23,1
29,2,2,16,25,29,28,1
29,8,1,17,25,29,20,1
41,5,2,21,25,29,41,1
33,2,3,22,25,29,33,1
46,2,3,31,25,29,46,1
65,5,3,31,25,29,65,2
36,2,5,31,25,29,36,1
56,5,5,33,25,29,56,2
61,2,2,34,25,29,61,2
109,0,6,57,25,29,109,3
29,2,2,2,27,29,6,1
29,5,2,5,27,29,15,1
29,2,2,10,27,29,19,1
29,2,3,11,27,29,18,1
29,2,3,12,27,29,18,1
29,10,1,14,27,29,24,1
29,2,2,14,27,29,26,1
34,0,3,15,27,29,34,1
29,12,5,15,27,29,28,1
33,12,2,17,27,29,33,1
29,8,3,17,27,29,23,1
29,0,2,19,27,29,21,1
30,2,2,19,27,29,30,1
44,2,3,20,27,29,44,1
29,2,2,22,27,29,20,1
32,2,2,25,27,29,32,1
40,20,3,26,27,29,40,1
78,15,2,31,27,29,78,2
67,2,5,32,27,29,67,2
55,5,3,35,27,29,55,2
67,12,2,37,27,29,67,2
68,5,3,42,27,29,68,2
71,2,3,44,27,29,71,2
120,2,6,60,27,29,120,3
29,2,2,4,28,29,4,1
29,8,3,7,28,29,25,1
29,2,2,9,28,29,20,1
29,0,1,10,28,29,19,1
29,2,1,10,28,29,21,1
29,0,2,10,28,29,21,1
29,5,3,15,28,29,26,1
29,0,2,16,28,29,6,1
29,8,3,16,28,29,21,1
34,2,2,17,28,29,34,1
35,2,5,18,28,29,35,1
38,8,2,20,28,29,38,1
46,2,3,21,28,29,46,1
45,2,2,24,28,29,45,1
36,28,2,25,28,29,36,1
30,2,2,30,28,29,,1
53,2,3,30,28,29,53,2
74,8,3,36,28,29,74,2
71,8,2,42,28,29,71,2
56,2,5,45,28,29,56,2
30,2,3,3,30,29,19,1
30,5,2,7,30,29,14,1
30,8,1,10,30,29,16,1
30,0,3,10,30,29,18,1
47,0,5,15,30,29,47,1
34,5,5,16,30,29,34,1
30,2,2,19,30,29,24,1
35,5,2,20,30,29,35,1
51,5,3,23,30,29,51,2
53,10,3,32,30,29,53,2
37,12,3,37,30,29,31,1
62,2,3,40,30,29,62,2
83,8,5,57,30,29,83,2
32,5,2,8,32,29,14,1
32,2,3,9,32,29,23,1
32,22,3,11,32,29,26,1
32,5,2,12,32,29,16,1
32,2,5,16,32,29,27,1
32,2,5,17,32,29,31,1
32,2,3,19,32,29,23,1
33,5,3,19,32,29,33,1
41,18,2,20,32,29,41,1
45,2,5,20,32,29,45,1
45,2,5,24,32,29,45,1
45,25,2,27,32,29,45,1
65,8,3,30,32,29,65,2
50,5,3,39,32,29,50,1
74,2,5,44,32,29,74,2
76,5,5,46,32,29,76,2
33,2,2,5,33,29,10,1
33,5,2,9,33,29,9,1
33,0,3,9,33,29,13,1
33,2,3,10,33,29,14,1
33,2,3,12,33,29,22,1
33,2,1,13,33,29,20,1
33,5,5,14,33,29,31,1
49,2,3,22,33,29,49,1
33,0,3,23,33,29,28,1
33,2,3,23,33,29,31,1
33,10,3,23,33,29,32,1
40,5,1,24,33,29,40,1
35,2,2,24,33,29,35,1
53,5,2,35,33,29,53,2
60,0,5,36,33,29,60,2
55,5,5,36,33,29,55,2
80,18,2,42,33,29,80,2
46,0,1,43,33,29,46,1
35,5,3,4,35,29,5,1
35,20,2,8,35,29,10,1
35,5,3,9,35,29,19,1
35,5,3,11,35,29,32,1
35,2,5,15,35,29,25,1
35,0,3,16,35,29,18,1
35,5,1,19,35,29,22,1
35,8,3,23,35,29,19,1
43,38,2,26,35,29,43,1
41,8,2,27,35,29,41,1
73,2,3,30,35,29,73,2
53,5,3,31,35,29,53,2
78,5,5,49,35,29,78,2
37,2,6,11,37,29,21,1
37,2,5,12,37,29,30,1
37,5,3,15,37,29,25,1
37,2,3,17,37,29,23,1
37,2,6,17,37,29,30,1
37,10,3,18,37,29,31,1
37,5,3,19,37,29,27,1
37,2,2,21,37,29,32,1
38,5,3,22,37,29,38,1
37,2,2,23,37,29,34,1
53,28,3,25,37,29,53,2
59,2,3,27,37,29,59,2
72,5,3,37,37,29,72,2
60,8,5,37,37,29,60,2
38,10,6,9,38,29,20,1
38,0,3,11,38,29,21,1
38,5,3,11,38,29,26,1
38,0,2,16,38,29,21,1
38,2,3,17,38,29,16,1
38,10,5,19,38,29,22,1
38,2,3,20,38,29,34,1
38,12,3,20,38,29,27,1
38,2,5,21,38,29,32,1
38,2,3,26,38,29,30,1
47,2,3,30,38,29,47,1
64,5,5,31,38,29,64,2
69,8,3,35,38,29,69,2
40,2,5,6,40,29,12,1
40,5,5,14,40,29,27,1
40,8,3,16,40,29,20,1
40,2,5,17,40,29,40,1
40,2,6,17,40,29,24,1
40,12,3,22,40,29,29,1
52,25,3,25,40,29,52,2
68,5,6,30,40,29,68,2
63,5,5,34,40,29,63,2
63,8,5,36,40,29,63,2
42,0,2,5,42,29,10,1
42,5,5,7,42,29,18,1
42,8,5,10,42,29,21,1
42,0,6,12,42,29,24,1
42,5,3,13,42,29,26,1
42,5,3,13,42,29,21,1
42,2,5,16,42,29,36,1
56,5,5,21,42,29,56,2
54,54,2,24,42,29,28,2
52,2,3,29,42,29,52,2
43,2,5,7,43,29,25,1
43,2,3,11,43,29,15,1
43,2,5,12,43,29,26,1
43,2,3,15,43,29,20,1
43,5,3,17,43,29,19,1
47,2,5,17,43,29,47,1
43,2,5,17,43,29,25,1
43,5,3,20,43,29,29,1
54,2,5,22,43,29,54,2
68,8,3,31,43,29,68,2
63,2,7,34,43,29,63,2
70,30,7,39,43,29,70,2
73,5,3,53,43,29,73,2
45,2,5,11,45,29,30,1
45,12,2,18,45,29,36,1
45,2,3,20,45,29,27,1
45,2,2,26,45,29,27,1
51,5,5,28,45,29,51,2
69,5,3,32,45,29,69,2
81,2,5,42,45,29,81,2
47,15,6,10,47,29,18,1
47,2,3,11,47,29,18,1
48,2,5,18,47,29,48,1
47,10,2,20,47,29,44,1
47,5,5,27,47,29,42,1
53,0,6,28,47,29,53,2
85,2,5,48,47,29,85,2
48,2,3,9,48,29,20,1
48,2,6,16,48,29,30,1
61,5,3,33,48,29,61,2
50,2,5,6,50,29,14,1
50,5,7,18,50,29,29,1
62,0,6,34,50,29,62,2
67,5,5,38,50,29,67,2
51,2,6,10,51,29,11,2
51,5,6,10,51,29,18,2
51,5,6,12,51,29,27,2
51,2,6,15,51,29,23,2
51,5,5,21,51,29,49,2
52,2,5,10,52,29,22,2
52,0,6,15,52,29,24,2
52,2,6,15,52,29,28,2
52,2,6,20,52,29,39,2
52,5,6,20,52,29,34,2
52,8,5,22,52,29,40,2
56,2,3,24,52,29,56,2
52,12,5,27,52,29,37,2
76,5,6,33,52,29,76,2
53,10,2,13,53,29,33,2
53,2,7,18,53,29,37,2
53,2,6,21,53,29,35,2
86,2,6,40,53,29,86,2
105,5,5,64,53,29,105,3
54,2,5,14,54,29,28,2
54,8,5,34,54,29,49,2
79,5,5,53,54,29,79,2
55,0,6,16,55,29,30,2
55,8,2,18,55,29,37,2
55,2,6,19,55,29,33,2
57,5,6,33,56,29,57,2
57,2,8,15,57,29,32,2
57,5,7,21,57,29,36,2
58,2,6,26,58,29,58,2
91,5,6,47,59,29,91,2
60,5,8,22,60,29,45,2
69,8,5,44,60,29,69,2
61,10,7,30,61,29,60,2
63,2,11,24,63,29,52,2
63,5,9,56,63,29,57,2
75,5,10,46,65,29,75,2
67,18,10,33,67,29,66,2
80,5,10,43,67,29,80,2
69,12,10,36,69,29,67,2
92,5,15,55,77,29,92,2
30,2,0,10,2,30,25,1
30,0,1,10,3,30,8,1
30,2,1,10,3,30,13,1
30,2,1,13,3,30,16,1
30,0,1,14,3,30,6,1
30,2,1,15,3,30,26,1
30,0,1,16,3,30,17,1
30,2,1,17,3,30,23,1
30,0,0,23,3,30,18,1
30,0,0,26,3,30,22,1
30,2,1,16,5,30,30,1
30,0,1,17,5,30,13,1
30,2,1,17,5,30,19,1
30,2,2,17,5,30,25,1
30,2,0,19,5,30,27,1
50,0,0,50,5,30,41,1
30,2,1,7,7,30,4,1
30,2,1,9,7,30,13,1
30,5,1,12,7,30,14,1
30,2,1,13,7,30,13,1
30,2,1,14,7,30,22,1
30,2,1,16,7,30,13,1
30,2,2,16,7,30,15,1
30,0,0,18,7,30,21,1
30,2,1,20,7,30,26,1
30,0,2,20,7,30,30,1
30,2,1,21,7,30,18,1
53,0,1,26,7,30,53,2
45,2,1,45,7,30,19,1
30,2,1,4,8,30,10,1
30,0,3,8,8,30,19,1
30,2,1,9,8,30,27,1
30,2,2,9,8,30,4,1
30,2,1,12,8,30,10,1
30,2,1,12,8,30,19,1
30,5,1,12,8,30,19,1
30,0,1,13,8,30,19,1
30,5,1,13,8,30,23,1
30,2,2,13,8,30,13,1
30,0,1,14,8,30,11,1
30,2,2,14,8,30,12,1
30,0,1,16,8,30,16,1
30,2,2,16,8,30,15,1
40,2,1,17,8,30,40,1
30,2,1,17,8,30,,1
30,2,1,17,8,30,23,1
30,2,1,18,8,30,14,1
30,0,0,19,8,30,21,1
38,2,1,19,8,30,38,1
32,2,1,19,8,30,32,1
30,5,1,19,8,30,19,1
30,2,2,19,8,30,26,1
30,2,2,19,8,30,17,1
30,0,1,21,8,30,29,1
40,0,1,22,8,30,40,1
46,2,5,23,8,30,46,1
31,2,1,25,8,30,31,1
36,2,1,29,8,30,36,1
30,2,1,2,10,30,6,1
30,8,1,5,10,30,7,1
30,2,2,6,10,30,6,1
30,2,1,9,10,30,25,1
30,2,1,9,10,30,13,1
30,2,1,11,10,30,21,1
30,2,1,11,10,30,15,1
30,2,3,11,10,30,5,1
30,0,1,12,10,30,24,1
30,2,1,12,10,30,8,1
30,5,1,12,10,30,18,1
30,2,1,13,10,30,22,1
30,2,1,14,10,30,17,1
30,2,1,14,10,30,12,1
30,5,1,14,10,30,15,1
30,5,1,14,10,30,22,1
30,2,1,15,10,30,18,1
40,0,0,17,10,30,40,1
30,2,1,17,10,30,17,1
30,5,1,17,10,30,19,1
30,0,0,18,10,30,23,1
30,2,1,18,10,30,15,1
34,0,2,18,10,30,34,1
30,0,2,18,10,30,23,1
36,2,2,18,10,30,36,1
30,8,0,20,10,30,13,1
30,2,1,20,10,30,30,1
37,2,2,20,10,30,37,1
32,5,1,21,10,30,32,1
68,2,3,28,10,30,68,2
35,5,2,29,10,30,35,1
30,2,3,2,12,30,6,1
30,5,2,6,12,30,18,1
30,5,1,9,12,30,19,1
30,2,2,9,12,30,19,1
30,2,3,10,12,30,8,1
30,2,2,11,12,30,29,1
30,2,1,12,12,30,18,1
33,2,2,13,12,30,33,1
30,2,2,13,12,30,29,1
30,2,2,13,12,30,10,1
30,2,1,14,12,30,19,1
30,2,1,14,12,30,14,1
30,0,2,14,12,30,15,1
30,2,2,14,12,30,23,1
30,2,1,15,12,30,29,1
30,2,2,15,12,30,16,1
39,5,2,15,12,30,39,1
30,2,1,16,12,30,22,1
30,5,2,16,12,30,28,1
36,0,1,17,12,30,36,1
32,2,1,17,12,30,32,1
30,2,1,17,12,30,28,1
30,2,1,17,12,30,21,1
32,2,1,19,12,30,32,1
31,2,1,19,12,30,31,1
30,2,1,19,12,30,18,1
30,2,1,19,12,30,18,1
33,2,2,19,12,30,33,1
33,2,1,20,12,30,33,1
34,5,1,22,12,30,34,1
30,0,2,22,12,30,28,1
35,2,1,24,12,30,35,1
43,2,1,25,12,30,43,1
30,2,1,29,12,30,28,1
30,2,1,29,12,30,26,1
30,0,1,8,13,30,13,1
30,5,2,8,13,30,3,1
30,2,1,10,13,30,24,1
30,2,3,11,13,30,28,1
30,2,2,12,13,30,17,1
30,2,1,13,13,30,16,1
30,2,2,13,13,30,16,1
30,2,2,13,13,30,12,1
30,2,2,13,13,30,18,1
30,2,1,14,13,30,18,1
30,2,2,14,13,30,22,1
30,2,1,15,13,30,8,1
30,8,1,15,13,30,17,1
30,10,1,15,13,30,19,1
30,0,1,18,13,30,19,1
33,5,1,19,13,30,33,1
30,2,2,20,13,30,25,1
31,0,2,21,13,30,31,1
30,5,1,23,13,30,30,1
30,2,1,24,13,30,30,1
30,2,0,27,13,30,25,1
59,2,2,30,13,30,59,2
30,2,1,3,15,30,9,1
30,2,3,3,15,30,10,1
30,2,1,4,15,30,9,1
30,2,1,6,15,30,11,1
30,0,1,7,15,30,11,1
30,2,2,9,15,30,6,1
30,10,1,13,15,30,15,1
30,2,2,13,15,30,18,1
30,2,1,14,15,30,18,1
30,2,2,14,15,30,19,1
30,15,2,14,15,30,30,1
30,2,3,14,15,30,27,1
36,5,1,15,15,30,36,1
30,0,2,15,15,30,15,1
30,2,3,15,15,30,27,1
30,2,2,16,15,30,27,1
30,2,2,16,15,30,17,1
30,2,2,16,15,30,13,1
30,2,1,17,15,30,16,1
30,2,1,18,15,30,17,1
30,0,2,18,15,30,12,1
37,2,2,18,15,30,37,1
30,5,1,19,15,30,18,1
30,5,1,19,15,30,20,1
30,2,2,19,15,30,26,1
36,2,2,20,15,30,36,1
30,0,1,22,15,30,21,1
44,2,3,22,15,30,44,1
30,2,1,24,15,30,20,1
30,2,1,24,15,30,29,1
31,0,3,24,15,30,31,1
33,0,2,25,15,30,33,1
43,0,2,27,15,30,43,1
51,5,2,32,15,30,51,2
41,2,1,34,15,30,41,1
35,8,2,35,15,30,27,1
30,8,3,4,17,30,19,1
30,0,3,5,17,30,12,1
30,8,1,7,17,30,13,1
30,0,1,8,17,30,13,1
30,10,1,9,17,30,6,1
30,5,2,9,17,30,17,1
30,8,0,12,17,30,8,1
30,2,2,12,17,30,14,1
30,8,3,13,17,30,23,1
38,2,5,13,17,30,38,1
31,0,2,14,17,30,31,1
30,0,2,14,17,30,26,1
30,2,2,14,17,30,25,1
30,0,1,15,17,30,18,1
30,0,1,15,17,30,15,1
30,2,3,15,17,30,24,1
30,5,1,16,17,30,25,1
30,5,2,16,17,30,14,1
30,2,1,17,17,30,20,1
30,2,2,17,17,30,19,1
31,0,1,19,17,30,31,1
31,2,2,19,17,30,31,1
30,2,2,19,17,30,26,1
30,5,2,19,17,30,19,1
30,2,3,19,17,30,24,1
30,2,2,20,17,30,24,1
30,0,3,20,17,30,29,1
31,2,3,21,17,30,31,1
30,2,3,21,17,30,22,1
38,5,2,22,17,30,38,1
35,0,3,22,17,30,35,1
44,0,5,22,17,30,44,1
30,8,1,23,17,30,27,1
30,0,2,23,17,30,26,1
30,2,2,24,17,30,29,1
38,5,2,26,17,30,38,1
30,2,1,27,17,30,25,1
48,5,2,32,17,30,48,1
38,15,2,38,17,30,,1
63,5,3,45,17,30,63,2
30,2,2,3,18,30,10,1
31,2,6,7,18,30,31,1
30,2,2,8,18,30,8,1
30,8,2,8,18,30,15,1
30,2,3,8,18,30,15,1
30,2,2,10,18,30,18,1
30,5,1,13,18,30,11,1
30,2,2,13,18,30,22,1
31,2,1,14,18,30,31,1
30,2,2,15,18,30,21,1
30,2,5,16,18,30,16,1
30,0,1,17,18,30,15,1
31,8,1,17,18,30,31,1
30,2,2,17,18,30,25,1
30,2,2,17,18,30,25,1
30,5,2,17,18,30,17,1
30,8,2,17,18,30,12,1
38,8,3,17,18,30,38,1
30,8,1,18,18,30,22,1
35,0,2,18,18,30,35,1
36,5,2,18,18,30,36,1
30,5,1,19,18,30,30,1
30,2,1,20,18,30,21,1
30,18,1,20,18,30,18,1
32,5,3,21,18,30,32,1
39,2,1,23,18,30,39,1
30,2,2,23,18,30,30,1
30,2,1,24,18,30,29,1
38,2,2,24,18,30,38,1
30,5,2,25,18,30,29,1
38,8,2,27,18,30,38,1
39,10,2,29,18,30,39,1
55,2,5,40,18,30,55,2
30,5,2,5,20,30,14,1
30,2,3,5,20,30,8,1
30,2,2,9,20,30,28,1
30,2,3,10,20,30,14,1
30,2,1,11,20,30,18,1
30,2,1,12,20,30,21,1
30,2,2,12,20,30,3,1
34,2,2,13,20,30,34,1
30,0,1,14,20,30,14,1
30,0,2,14,20,30,15,1
30,2,2,14,20,30,14,1
30,5,1,15,20,30,16,1
30,10,2,17,20,30,28,1
30,5,2,20,20,30,19,1
43,15,2,21,20,30,43,1
33,2,1,22,20,30,33,1
35,8,2,23,20,30,35,1
44,25,2,26,20,30,44,1
33,8,2,27,20,30,33,1
32,2,2,30,20,30,32,1
55,8,5,32,20,30,55,2
66,5,2,34,20,30,66,2
72,8,2,36,20,30,72,2
40,8,5,40,20,30,40,1
30,2,2,5,22,30,24,1
30,12,2,9,22,30,10,1
30,2,2,11,22,30,21,1
30,2,2,12,22,30,20,1
30,2,3,12,22,30,13,1
30,5,2,14,22,30,19,1
30,8,2,15,22,30,13,1
32,8,3,15,22,30,32,1
30,0,2,16,22,30,17,1
30,5,2,16,22,30,23,1
44,2,5,17,22,30,44,1
41,5,1,18,22,30,41,1
30,5,1,19,22,30,21,1
38,2,2,19,22,30,38,1
30,2,5,19,22,30,25,1
30,0,2,20,22,30,29,1
30,0,5,21,22,30,28,1
34,2,1,23,22,30,34,1
58,2,2,26,22,30,58,2
30,8,5,27,22,30,30,1
48,2,1,28,22,30,48,1
65,2,3,31,22,30,65,2
76,2,2,32,22,30,76,2
79,2,3,35,22,30,79,2
81,12,2,36,22,30,81,2
55,5,3,38,22,30,55,2
118,2,7,45,22,30,118,3
30,2,6,5,23,30,15,1
30,0,3,9,23,30,27,1
30,2,1,10,23,30,26,1
30,5,3,10,23,30,19,1
30,2,2,12,23,30,11,1
30,2,3,12,23,30,12,1
30,2,2,13,23,30,14,1
30,0,2,15,23,30,21,1
30,5,2,15,23,30,28,1
30,2,2,16,23,30,23,1
47,2,3,18,23,30,47,1
30,2,3,18,23,30,25,1
32,15,2,19,23,30,32,1
30,2,3,23,23,30,19,1
66,0,2,31,23,30,66,2
81,5,2,38,23,30,81,2
30,2,3,6,25,30,21,1
30,2,3,8,25,30,15,1
30,2,3,11,25,30,20,1
30,5,5,11,25,30,30,1
30,5,2,12,25,30,19,1
30,2,2,14,25,30,15,1
30,2,3,14,25,30,24,1
30,5,2,16,25,30,26,1
30,0,2,17,25,30,25,1
30,2,2,17,25,30,25,1
30,2,2,17,25,30,25,1
30,5,2,17,25,30,25,1
38,2,5,17,25,30,38,1
32,2,2,20,25,30,32,1
43,2,3,20,25,30,43,1
30,2,3,20,25,30,30,1
30,2,3,21,25,30,28,1
33,2,1,24,25,30,33,1
44,2,2,25,25,30,44,1
30,2,3,25,25,30,29,1
41,8,2,28,25,30,41,1
51,10,3,30,25,30,51,2
30,2,2,9,27,30,21,1
30,5,2,9,27,30,21,1
30,0,3,11,27,30,17,1
30,5,3,12,27,30,24,1
33,0,2,13,27,30,33,1
30,5,2,13,27,30,17,1
37,0,3,13,27,30,37,1
30,2,3,13,27,30,27,1
30,2,2,14,27,30,18,1
30,0,3,16,27,30,28,1
30,2,3,16,27,30,22,1
30,0,3,17,27,30,30,1
30,5,2,19,27,30,25,1
30,2,2,20,27,30,30,1
30,5,3,20,27,30,20,1
63,8,3,22,27,30,63,2
51,8,2,23,27,30,51,2
43,2,2,25,27,30,43,1
53,2,3,26,27,30,53,2
63,5,3,26,27,30,63,2
47,5,3,27,27,30,47,1
45,5,3,27,27,30,45,1
69,2,3,33,27,30,69,2
81,2,3,37,27,30,81,2
30,2,5,8,28,30,29,1
30,2,5,10,28,30,17,1
30,2,2,11,28,30,20,1
30,10,3,11,28,30,20,1
30,5,2,14,28,30,28,1
30,8,3,14,28,30,29,1
30,2,2,15,28,30,16,1
30,8,2,15,28,30,28,1
30,2,3,15,28,30,30,1
30,5,3,17,28,30,26,1
34,5,3,20,28,30,34,1
38,2,3,22,28,30,38,1
30,0,5,23,28,30,26,1
38,2,5,24,28,30,38,1
50,45,3,25,28,30,50,1
78,2,5,31,28,30,78,2
77,8,5,33,28,30,77,2
30,2,2,7,30,30,10,1
30,2,2,9,30,30,21,1
30,5,3,9,30,30,28,1
30,5,2,10,30,30,21,1
31,0,5,10,30,30,31,1
30,12,3,12,30,30,19,1
31,2,3,14,30,30,31,1
49,0,5,14,30,30,49,1
45,8,2,17,30,30,45,1
30,2,3,17,30,30,19,1
36,5,3,17,30,30,36,1
33,2,3,19,30,30,33,1
34,5,3,22,30,30,34,1
41,5,3,23,30,30,41,1
47,0,2,25,30,30,47,1
41,2,5,25,30,30,41,1
78,8,3,39,30,30,78,2
69,5,5,44,30,30,69,2
32,0,3,10,32,30,11,1
42,8,5,10,32,30,42,1
32,2,1,11,32,30,22,1
32,8,2,13,32,30,15,1
32,2,2,15,32,30,16,1
33,2,3,19,32,30,33,1
43,2,3,21,32,30,43,1
42,2,3,22,32,30,42,1
32,5,3,22,32,30,28,1
45,2,5,25,32,30,45,1
47,10,3,26,32,30,47,1
47,2,3,27,32,30,47,1
53,5,5,39,32,30,53,2
84,15,3,42,32,30,84,2
33,2,3,5,33,30,15,1
33,0,3,7,33,30,19,1
33,0,2,14,33,30,19,1
33,5,3,14,33,30,28,1
34,5,5,15,33,30,34,1
33,2,2,16,33,30,18,1
33,8,1,17,33,30,28,1
38,2,3,20,33,30,38,1
33,5,3,20,33,30,24,1
33,8,2,24,33,30,29,1
66,5,3,28,33,30,66,2
64,8,6,29,33,30,64,2
71,8,3,35,33,30,71,2
53,5,3,41,33,30,53,2
47,15,0,47,33,30,18,1
35,5,5,6,35,30,12,1
35,5,2,9,35,30,11,1
35,0,5,11,35,30,30,1
35,10,3,15,35,30,16,1
35,5,3,16,35,30,24,1
51,2,5,17,35,30,51,2
35,2,5,18,35,30,28,1
35,10,2,22,35,30,30,1
35,2,3,25,35,30,25,1
63,8,3,26,35,30,63,2
50,5,2,31,35,30,50,1
59,5,3,33,35,30,59,2
51,2,5,34,35,30,51,2
58,10,3,36,35,30,58,2
100,5,7,50,35,30,100,2
37,2,5,10,37,30,7,1
37,2,3,12,37,30,35,1
37,0,5,12,37,30,37,1
37,5,2,14,37,30,25,1
37,15,2,16,37,30,35,1
47,2,6,18,37,30,47,1
43,2,3,19,37,30,43,1
37,5,3,19,37,30,28,1
53,2,5,22,37,30,53,2
37,2,5,25,37,30,31,1
37,5,2,26,37,30,27,1
110,0,6,53,37,30,110,3
38,2,2,6,38,30,4,1
38,0,3,6,38,30,21,1
38,2,3,11,38,30,20,1
38,8,5,15,38,30,30,1
38,5,1,17,38,30,22,1
52,2,5,19,38,30,52,2
38,2,6,19,38,30,30,1
38,2,5,20,38,30,25,1
52,5,5,22,38,30,52,2
38,0,5,25,38,30,33,1
38,2,5,27,38,30,34,1
43,18,5,28,38,30,43,1
51,2,5,30,38,30,51,2
43,5,5,18,40,30,43,1
52,2,5,21,40,30,52,2
44,2,5,28,40,30,44,1
56,2,3,35,40,30,56,2
82,5,3,42,40,30,82,2
42,2,3,17,42,30,19,1
42,2,3,17,42,30,22,1
42,5,2,18,42,30,30,1
42,2,3,19,42,30,24,1
42,2,5,21,42,30,25,1
84,8,3,46,42,30,84,2
43,2,3,9,43,30,12,1
43,0,5,11,43,30,21,1
43,2,6,17,43,30,37,1
88,2,5,51,43,30,88,2
45,2,2,9,45,30,18,1
45,5,5,11,45,30,17,1
45,5,5,15,45,30,30,1
45,2,6,22,45,30,40,1
96,8,3,64,45,30,96,2
47,5,3,13,47,30,13,1
47,5,5,18,47,30,32,1
47,5,3,19,47,30,26,1
47,2,5,20,47,30,39,1
47,25,5,22,47,30,38,1
52,5,2,35,47,30,52,2
60,10,3,37,47,30,60,2
48,5,5,7,48,30,19,1
48,10,5,17,48,30,22,1
48,5,7,21,48,30,45,1
55,5,5,24,48,30,55,2
48,2,6,28,48,30,45,1
48,18,5,29,48,30,26,1
50,2,3,16,50,30,23,1
78,5,5,37,50,30,78,2
68,5,3,45,50,30,68,2
72,5,5,62,50,30,72,2
51,0,6,15,51,30,38,2
51,2,6,15,51,30,38,2
51,2,6,18,51,30,43,2
56,5,5,33,51,30,56,2
93,5,5,57,51,30,93,2
52,2,6,11,52,30,21,2
52,2,3,14,52,30,19,2
52,5,3,16,52,30,43,2
52,2,5,21,52,30,45,2
52,2,6,22,52,30,50,2
54,5,5,24,52,30,54,2
56,2,7,25,52,30,56,2
67,5,6,31,52,30,67,2
94,35,6,65,52,30,94,2
53,8,8,28,53,30,53,2
72,5,6,41,53,30,72,2
64,2,6,55,53,30,64,2
54,8,7,23,54,30,34,2
55,8,6,17,55,30,38,2
55,2,3,24,55,30,39,2
55,2,7,33,55,30,48,2
56,2,7,22,56,30,44,2
67,10,9,39,56,30,67,2
57,0,7,23,57,30,55,2
57,0,7,25,57,30,56,2
66,5,5,32,57,30,66,2
63,2,6,39,57,30,63,2
58,2,5,25,58,30,52,2
59,2,8,30,59,30,55,2
77,5,8,38,60,30,77,2
62,8,8,24,62,30,48,2
62,12,9,28,62,30,59,2
62,5,10,38,62,30,58,2
72,8,14,42,62,30,72,2
78,8,7,46,67,30,78,2
68,2,9,33,68,30,58,2
101,2,10,44,101,30,93,3
31,2,1,2,2,31,3,1
31,0,0,3,2,31,13,1
31,0,1,4,2,31,6,1
31,2,0,5,2,31,6,1
31,0,1,5,2,31,9,1
31,2,1,6,2,31,7,1
31,0,1,9,2,31,11,1
31,0,1,13,2,31,20,1
31,2,0,15,2,31,20,1
31,2,1,18,2,31,30,1
31,0,1,20,2,31,19,1
37,0,1,29,2,31,37,1
31,0,1,3,3,31,4,1
31,2,1,5,3,31,14,1
31,2,1,6,3,31,13,1
31,2,1,13,3,31,13,1
31,2,1,13,3,31,6,1
31,0,1,17,3,31,15,1
31,2,1,19,3,31,9,1
31,0,1,26,3,31,19,1
31,2,1,30,3,31,27,1
31,2,3,1,5,31,9,1
31,0,0,3,5,31,10,1
31,2,1,3,5,31,9,1
31,5,1,9,5,31,12,1
31,2,1,10,5,31,9,1
31,2,1,10,5,31,22,1
31,0,1,11,5,31,19,1
31,0,1,12,5,31,17,1
31,2,1,13,5,31,26,1
31,0,1,15,5,31,31,1
31,0,1,15,5,31,13,1
31,0,0,16,5,31,12,1
31,2,0,18,5,31,20,1
31,0,1,18,5,31,27,1
31,10,1,21,5,31,24,1
31,0,1,22,5,31,20,1
35,0,1,31,5,31,35,1
41,2,1,41,5,31,22,1
31,0,1,8,7,31,12,1
31,2,1,9,7,31,9,1
31,2,1,10,7,31,11,1
31,2,1,10,7,31,11,1
31,2,1,10,7,31,14,1
31,2,1,10,7,31,19,1
31,5,1,10,7,31,15,1
31,5,1,10,7,31,8,1
31,12,1,10,7,31,11,1
31,2,1,12,7,31,8,1
31,2,0,13,7,31,16,1
31,2,1,13,7,31,16,1
31,2,1,13,7,31,23,1
31,2,1,13,7,31,16,1
31,5,1,13,7,31,16,1
31,0,1,14,7,31,6,1
31,2,1,15,7,31,9,1
31,2,1,15,7,31,20,1
31,2,1,15,7,31,18,1
31,2,1,15,7,31,26,1
31,0,1,16,7,31,19,1
31,0,1,16,7,31,16,1
31,2,1,16,7,31,17,1
31,0,1,18,7,31,17,1
31,2,1,18,7,31,29,1
31,2,1,19,7,31,24,1
31,0,2,19,7,31,14,1
31,0,2,19,7,31,14,1
31,2,1,20,7,31,23,1
35,2,2,20,7,31,35,1
31,2,1,22,7,31,15,1
31,5,1,22,7,31,23,1
31,2,0,23,7,31,19,1
31,0,0,25,7,31,24,1
31,0,1,30,7,31,20,1
33,5,1,33,7,31,30,1
35,2,1,35,7,31,20,1
45,2,1,45,7,31,37,1
31,0,1,2,8,31,9,1
31,2,2,7,8,31,8,1
31,0,0,8,8,31,13,1
31,2,1,9,8,31,17,1
31,0,2,9,8,31,23,1
31,2,1,10,8,31,11,1
31,5,1,10,8,31,11,1
31,0,2,10,8,31,16,1
31,0,2,10,8,31,6,1
31,2,1,11,8,31,8,1
31,2,1,11,8,31,20,1
44,8,2,11,8,31,44,1
31,0,1,12,8,31,29,1
31,2,1,12,8,31,25,1
31,2,2,12,8,31,21,1
31,2,2,12,8,31,17,1
31,5,1,13,8,31,15,1
31,5,1,13,8,31,17,1
31,2,2,13,8,31,19,1
31,0,1,14,8,31,16,1
31,2,1,14,8,31,20,1
32,2,2,14,8,31,32,1
34,2,1,16,8,31,34,1
31,2,1,16,8,31,18,1
31,8,1,16,8,31,23,1
31,2,1,17,8,31,15,1
31,10,1,17,8,31,25,1
31,0,1,18,8,31,21,1
33,2,1,18,8,31,33,1
31,5,1,18,8,31,28,1
32,2,2,18,8,31,32,1
32,2,1,19,8,31,32,1
31,0,1,20,8,31,25,1
31,0,1,22,8,31,24,1
31,12,1,22,8,31,22,1
36,2,3,22,8,31,36,1
31,0,1,24,8,31,22,1
42,2,1,27,8,31,42,1
42,2,2,27,8,31,42,1
35,2,3,35,8,31,24,1
77,8,1,42,8,31,77,2
31,2,2,2,10,31,12,1
31,2,1,6,10,31,9,1
31,2,2,6,10,31,7,1
31,2,1,8,10,31,11,1
31,0,3,8,10,31,29,1
31,0,1,9,10,31,12,1
31,2,1,9,10,31,11,1
31,10,1,9,10,31,12,1
31,2,3,9,10,31,14,1
31,2,1,10,10,31,12,1
31,2,3,11,10,31,9,1
31,2,1,12,10,31,22,1
31,2,1,12,10,31,18,1
31,5,1,12,10,31,12,1
31,5,1,12,10,31,23,1
31,2,2,12,10,31,21,1
31,0,1,13,10,31,6,1
31,2,1,13,10,31,31,1
31,2,2,13,10,31,27,1
31,2,1,14,10,31,20,1
31,2,2,14,10,31,12,1
32,2,3,14,10,31,32,1
31,2,1,15,10,31,28,1
31,2,1,15,10,31,17,1
31,2,1,15,10,31,14,1
31,5,1,15,10,31,19,1
31,2,2,15,10,31,23,1
31,2,2,15,10,31,14,1
31,2,1,16,10,31,20,1
31,2,1,16,10,31,18,1
31,5,2,16,10,31,19,1
31,2,1,17,10,31,20,1
31,5,1,17,10,31,22,1
31,5,1,17,10,31,29,1
31,10,1,17,10,31,16,1
36,2,2,17,10,31,36,1
31,5,3,17,10,31,21,1
31,0,1,18,10,31,17,1
31,2,1,18,10,31,29,1
31,5,1,18,10,31,25,1
31,2,2,18,10,31,28,1
31,0,1,19,10,31,18,1
31,2,1,19,10,31,18,1
34,0,1,20,10,31,34,1
35,2,1,20,10,31,35,1
31,2,1,20,10,31,26,1
33,2,5,20,10,31,33,1
31,5,1,21,10,31,23,1
38,2,2,21,10,31,38,1
41,0,5,21,10,31,41,1
33,2,2,23,10,31,33,1
31,2,1,24,10,31,27,1
31,0,1,25,10,31,22,1
47,5,2,29,10,31,47,1
66,2,1,35,10,31,66,2
36,2,3,36,10,31,19,1
38,8,1,38,10,31,29,1
97,2,2,97,10,31,44,2
31,5,2,8,12,31,10,1
31,2,1,9,12,31,18,1
31,0,3,10,12,31,14,1
32,0,5,10,12,31,32,1
31,0,2,11,12,31,17,1
31,2,2,11,12,31,14,1
31,2,2,11,12,31,30,1
31,0,1,12,12,31,26,1
31,2,1,12,12,31,20,1
31,2,1,12,12,31,16,1
31,10,1,12,12,31,8,1
31,0,1,13,12,31,12,1
31,2,1,13,12,31,10,1
31,2,2,13,12,31,27,1
31,2,2,13,12,31,16,1
31,2,2,13,12,31,11,1
31,5,2,13,12,31,15,1
31,2,1,14,12,31,19,1
31,2,1,14,12,31,23,1
31,5,1,14,12,31,15,1
31,2,2,14,12,31,14,1
31,2,2,14,12,31,9,1
31,0,1,15,12,31,14,1
31,2,1,15,12,31,16,1
31,2,1,15,12,31,11,1
31,2,1,15,12,31,11,1
31,2,1,15,12,31,12,1
31,2,2,15,12,31,2,1
31,2,2,15,12,31,22,1
31,5,2,15,12,31,24,1
37,0,1,16,12,31,37,1
35,0,1,16,12,31,35,1
31,2,1,16,12,31,15,1
31,0,1,17,12,31,20,1
31,0,1,17,12,31,28,1
31,2,1,17,12,31,29,1
31,2,1,17,12,31,21,1
31,5,1,17,12,31,22,1
37,2,2,17,12,31,37,1
31,5,1,18,12,31,19,1
31,2,2,18,12,31,12,1
31,5,2,18,12,31,15,1
31,0,1,19,12,31,26,1
31,0,2,19,12,31,23,1
34,2,2,19,12,31,34,1
34,2,2,19,12,31,34,1
31,2,1,20,12,31,20,1
31,2,1,21,12,31,28,1
31,2,1,21,12,31,22,1
31,2,2,21,12,31,16,1
31,2,1,22,12,31,28,1
37,12,2,22,12,31,37,1
34,2,1,23,12,31,34,1
32,2,1,24,12,31,32,1
37,5,1,24,12,31,37,1
31,5,1,24,12,31,28,1
31,2,2,24,12,31,28,1
38,2,1,25,12,31,38,1
35,2,2,25,12,31,35,1
34,2,2,25,12,31,34,1
55,2,3,25,12,31,55,2
31,5,2,28,12,31,20,1
53,2,1,29,12,31,53,2
36,5,1,30,12,31,36,1
41,2,1,33,12,31,41,1
54,5,2,33,12,31,54,2
60,5,3,34,12,31,60,2
67,2,1,67,12,31,21,2
31,2,1,3,13,31,11,1
31,2,1,6,13,31,11,1
31,5,2,7,13,31,13,1
31,18,1,8,13,31,28,1
31,2,2,8,13,31,9,1
31,2,3,8,13,31,15,1
31,2,1,10,13,31,15,1
31,8,1,11,13,31,17,1
31,2,2,11,13,31,20,1
31,2,2,13,13,31,30,1
43,2,5,13,13,31,43,1
31,0,1,14,13,31,16,1
31,2,1,14,13,31,11,1
35,0,2,14,13,31,35,1
31,10,1,15,13,31,16,1
31,0,2,15,13,31,31,1
31,2,2,15,13,31,23,1
31,2,2,15,13,31,18,1
31,2,2,15,13,31,19,1
31,2,1,16,13,31,27,1
31,2,2,16,13,31,28,1
31,5,2,16,13,31,20,1
36,2,1,17,13,31,36,1
31,5,1,17,13,31,21,1
31,2,2,17,13,31,30,1
31,2,2,17,13,31,22,1
31,5,2,17,13,31,21,1
31,2,1,19,13,31,31,1
31,5,1,19,13,31,27,1
31,0,1,20,13,31,30,1
38,2,2,20,13,31,38,1
31,2,1,21,13,31,20,1
31,5,1,21,13,31,28,1
45,2,2,23,13,31,45,1
51,2,1,24,13,31,51,2
31,0,1,26,13,31,24,1
31,8,1,26,13,31,27,1
37,2,1,27,13,31,37,1
55,5,3,28,13,31,55,2
48,2,3,29,13,31,48,1
58,2,3,31,13,31,58,2
91,10,2,43,13,31,91,2
31,8,3,3,15,31,21,1
31,0,2,4,15,31,15,1
31,2,1,5,15,31,10,1
31,0,1,6,15,31,10,1
31,2,3,6,15,31,8,1
31,2,1,7,15,31,14,1
31,0,2,7,15,31,12,1
31,2,2,7,15,31,13,1
31,2,1,8,15,31,20,1
31,5,2,8,15,31,11,1
31,2,3,8,15,31,23,1
31,2,2,9,15,31,20,1
31,2,2,9,15,31,18,1
31,2,2,10,15,31,17,1
31,2,2,10,15,31,15,1
31,10,2,12,15,31,11,1
31,0,3,12,15,31,29,1
44,2,6,12,15,31,44,1
31,2,1,13,15,31,17,1
31,2,2,13,15,31,21,1
31,0,3,13,15,31,20,1
31,2,1,14,15,31,21,1
31,5,1,14,15,31,20,1
31,2,2,14,15,31,21,1
37,2,6,14,15,31,37,1
31,2,1,15,15,31,21,1
31,2,1,15,15,31,21,1
31,2,2,15,15,31,24,1
40,2,3,15,15,31,40,1
31,0,2,16,15,31,16,1
31,5,2,16,15,31,31,1
31,2,1,17,15,31,25,1
31,2,1,17,15,31,16,1
31,5,1,17,15,31,18,1
31,5,1,17,15,31,23,1
35,0,2,17,15,31,35,1
31,2,2,17,15,31,28,1
31,8,2,17,15,31,14,1
31,0,1,18,15,31,20,1
31,5,1,18,15,31,17,1
31,2,1,19,15,31,28,1
31,5,1,20,15,31,29,1
31,2,2,20,15,31,17,1
37,5,2,20,15,31,37,1
31,8,1,21,15,31,27,1
31,2,2,21,15,31,19,1
46,8,2,22,15,31,46,1
36,8,2,22,15,31,36,1
41,5,2,23,15,31,41,1
51,8,2,23,15,31,51,2
45,5,2,24,15,31,45,1
36,2,1,26,15,31,36,1
35,8,1,27,15,31,35,1
37,0,2,27,15,31,37,1
31,2,3,27,15,31,28,1
50,2,2,28,15,31,50,1
39,0,1,33,15,31,39,1
87,10,1,37,15,31,87,2
83,10,1,43,15,31,83,2
56,2,2,56,15,31,31,2
31,0,2,1,17,31,3,1
31,2,2,5,17,31,8,1
31,2,2,7,17,31,6,1
31,0,3,7,17,31,20,1
31,2,2,8,17,31,12,1
31,0,2,9,17,31,16,1
31,2,2,9,17,31,19,1
31,2,2,10,17,31,11,1
31,2,3,10,17,31,22,1
31,2,1,11,17,31,15,1
31,5,1,11,17,31,22,1
31,10,1,11,17,31,8,1
31,2,2,11,17,31,19,1
31,2,2,11,17,31,17,1
31,2,2,11,17,31,22,1
31,5,2,11,17,31,8,1
31,2,5,11,17,31,18,1
31,2,2,12,17,31,16,1
31,2,2,12,17,31,28,1
32,2,1,13,17,31,32,1
31,8,1,13,17,31,10,1
31,2,3,13,17,31,7,1
31,0,1,14,17,31,18,1
31,2,1,14,17,31,19,1
31,2,2,14,17,31,18,1
31,2,2,14,17,31,18,1
31,2,2,14,17,31,27,1
31,5,2,14,17,31,23,1
31,8,2,14,17,31,22,1
31,18,3,14,17,31,27,1
31,0,2,15,17,31,20,1
31,2,2,15,17,31,27,1
31,2,2,15,17,31,22,1
31,8,2,15,17,31,10,1
33,5,3,15,17,31,33,1
31,2,1,16,17,31,20,1
34,10,1,16,17,31,34,1
31,0,2,16,17,31,22,1
32,2,2,16,17,31,32,1
31,2,2,16,17,31,16,1
31,2,2,16,17,31,23,1
31,5,2,16,17,31,13,1
31,2,1,17,17,31,17,1
31,8,1,17,17,31,15,1
36,0,2,17,17,31,36,1
31,0,1,18,17,31,,1
47,5,1,18,17,31,47,1
35,2,2,18,17,31,35,1
31,2,2,18,17,31,16,1
31,2,2,18,17,31,31,1
31,2,1,19,17,31,28,1
35,5,2,19,17,31,35,1
31,2,3,19,17,31,25,1
32,5,1,20,17,31,32,1
32,2,2,20,17,31,32,1
31,2,3,20,17,31,23,1
31,2,3,20,17,31,21,1
31,2,1,21,17,31,20,1
50,0,2,21,17,31,50,1
31,2,2,21,17,31,23,1
31,2,3,22,17,31,27,1
31,5,0,23,17,31,28,1
32,5,1,23,17,31,32,1
34,0,2,27,17,31,34,1
38,5,2,35,17,31,38,1
52,2,1,36,17,31,52,2
71,2,2,39,17,31,71,2
60,5,2,42,17,31,60,2
71,28,2,43,17,31,71,2
31,2,2,6,18,31,18,1
31,2,3,6,18,31,8,1
31,2,2,9,18,31,16,1
31,2,2,9,18,31,13,1
31,2,1,10,18,31,23,1
31,2,1,10,18,31,13,1
31,2,2,10,18,31,9,1
31,5,2,11,18,31,19,1
31,0,1,12,18,31,29,1
31,2,1,12,18,31,20,1
31,2,2,12,18,31,21,1
31,2,2,12,18,31,23,1
31,2,2,12,18,31,19,1
34,2,6,12,18,31,34,1
31,0,2,14,18,31,25,1
31,2,2,14,18,31,15,1
31,2,2,14,18,31,6,1
31,5,2,14,18,31,19,1
31,5,2,14,18,31,16,1
31,0,2,15,18,31,31,1
31,2,2,15,18,31,23,1
31,2,2,15,18,31,31,1
31,5,2,15,18,31,30,1
31,5,2,15,18,31,23,1
40,2,5,15,18,31,40,1
31,10,1,16,18,31,28,1
36,2,2,16,18,31,36,1
35,2,2,16,18,31,35,1
31,2,2,16,18,31,21,1
31,2,3,16,18,31,10,1
46,2,2,17,18,31,46,1
31,2,2,17,18,31,29,1
31,2,2,17,18,31,24,1
31,5,2,18,18,31,18,1
35,2,3,18,18,31,35,1
31,5,2,19,18,31,22,1
31,0,1,20,18,31,31,1
31,2,1,20,18,31,31,1
31,2,1,20,18,31,27,1
31,10,2,20,18,31,28,1
31,2,2,21,18,31,26,1
31,10,3,21,18,31,30,1
40,2,2,22,18,31,40,1
31,2,2,22,18,31,25,1
31,2,3,22,18,31,27,1
31,2,2,23,18,31,26,1
31,5,1,24,18,31,31,1
31,2,1,25,18,31,27,1
31,2,2,25,18,31,22,1
42,2,3,25,18,31,42,1
35,2,2,26,18,31,35,1
32,5,2,26,18,31,32,1
44,5,1,27,18,31,44,1
46,8,5,30,18,31,46,1
34,2,1,32,18,31,34,1
82,2,3,39,18,31,82,2
31,0,2,4,20,31,10,1
31,2,2,4,20,31,7,1
31,2,3,5,20,31,15,1
31,2,2,6,20,31,15,1
31,2,2,7,20,31,17,1
31,5,2,9,20,31,18,1
31,2,3,9,20,31,13,1
31,2,1,10,20,31,15,1
31,2,2,10,20,31,19,1
31,2,2,10,20,31,16,1
31,2,2,10,20,31,28,1
31,2,2,10,20,31,19,1
31,2,1,11,20,31,17,1
31,5,2,11,20,31,21,1
31,0,2,12,20,31,11,1
31,2,2,12,20,31,15,1
31,2,5,12,20,31,31,1
31,2,2,13,20,31,27,1
31,2,2,13,20,31,16,1
31,2,5,13,20,31,25,1
31,0,2,14,20,31,17,1
31,2,2,15,20,31,8,1
32,10,2,15,20,31,32,1
31,2,3,15,20,31,24,1
31,5,1,16,20,31,20,1
40,5,2,16,20,31,40,1
35,2,1,17,20,31,35,1
31,2,1,17,20,31,16,1
31,2,1,17,20,31,19,1
31,0,2,17,20,31,22,1
31,5,3,17,20,31,20,1
35,5,1,18,20,31,35,1
31,2,2,18,20,31,20,1
40,0,3,18,20,31,40,1
31,2,2,19,20,31,28,1
33,8,2,19,20,31,33,1
31,2,3,19,20,31,15,1
45,2,3,20,20,31,45,1
31,2,2,22,20,31,31,1
69,0,3,22,20,31,69,2
39,5,5,22,20,31,39,1
49,8,2,23,20,31,49,1
38,2,2,30,20,31,38,1
53,2,3,31,20,31,53,2
33,2,1,33,20,31,32,1
56,2,2,33,20,31,56,2
68,5,2,34,20,31,68,2
48,10,2,34,20,31,48,1
74,12,1,36,20,31,74,2
63,2,3,36,20,31,63,2
76,12,2,39,20,31,76,2
56,5,2,41,20,31,56,2
66,8,3,41,20,31,66,2
99,8,3,55,20,31,99,2
31,0,1,3,22,31,3,1
31,2,3,4,22,31,5,1
31,2,1,5,22,31,16,1
31,0,2,5,22,31,2,1
31,2,2,6,22,31,11,1
31,2,2,7,22,31,14,1
31,0,2,8,22,31,13,1
31,2,2,9,22,31,8,1
31,5,2,10,22,31,15,1
31,2,2,11,22,31,17,1
31,2,1,12,22,31,23,1
31,18,1,12,22,31,15,1
31,2,2,12,22,31,13,1
31,5,2,12,22,31,24,1
31,12,3,12,22,31,24,1
31,2,2,15,22,31,14,1
31,2,3,15,22,31,25,1
31,0,1,16,22,31,17,1
31,2,2,16,22,31,15,1
31,5,2,16,22,31,17,1
31,15,2,16,22,31,19,1
31,2,3,16,22,31,20,1
31,2,1,18,22,31,25,1
32,2,2,18,22,31,32,1
33,2,1,19,22,31,33,1
31,2,2,19,22,31,29,1
31,0,2,20,22,31,29,1
31,2,2,20,22,31,31,1
31,5,2,21,22,31,17,1
38,5,1,22,22,31,38,1
50,8,2,23,22,31,50,1
44,5,5,23,22,31,44,1
42,0,2,24,22,31,42,1
31,2,1,25,22,31,28,1
44,2,2,26,22,31,44,1
36,2,3,29,22,31,36,1
42,5,2,30,22,31,42,1
51,5,2,38,22,31,51,2
43,2,3,38,22,31,43,1
62,2,5,40,22,31,62,2
31,2,2,3,23,31,6,1
31,0,3,4,23,31,20,1
31,2,3,4,23,31,11,1
31,2,3,7,23,31,24,1
31,5,2,8,23,31,9,1
31,2,2,10,23,31,15,1
31,5,2,10,23,31,7,1
31,2,1,11,23,31,19,1
31,2,2,11,23,31,18,1
31,2,3,11,23,31,19,1
31,2,2,12,23,31,19,1
31,2,2,12,23,31,19,1
31,5,1,13,23,31,28,1
31,2,2,13,23,31,10,1
31,5,2,13,23,31,23,1
31,2,3,13,23,31,16,1
35,5,2,14,23,31,35,1
31,2,5,14,23,31,29,1
31,5,1,15,23,31,24,1
31,2,2,15,23,31,19,1
31,2,2,15,23,31,19,1
31,5,2,15,23,31,25,1
45,2,5,15,23,31,45,1
31,8,1,16,23,31,20,1
31,2,2,16,23,31,24,1
31,5,2,16,23,31,27,1
31,5,2,16,23,31,20,1
31,5,2,16,23,31,22,1
31,2,2,17,23,31,28,1
31,2,2,19,23,31,28,1
40,2,3,19,23,31,40,1
31,2,2,20,23,31,31,1
31,2,2,20,23,31,22,1
48,5,2,20,23,31,48,1
31,5,2,20,23,31,26,1
52,0,3,20,23,31,52,2
35,2,3,20,23,31,35,1
31,5,2,21,23,31,30,1
31,8,2,23,23,31,26,1
34,2,1,24,23,31,34,1
32,5,3,24,23,31,32,1
49,2,5,24,23,31,49,1
38,2,2,28,23,31,38,1
64,5,2,28,23,31,64,2
36,5,1,30,23,31,36,1
52,5,3,30,23,31,52,2
51,10,3,34,23,31,51,2
72,2,5,34,23,31,72,2
36,2,2,36,23,31,32,1
31,2,3,4,25,31,17,1
31,0,2,5,25,31,9,1
31,12,2,7,25,31,9,1
31,0,1,8,25,31,8,1
31,2,5,9,25,31,17,1
31,2,3,10,25,31,28,1
31,5,1,11,25,31,29,1
31,20,2,12,25,31,9,1
31,20,2,12,25,31,25,1
31,5,1,13,25,31,,1
31,2,2,13,25,31,19,1
31,5,2,14,25,31,19,1
31,0,2,15,25,31,19,1
36,0,5,15,25,31,36,1
31,10,2,16,25,31,18,1
31,2,2,17,25,31,20,1
31,8,2,17,25,31,21,1
52,2,3,17,25,31,52,2
31,2,3,17,25,31,20,1
31,10,3,17,25,31,17,1
31,2,2,18,25,31,22,1
32,32,2,18,25,31,18,1
32,2,3,18,25,31,32,1
31,2,3,18,25,31,25,1
31,2,3,18,25,31,26,1
31,0,2,19,25,31,21,1
35,2,2,19,25,31,35,1
31,5,3,20,25,31,31,1
33,12,3,20,25,31,33,1
53,2,2,21,25,31,53,2
37,2,5,21,25,31,37,1
57,5,5,22,25,31,57,2
41,8,5,22,25,31,41,1
48,2,3,23,25,31,48,1
44,5,3,23,25,31,44,1
31,5,2,24,25,31,20,1
51,12,3,24,25,31,51,2
31,5,3,25,25,31,25,1
52,2,2,26,25,31,52,2
36,5,3,26,25,31,36,1
40,2,2,29,25,31,40,1
67,2,5,29,25,31,67,2
69,2,5,35,25,31,69,2
67,5,2,38,25,31,67,2
45,2,3,38,25,31,45,1
64,8,5,38,25,31,64,2
47,8,3,41,25,31,47,1
75,5,3,45,25,31,75,2
123,2,5,59,25,31,123,3
31,2,2,2,27,31,7,1
31,2,3,5,27,31,23,1
31,5,5,5,27,31,14,1
31,0,2,7,27,31,24,1
31,0,3,9,27,31,17,1
31,2,3,9,27,31,14,1
31,5,3,9,27,31,14,1
31,2,2,11,27,31,24,1
31,2,3,11,27,31,28,1
31,2,3,11,27,31,15,1
31,2,3,12,27,31,27,1
31,5,2,13,27,31,17,1
31,5,3,13,27,31,22,1
38,2,5,13,27,31,38,1
31,2,1,14,27,31,29,1
31,0,3,14,27,31,23,1
31,2,5,14,27,31,14,1
31,10,1,15,27,31,26,1
31,2,2,15,27,31,17,1
31,5,2,15,27,31,21,1
31,10,2,15,27,31,21,1
31,2,3,16,27,31,24,1
31,2,5,16,27,31,18,1
44,10,3,18,27,31,44,1
31,0,3,19,27,31,24,1
31,2,2,20,27,31,28,1
31,5,2,20,27,31,18,1
31,2,3,20,27,31,21,1
53,5,1,22,27,31,53,2
32,8,1,22,27,31,32,1
55,2,2,22,27,31,55,2
31,5,2,23,27,31,30,1
45,2,2,24,27,31,45,1
44,2,3,25,27,31,44,1
38,2,3,26,27,31,38,1
34,2,3,26,27,31,34,1
47,5,2,29,27,31,47,1
63,5,3,29,27,31,63,2
47,5,3,29,27,31,47,1
44,2,3,31,27,31,44,1
69,8,3,32,27,31,69,2
39,5,2,36,27,31,39,1
40,2,3,40,27,31,36,1
47,5,2,44,27,31,47,1
71,2,5,54,27,31,71,2
31,2,2,9,28,31,8,1
31,0,3,9,28,31,12,1
31,2,3,10,28,31,20,1
31,8,3,10,28,31,21,1
31,5,5,11,28,31,23,1
31,2,3,13,28,31,30,1
31,0,1,14,28,31,31,1
31,25,1,14,28,31,31,1
31,2,2,14,28,31,13,1
31,0,3,15,28,31,22,1
31,5,3,15,28,31,30,1
31,2,5,15,28,31,25,1
31,2,3,16,28,31,31,1
31,2,3,17,28,31,28,1
31,2,3,17,28,31,29,1
46,0,5,17,28,31,46,1
31,2,1,18,28,31,16,1
31,5,1,18,28,31,27,1
31,0,2,18,28,31,24,1
31,0,2,18,28,31,21,1
31,2,2,19,28,31,19,1
36,2,3,19,28,31,36,1
34,8,3,19,28,31,34,1
33,0,3,20,28,31,33,1
31,8,1,21,28,31,25,1
42,5,2,21,28,31,42,1
39,0,3,22,28,31,39,1
67,2,5,23,28,31,67,2
43,2,2,28,28,31,43,1
48,12,2,29,28,31,48,1
78,2,3,30,28,31,78,2
41,15,3,32,28,31,41,1
47,8,3,33,28,31,47,1
59,5,5,35,28,31,59,2
76,5,3,38,28,31,76,2
73,5,5,38,28,31,73,2
66,2,3,39,28,31,66,2
72,5,3,39,28,31,72,2
56,5,3,40,28,31,56,2
66,2,3,41,28,31,66,2
52,12,5,45,28,31,52,2
52,5,3,47,28,31,52,2
91,5,5,58,28,31,91,2
31,2,3,5,30,31,11,1
31,2,2,9,30,31,13,1
31,2,3,11,30,31,15,1
31,2,5,11,30,31,14,1
31,2,2,12,30,31,23,1
31,2,5,12,30,31,25,1
31,2,3,13,30,31,24,1
31,2,3,14,30,31,15,1
31,5,3,15,30,31,26,1
31,2,3,16,30,31,24,1
31,2,2,17,30,31,21,1
31,0,3,17,30,31,30,1
31,2,3,17,30,31,27,1
31,5,3,18,30,31,24,1
31,2,5,18,30,31,24,1
31,2,3,19,30,31,25,1
39,2,6,19,30,31,39,1
31,5,1,20,30,31,28,1
46,2,5,20,30,31,46,1
44,5,1,23,30,31,44,1
31,15,2,23,30,31,23,1
54,5,2,24,30,31,54,2
43,5,5,24,30,31,43,1
38,5,3,25,30,31,38,1
54,12,3,25,30,31,54,2
32,5,5,25,30,31,32,1
47,5,3,26,30,31,47,1
31,5,3,26,30,31,31,1
56,2,3,27,30,31,56,2
69,18,3,29,30,31,69,2
33,5,2,30,30,31,33,1
63,5,3,31,30,31,63,2
59,5,3,33,30,31,59,2
34,2,3,34,30,31,28,1
44,8,3,44,30,31,44,1
32,2,5,3,32,31,10,1
32,2,3,7,32,31,16,1
32,2,3,7,32,31,22,1
32,2,2,8,32,31,15,1
32,2,2,8,32,31,18,1
32,2,3,10,32,31,,1
32,2,2,11,32,31,12,1
32,2,5,11,32,31,16,1
32,2,2,12,32,31,17,1
32,0,5,14,32,31,32,1
32,2,1,15,32,31,32,1
32,5,3,15,32,31,30,1
32,8,6,15,32,31,30,1
32,5,3,16,32,31,22,1
32,10,2,17,32,31,20,1
32,0,5,18,32,31,15,1
38,2,5,18,32,31,38,1
35,8,5,18,32,31,35,1
32,2,3,19,32,31,24,1
32,5,5,19,32,31,15,1
32,8,2,20,32,31,31,1
55,2,3,20,32,31,55,2
32,2,3,20,32,31,31,1
40,2,2,22,32,31,40,1
41,8,2,22,32,31,41,1
32,8,3,22,32,31,31,1
39,5,5,23,32,31,39,1
40,5,2,24,32,31,40,1
43,5,3,24,32,31,43,1
52,2,3,29,32,31,52,2
49,2,3,30,32,31,49,1
61,2,3,31,32,31,61,2
53,5,3,31,32,31,53,2
70,8,5,32,32,31,70,2
65,2,3,35,32,31,65,2
70,10,2,37,32,31,70,2
84,10,3,38,32,31,84,2
83,2,5,38,32,31,83,2
40,5,3,39,32,31,40,1
58,5,5,40,32,31,58,2
33,2,3,6,33,31,9,1
33,2,3,7,33,31,15,1
33,2,2,8,33,31,8,1
33,2,3,9,33,31,16,1
33,0,3,10,33,31,10,1
33,0,3,12,33,31,16,1
33,0,2,13,33,31,6,1
33,5,3,13,33,31,13,1
33,2,2,14,33,31,21,1
33,2,3,14,33,31,26,1
33,8,3,16,33,31,26,1
33,2,3,18,33,31,24,1
33,8,2,20,33,31,18,1
39,5,3,20,33,31,39,1
33,2,3,21,33,31,25,1
36,2,5,21,33,31,36,1
59,8,5,22,33,31,59,2
36,2,3,23,33,31,36,1
51,2,5,27,33,31,51,2
63,8,3,28,33,31,63,2
57,5,3,29,33,31,57,2
79,2,3,32,33,31,79,2
38,2,3,38,33,31,37,1
75,2,3,39,33,31,75,2
64,10,5,40,33,31,64,2
69,2,5,41,33,31,69,2
76,5,3,44,33,31,76,2
120,10,6,73,33,31,120,3
35,2,3,6,35,31,11,1
35,5,2,7,35,31,12,1
35,2,2,8,35,31,5,1
35,5,3,8,35,31,13,1
35,2,3,9,35,31,13,1
35,2,3,12,35,31,16,1
35,2,3,12,35,31,19,1
35,5,3,12,35,31,17,1
35,2,5,12,35,31,29,1
35,2,2,16,35,31,31,1
35,8,3,18,35,31,23,1
35,2,3,19,35,31,33,1
35,0,2,20,35,31,24,1
35,2,3,20,35,31,34,1
35,12,5,20,35,31,23,1
35,0,2,21,35,31,30,1
35,2,2,21,35,31,34,1
35,5,3,21,35,31,18,1
35,0,3,22,35,31,27,1
63,8,3,27,35,31,63,2
49,2,3,28,35,31,49,1
50,15,3,31,35,31,50,1
61,5,6,32,35,31,61,2
59,5,5,33,35,31,59,2
101,2,6,49,35,31,101,3
37,2,3,3,37,31,9,1
37,5,3,5,37,31,14,1
37,2,3,9,37,31,16,1
37,2,5,9,37,31,22,1
37,2,2,10,37,31,16,1
37,2,3,10,37,31,22,1
37,5,3,11,37,31,14,1
37,8,3,11,37,31,24,1
37,5,5,11,37,31,22,1
37,2,3,12,37,31,22,1
37,2,2,13,37,31,17,1
37,5,3,14,37,31,19,1
37,8,3,14,37,31,19,1
37,2,2,15,37,31,28,1
37,10,5,15,37,31,24,1
37,2,2,16,37,31,21,1
37,0,5,16,37,31,18,1
47,2,5,16,37,31,47,1
37,5,5,16,37,31,16,1
37,8,1,17,37,31,29,1
37,2,3,18,37,31,22,1
37,0,6,18,37,31,35,1
49,22,3,19,37,31,49,1
44,2,6,19,37,31,44,1
37,8,3,20,37,31,28,1
54,12,5,24,37,31,54,2
45,5,6,26,37,31,45,1
38,2,3,28,37,31,38,1
73,8,3,28,37,31,73,2
55,2,5,29,37,31,55,2
62,5,5,29,37,31,62,2
79,2,5,34,37,31,79,2
56,5,5,35,37,31,56,2
64,10,6,41,37,31,64,2
104,8,5,54,37,31,104,3
38,5,3,12,38,31,19,1
38,2,2,13,38,31,20,1
38,2,6,14,38,31,22,1
38,10,1,17,38,31,21,1
38,2,5,17,38,31,28,1
38,2,5,18,38,31,23,1
38,5,2,19,38,31,24,1
38,10,5,22,38,31,,1
41,10,3,24,38,31,41,1
46,5,6,25,38,31,46,1
70,8,5,26,38,31,70,2
38,2,6,27,38,31,38,1
38,5,2,28,38,31,32,1
55,5,6,29,38,31,55,2
66,5,5,30,38,31,66,2
63,10,5,33,38,31,63,2
69,5,2,34,38,31,69,2
44,5,3,35,38,31,44,1
62,5,5,36,38,31,62,2
69,5,5,37,38,31,69,2
84,5,3,38,38,31,84,2
69,2,5,40,38,31,69,2
42,5,3,42,38,31,39,1
76,5,6,51,38,31,76,2
63,12,5,52,38,31,63,2
40,0,3,7,40,31,10,1
40,5,3,12,40,31,27,1
40,2,3,14,40,31,18,1
40,8,2,16,40,31,26,1
40,2,3,16,40,31,24,1
40,18,5,16,40,31,34,1
40,2,5,17,40,31,36,1
40,5,5,18,40,31,29,1
50,8,2,20,40,31,50,1
40,8,2,20,40,31,33,1
47,2,5,21,40,31,47,1
40,8,2,25,40,31,28,1
40,2,3,26,40,31,25,1
40,2,3,26,40,31,35,1
40,2,3,26,40,31,30,1
40,2,5,26,40,31,31,1
71,10,2,32,40,31,71,2
59,2,3,32,40,31,59,2
57,5,5,32,40,31,57,2
81,5,5,37,40,31,81,2
71,2,5,39,40,31,71,2
61,22,6,40,40,31,61,2
42,2,5,3,42,31,4,1
42,0,3,6,42,31,16,1
42,2,2,9,42,31,11,1
42,5,5,9,42,31,19,1
42,5,5,12,42,31,35,1
42,2,3,13,42,31,21,1
42,5,3,13,42,31,15,1
42,2,5,13,42,31,36,1
42,2,3,14,42,31,26,1
42,8,6,14,42,31,15,1
42,2,6,15,42,31,29,1
42,15,3,16,42,31,22,1
42,5,6,18,42,31,32,1
42,5,2,20,42,31,30,1
42,2,6,22,42,31,40,1
42,5,6,23,42,31,39,1
60,8,6,23,42,31,60,2
42,2,6,26,42,31,36,1
49,2,5,27,42,31,49,1
46,2,5,27,42,31,46,1
68,8,5,29,42,31,68,2
43,28,10,43,42,31,43,1
70,8,3,57,42,31,70,2
43,2,2,7,43,31,9,1
43,2,2,10,43,31,17,1
43,2,3,14,43,31,16,1
43,2,3,14,43,31,16,1
43,8,1,17,43,31,23,1
43,8,2,17,43,31,22,1
51,2,3,18,43,31,51,2
43,5,3,18,43,31,32,1
43,8,3,19,43,31,28,1
43,10,5,21,43,31,38,1
55,20,3,26,43,31,55,2
43,5,5,26,43,31,22,1
43,0,2,28,43,31,16,1
55,12,5,28,43,31,55,2
61,2,5,29,43,31,61,2
71,5,3,30,43,31,71,2
73,2,6,33,43,31,73,2
109,2,7,49,43,31,109,3
45,2,2,13,45,31,15,1
45,2,3,13,45,31,21,1
45,5,5,14,45,31,30,1
45,5,6,15,45,31,28,1
45,2,5,17,45,31,36,1
45,2,7,21,45,31,41,1
45,5,2,23,45,31,31,1
45,12,2,23,45,31,39,1
45,5,1,25,45,31,39,1
51,8,3,25,45,31,51,2
47,2,6,26,45,31,47,1
58,5,3,30,45,31,58,2
82,8,6,51,45,31,82,2
75,5,5,57,45,31,75,2
47,2,5,7,47,31,22,1
47,5,2,16,47,31,21,1
47,2,3,17,47,31,24,1
47,5,5,17,47,31,32,1
47,5,5,18,47,31,42,1
47,5,5,18,47,31,23,1
47,5,5,18,47,31,26,1
47,2,6,18,47,31,34,1
47,2,8,18,47,31,31,1
47,5,3,19,47,31,28,1
47,15,5,22,47,31,33,1
54,10,3,23,47,31,54,2
57,8,6,23,47,31,57,2
52,12,5,24,47,31,52,2
54,5,5,31,47,31,54,2
74,2,5,33,47,31,74,2
75,2,5,34,47,31,75,2
72,10,6,36,47,31,72,2
71,5,5,37,47,31,71,2
68,2,6,37,47,31,68,2
62,5,6,54,47,31,62,2
48,35,5,8,48,31,17,1
48,2,5,12,48,31,15,1
48,2,5,16,48,31,43,1
48,2,6,20,48,31,34,1
52,2,6,21,48,31,52,2
48,2,2,24,48,31,36,1
60,2,5,24,48,31,60,2
59,2,6,32,48,31,59,2
64,8,6,52,48,31,64,2
50,5,6,11,50,31,9,1
50,2,2,14,50,31,19,1
50,2,5,14,50,31,32,1
50,2,6,14,50,31,20,1
50,2,6,15,50,31,35,1
50,2,7,15,50,31,25,1
50,2,5,19,50,31,38,1
55,2,5,20,50,31,55,2
50,5,5,23,50,31,45,1
54,5,5,24,50,31,54,2
62,5,3,32,50,31,62,2
68,2,5,35,50,31,68,2
64,2,6,35,50,31,64,2
67,8,3,37,50,31,67,2
76,8,5,47,50,31,76,2
51,2,3,14,51,31,17,2
51,2,7,14,51,31,30,2
51,5,6,21,51,31,37,2
51,18,2,26,51,31,51,2
72,2,6,38,51,31,72,2
52,2,5,11,52,31,11,2
52,0,6,11,52,31,14,2
52,2,5,14,52,31,26,2
52,2,6,15,52,31,25,2
52,2,5,16,52,31,29,2
52,8,2,17,52,31,21,2
52,10,7,20,52,31,32,2
52,2,3,21,52,31,32,2
52,10,5,21,52,31,39,2
52,2,6,21,52,31,31,2
53,2,5,30,52,31,53,2
75,5,6,33,52,31,75,2
56,2,3,35,52,31,56,2
61,5,7,35,52,31,61,2
81,2,6,36,52,31,81,2
68,8,5,44,52,31,68,2
53,2,7,13,53,31,42,2
53,2,5,14,53,31,32,2
53,5,5,17,53,31,46,2
53,5,7,18,53,31,36,2
58,0,7,21,53,31,58,2
77,2,6,38,53,31,77,2
63,8,3,39,53,31,63,2
65,5,5,40,53,31,65,2
82,5,7,43,53,31,82,2
113,2,6,59,54,31,113,3
55,2,6,13,55,31,21,2
55,2,3,19,55,31,39,2
55,2,6,21,55,31,45,2
55,2,6,26,55,31,53,2
56,2,5,31,55,31,56,2
60,5,6,36,55,31,60,2
88,15,6,59,55,31,88,2
89,5,6,68,55,31,89,2
56,5,7,22,56,31,36,2
56,2,3,23,56,31,36,2
61,5,9,36,56,31,61,2
86,12,7,50,56,31,86,2
87,8,7,55,56,31,87,2
57,2,7,21,57,31,44,2
57,2,8,21,57,31,33,2
57,2,6,23,57,31,45,2
57,8,7,25,57,31,43,2
58,5,9,32,58,31,54,2
79,5,8,40,59,31,79,2
69,5,6,41,59,31,69,2
60,2,3,20,60,31,29,2
60,2,8,28,60,31,59,2
83,5,9,46,60,31,83,2
61,5,6,16,61,31,24,2
81,8,7,61,61,31,81,2
62,5,5,23,62,31,48,2
63,8,7,37,63,31,58,2
80,5,5,50,63,31,80,2
64,2,7,29,64,31,49,2
64,18,6,34,64,31,59,2
83,8,10,45,64,31,83,2
67,5,9,46,64,31,67,2
69,5,11,40,65,31,69,2
83,2,9,31,66,31,83,2
67,8,7,26,67,31,45,2
70,2,10,34,70,31,53,2
99,2,14,44,76,31,99,2
94,2,16,50,82,31,94,2
32,2,1,2,2,32,5,1
32,2,1,13,2,32,20,1
32,0,1,14,2,32,17,1
32,0,1,17,2,32,29,1
32,0,1,19,2,32,27,1
65,8,1,29,2,32,65,2
32,2,1,5,3,32,11,1
32,0,1,7,3,32,11,1
32,2,1,8,3,32,8,1
32,2,1,15,3,32,19,1
42,0,1,25,3,32,42,1
32,0,5,2,5,32,14,1
32,0,1,11,5,32,15,1
32,2,3,12,5,32,30,1
32,2,1,13,5,32,7,1
32,0,1,14,5,32,10,1
32,2,1,17,5,32,29,1
32,5,2,18,5,32,19,1
32,2,1,19,5,32,14,1
32,0,1,21,5,32,19,1
32,0,1,6,7,32,2,1
32,2,1,10,7,32,7,1
32,0,1,14,7,32,24,1
32,2,1,14,7,32,20,1
32,2,1,14,7,32,15,1
32,2,1,14,7,32,11,1
32,5,1,14,7,32,10,1
32,2,1,15,7,32,13,1
32,2,1,15,7,32,20,1
32,2,1,16,7,32,14,1
32,2,1,16,7,32,16,1
32,0,1,17,7,32,19,1
32,2,1,19,7,32,31,1
34,2,2,19,7,32,34,1
32,2,1,22,7,32,26,1
39,0,2,25,7,32,39,1
32,2,1,26,7,32,32,1
32,0,0,31,7,32,29,1
65,2,2,31,7,32,65,2
32,2,1,6,8,32,10,1
32,2,2,9,8,32,12,1
32,8,3,9,8,32,18,1
32,0,3,10,8,32,24,1
32,2,3,10,8,32,19,1
32,2,1,11,8,32,12,1
32,0,1,12,8,32,11,1
32,2,2,12,8,32,13,1
32,2,2,12,8,32,16,1
32,2,1,13,8,32,12,1
32,18,2,13,8,32,15,1
32,0,2,14,8,32,15,1
32,2,1,15,8,32,17,1
32,2,2,15,8,32,12,1
32,2,1,17,8,32,22,1
32,5,1,17,8,32,11,1
32,2,1,18,8,32,21,1
32,5,1,18,8,32,28,1
32,0,2,18,8,32,20,1
32,0,1,19,8,32,23,1
32,8,2,19,8,32,7,1
41,2,3,19,8,32,41,1
33,2,1,20,8,32,33,1
37,2,1,21,8,32,37,1
33,0,2,22,8,32,33,1
35,2,2,23,8,32,35,1
35,0,1,26,8,32,35,1
38,0,2,26,8,32,38,1
41,10,1,28,8,32,41,1
35,2,2,35,8,32,24,1
46,0,1,46,8,32,34,1
32,0,2,9,10,32,17,1
32,2,2,10,10,32,13,1
32,2,2,11,10,32,19,1
32,2,1,12,10,32,15,1
32,5,1,12,10,32,9,1
36,2,1,13,10,32,36,1
32,5,1,13,10,32,13,1
32,0,1,14,10,32,10,1
32,5,1,14,10,32,15,1
32,5,2,14,10,32,18,1
32,0,5,14,10,32,20,1
32,2,1,15,10,32,21,1
32,5,1,15,10,32,20,1
34,2,2,15,10,32,34,1
32,2,2,15,10,32,15,1
32,0,1,16,10,32,20,1
32,2,1,16,10,32,27,1
32,2,1,16,10,32,23,1
32,2,2,16,10,32,32,1
32,2,1,17,10,32,28,1
32,2,2,18,10,32,15,1
32,2,1,20,10,32,22,1
32,2,2,20,10,32,24,1
32,8,2,20,10,32,19,1
32,2,1,22,10,32,28,1
57,2,2,22,10,32,57,2
51,2,2,23,10,32,51,2
33,8,1,26,10,32,33,1
47,2,2,28,10,32,47,1
32,0,1,30,10,32,19,1
63,2,3,32,10,32,63,2
32,2,1,3,12,32,8,1
32,2,3,4,12,32,27,1
32,2,1,6,12,32,13,1
32,0,1,8,12,32,11,1
32,2,1,9,12,32,16,1
32,2,3,9,12,32,9,1
32,5,0,10,12,32,22,1
32,5,1,10,12,32,8,1
32,2,1,11,12,32,9,1
32,0,2,11,12,32,7,1
32,2,1,13,12,32,26,1
32,5,2,13,12,32,25,1
32,2,1,14,12,32,18,1
32,8,1,14,12,32,16,1
32,5,1,15,12,32,11,1
32,2,1,17,12,32,25,1
32,0,2,17,12,32,19,1
32,2,2,18,12,32,23,1
32,5,1,19,12,32,27,1
32,2,2,19,12,32,27,1
32,2,2,19,12,32,28,1
32,2,1,20,12,32,17,1
32,8,1,20,12,32,26,1
36,2,1,21,12,32,36,1
33,2,1,21,12,32,33,1
32,2,2,21,12,32,32,1
32,0,1,22,12,32,16,1
32,2,1,22,12,32,31,1
38,0,2,22,12,32,38,1
35,5,2,24,12,32,35,1
32,5,1,28,12,32,32,1
32,2,2,28,12,32,30,1
56,2,1,32,12,32,56,2
41,2,2,32,12,32,41,1
37,18,2,33,12,32,37,1
57,2,1,57,12,32,52,2
32,2,3,2,13,32,10,1
32,2,2,4,13,32,15,1
32,0,2,7,13,32,21,1
32,2,2,7,13,32,9,1
32,2,2,8,13,32,5,1
32,5,2,8,13,32,17,1
32,2,1,9,13,32,25,1
32,0,1,10,13,32,12,1
32,2,1,11,13,32,20,1
32,2,2,11,13,32,19,1
32,2,2,12,13,32,18,1
32,2,3,12,13,32,30,1
32,2,1,13,13,32,27,1
32,2,2,13,13,32,26,1
32,5,2,13,13,32,19,1
32,0,1,14,13,32,9,1
35,2,1,14,13,32,35,1
32,5,1,14,13,32,14,1
32,2,3,14,13,32,11,1
32,5,1,15,13,32,29,1
32,2,1,17,13,32,27,1
32,5,2,17,13,32,30,1
32,2,1,18,13,32,30,1
32,2,2,18,13,32,23,1
32,0,1,19,13,32,5,1
33,2,2,20,13,32,33,1
32,5,2,20,13,32,18,1
32,2,1,21,13,32,26,1
42,2,2,21,13,32,42,1
39,5,1,22,13,32,39,1
32,10,2,23,13,32,21,1
51,2,2,24,13,32,51,2
32,2,2,24,13,32,31,1
54,2,2,26,13,32,54,2
37,0,1,28,13,32,37,1
32,5,2,29,13,32,31,1
32,2,1,31,13,32,32,1
58,5,2,31,13,32,58,2
38,2,1,33,13,32,38,1
65,5,2,33,13,32,65,2
32,0,1,5,15,32,11,1
32,2,2,7,15,32,14,1
32,2,3,7,15,32,19,1
32,2,1,10,15,32,27,1
32,5,1,10,15,32,27,1
32,2,2,10,15,32,11,1
32,2,2,11,15,32,26,1
32,2,3,11,15,32,14,1
32,2,5,11,15,32,27,1
32,0,2,12,15,32,16,1
32,5,5,13,15,32,24,1
32,2,2,14,15,32,23,1
32,2,3,14,15,32,31,1
32,2,1,15,15,32,17,1
32,2,2,15,15,32,13,1
35,2,1,16,15,32,35,1
32,2,2,17,15,32,19,1
32,8,2,18,15,32,17,1
32,0,1,19,15,32,23,1
32,5,1,20,15,32,27,1
32,5,2,20,15,32,31,1
44,2,2,21,15,32,44,1
47,0,3,23,15,32,47,1
35,2,2,24,15,32,35,1
46,2,3,25,15,32,46,1
43,5,1,28,15,32,43,1
51,5,2,31,15,32,51,2
82,12,1,42,15,32,82,2
32,2,2,3,17,32,7,1
32,5,1,9,17,32,10,1
32,5,2,9,17,32,23,1
32,8,1,10,17,32,18,1
32,2,2,11,17,32,12,1
32,2,5,11,17,32,23,1
32,2,1,12,17,32,14,1
32,2,2,13,17,32,16,1
32,0,2,14,17,32,23,1
35,5,3,14,17,32,35,1
32,2,2,15,17,32,11,1
32,0,1,16,17,32,18,1
32,2,1,16,17,32,21,1
32,2,2,16,17,32,15,1
32,2,3,16,17,32,13,1
32,2,2,18,17,32,21,1
32,0,1,19,17,32,22,1
32,2,2,19,17,32,11,1
32,5,2,19,17,32,19,1
35,2,2,20,17,32,35,1
32,5,2,20,17,32,24,1
32,8,2,20,17,32,28,1
39,2,1,21,17,32,39,1
47,2,3,21,17,32,47,1
44,8,1,25,17,32,44,1
66,2,2,25,17,32,66,2
57,2,3,25,17,32,57,2
36,5,2,28,17,32,36,1
34,2,3,32,17,32,34,1
38,0,1,38,17,32,32,1
49,5,2,40,17,32,49,1
66,5,5,41,17,32,66,2
32,2,3,2,18,32,15,1
32,2,2,4,18,32,15,1
32,2,1,5,18,32,8,1
32,2,2,5,18,32,9,1
32,2,2,8,18,32,11,1
32,0,2,9,18,32,9,1
32,8,1,10,18,32,18,1
32,2,1,11,18,32,15,1
32,0,2,11,18,32,10,1
32,2,2,11,18,32,25,1
32,5,1,12,18,32,17,1
32,2,2,12,18,32,24,1
32,5,2,12,18,32,16,1
32,5,2,14,18,32,23,1
32,15,2,14,18,32,13,1
32,5,2,15,18,32,27,1
37,2,3,15,18,32,37,1
39,5,5,16,18,32,39,1
32,0,1,18,18,32,23,1
32,8,1,19,18,32,29,1
32,0,2,20,18,32,19,1
32,2,0,21,18,32,26,1
36,2,3,21,18,32,36,1
45,5,2,23,18,32,45,1
32,2,3,23,18,32,25,1
56,2,3,24,18,32,56,2
63,5,3,29,18,32,63,2
54,48,3,31,18,32,54,2
58,5,3,32,18,32,58,2
36,2,2,36,18,32,30,1
37,2,5,37,18,32,29,1
32,5,3,4,20,32,20,1
32,2,2,9,20,32,16,1
32,5,1,10,20,32,16,1
32,0,2,10,20,32,10,1
32,2,2,13,20,32,19,1
32,2,2,14,20,32,22,1
32,0,3,16,20,32,26,1
32,0,2,17,20,32,14,1
45,2,3,20,20,32,45,1
34,5,1,23,20,32,34,1
37,5,1,28,20,32,37,1
54,2,2,28,20,32,54,2
70,2,6,31,20,32,70,2
52,5,3,34,20,32,52,2
35,5,5,35,20,32,34,1
39,8,3,36,20,32,39,1
40,8,2,37,20,32,40,1
56,2,3,38,20,32,56,2
73,2,2,39,20,32,73,2
75,2,2,75,20,32,39,2
32,0,2,7,22,32,4,1
32,5,2,10,22,32,11,1
32,5,1,11,22,32,13,1
32,2,2,11,22,32,13,1
32,0,3,12,22,32,16,1
32,2,3,12,22,32,7,1
32,2,2,13,22,32,23,1
32,5,2,13,22,32,25,1
32,2,3,13,22,32,17,1
32,8,3,13,22,32,15,1
32,2,1,14,22,32,18,1
32,2,1,14,22,32,20,1
32,2,2,14,22,32,17,1
32,5,2,15,22,32,18,1
32,5,2,15,22,32,17,1
32,8,3,15,22,32,17,1
35,8,1,17,22,32,35,1
32,2,2,17,22,32,17,1
32,2,2,17,22,32,20,1
32,5,2,17,22,32,24,1
32,2,3,17,22,32,24,1
35,5,2,18,22,32,35,1
32,8,1,20,22,32,30,1
32,2,2,20,22,32,20,1
47,2,3,21,22,32,47,1
38,38,2,23,22,32,34,1
44,2,3,24,22,32,44,1
41,8,2,29,22,32,41,1
74,5,3,31,22,32,74,2
81,2,3,32,22,32,81,2
43,0,3,33,22,32,43,1
82,2,6,42,22,32,82,2
32,0,2,8,23,32,12,1
32,2,2,9,23,32,13,1
32,2,2,9,23,32,6,1
40,0,2,10,23,32,40,1
32,5,2,12,23,32,20,1
32,2,2,13,23,32,20,1
32,2,2,14,23,32,25,1
32,0,3,14,23,32,26,1
32,2,2,15,23,32,25,1
32,2,5,15,23,32,7,1
32,2,1,17,23,32,29,1
32,0,2,17,23,32,28,1
32,8,3,17,23,32,24,1
32,8,1,18,23,32,26,1
32,2,2,19,23,32,32,1
32,5,2,19,23,32,31,1
32,5,2,20,23,32,30,1
32,2,2,22,23,32,31,1
32,5,2,22,23,32,30,1
68,2,6,25,23,32,68,2
45,2,2,26,23,32,45,1
57,2,2,29,23,32,57,2
64,2,2,33,23,32,64,2
59,5,3,36,23,32,59,2
73,12,2,39,23,32,73,2
32,2,2,4,25,32,15,1
32,2,1,8,25,32,6,1
32,5,2,10,25,32,13,1
32,2,2,11,25,32,22,1
32,0,2,13,25,32,18,1
32,2,2,13,25,32,31,1
32,0,2,14,25,32,13,1
32,2,5,14,25,32,28,1
32,2,2,15,25,32,13,1
32,12,2,15,25,32,32,1
32,2,3,16,25,32,22,1
32,2,3,16,25,32,27,1
35,2,5,18,25,32,35,1
40,12,2,19,25,32,40,1
32,2,3,19,25,32,32,1
32,2,2,20,25,32,26,1
32,2,2,21,25,32,19,1
45,5,5,21,25,32,45,1
32,0,2,22,25,32,26,1
32,2,2,22,25,32,27,1
41,2,2,24,25,32,41,1
54,2,3,25,25,32,54,2
33,5,2,27,25,32,33,1
42,2,3,28,25,32,42,1
55,2,3,31,25,32,55,2
58,2,5,34,25,32,58,2
72,2,3,35,25,32,72,2
77,2,5,38,25,32,77,2
74,2,5,43,25,32,74,2
32,2,1,8,27,32,12,1
32,2,3,8,27,32,16,1
32,2,3,12,27,32,25,1
32,5,2,13,27,32,29,1
32,2,5,13,27,32,18,1
32,5,2,14,27,32,18,1
32,5,2,14,27,32,26,1
32,2,5,14,27,32,26,1
32,8,2,17,27,32,17,1
35,0,3,17,27,32,35,1
32,2,2,18,27,32,19,1
36,5,2,18,27,32,36,1
39,2,3,19,27,32,39,1
36,0,3,21,27,32,36,1
32,0,2,22,27,32,23,1
46,5,2,23,27,32,46,1
47,2,6,24,27,32,47,1
60,5,3,25,27,32,60,2
60,2,2,26,27,32,60,2
43,10,2,28,27,32,43,1
38,5,3,30,27,32,38,1
60,2,3,34,27,32,60,2
37,2,3,35,27,32,37,1
46,5,2,37,27,32,46,1
86,5,3,86,27,32,42,2
32,2,2,6,28,32,10,1
32,2,5,7,28,32,16,1
32,2,3,9,28,32,16,1
32,2,2,13,28,32,26,1
32,2,3,13,28,32,8,1
32,2,5,13,28,32,15,1
32,8,2,14,28,32,19,1
32,8,6,15,28,32,20,1
32,2,3,16,28,32,23,1
32,5,2,17,28,32,23,1
55,55,2,18,28,32,45,2
33,2,3,18,28,32,33,1
32,5,3,18,28,32,15,1
32,2,2,19,28,32,25,1
32,5,2,19,28,32,23,1
32,2,3,19,28,32,30,1
40,0,5,21,28,32,40,1
32,2,2,22,28,32,26,1
32,2,3,22,28,32,26,1
38,2,5,22,28,32,38,1
32,2,2,24,28,32,29,1
88,5,5,57,28,32,88,2
32,2,2,13,30,32,21,1
32,2,2,15,30,32,17,1
32,2,2,15,30,32,19,1
32,2,2,19,30,32,19,1
38,5,3,19,30,32,38,1
33,12,3,19,30,32,33,1
49,2,5,20,30,32,49,1
51,5,2,21,30,32,51,2
49,2,2,22,30,32,49,1
44,5,2,23,30,32,44,1
51,0,3,33,30,32,51,2
61,8,5,38,30,32,61,2
52,5,2,39,30,32,52,2
59,8,3,52,30,32,59,2
32,0,2,11,32,32,18,1
32,2,2,13,32,32,12,1
32,2,3,14,32,32,11,1
32,2,3,15,32,32,32,1
32,2,2,16,32,32,20,1
32,5,2,16,32,32,22,1
32,2,2,17,32,32,31,1
32,5,3,18,32,32,26,1
33,8,1,19,32,32,33,1
35,5,2,20,32,32,35,1
37,5,3,21,32,32,37,1
39,2,3,23,32,32,39,1
40,5,2,25,32,32,40,1
54,5,3,28,32,32,54,2
68,2,3,30,32,32,68,2
54,2,5,32,32,32,54,2
57,10,3,35,32,32,57,2
67,2,5,39,32,32,67,2
33,0,5,5,33,32,15,1
33,5,8,14,33,32,21,1
33,15,3,16,33,32,20,1
33,2,3,17,33,32,24,1
33,2,3,17,33,32,31,1
33,0,5,18,33,32,31,1
44,5,3,20,33,32,44,1
33,2,5,23,33,32,29,1
33,10,3,25,33,32,29,1
66,5,3,26,33,32,66,2
63,2,3,28,33,32,63,2
57,5,3,30,33,32,57,2
50,5,3,33,33,32,50,1
49,2,6,36,33,32,49,1
58,5,5,40,33,32,58,2
55,8,2,41,33,32,55,2
57,5,3,46,33,32,57,2
85,10,5,60,33,32,85,2
117,2,5,65,33,32,117,3
35,2,2,11,35,32,8,1
35,0,2,14,35,32,21,1
35,5,2,16,35,32,18,1
48,5,3,17,35,32,48,1
35,5,3,19,35,32,29,1
35,10,3,20,35,32,27,1
61,2,2,37,35,32,61,2
72,8,3,37,35,32,72,2
52,8,3,37,35,32,52,2
48,2,2,42,35,32,48,1
60,8,3,43,35,32,60,2
37,0,2,10,37,32,15,1
37,2,5,10,37,32,25,1
37,2,5,12,37,32,23,1
37,2,5,13,37,32,30,1
37,2,2,14,37,32,22,1
37,2,3,14,37,32,31,1
37,8,3,15,37,32,14,1
37,2,3,17,37,32,21,1
37,5,2,18,37,32,21,1
37,5,5,20,37,32,26,1
41,8,6,20,37,32,41,1
37,2,3,23,37,32,34,1
37,2,5,25,37,32,35,1
54,2,2,27,37,32,54,2
64,10,3,27,37,32,64,2
56,2,3,31,37,32,56,2
66,2,5,32,37,32,66,2
38,2,3,6,38,32,13,1
38,2,3,7,38,32,9,1
38,2,5,9,38,32,29,1
38,2,3,10,38,32,32,1
38,0,3,13,38,32,19,1
38,0,5,14,38,32,19,1
40,40,5,14,38,32,37,1
38,20,2,15,38,32,28,1
43,2,3,32,38,32,43,1
38,5,3,34,38,32,38,1
56,2,5,34,38,32,56,2
73,5,5,34,38,32,73,2
62,2,6,35,38,32,62,2
73,8,3,36,38,32,73,2
77,5,5,39,38,32,77,2
64,12,3,44,38,32,64,2
76,10,5,44,38,32,76,2
102,8,5,49,38,32,102,3
60,12,5,49,38,32,60,2
40,0,3,4,40,32,22,1
40,8,3,7,40,32,19,1
40,8,3,12,40,32,11,1
40,2,3,14,40,32,25,1
40,5,3,18,40,32,29,1
40,2,6,19,40,32,32,1
40,2,3,20,40,32,39,1
40,2,6,24,40,32,39,1
42,2,5,10,42,32,24,1
42,2,3,12,42,32,13,1
42,2,2,13,42,32,22,1
47,0,5,16,42,32,47,1
42,2,2,19,42,32,36,1
52,5,2,22,42,32,52,2
50,40,2,22,42,32,50,1
52,2,6,29,42,32,52,2
64,2,3,30,42,32,64,2
51,2,6,31,42,32,51,2
46,12,3,46,42,32,43,1
43,0,2,10,43,32,20,1
43,2,3,11,43,32,16,1
43,2,5,13,43,32,21,1
43,2,3,16,43,32,22,1
43,2,2,18,43,32,21,1
43,2,5,21,43,32,42,1
46,2,5,23,43,32,46,1
43,8,2,26,43,32,29,1
49,2,5,30,43,32,49,1
75,5,5,37,43,32,75,2
59,2,3,38,43,32,59,2
77,5,5,38,43,32,77,2
96,2,6,49,43,32,96,2
45,2,2,4,45,32,4,1
45,2,3,6,45,32,9,1
45,8,2,13,45,32,21,1
45,5,5,18,45,32,32,1
48,5,3,29,45,32,48,1
62,2,6,31,45,32,62,2
66,8,6,31,45,32,66,2
47,2,5,5,47,32,11,1
47,2,2,11,47,32,13,1
47,0,3,11,47,32,28,1
47,2,3,15,47,32,27,1
47,0,7,19,47,32,26,1
47,2,3,21,47,32,29,1
54,2,6,25,47,32,54,2
77,5,5,36,47,32,77,2
75,2,6,49,47,32,75,2
48,2,2,16,48,32,27,1
48,8,3,22,48,32,37,1
48,8,5,25,48,32,38,1
65,2,5,35,48,32,65,2
71,2,5,46,48,32,71,2
50,2,7,21,50,32,40,1
54,2,5,38,50,32,54,2
51,10,6,12,51,32,15,2
51,5,6,23,51,32,34,2
53,5,5,26,51,32,53,2
58,2,6,28,51,32,58,2
54,2,7,29,51,32,54,2
51,2,3,36,51,32,47,2
72,5,7,43,51,32,72,2
52,2,6,10,52,32,25,2
52,2,2,14,52,32,18,2
52,2,3,16,52,32,31,2
52,2,6,17,52,32,35,2
52,2,5,20,52,32,28,2
52,2,8,20,52,32,44,2
52,2,5,27,52,32,51,2
52,8,6,27,52,32,43,2
53,2,3,29,52,32,53,2
52,2,6,30,52,32,46,2
52,0,5,31,52,32,36,2
61,2,8,36,52,32,61,2
60,8,5,40,52,32,60,2
52,5,3,42,52,32,52,2
103,2,5,54,52,32,103,3
53,8,6,17,53,32,31,2
77,28,6,45,53,32,77,2
54,5,6,7,54,32,17,2
54,20,5,15,54,32,45,2
54,12,3,16,54,32,19,2
54,10,5,23,54,32,44,2
55,8,3,22,55,32,39,2
57,5,7,29,55,32,57,2
55,8,6,31,55,32,55,2
70,2,6,40,55,32,70,2
71,10,6,43,55,32,71,2
57,0,7,21,57,32,41,2
57,2,7,23,57,32,40,2
57,5,6,25,57,32,49,2
57,8,6,26,57,32,52,2
57,5,5,35,57,32,53,2
57,2,5,36,57,32,56,2
60,10,5,24,60,32,39,2
61,2,7,29,61,32,55,2
83,5,7,47,61,32,83,2
67,5,7,42,62,32,67,2
63,15,9,30,63,32,60,2
64,2,9,18,64,32,33,2
65,18,7,22,65,32,40,2
78,8,8,37,66,32,78,2
69,10,9,38,67,32,69,2
74,2,11,43,67,32,74,2
70,5,9,41,68,32,70,2
75,5,14,40,70,32,75,2
79,2,18,46,79,32,76,2
33,2,1,7,0,33,6,1
33,2,1,9,2,33,19,1
33,2,1,13,2,33,17,1
33,0,1,14,2,33,18,1
33,2,1,16,2,33,24,1
33,0,1,6,3,33,12,1
33,0,1,6,3,33,13,1
33,5,1,13,3,33,9,1
33,2,0,26,3,33,31,1
33,2,1,5,5,33,,1
33,0,1,7,5,33,2,1
33,0,1,13,5,33,7,1
33,0,1,16,5,33,22,1
33,0,1,33,5,33,27,1
36,2,2,36,5,33,22,1
41,2,1,41,5,33,14,1
33,0,1,3,7,33,2,1
33,2,2,6,7,33,8,1
33,2,1,7,7,33,6,1
33,0,1,10,7,33,9,1
33,2,1,10,7,33,7,1
33,0,1,11,7,33,14,1
33,2,3,11,7,33,8,1
33,0,1,12,7,33,25,1
33,2,1,13,7,33,12,1
33,2,1,15,7,33,15,1
33,0,2,17,7,33,14,1
33,2,1,18,7,33,20,1
33,2,1,18,7,33,25,1
33,2,1,19,7,33,28,1
33,2,1,21,7,33,18,1
36,2,1,24,7,33,36,1
33,2,1,9,8,33,16,1
33,2,2,9,8,33,21,1
33,8,2,9,8,33,21,1
33,2,1,11,8,33,21,1
33,2,1,11,8,33,21,1
33,2,1,12,8,33,10,1
33,2,1,12,8,33,16,1
33,2,1,13,8,33,24,1
33,2,3,13,8,33,5,1
33,0,0,14,8,33,,1
33,2,1,15,8,33,25,1
33,2,1,15,8,33,21,1
33,0,2,15,8,33,21,1
33,2,2,15,8,33,31,1
33,2,1,18,8,33,17,1
33,2,1,19,8,33,13,1
33,2,1,21,8,33,32,1
33,0,2,22,8,33,28,1
40,5,3,22,8,33,40,1
33,0,1,23,8,33,28,1
33,0,3,25,8,33,24,1
38,2,1,38,8,33,20,1
81,2,2,51,8,33,81,2
33,2,1,5,10,33,10,1
33,0,3,5,10,33,13,1
33,0,1,10,10,33,16,1
33,5,1,10,10,33,7,1
33,0,3,10,10,33,17,1
33,5,1,11,10,33,9,1
33,0,2,12,10,33,29,1
33,2,2,12,10,33,18,1
33,0,1,13,10,33,17,1
33,10,1,13,10,33,16,1
33,0,2,14,10,33,16,1
33,2,2,14,10,33,15,1
33,0,1,15,10,33,26,1
33,2,2,15,10,33,21,1
40,0,1,16,10,33,40,1
33,12,1,16,10,33,32,1
33,2,1,17,10,33,26,1
33,2,1,17,10,33,23,1
33,2,1,17,10,33,26,1
33,5,1,17,10,33,22,1
33,5,0,18,10,33,24,1
33,2,1,18,10,33,30,1
33,2,1,18,10,33,22,1
33,5,1,18,10,33,19,1
33,0,0,19,10,33,29,1
33,5,1,19,10,33,12,1
33,2,1,20,10,33,24,1
33,2,1,21,10,33,33,1
48,0,2,21,10,33,48,1
38,0,2,21,10,33,38,1
33,0,1,25,10,33,28,1
33,0,1,26,10,33,28,1
52,2,1,26,10,33,52,2
68,8,1,28,10,33,68,2
33,2,1,5,12,33,3,1
33,0,1,6,12,33,7,1
33,2,1,8,12,33,17,1
33,2,2,9,12,33,18,1
33,5,1,10,12,33,23,1
33,5,1,10,12,33,14,1
33,5,1,11,12,33,19,1
33,0,5,11,12,33,21,1
33,2,1,14,12,33,28,1
33,2,2,14,12,33,21,1
33,0,1,15,12,33,29,1
33,2,2,15,12,33,22,1
33,2,2,15,12,33,15,1
33,2,2,16,12,33,31,1
33,5,1,17,12,33,26,1
33,2,2,17,12,33,18,1
33,5,2,17,12,33,15,1
33,5,1,19,12,33,24,1
33,2,2,20,12,33,28,1
49,0,2,21,12,33,49,1
33,2,1,23,12,33,28,1
42,5,0,25,12,33,42,1
62,2,5,26,12,33,62,2
35,8,1,27,12,33,35,1
42,2,3,28,12,33,42,1
58,0,3,31,12,33,58,2
33,2,1,6,13,33,16,1
33,2,2,6,13,33,13,1
33,2,2,6,13,33,14,1
33,0,2,10,13,33,14,1
33,2,3,11,13,33,13,1
33,10,1,12,13,33,14,1
33,5,1,13,13,33,14,1
33,2,2,13,13,33,24,1
33,2,2,13,13,33,19,1
33,2,2,14,13,33,23,1
33,2,3,15,13,33,26,1
33,2,1,16,13,33,18,1
33,5,1,16,13,33,18,1
33,2,2,16,13,33,28,1
33,2,1,19,13,33,17,1
33,2,2,20,13,33,17,1
33,0,0,21,13,33,21,1
33,2,1,23,13,33,18,1
33,2,1,24,13,33,19,1
41,2,2,24,13,33,41,1
36,2,2,24,13,33,36,1
33,2,2,25,13,33,30,1
43,2,5,27,13,33,43,1
52,5,3,28,13,33,52,2
41,2,2,41,13,33,29,1
33,10,1,5,15,33,10,1
33,2,1,7,15,33,8,1
33,10,2,9,15,33,14,1
33,2,1,10,15,33,14,1
33,5,2,10,15,33,17,1
33,5,2,11,15,33,10,1
35,2,1,12,15,33,35,1
33,2,3,12,15,33,17,1
33,0,1,13,15,33,3,1
33,2,2,13,15,33,24,1
33,2,3,13,15,33,29,1
33,8,1,15,15,33,17,1
33,0,2,15,15,33,11,1
33,2,2,15,15,33,32,1
33,2,2,15,15,33,30,1
33,2,2,15,15,33,11,1
33,2,5,15,15,33,22,1
33,5,1,16,15,33,31,1
33,2,2,16,15,33,16,1
33,0,1,18,15,33,33,1
33,2,1,20,15,33,26,1
33,2,2,21,15,33,23,1
35,5,1,23,15,33,35,1
33,2,2,24,15,33,28,1
51,2,2,25,15,33,51,2
33,2,2,25,15,33,31,1
33,2,1,30,15,33,14,1
59,5,2,30,15,33,59,2
39,5,3,31,15,33,39,1
37,5,3,37,15,33,20,1
49,2,2,40,15,33,49,1
67,2,2,43,15,33,67,2
33,2,1,2,17,33,6,1
33,0,1,4,17,33,6,1
33,5,2,6,17,33,12,1
33,2,1,9,17,33,19,1
33,5,2,10,17,33,10,1
33,5,2,10,17,33,15,1
33,2,3,10,17,33,26,1
33,0,2,11,17,33,21,1
33,2,2,11,17,33,16,1
33,5,1,12,17,33,26,1
33,5,2,13,17,33,28,1
33,0,1,14,17,33,16,1
33,10,1,15,17,33,24,1
37,2,3,15,17,33,37,1
33,2,2,16,17,33,23,1
33,2,2,16,17,33,18,1
33,0,1,17,17,33,18,1
33,0,2,17,17,33,26,1
39,2,1,18,17,33,39,1
33,2,2,18,17,33,28,1
39,8,3,18,17,33,39,1
33,2,1,21,17,33,31,1
33,2,1,21,17,33,26,1
33,0,2,25,17,33,23,1
40,5,3,25,17,33,40,1
56,2,2,30,17,33,56,2
36,5,2,30,17,33,36,1
66,5,3,31,17,33,66,2
53,2,2,35,17,33,53,2
54,2,3,42,17,33,54,2
57,2,3,45,17,33,57,2
64,2,1,64,17,33,36,2
33,0,3,7,18,33,17,1
33,0,5,7,18,33,22,1
33,2,2,8,18,33,25,1
33,2,2,9,18,33,10,1
33,2,2,10,18,33,13,1
33,2,3,10,18,33,20,1
33,2,2,11,18,33,10,1
33,2,2,11,18,33,11,1
33,2,2,11,18,33,18,1
33,2,1,12,18,33,6,1
33,2,3,12,18,33,27,1
33,2,2,13,18,33,22,1
33,0,1,14,18,33,19,1
33,2,1,14,18,33,28,1
33,2,2,14,18,33,18,1
33,2,2,14,18,33,17,1
33,0,3,14,18,33,21,1
33,5,2,15,18,33,21,1
40,2,1,16,18,33,40,1
40,2,2,16,18,33,40,1
33,10,2,16,18,33,26,1
33,5,1,17,18,33,28,1
33,2,3,17,18,33,33,1
33,0,1,20,18,33,29,1
33,5,2,20,18,33,19,1
33,2,2,21,18,33,27,1
57,2,3,21,18,33,57,2
34,2,1,22,18,33,34,1
51,2,3,22,18,33,51,2
45,2,2,25,18,33,45,1
72,5,2,35,18,33,72,2
81,2,5,41,18,33,81,2
77,5,2,43,18,33,77,2
79,2,2,44,18,33,79,2
71,12,2,44,18,33,71,2
33,0,2,1,20,33,7,1
33,2,2,3,20,33,3,1
33,0,3,8,20,33,22,1
33,0,3,9,20,33,4,1
33,5,2,10,20,33,12,1
33,2,3,11,20,33,22,1
33,2,1,12,20,33,23,1
33,8,2,13,20,33,31,1
33,2,2,14,20,33,19,1
33,0,2,15,20,33,,1
33,2,1,16,20,33,21,1
33,8,2,16,20,33,19,1
33,5,3,17,20,33,9,1
33,2,2,19,20,33,24,1
33,2,5,19,20,33,31,1
34,2,2,21,20,33,34,1
40,12,2,21,20,33,40,1
33,20,3,21,20,33,28,1
33,2,1,23,20,33,31,1
34,0,2,23,20,33,34,1
50,2,2,23,20,33,50,1
33,8,2,23,20,33,31,1
33,2,3,23,20,33,29,1
42,5,2,24,20,33,42,1
61,5,2,28,20,33,61,2
60,2,3,28,20,33,60,2
57,5,2,33,20,33,57,2
33,2,1,10,22,33,27,1
33,2,2,10,22,33,14,1
33,2,1,11,22,33,14,1
33,2,3,11,22,33,28,1
33,2,5,11,22,33,20,1
33,8,2,12,22,33,14,1
33,8,1,14,22,33,21,1
33,2,2,14,22,33,15,1
33,0,2,15,22,33,17,1
33,2,2,15,22,33,30,1
33,2,2,15,22,33,16,1
33,8,2,15,22,33,15,1
33,0,3,15,22,33,19,1
33,2,1,16,22,33,30,1
36,0,2,16,22,33,36,1
33,0,1,18,22,33,21,1
51,5,2,20,22,33,51,2
45,5,2,22,22,33,45,1
33,5,3,24,22,33,25,1
75,8,2,29,22,33,75,2
64,2,3,29,22,33,64,2
51,5,5,30,22,33,51,2
66,8,2,37,22,33,66,2
74,2,5,37,22,33,74,2
61,8,5,41,22,33,61,2
33,2,3,7,23,33,16,1
33,2,1,8,23,33,18,1
33,8,1,12,23,33,25,1
33,2,2,12,23,33,28,1
33,2,2,12,23,33,18,1
33,5,2,12,23,33,17,1
33,8,2,12,23,33,16,1
33,2,3,12,23,33,25,1
33,0,2,13,23,33,8,1
33,5,2,13,23,33,11,1
33,2,3,13,23,33,23,1
33,0,2,14,23,33,24,1
33,2,2,15,23,33,19,1
33,2,3,15,23,33,24,1
33,5,3,16,23,33,27,1
33,2,2,17,23,33,24,1
33,10,3,17,23,33,33,1
33,2,2,18,23,33,22,1
33,5,2,18,23,33,24,1
33,10,3,18,23,33,21,1
45,2,6,18,23,33,45,1
33,5,2,19,23,33,31,1
33,10,2,20,23,33,31,1
33,8,2,21,23,33,23,1
33,2,5,21,23,33,31,1
33,2,2,22,23,33,28,1
53,2,2,24,23,33,53,2
33,5,2,24,23,33,23,1
33,5,3,24,23,33,32,1
66,2,2,26,23,33,66,2
65,2,3,26,23,33,65,2
33,5,3,26,23,33,30,1
36,8,2,28,23,33,36,1
56,0,3,28,23,33,56,2
47,2,5,28,23,33,47,1
43,5,3,30,23,33,43,1
72,8,2,33,23,33,72,2
43,5,5,34,23,33,43,1
65,2,3,39,23,33,65,2
78,2,5,46,23,33,78,2
66,5,5,46,23,33,66,2
33,0,5,7,25,33,21,1
33,5,2,11,25,33,16,1
33,5,2,12,25,33,13,1
33,2,3,12,25,33,30,1
33,0,2,13,25,33,17,1
33,0,2,14,25,33,23,1
33,2,2,14,25,33,19,1
41,2,3,14,25,33,41,1
33,5,3,14,25,33,31,1
33,2,2,15,25,33,30,1
33,8,1,17,25,33,32,1
33,2,3,17,25,33,23,1
33,2,5,18,25,33,21,1
33,2,3,19,25,33,26,1
40,5,2,20,25,33,40,1
41,2,3,20,25,33,41,1
45,5,3,22,25,33,45,1
58,10,3,24,25,33,58,2
43,10,3,25,25,33,43,1
33,2,2,26,25,33,29,1
56,2,5,26,25,33,56,2
42,8,2,30,25,33,42,1
64,2,3,31,25,33,64,2
69,2,2,33,25,33,69,2
68,5,3,34,25,33,68,2
55,2,5,40,25,33,55,2
67,2,5,48,25,33,67,2
33,2,5,6,27,33,19,1
33,5,2,8,27,33,15,1
33,2,2,12,27,33,8,1
33,2,2,12,27,33,19,1
33,10,3,13,27,33,29,1
33,5,3,14,27,33,18,1
33,2,3,15,27,33,33,1
33,5,3,15,27,33,32,1
33,2,3,16,27,33,20,1
33,2,3,17,27,33,22,1
33,5,3,17,27,33,23,1
33,2,3,18,27,33,29,1
33,2,2,19,27,33,27,1
36,0,3,19,27,33,36,1
33,2,2,20,27,33,33,1
33,2,2,21,27,33,27,1
37,5,2,21,27,33,37,1
53,0,3,22,27,33,53,2
47,0,3,22,27,33,47,1
33,5,2,23,27,33,32,1
49,8,5,26,27,33,49,1
63,2,3,36,27,33,63,2
53,10,3,38,27,33,53,2
47,5,3,39,27,33,47,1
42,5,2,42,27,33,30,1
80,5,2,44,27,33,80,2
33,5,3,4,28,33,13,1
33,2,2,5,28,33,15,1
33,2,5,6,28,33,14,1
33,2,3,8,28,33,9,1
33,2,3,10,28,33,14,1
33,2,3,10,28,33,6,1
33,2,3,11,28,33,24,1
34,5,6,17,28,33,34,1
33,5,6,17,28,33,31,1
35,2,1,19,28,33,35,1
44,2,3,19,28,33,44,1
35,5,2,21,28,33,35,1
33,0,3,21,28,33,28,1
33,2,3,21,28,33,33,1
41,5,2,22,28,33,41,1
33,8,2,22,28,33,27,1
33,10,1,23,28,33,30,1
33,2,2,27,28,33,33,1
33,2,3,27,28,33,32,1
47,5,3,27,28,33,47,1
42,5,6,29,28,33,42,1
48,2,3,30,28,33,48,1
55,2,3,31,28,33,55,2
46,2,3,34,28,33,46,1
51,2,2,38,28,33,51,2
69,8,5,38,28,33,69,2
87,2,2,40,28,33,87,2
74,2,5,42,28,33,74,2
33,2,2,9,30,33,16,1
33,2,3,9,30,33,19,1
33,15,3,11,30,33,17,1
33,5,2,12,30,33,17,1
33,8,3,12,30,33,25,1
33,2,3,13,30,33,27,1
37,12,6,14,30,33,37,1
33,8,1,19,30,33,23,1
36,2,2,19,30,33,36,1
33,5,2,19,30,33,26,1
33,2,3,19,30,33,23,1
33,5,3,20,30,33,33,1
40,2,3,22,30,33,40,1
44,2,5,23,30,33,44,1
46,5,3,27,30,33,46,1
56,8,5,29,30,33,56,2
67,2,3,39,30,33,67,2
55,10,3,42,30,33,55,2
78,2,5,42,30,33,78,2
85,5,3,47,30,33,85,2
126,2,6,64,30,33,126,3
33,2,2,5,32,33,6,1
33,2,3,12,32,33,21,1
33,2,2,13,32,33,32,1
33,5,3,14,32,33,26,1
35,2,5,17,32,33,35,1
33,2,5,17,32,33,25,1
33,8,2,18,32,33,28,1
33,2,3,20,32,33,26,1
33,5,2,22,32,33,30,1
45,10,3,30,32,33,45,1
70,2,3,32,32,33,70,2
61,8,2,35,32,33,61,2
62,5,3,39,32,33,62,2
59,10,6,41,32,33,59,2
59,12,3,47,32,33,59,2
119,2,6,61,32,33,119,3
33,22,1,8,33,33,18,1
33,0,2,12,33,33,17,1
33,0,3,12,33,33,25,1
33,2,2,13,33,33,20,1
33,5,3,13,33,33,14,1
33,2,3,14,33,33,23,1
33,2,5,14,33,33,31,1
33,2,3,15,33,33,32,1
33,2,5,15,33,33,25,1
33,5,3,17,33,33,19,1
33,2,3,18,33,33,22,1
33,5,3,18,33,33,14,1
42,2,5,18,33,33,42,1
33,2,2,19,33,33,25,1
38,2,5,20,33,33,38,1
45,2,7,20,33,33,45,1
43,0,2,23,33,33,43,1
33,2,5,23,33,33,30,1
38,18,3,27,33,33,38,1
60,2,5,33,33,33,60,2
55,28,3,36,33,33,55,2
74,8,5,42,33,33,74,2
35,5,5,7,35,33,9,1
35,2,6,9,35,33,23,1
35,10,2,10,35,33,18,1
35,2,5,13,35,33,8,1
35,2,3,14,35,33,14,1
35,0,5,14,35,33,13,1
35,10,5,17,35,33,26,1
35,2,6,18,35,33,33,1
49,18,2,25,35,33,49,1
62,5,3,30,35,33,62,2
42,8,3,35,35,33,42,1
71,5,3,45,35,33,71,2
83,10,5,54,35,33,83,2
81,5,6,55,35,33,81,2
37,2,5,6,37,33,12,1
37,2,5,9,37,33,19,1
37,2,5,11,37,33,16,1
37,2,3,13,37,33,24,1
37,5,2,15,37,33,20,1
37,5,3,16,37,33,23,1
37,2,5,19,37,33,31,1
37,2,5,20,37,33,26,1
37,5,5,20,37,33,36,1
51,10,3,22,37,33,51,2
48,5,3,24,37,33,48,1
52,2,5,26,37,33,52,2
55,8,3,34,37,33,55,2
62,2,3,35,37,33,62,2
104,5,5,49,37,33,104,3
79,5,6,56,37,33,79,2
38,0,2,4,38,33,5,1
38,2,2,9,38,33,19,1
38,5,3,9,38,33,17,1
38,5,3,12,38,33,19,1
38,2,2,14,38,33,11,1
38,2,3,18,38,33,27,1
49,2,3,19,38,33,49,1
38,5,5,19,38,33,29,1
38,8,3,20,38,33,35,1
38,5,3,21,38,33,27,1
38,2,3,22,38,33,20,1
38,2,3,23,38,33,30,1
38,5,5,23,38,33,29,1
38,2,3,26,38,33,33,1
48,2,6,27,38,33,48,1
50,2,5,33,38,33,50,1
55,5,3,34,38,33,55,2
40,10,3,15,40,33,28,1
40,2,5,20,40,33,32,1
40,5,3,21,40,33,24,1
40,5,6,21,40,33,32,1
40,10,2,25,40,33,30,1
63,5,5,34,40,33,63,2
59,8,3,37,40,33,59,2
61,5,3,38,40,33,61,2
82,5,5,49,40,33,82,2
42,10,6,14,42,33,21,1
42,32,2,15,42,33,23,1
42,2,3,18,42,33,29,1
42,10,3,18,42,33,23,1
51,20,3,22,42,33,51,2
42,2,3,31,42,33,38,1
45,5,3,31,42,33,45,1
62,2,5,41,42,33,62,2
67,10,5,42,42,33,67,2
43,5,6,13,43,33,13,1
55,5,6,33,43,33,55,2
69,5,7,37,43,33,69,2
45,2,3,9,45,33,19,1
45,0,3,12,45,33,24,1
45,5,6,20,45,33,39,1
45,5,3,23,45,33,23,1
45,2,5,25,45,33,44,1
51,2,5,28,45,33,51,2
62,2,3,30,45,33,62,2
47,8,2,10,47,33,21,1
47,2,3,12,47,33,29,1
47,2,6,14,47,33,18,1
47,2,5,21,47,33,31,1
55,8,5,26,47,33,55,2
65,5,6,29,47,33,65,2
66,2,7,32,47,33,66,2
54,2,6,35,47,33,54,2
65,5,6,35,47,33,65,2
85,8,7,45,47,33,85,2
48,2,3,13,48,33,23,1
48,5,5,14,48,33,27,1
48,2,5,15,48,33,38,1
48,2,6,21,48,33,28,1
49,2,5,35,48,33,49,1
64,2,7,39,48,33,64,2
50,2,5,15,50,33,25,1
50,5,5,15,50,33,22,1
51,12,8,22,50,33,51,2
62,2,7,31,50,33,62,2
72,8,7,37,50,33,72,2
60,5,7,41,50,33,60,2
51,5,5,13,51,33,30,2
51,0,3,14,51,33,27,2
51,2,6,19,51,33,22,2
57,5,6,34,51,33,57,2
67,2,7,34,51,33,67,2
90,12,6,63,51,33,90,2
52,0,3,10,52,33,22,2
52,0,5,13,52,33,14,2
52,8,7,16,52,33,26,2
52,2,5,17,52,33,37,2
52,2,6,18,52,33,44,2
63,5,6,27,52,33,63,2
52,2,5,31,52,33,47,2
61,5,5,32,53,33,61,2
90,8,6,43,53,33,90,2
54,20,6,16,54,33,34,2
54,2,6,28,54,33,42,2
55,2,6,18,55,33,31,2
55,2,6,18,55,33,26,2
55,8,7,20,55,33,36,2
55,2,6,27,55,33,52,2
55,22,5,33,55,33,55,2
88,5,7,43,55,33,88,2
56,0,5,16,56,33,22,2
58,5,7,29,56,33,58,2
97,20,7,52,56,33,97,2
57,5,2,20,57,33,32,2
64,12,6,30,57,33,64,2
58,2,8,14,58,33,33,2
58,8,7,25,58,33,51,2
59,2,6,26,59,33,44,2
60,2,7,20,60,33,42,2
64,5,7,32,60,33,64,2
60,10,9,34,60,33,56,2
61,18,6,36,61,33,53,2
62,2,12,39,62,33,55,2
63,2,8,37,63,33,61,2
63,8,3,45,63,33,49,2
66,8,8,35,64,33,66,2
69,5,9,43,67,33,69,2
89,8,22,51,68,33,89,2
81,5,11,47,74,33,81,2
34,2,1,2,0,34,1,1
34,0,1,21,0,34,26,1
34,2,1,6,2,34,14,1
34,0,1,8,2,34,10,1
34,0,1,13,2,34,20,1
34,2,1,13,2,34,21,1
34,0,1,15,2,34,24,1
34,0,2,16,2,34,31,1
34,2,1,24,2,34,12,1
34,0,1,9,3,34,10,1
34,2,1,11,3,34,11,1
34,2,1,12,3,34,19,1
34,2,1,13,3,34,17,1
34,2,1,14,3,34,14,1
34,5,1,16,3,34,21,1
34,0,1,19,3,34,21,1
34,2,1,9,5,34,17,1
34,2,2,9,5,34,20,1
34,2,1,12,5,34,14,1
34,0,2,13,5,34,31,1
34,0,1,14,5,34,16,1
34,5,1,14,5,34,27,1
34,2,1,15,5,34,17,1
34,0,1,17,5,34,25,1
34,2,1,19,5,34,22,1
34,0,1,21,5,34,20,1
34,2,1,21,5,34,30,1
34,2,1,22,5,34,20,1
42,0,1,41,5,34,42,1
34,12,2,0,7,34,8,1
34,0,1,8,7,34,14,1
34,2,1,10,7,34,12,1
34,0,2,12,7,34,14,1
34,0,1,13,7,34,7,1
34,0,1,14,7,34,17,1
40,2,1,19,7,34,40,1
34,2,2,19,7,34,30,1
34,2,2,21,7,34,18,1
34,2,1,23,7,34,30,1
34,2,1,28,7,34,24,1
55,2,5,55,7,34,47,2
34,2,1,7,8,34,14,1
34,2,3,9,8,34,14,1
34,2,3,10,8,34,18,1
34,0,1,11,8,34,14,1
34,2,0,13,8,34,19,1
34,2,1,13,8,34,21,1
34,2,1,13,8,34,9,1
34,2,1,13,8,34,19,1
34,2,2,13,8,34,23,1
34,0,1,14,8,34,7,1
34,2,1,14,8,34,24,1
34,2,0,15,8,34,15,1
34,0,1,16,8,34,27,1
34,2,1,16,8,34,14,1
34,2,1,17,8,34,23,1
34,0,1,18,8,34,23,1
42,2,1,19,8,34,42,1
34,5,2,20,8,34,27,1
34,5,2,21,8,34,32,1
34,2,2,22,8,34,19,1
41,2,2,23,8,34,41,1
34,2,1,3,10,34,3,1
34,2,1,4,10,34,12,1
34,2,3,5,10,34,15,1
34,0,1,6,10,34,14,1
34,0,1,7,10,34,6,1
34,2,1,7,10,34,12,1
34,2,2,8,10,34,14,1
34,2,1,9,10,34,17,1
34,2,2,10,10,34,5,1
34,0,3,10,10,34,27,1
34,5,3,10,10,34,22,1
34,0,2,11,10,34,23,1
34,2,2,11,10,34,10,1
34,2,1,12,10,34,19,1
34,2,2,12,10,34,6,1
34,5,1,13,10,34,27,1
34,0,2,13,10,34,11,1
34,0,1,14,10,34,27,1
34,2,2,15,10,34,9,1
34,2,1,16,10,34,16,1
38,0,2,16,10,34,38,1
34,0,1,17,10,34,27,1
34,0,2,18,10,34,30,1
34,2,2,19,10,34,22,1
34,2,1,21,10,34,17,1
35,2,2,23,10,34,35,1
43,2,1,25,10,34,43,1
45,2,3,25,10,34,45,1
41,0,1,27,10,34,41,1
42,2,1,29,10,34,42,1
34,2,3,2,12,34,9,1
34,2,1,3,12,34,3,1
34,2,2,10,12,34,26,1
36,5,1,13,12,34,36,1
34,8,1,14,12,34,33,1
34,5,2,14,12,34,12,1
34,2,3,14,12,34,26,1
34,8,2,15,12,34,26,1
34,8,1,16,12,34,31,1
34,2,5,16,12,34,27,1
34,2,1,17,12,34,24,1
34,2,2,17,12,34,27,1
34,2,2,17,12,34,29,1
34,0,2,19,12,34,24,1
34,5,2,19,12,34,22,1
40,2,1,20,12,34,40,1
34,5,1,20,12,34,,1
39,2,3,20,12,34,39,1
42,2,1,22,12,34,42,1
34,2,1,22,12,34,34,1
53,2,2,22,12,34,53,2
34,2,2,22,12,34,15,1
42,2,2,26,12,34,42,1
44,8,2,32,12,34,44,1
73,10,2,36,12,34,73,2
34,2,3,5,13,34,10,1
34,2,1,6,13,34,4,1
34,2,3,9,13,34,14,1
34,0,1,10,13,34,7,1
34,2,1,10,13,34,19,1
34,0,2,10,13,34,28,1
34,5,2,10,13,34,25,1
34,2,3,10,13,34,33,1
34,5,1,12,13,34,24,1
34,8,1,12,13,34,15,1
34,2,1,14,13,34,17,1
34,5,1,14,13,34,17,1
34,10,2,14,13,34,,1
34,5,1,15,13,34,24,1
34,2,1,16,13,34,20,1
41,2,2,16,13,34,41,1
34,2,3,16,13,34,21,1
34,2,5,16,13,34,25,1
34,0,2,17,13,34,26,1
34,2,2,17,13,34,31,1
34,2,1,18,13,34,30,1
40,2,1,19,13,34,40,1
34,2,1,19,13,34,27,1
34,2,2,19,13,34,21,1
34,2,2,19,13,34,23,1
34,2,2,20,13,34,29,1
34,5,2,22,13,34,31,1
53,2,1,23,13,34,53,2
34,0,2,24,13,34,28,1
55,2,2,26,13,34,55,2
38,10,2,26,13,34,38,1
35,0,1,29,13,34,35,1
83,5,1,36,13,34,83,2
55,2,1,55,13,34,46,2
34,2,1,8,15,34,15,1
34,0,2,8,15,34,9,1
34,0,3,12,15,34,28,1
34,5,3,12,15,34,31,1
34,2,1,13,15,34,10,1
34,2,1,13,15,34,17,1
40,5,1,13,15,34,40,1
34,2,2,13,15,34,32,1
34,2,3,13,15,34,32,1
34,2,1,14,15,34,21,1
34,0,1,15,15,34,32,1
34,0,1,16,15,34,19,1
34,2,1,16,15,34,25,1
34,2,1,16,15,34,13,1
34,2,2,16,15,34,27,1
34,2,1,17,15,34,25,1
46,8,2,17,15,34,46,1
34,2,1,18,15,34,21,1
34,0,2,18,15,34,33,1
34,5,2,21,15,34,29,1
57,0,3,21,15,34,57,2
43,2,3,22,15,34,43,1
34,12,2,23,15,34,,1
39,15,2,25,15,34,39,1
34,10,1,29,15,34,19,1
57,2,2,40,15,34,57,2
72,2,2,41,15,34,72,2
99,2,5,46,15,34,99,2
107,2,2,107,15,34,45,3
34,2,2,4,17,34,14,1
34,2,1,6,17,34,4,1
34,10,1,6,17,34,14,1
34,0,1,7,17,34,17,1
34,2,1,8,17,34,8,1
34,0,2,9,17,34,13,1
39,2,3,9,17,34,39,1
34,2,2,10,17,34,7,1
34,5,2,11,17,34,24,1
34,2,3,11,17,34,12,1
36,2,5,11,17,34,36,1
34,2,2,12,17,34,17,1
34,5,2,13,17,34,26,1
34,2,1,14,17,34,25,1
34,2,2,14,17,34,21,1
34,2,1,15,17,34,33,1
34,0,2,15,17,34,20,1
34,12,2,15,17,34,21,1
34,2,3,15,17,34,19,1
34,0,1,16,17,34,20,1
34,2,1,16,17,34,28,1
34,5,2,16,17,34,30,1
34,2,1,17,17,34,19,1
34,8,2,17,17,34,30,1
34,10,0,18,17,34,24,1
38,5,1,22,17,34,38,1
40,5,5,24,17,34,40,1
66,8,2,33,17,34,66,2
70,10,2,34,17,34,70,2
46,5,2,46,17,34,22,1
34,0,1,6,18,34,8,1
34,0,2,6,18,34,9,1
34,2,2,10,18,34,19,1
34,5,2,10,18,34,13,1
34,2,1,11,18,34,20,1
34,2,3,13,18,34,16,1
35,2,1,14,18,34,35,1
34,2,2,15,18,34,12,1
34,2,3,16,18,34,19,1
34,2,2,18,18,34,19,1
34,12,2,18,18,34,19,1
34,5,1,19,18,34,24,1
37,2,2,21,18,34,37,1
34,8,2,21,18,34,33,1
36,2,3,21,18,34,36,1
34,12,2,22,18,34,30,1
38,2,1,23,18,34,38,1
60,5,3,23,18,34,60,2
61,2,3,24,18,34,61,2
60,2,2,25,18,34,60,2
49,0,3,26,18,34,49,1
56,2,2,27,18,34,56,2
53,2,2,28,18,34,53,2
50,5,2,28,18,34,50,1
53,2,3,31,18,34,53,2
52,2,3,38,18,34,52,2
46,2,3,43,18,34,46,1
62,2,2,49,18,34,62,2
34,8,1,6,20,34,5,1
37,2,3,11,20,34,37,1
34,2,2,14,20,34,22,1
34,0,2,15,20,34,34,1
34,2,2,16,20,34,27,1
34,0,1,18,20,34,13,1
34,2,2,19,20,34,26,1
38,2,5,19,20,34,38,1
34,8,1,20,20,34,22,1
34,2,3,21,20,34,31,1
57,5,5,26,20,34,57,2
62,2,2,28,20,34,62,2
34,2,3,30,20,34,19,1
34,5,3,33,20,34,27,1
41,5,3,35,20,34,41,1
88,12,2,41,20,34,88,2
46,0,2,45,20,34,46,1
104,5,5,50,20,34,104,3
34,2,5,9,22,34,17,1
34,2,3,10,22,34,14,1
34,2,2,11,22,34,13,1
34,5,1,12,22,34,15,1
34,2,2,13,22,34,14,1
34,8,2,14,22,34,25,1
34,2,3,14,22,34,16,1
34,5,1,15,22,34,16,1
34,2,2,15,22,34,13,1
34,2,2,15,22,34,30,1
34,2,2,15,22,34,24,1
34,8,2,15,22,34,17,1
34,12,3,16,22,34,19,1
34,2,2,17,22,34,18,1
34,2,2,21,22,34,28,1
34,0,1,22,22,34,22,1
34,2,2,22,22,34,31,1
34,5,2,24,22,34,28,1
56,2,3,24,22,34,56,2
48,2,3,24,22,34,48,1
42,2,3,24,22,34,42,1
48,8,2,26,22,34,48,1
52,5,1,32,22,34,52,2
75,10,2,34,22,34,75,2
51,2,3,34,22,34,51,2
55,5,2,37,22,34,55,2
84,10,3,45,22,34,84,2
61,5,5,47,22,34,61,2
34,0,2,11,23,34,19,1
34,2,3,11,23,34,34,1
34,10,2,12,23,34,16,1
34,2,2,13,23,34,16,1
34,2,2,13,23,34,16,1
34,2,2,13,23,34,21,1
34,8,2,16,23,34,33,1
54,2,6,16,23,34,54,2
34,2,2,17,23,34,32,1
55,2,2,18,23,34,55,2
34,5,2,18,23,34,18,1
34,5,2,19,23,34,29,1
34,2,2,21,23,34,28,1
54,0,2,28,23,34,54,2
37,2,2,29,23,34,37,1
48,0,2,35,23,34,48,1
58,8,3,38,23,34,58,2
62,10,3,38,23,34,62,2
72,2,3,40,23,34,72,2
77,5,6,40,23,34,77,2
64,5,5,43,23,34,64,2
96,8,5,51,23,34,96,2
83,5,3,57,23,34,83,2
117,2,6,61,23,34,117,3
34,2,2,4,25,34,8,1
34,2,2,12,25,34,16,1
34,2,3,12,25,34,18,1
34,0,1,14,25,34,31,1
34,0,2,15,25,34,32,1
34,8,1,16,25,34,22,1
34,2,2,16,25,34,34,1
34,2,3,16,25,34,23,1
34,5,1,17,25,34,24,1
34,2,2,17,25,34,25,1
37,8,5,17,25,34,37,1
34,2,3,18,25,34,30,1
41,0,5,18,25,34,41,1
34,0,2,19,25,34,25,1
34,2,2,19,25,34,26,1
34,2,3,19,25,34,25,1
34,18,1,20,25,34,32,1
34,2,3,21,25,34,22,1
36,2,3,25,25,34,36,1
41,2,2,29,25,34,41,1
61,5,2,29,25,34,61,2
56,8,3,29,25,34,56,2
73,5,3,30,25,34,73,2
39,5,2,31,25,34,39,1
63,8,3,34,25,34,63,2
60,2,3,37,25,34,60,2
78,8,5,52,25,34,78,2
115,5,6,60,25,34,115,3
34,2,3,7,27,34,5,1
34,2,3,10,27,34,12,1
34,0,2,11,27,34,19,1
34,0,2,11,27,34,18,1
34,2,3,11,27,34,30,1
34,2,5,11,27,34,21,1
34,8,2,12,27,34,20,1
34,2,2,13,27,34,16,1
34,0,3,13,27,34,29,1
34,2,2,14,27,34,12,1
34,2,2,14,27,34,26,1
34,2,3,15,27,34,19,1
34,2,2,17,27,34,17,1
34,10,2,18,27,34,23,1
34,2,3,19,27,34,31,1
34,5,2,21,27,34,26,1
34,2,3,22,27,34,28,1
35,2,3,24,27,34,35,1
50,2,2,30,27,34,50,1
58,18,3,30,27,34,58,2
62,10,2,35,27,34,62,2
66,2,5,37,27,34,66,2
81,5,3,41,27,34,81,2
49,5,3,42,27,34,49,1
34,2,2,14,28,34,20,1
36,0,5,15,28,34,36,1
34,5,2,17,28,34,29,1
34,5,2,21,28,34,34,1
34,10,2,22,28,34,22,1
47,8,2,23,28,34,47,1
34,2,3,23,28,34,24,1
58,2,5,23,28,34,58,2
44,2,3,24,28,34,44,1
41,15,2,25,28,34,41,1
54,54,2,27,28,34,28,2
60,2,2,31,28,34,60,2
44,2,3,32,28,34,44,1
50,8,5,32,28,34,50,1
75,5,6,32,28,34,75,2
34,15,1,34,28,34,33,1
59,2,3,34,28,34,59,2
51,5,2,35,28,34,51,2
56,5,3,35,28,34,56,2
67,2,3,36,28,34,67,2
72,8,3,36,28,34,72,2
74,2,3,40,28,34,74,2
34,0,2,3,30,34,6,1
34,0,2,4,30,34,10,1
34,0,2,11,30,34,19,1
34,2,3,14,30,34,19,1
34,5,3,15,30,34,20,1
34,8,3,16,30,34,14,1
34,10,2,17,30,34,28,1
37,10,3,17,30,34,37,1
34,8,3,18,30,34,25,1
34,2,2,19,30,34,25,1
34,2,3,22,30,34,33,1
50,32,3,27,30,34,50,1
34,10,1,29,30,34,33,1
51,2,6,29,30,34,51,2
75,2,3,30,30,34,75,2
58,2,3,32,30,34,58,2
39,2,3,35,30,34,39,1
86,5,3,43,30,34,86,2
34,0,2,7,32,34,7,1
34,2,6,9,32,34,20,1
34,2,3,11,32,34,15,1
34,2,3,12,32,34,18,1
34,20,2,13,32,34,20,1
34,0,2,15,32,34,18,1
34,2,2,15,32,34,30,1
34,5,3,18,32,34,29,1
48,8,3,19,32,34,48,1
34,2,2,23,32,34,27,1
40,2,5,24,32,34,40,1
43,5,3,25,32,34,43,1
65,5,3,28,32,34,65,2
54,2,3,33,32,34,54,2
68,10,3,35,32,34,68,2
55,2,5,36,32,34,55,2
59,5,3,38,32,34,59,2
34,2,2,9,33,34,14,1
34,0,2,12,33,34,25,1
34,8,2,13,33,34,23,1
34,2,5,13,33,34,26,1
34,2,2,15,33,34,28,1
34,2,2,16,33,34,23,1
34,8,2,18,33,34,26,1
34,5,3,18,33,34,24,1
34,2,5,18,33,34,23,1
42,0,5,19,33,34,42,1
34,2,2,20,33,34,23,1
34,5,2,20,33,34,18,1
34,2,2,22,33,34,32,1
44,2,3,22,33,34,44,1
51,8,3,23,33,34,51,2
37,5,2,25,33,34,37,1
40,2,3,26,33,34,40,1
41,22,3,29,33,34,41,1
54,2,2,30,33,34,54,2
77,2,3,31,33,34,77,2
67,5,6,36,33,34,67,2
78,10,2,37,33,34,78,2
62,12,3,39,33,34,62,2
72,5,5,39,33,34,72,2
77,2,6,40,33,34,77,2
79,2,6,63,33,34,79,2
35,0,3,4,35,34,12,1
35,15,2,14,35,34,31,1
35,2,2,16,35,34,22,1
35,8,3,17,35,34,30,1
35,2,5,18,35,34,28,1
35,5,6,18,35,34,28,1
35,2,3,20,35,34,35,1
55,2,3,24,35,34,55,2
44,2,3,24,35,34,44,1
55,18,5,29,35,34,55,2
48,5,3,32,35,34,48,1
42,25,2,33,35,34,42,1
59,5,3,33,35,34,59,2
65,5,5,34,35,34,65,2
105,8,5,56,35,34,105,3
108,5,6,78,35,34,108,3
37,2,5,8,37,34,19,1
37,2,6,11,37,34,21,1
37,2,3,12,37,34,20,1
37,0,1,13,37,34,17,1
37,2,5,14,37,34,31,1
37,2,2,16,37,34,26,1
37,10,5,16,37,34,26,1
37,5,3,18,37,34,31,1
37,2,5,18,37,34,33,1
37,2,3,22,37,34,31,1
44,2,5,22,37,34,44,1
44,2,5,22,37,34,44,1
58,2,5,28,37,34,58,2
52,8,2,30,37,34,52,2
60,5,5,30,37,34,60,2
52,5,2,40,37,34,52,2
38,5,3,15,38,34,22,1
38,2,2,18,38,34,23,1
41,5,6,20,38,34,41,1
50,2,5,25,38,34,50,1
57,8,3,26,38,34,57,2
55,2,5,29,38,34,55,2
48,5,2,34,38,34,48,1
59,2,3,34,38,34,59,2
66,2,5,34,38,34,66,2
60,2,3,35,38,34,60,2
61,2,5,39,38,34,61,2
69,8,7,49,38,34,69,2
78,10,5,54,38,34,78,2
109,5,5,61,38,34,109,3
40,12,2,12,40,34,22,1
40,5,6,13,40,34,21,1
40,12,2,14,40,34,23,1
40,5,2,15,40,34,19,1
40,2,5,16,40,34,27,1
40,2,6,16,40,34,32,1
40,8,3,17,40,34,39,1
40,2,5,20,40,34,33,1
40,2,3,22,40,34,33,1
51,2,5,22,40,34,51,2
42,5,6,24,40,34,42,1
53,2,6,26,40,34,53,2
60,5,5,27,40,34,60,2
56,5,5,28,40,34,56,2
62,2,5,31,40,34,62,2
56,5,5,36,40,34,56,2
57,12,3,39,40,34,57,2
107,10,6,61,40,34,107,3
42,2,2,8,42,34,10,1
42,2,3,11,42,34,17,1
42,2,3,13,42,34,23,1
42,5,3,14,42,34,29,1
42,2,5,19,42,34,23,1
45,2,3,23,42,34,45,1
42,0,7,24,42,34,39,1
42,2,2,25,42,34,35,1
55,5,5,25,42,34,55,2
56,8,5,39,42,34,56,2
82,2,5,40,42,34,82,2
66,2,5,41,42,34,66,2
68,5,6,43,42,34,68,2
43,5,7,9,43,34,14,1
43,0,5,12,43,34,29,1
68,2,5,31,43,34,68,2
55,2,5,32,43,34,55,2
87,2,6,34,43,34,87,2
77,5,6,37,43,34,77,2
103,8,5,66,43,34,103,3
45,2,3,13,45,34,6,1
45,2,3,15,45,34,38,1
45,2,3,17,45,34,26,1
45,2,5,20,45,34,34,1
45,2,5,24,45,34,36,1
45,2,5,25,45,34,41,1
45,2,3,29,45,34,45,1
48,12,3,29,45,34,48,1
59,2,6,38,45,34,59,2
72,2,6,40,45,34,72,2
47,2,5,12,47,34,18,1
47,2,5,17,47,34,32,1
47,5,5,19,47,34,35,1
47,0,3,20,47,34,24,1
47,5,2,23,47,34,38,1
59,8,3,39,47,34,59,2
72,8,5,44,47,34,72,2
85,2,5,56,47,34,85,2
48,5,5,20,48,34,39,1
48,5,3,24,48,34,37,1
59,8,7,33,48,34,59,2
71,2,5,36,48,34,71,2
70,8,7,36,48,34,70,2
48,18,5,38,48,34,42,1
59,10,5,39,48,34,59,2
76,2,6,41,48,34,76,2
85,5,6,47,48,34,85,2
50,2,2,13,50,34,32,1
50,2,3,15,50,34,26,1
50,2,8,22,50,34,38,1
50,8,5,26,50,34,42,1
79,5,6,42,50,34,79,2
51,10,6,18,51,34,30,2
51,2,3,24,51,34,41,2
68,2,5,26,51,34,68,2
52,5,3,22,52,34,44,2
52,8,3,24,52,34,51,2
52,2,5,24,52,34,32,2
52,5,5,24,52,34,51,2
57,5,3,25,52,34,57,2
55,5,6,32,52,34,55,2
70,5,5,42,52,34,70,2
97,5,6,62,52,34,97,2
67,2,5,31,53,34,67,2
62,10,7,33,53,34,62,2
54,2,6,18,54,34,30,2
61,2,6,25,54,34,61,2
68,2,5,47,54,34,68,2
55,8,5,7,55,34,10,2
55,5,6,20,55,34,23,2
55,5,6,28,55,34,52,2
57,18,3,35,55,34,57,2
71,8,6,39,55,34,71,2
62,5,7,40,55,34,62,2
68,8,6,43,55,34,68,2
87,2,7,45,55,34,87,2
56,0,6,21,56,34,29,2
56,2,6,40,56,34,47,2
57,2,6,20,57,34,35,2
57,5,6,20,57,34,28,2
70,2,5,43,57,34,70,2
58,0,6,13,58,34,21,2
84,5,5,48,58,34,84,2
59,8,5,27,59,34,44,2
60,2,9,27,60,34,44,2
60,2,12,32,60,34,55,2
62,15,8,34,60,34,62,2
60,2,9,35,60,34,53,2
61,5,6,21,61,34,29,2
64,10,7,33,64,34,56,2
77,12,12,43,64,34,77,2
79,8,11,48,64,34,79,2
106,5,9,53,64,34,106,3
91,12,15,49,67,34,91,2
35,2,1,9,2,35,27,1
35,2,3,10,2,35,12,1
35,0,1,12,2,35,17,1
35,2,1,16,2,35,26,1
35,0,1,25,2,35,27,1
35,0,1,26,2,35,27,1
35,2,1,8,3,35,11,1
35,0,1,11,3,35,19,1
35,2,1,11,3,35,20,1
35,0,2,0,5,35,9,1
35,2,1,11,5,35,27,1
35,2,1,13,5,35,29,1
35,2,1,14,5,35,9,1
35,0,1,16,5,35,24,1
35,5,1,16,5,35,17,1
35,0,1,18,5,35,34,1
35,0,1,30,5,35,28,1
35,2,1,9,7,35,7,1
35,0,2,9,7,35,14,1
35,0,3,9,7,35,18,1
35,2,1,11,7,35,12,1
35,0,1,13,7,35,24,1
35,0,1,14,7,35,16,1
35,2,1,14,7,35,24,1
35,5,1,14,7,35,9,1
35,2,1,15,7,35,18,1
35,2,2,15,7,35,28,1
35,2,1,16,7,35,31,1
35,0,1,17,7,35,22,1
35,2,1,17,7,35,29,1
36,2,1,18,7,35,36,1
51,2,2,31,7,35,51,2
63,2,1,36,7,35,63,2
48,0,3,48,7,35,48,1
35,2,1,7,8,35,8,1
35,2,1,9,8,35,9,1
35,8,2,11,8,35,24,1
35,8,0,12,8,35,31,1
35,0,1,12,8,35,23,1
35,5,1,12,8,35,16,1
35,2,1,14,8,35,20,1
35,2,2,14,8,35,26,1
35,2,2,15,8,35,17,1
35,0,1,16,8,35,24,1
35,2,1,16,8,35,23,1
35,2,1,16,8,35,15,1
35,2,1,16,8,35,15,1
35,2,2,16,8,35,17,1
36,2,1,17,8,35,36,1
35,0,3,17,8,35,34,1
35,10,1,18,8,35,25,1
35,2,1,19,8,35,22,1
35,2,2,20,8,35,35,1
35,8,2,20,8,35,32,1
35,2,1,21,8,35,25,1
35,2,1,23,8,35,31,1
51,2,2,23,8,35,51,2
35,0,1,24,8,35,14,1
35,2,2,25,8,35,31,1
53,5,3,25,8,35,53,2
35,0,3,3,10,35,14,1
35,15,1,8,10,35,19,1
35,2,1,11,10,35,13,1
35,2,1,12,10,35,14,1
35,5,1,12,10,35,15,1
35,2,2,14,10,35,11,1
35,5,2,14,10,35,20,1
35,2,1,15,10,35,33,1
35,2,1,15,10,35,10,1
35,2,1,15,10,35,10,1
35,5,1,15,10,35,23,1
35,0,2,15,10,35,26,1
35,2,1,16,10,35,19,1
35,2,2,16,10,35,24,1
35,2,2,16,10,35,12,1
35,2,2,16,10,35,23,1
35,2,1,17,10,35,25,1
35,0,2,17,10,35,20,1
35,2,1,22,10,35,20,1
46,5,3,23,10,35,46,1
75,5,2,49,10,35,75,2
35,2,3,10,12,35,16,1
35,12,1,12,12,35,21,1
35,2,2,12,12,35,8,1
35,8,2,12,12,35,27,1
35,2,2,13,12,35,26,1
35,0,1,15,12,35,22,1
35,5,1,15,12,35,27,1
35,0,2,15,12,35,29,1
35,2,2,15,12,35,27,1
35,2,1,16,12,35,19,1
35,2,0,17,12,35,21,1
46,2,1,18,12,35,46,1
35,2,1,18,12,35,25,1
37,5,1,18,12,35,37,1
35,2,3,19,12,35,22,1
35,0,1,20,12,35,22,1
35,5,3,20,12,35,22,1
50,2,3,21,12,35,50,1
42,2,2,23,12,35,42,1
35,0,1,24,12,35,24,1
35,2,2,24,12,35,21,1
35,2,3,27,12,35,33,1
45,2,0,45,12,35,37,1
47,2,3,45,12,35,47,1
35,5,1,2,13,35,4,1
35,2,2,5,13,35,17,1
35,2,1,8,13,35,14,1
35,2,1,12,13,35,17,1
35,5,1,12,13,35,30,1
35,5,1,14,13,35,30,1
35,0,1,16,13,35,35,1
35,5,2,16,13,35,30,1
35,8,2,16,13,35,19,1
35,2,3,16,13,35,35,1
35,2,2,17,13,35,22,1
35,8,2,17,13,35,18,1
35,2,1,18,13,35,18,1
35,5,1,19,13,35,23,1
35,5,1,19,13,35,25,1
35,0,1,20,13,35,29,1
43,2,5,20,13,35,43,1
37,2,1,21,13,35,37,1
37,2,2,21,13,35,37,1
52,2,2,22,13,35,52,2
36,5,2,23,13,35,36,1
35,2,1,24,13,35,34,1
35,2,1,24,13,35,31,1
35,0,2,24,13,35,26,1
35,5,1,25,13,35,29,1
35,2,1,26,13,35,24,1
46,2,2,27,13,35,46,1
40,5,2,27,13,35,40,1
35,5,2,27,13,35,32,1
41,0,2,28,13,35,41,1
71,5,2,30,13,35,71,2
72,5,5,30,13,35,72,2
43,5,2,32,13,35,43,1
36,5,1,36,13,35,31,1
35,2,1,5,15,35,6,1
35,2,1,6,15,35,11,1
35,2,2,7,15,35,13,1
35,5,1,11,15,35,15,1
35,5,2,11,15,35,23,1
35,5,1,12,15,35,19,1
35,2,2,12,15,35,14,1
35,5,1,13,15,35,19,1
35,5,3,13,15,35,24,1
35,0,2,15,15,35,32,1
35,2,2,15,15,35,34,1
35,2,2,16,15,35,23,1
35,2,2,16,15,35,8,1
35,5,1,17,15,35,31,1
35,5,2,18,15,35,21,1
44,0,2,19,15,35,44,1
37,2,3,19,15,35,37,1
35,2,2,20,15,35,32,1
38,2,3,21,15,35,38,1
35,2,2,22,15,35,31,1
35,5,1,23,15,35,26,1
35,2,2,23,15,35,34,1
35,2,3,23,15,35,31,1
48,2,5,23,15,35,48,1
35,2,2,24,15,35,22,1
44,2,2,26,15,35,44,1
61,2,2,29,15,35,61,2
46,2,2,29,15,35,46,1
35,2,3,29,15,35,33,1
40,2,2,36,15,35,40,1
71,8,5,37,15,35,71,2
65,2,3,51,15,35,65,2
35,0,2,4,17,35,8,1
35,5,2,6,17,35,10,1
35,5,1,9,17,35,28,1
35,2,2,10,17,35,9,1
35,10,1,11,17,35,35,1
35,0,3,11,17,35,12,1
35,0,1,14,17,35,20,1
35,2,2,14,17,35,16,1
35,2,2,14,17,35,29,1
35,2,2,14,17,35,12,1
35,0,2,15,17,35,13,1
35,2,1,16,17,35,13,1
35,2,1,16,17,35,19,1
35,2,2,16,17,35,30,1
35,2,1,18,17,35,32,1
35,2,2,18,17,35,19,1
35,2,2,18,17,35,31,1
35,15,1,19,17,35,21,1
35,0,2,20,17,35,24,1
44,8,2,20,17,35,44,1
35,10,1,22,17,35,35,1
35,15,2,22,17,35,24,1
35,0,2,23,17,35,28,1
35,2,2,23,17,35,34,1
49,2,2,28,17,35,49,1
71,2,3,30,17,35,71,2
35,5,2,34,17,35,22,1
56,5,3,34,17,35,56,2
47,2,3,36,17,35,47,1
42,0,1,42,17,35,24,1
86,2,5,51,17,35,86,2
35,2,3,5,18,35,13,1
35,0,2,9,18,35,4,1
35,2,1,10,18,35,18,1
35,2,1,11,18,35,29,1
42,2,2,11,18,35,42,1
35,2,2,12,18,35,27,1
35,5,2,12,18,35,26,1
35,2,1,13,18,35,19,1
35,2,3,13,18,35,30,1
35,5,1,14,18,35,23,1
35,2,2,14,18,35,28,1
35,2,2,14,18,35,22,1
35,2,2,16,18,35,26,1
35,10,2,16,18,35,25,1
35,2,1,17,18,35,24,1
35,0,2,17,18,35,31,1
35,2,3,20,18,35,18,1
35,2,2,21,18,35,35,1
35,10,2,22,18,35,34,1
37,2,2,23,18,35,37,1
35,8,2,23,18,35,19,1
35,8,2,24,18,35,33,1
60,2,3,24,18,35,60,2
49,2,3,25,18,35,49,1
35,5,5,25,18,35,30,1
51,2,3,26,18,35,51,2
35,5,2,27,18,35,20,1
71,2,2,28,18,35,71,2
53,8,2,30,18,35,53,2
56,2,3,32,18,35,56,2
63,5,3,33,18,35,63,2
35,2,2,4,20,35,12,1
35,2,2,5,20,35,9,1
35,0,1,10,20,35,14,1
35,2,2,11,20,35,20,1
35,0,2,12,20,35,17,1
35,2,2,14,20,35,15,1
35,2,3,14,20,35,26,1
35,8,1,15,20,35,26,1
35,0,2,15,20,35,31,1
35,2,2,15,20,35,13,1
35,2,2,16,20,35,33,1
44,2,3,16,20,35,44,1
35,2,2,19,20,35,30,1
35,2,3,19,20,35,21,1
48,0,5,19,20,35,48,1
35,5,2,21,20,35,33,1
38,5,2,22,20,35,38,1
35,2,2,23,20,35,35,1
38,10,2,23,20,35,38,1
41,2,5,24,20,35,41,1
35,2,2,26,20,35,30,1
45,18,2,26,20,35,45,1
37,2,2,27,20,35,37,1
39,2,5,28,20,35,39,1
72,2,5,29,20,35,72,2
35,2,2,31,20,35,32,1
82,2,3,33,20,35,82,2
51,2,5,33,20,35,51,2
35,2,1,5,22,35,19,1
35,2,3,6,22,35,9,1
35,0,2,11,22,35,19,1
35,10,1,12,22,35,19,1
35,2,1,15,22,35,25,1
36,5,2,15,22,35,36,1
35,8,3,15,22,35,30,1
35,5,2,16,22,35,21,1
35,5,2,17,22,35,22,1
35,5,2,18,22,35,33,1
35,2,3,19,22,35,34,1
35,2,3,19,22,35,19,1
35,2,3,19,22,35,21,1
35,8,3,21,22,35,28,1
35,0,2,23,22,35,16,1
47,20,2,23,22,35,47,1
54,2,2,25,22,35,54,2
47,10,3,26,22,35,47,1
35,2,2,27,22,35,26,1
53,8,2,29,22,35,53,2
35,8,5,31,22,35,29,1
40,5,2,40,22,35,40,1
75,5,5,40,22,35,75,2
35,2,3,9,23,35,17,1
35,0,2,10,23,35,4,1
35,5,3,12,23,35,19,1
35,2,3,13,23,35,11,1
35,2,2,14,23,35,21,1
35,2,2,15,23,35,27,1
35,5,2,15,23,35,17,1
35,10,2,15,23,35,20,1
39,2,3,15,23,35,39,1
35,2,2,16,23,35,22,1
35,5,3,16,23,35,8,1
36,8,2,18,23,35,36,1
49,5,3,18,23,35,49,1
35,2,5,18,23,35,26,1
35,8,2,20,23,35,31,1
35,2,3,20,23,35,34,1
45,2,2,23,23,35,45,1
35,5,3,23,23,35,32,1
35,5,3,33,23,35,34,1
53,2,2,34,23,35,53,2
73,5,6,34,23,35,73,2
48,5,2,35,23,35,48,1
84,5,2,45,23,35,84,2
35,0,3,6,25,35,16,1
35,0,5,9,25,35,27,1
35,0,2,11,25,35,23,1
35,5,2,11,25,35,19,1
35,0,5,11,25,35,22,1
35,2,2,15,25,35,,1
35,0,3,15,25,35,23,1
35,0,2,17,25,35,24,1
35,2,2,17,25,35,18,1
35,5,2,17,25,35,26,1
35,2,3,17,25,35,23,1
35,5,3,17,25,35,10,1
35,2,2,18,25,35,22,1
35,2,2,18,25,35,21,1
35,5,2,18,25,35,23,1
35,2,3,18,25,35,20,1
35,5,1,19,25,35,23,1
35,2,2,21,25,35,30,1
35,5,3,22,25,35,26,1
37,5,3,24,25,35,37,1
56,5,5,24,25,35,56,2
53,2,5,29,25,35,53,2
48,2,2,30,25,35,48,1
53,2,2,32,25,35,53,2
42,5,2,34,25,35,42,1
52,8,5,39,25,35,52,2
62,5,5,45,25,35,62,2
111,2,7,48,25,35,111,3
35,2,2,4,27,35,8,1
35,5,2,10,27,35,13,1
35,0,3,11,27,35,14,1
35,2,3,11,27,35,23,1
35,2,3,11,27,35,29,1
35,2,5,11,27,35,33,1
35,2,5,13,27,35,19,1
35,2,3,16,27,35,31,1
35,2,2,18,27,35,25,1
35,10,2,19,27,35,28,1
35,2,3,21,27,35,26,1
35,22,3,21,27,35,31,1
35,2,3,23,27,35,30,1
35,2,3,23,27,35,22,1
67,2,2,27,27,35,67,2
55,2,3,27,27,35,55,2
52,2,5,31,27,35,52,2
53,8,5,32,27,35,53,2
63,5,3,34,27,35,63,2
35,5,3,34,27,35,31,1
36,2,2,36,27,35,33,1
80,8,2,38,27,35,80,2
84,5,3,48,27,35,84,2
35,5,3,10,28,35,18,1
35,2,2,13,28,35,17,1
35,5,3,15,28,35,33,1
44,2,5,15,28,35,44,1
35,5,2,16,28,35,21,1
35,2,3,17,28,35,21,1
35,2,5,21,28,35,33,1
41,2,2,23,28,35,41,1
39,8,2,24,28,35,39,1
52,2,5,24,28,35,52,2
44,2,2,26,28,35,44,1
35,2,2,26,28,35,33,1
46,8,3,26,28,35,46,1
41,8,3,27,28,35,41,1
47,2,3,29,28,35,47,1
60,5,5,29,28,35,60,2
67,12,3,36,28,35,67,2
56,12,6,36,28,35,56,2
84,5,3,38,28,35,84,2
71,5,3,39,28,35,71,2
44,8,3,44,28,35,,1
81,2,6,47,28,35,81,2
92,5,5,59,28,35,92,2
87,5,5,59,28,35,87,2
35,2,1,7,30,35,13,1
35,0,2,7,30,35,14,1
35,10,2,10,30,35,10,1
35,5,2,13,30,35,23,1
35,5,2,13,30,35,17,1
35,2,3,13,30,35,20,1
35,5,2,14,30,35,19,1
35,2,3,14,30,35,25,1
35,8,2,16,30,35,31,1
39,2,2,17,30,35,39,1
35,2,2,17,30,35,23,1
35,8,1,18,30,35,30,1
44,2,3,18,30,35,44,1
36,5,5,18,30,35,36,1
35,2,5,19,30,35,34,1
35,5,5,21,30,35,19,1
35,2,3,22,30,35,27,1
35,5,3,22,30,35,26,1
48,2,5,24,30,35,48,1
44,2,5,25,30,35,44,1
35,10,2,28,30,35,31,1
54,8,3,30,30,35,54,2
42,2,5,30,30,35,42,1
61,10,3,32,30,35,61,2
62,2,3,34,30,35,62,2
44,2,2,35,30,35,44,1
53,2,3,35,30,35,53,2
51,8,2,36,30,35,51,2
69,5,3,49,30,35,69,2
35,2,3,5,32,35,10,1
35,2,2,10,32,35,12,1
35,2,2,10,32,35,18,1
38,38,2,11,32,35,20,1
35,2,3,13,32,35,22,1
37,2,1,14,32,35,37,1
35,0,5,14,32,35,24,1
35,5,1,15,32,35,22,1
35,2,3,17,32,35,28,1
35,2,2,18,32,35,25,1
35,5,1,19,32,35,23,1
35,2,2,20,32,35,25,1
36,2,7,20,32,35,36,1
35,8,1,21,32,35,24,1
40,0,5,21,32,35,40,1
35,2,2,22,32,35,33,1
56,5,5,23,32,35,56,2
39,2,2,25,32,35,39,1
52,2,3,26,32,35,52,2
48,10,3,26,32,35,48,1
43,2,5,27,32,35,43,1
61,2,3,32,32,35,61,2
65,5,3,34,32,35,65,2
54,5,3,37,32,35,54,2
52,5,3,37,32,35,52,2
60,2,5,37,32,35,60,2
77,5,3,42,32,35,77,2
53,8,3,43,32,35,53,2
60,8,2,52,32,35,60,2
35,2,2,9,33,35,11,1
35,0,3,12,33,35,13,1
35,5,3,16,33,35,10,1
35,10,3,16,33,35,22,1
35,8,2,18,33,35,21,1
35,2,3,19,33,35,29,1
38,5,2,20,33,35,38,1
35,8,5,20,33,35,15,1
35,2,2,21,33,35,27,1
41,5,1,22,33,35,41,1
44,2,5,22,33,35,44,1
58,12,5,23,33,35,58,2
54,10,3,25,33,35,54,2
59,2,3,26,33,35,59,2
52,5,3,29,33,35,52,2
42,20,2,31,33,35,42,1
46,0,5,31,33,35,46,1
54,2,3,33,33,35,54,2
52,5,3,34,33,35,52,2
37,2,2,36,33,35,37,1
57,2,3,37,33,35,57,2
67,8,5,41,33,35,67,2
35,2,2,12,35,35,34,1
56,8,5,17,35,35,56,2
35,5,2,18,35,35,25,1
35,0,3,21,35,35,28,1
35,5,5,21,35,35,32,1
35,2,2,22,35,35,30,1
35,5,2,23,35,35,31,1
68,42,3,27,35,35,68,2
60,2,3,29,35,35,60,2
57,8,3,33,35,35,57,2
61,2,5,37,35,35,61,2
54,2,5,37,35,35,54,2
68,2,5,39,35,35,68,2
37,2,3,10,37,35,21,1
37,8,2,11,37,35,16,1
37,2,3,12,37,35,13,1
37,5,2,13,37,35,26,1
37,0,3,13,37,35,25,1
37,10,1,15,37,35,22,1
37,5,5,16,37,35,,1
37,5,2,18,37,35,35,1
37,2,3,18,37,35,23,1
37,5,3,18,37,35,19,1
41,5,5,22,37,35,41,1
38,8,3,27,37,35,38,1
61,12,3,29,37,35,61,2
55,5,5,30,37,35,55,2
50,8,5,32,37,35,50,1
45,2,6,32,37,35,45,1
49,2,3,33,37,35,49,1
38,2,3,9,38,35,6,1
38,5,1,11,38,35,23,1
39,12,2,17,38,35,39,1
38,2,5,17,38,35,29,1
38,2,5,18,38,35,26,1
38,8,3,20,38,35,23,1
74,2,7,31,38,35,74,2
63,2,5,37,38,35,63,2
57,35,5,39,38,35,57,2
55,5,5,43,38,35,55,2
95,2,5,55,38,35,95,2
40,2,3,13,40,35,21,1
40,2,5,15,40,35,26,1
40,2,3,17,40,35,31,1
40,2,3,18,40,35,23,1
40,2,3,19,40,35,34,1
46,10,3,25,40,35,46,1
49,5,2,27,40,35,49,1
48,10,3,31,40,35,48,1
56,42,3,31,40,35,56,2
41,5,3,32,40,35,41,1
62,18,8,34,40,35,62,2
84,5,5,43,40,35,84,2
82,5,6,46,40,35,82,2
42,2,3,15,42,35,31,1
42,2,3,17,42,35,25,1
42,10,5,17,42,35,30,1
42,2,3,18,42,35,35,1
42,8,3,18,42,35,34,1
42,5,5,19,42,35,40,1
42,2,3,24,42,35,28,1
49,8,3,25,42,35,49,1
47,5,5,26,42,35,47,1
45,5,6,31,42,35,45,1
56,0,5,32,42,35,56,2
73,2,7,36,42,35,73,2
43,10,3,15,43,35,29,1
45,10,5,15,43,35,45,1
53,0,3,22,43,35,53,2
53,28,3,24,43,35,53,2
43,5,6,24,43,35,43,1
49,2,3,25,43,35,49,1
52,5,5,30,43,35,52,2
58,2,5,31,43,35,58,2
43,8,5,31,43,35,43,1
75,5,6,48,43,35,75,2
45,2,3,11,45,35,18,1
45,2,5,14,45,35,19,1
45,2,5,16,45,35,21,1
45,5,5,24,45,35,30,1
48,5,6,26,45,35,48,1
45,2,5,28,45,35,43,1
51,5,3,33,45,35,51,2
45,2,5,41,45,35,44,1
67,2,7,44,45,35,67,2
47,5,5,15,47,35,36,1
47,8,6,15,47,35,20,1
47,2,3,17,47,35,37,1
47,8,1,21,47,35,40,1
47,2,3,21,47,35,31,1
47,5,3,23,47,35,42,1
47,0,5,24,47,35,31,1
47,2,5,27,47,35,38,1
51,8,6,27,47,35,51,2
78,2,6,38,47,35,78,2
80,5,6,40,47,35,80,2
79,5,6,41,47,35,79,2
79,5,5,47,47,35,79,2
74,10,5,47,47,35,74,2
72,72,3,50,47,35,70,2
48,2,5,19,48,35,36,1
48,12,6,22,48,35,31,1
48,2,6,25,48,35,45,1
48,5,3,26,48,35,46,1
66,5,3,37,48,35,66,2
60,2,3,40,48,35,60,2
95,8,6,50,48,35,95,2
50,25,7,14,50,35,33,1
67,5,2,31,50,35,67,2
55,10,6,36,50,35,55,2
55,5,3,45,50,35,55,2
82,8,5,51,50,35,82,2
80,5,6,54,50,35,80,2
111,5,5,71,50,35,111,3
53,2,6,22,51,35,53,2
85,18,6,66,51,35,85,2
52,2,3,18,52,35,24,2
52,2,3,22,52,35,33,2
52,12,9,22,52,35,47,2
52,2,3,23,52,35,32,2
59,8,3,27,52,35,59,2
62,2,6,28,52,35,62,2
75,5,5,42,52,35,75,2
53,0,3,19,53,35,23,2
67,8,3,34,53,35,67,2
76,5,6,38,53,35,76,2
67,2,7,38,53,35,67,2
79,5,6,40,53,35,79,2
54,2,6,6,54,35,18,2
54,2,7,23,54,35,32,2
54,2,7,27,54,35,32,2
54,2,7,29,54,35,48,2
55,2,6,22,55,35,34,2
55,2,7,23,55,35,34,2
55,5,5,25,55,35,31,2
55,2,6,25,55,35,49,2
78,5,6,40,55,35,78,2
76,5,6,49,55,35,76,2
56,10,5,19,56,35,46,2
56,2,6,23,56,35,41,2
56,5,6,25,56,35,42,2
57,5,5,23,57,35,34,2
61,2,8,27,57,35,61,2
57,2,6,28,57,35,53,2
57,10,6,33,57,35,57,2
58,5,8,35,57,35,58,2
57,2,6,36,57,35,42,2
58,5,6,20,58,35,37,2
58,5,7,24,58,35,44,2
64,40,6,36,58,35,64,2
58,2,10,37,58,35,53,2
59,2,6,14,59,35,27,2
82,8,8,39,62,35,82,2
70,5,10,39,62,35,70,2
77,5,8,43,62,35,77,2
66,10,7,44,63,35,66,2
64,5,10,34,64,35,63,2
74,8,6,43,64,35,74,2
81,2,16,50,64,35,81,2
66,8,7,18,66,35,43,2
74,5,12,40,68,35,74,2
85,5,23,49,78,35,85,2
36,2,1,7,0,36,,1
36,0,1,18,0,36,35,1
36,0,1,11,2,36,5,1
36,0,2,11,2,36,11,1
36,0,1,14,2,36,15,1
36,2,1,16,2,36,26,1
36,0,2,28,2,36,28,1
36,0,1,4,3,36,0,1
36,0,1,8,3,36,12,1
36,2,2,17,3,36,23,1
36,0,1,18,3,36,34,1
36,0,1,21,3,36,36,1
36,0,1,5,5,36,2,1
36,0,1,6,5,36,19,1
36,2,1,6,5,36,2,1
36,2,2,10,5,36,24,1
36,2,1,11,5,36,6,1
36,2,1,12,5,36,17,1
36,2,1,12,5,36,29,1
36,2,2,12,5,36,22,1
36,2,1,15,5,36,14,1
36,0,1,18,5,36,27,1
44,5,1,23,5,36,44,1
36,2,1,24,5,36,26,1
36,0,2,24,5,36,15,1
36,2,2,5,7,36,11,1
36,2,1,6,7,36,4,1
36,0,1,8,7,36,10,1
36,2,1,10,7,36,3,1
36,2,2,11,7,36,27,1
36,2,2,13,7,36,15,1
36,5,3,13,7,36,26,1
36,2,2,14,7,36,7,1
36,2,1,15,7,36,18,1
36,5,1,15,7,36,34,1
36,2,2,15,7,36,20,1
36,2,3,16,7,36,29,1
36,0,2,17,7,36,23,1
36,0,1,18,7,36,28,1
36,2,2,18,7,36,31,1
36,0,1,21,7,36,24,1
36,0,1,22,7,36,30,1
36,2,2,23,7,36,18,1
36,2,1,28,7,36,18,1
36,0,1,2,8,36,3,1
36,2,2,5,8,36,9,1
36,0,2,6,8,36,15,1
36,2,2,7,8,36,10,1
36,5,2,8,8,36,18,1
36,0,1,9,8,36,10,1
36,2,1,10,8,36,15,1
36,2,2,12,8,36,19,1
36,2,0,14,8,36,16,1
36,8,1,14,8,36,16,1
36,15,1,15,8,36,23,1
36,2,2,15,8,36,19,1
36,5,2,15,8,36,23,1
36,2,1,16,8,36,22,1
36,2,2,16,8,36,21,1
36,2,2,17,8,36,11,1
36,2,2,18,8,36,23,1
36,2,1,19,8,36,16,1
36,0,1,22,8,36,33,1
41,2,1,24,8,36,41,1
36,5,1,24,8,36,23,1
61,5,2,25,8,36,61,2
36,2,1,8,10,36,14,1
36,8,1,8,10,36,17,1
36,0,1,10,10,36,16,1
36,2,1,10,10,36,14,1
36,5,1,11,10,36,12,1
36,2,1,13,10,36,23,1
36,5,1,13,10,36,21,1
36,2,1,14,10,36,19,1
36,5,1,14,10,36,15,1
36,0,1,15,10,36,19,1
36,2,1,15,10,36,21,1
36,2,1,16,10,36,23,1
36,2,1,16,10,36,18,1
37,0,1,17,10,36,37,1
36,8,2,17,10,36,31,1
36,0,1,18,10,36,28,1
36,2,1,18,10,36,24,1
36,8,2,18,10,36,22,1
36,2,3,18,10,36,28,1
36,2,1,19,10,36,27,1
36,2,1,19,10,36,28,1
36,2,2,19,10,36,32,1
45,0,2,20,10,36,45,1
39,12,1,21,10,36,39,1
41,2,3,22,10,36,41,1
36,0,1,23,10,36,31,1
36,0,1,25,10,36,35,1
36,2,2,26,10,36,23,1
58,2,3,27,10,36,58,2
36,0,3,29,10,36,29,1
44,2,1,44,10,36,30,1
92,2,1,92,10,36,46,2
36,2,1,4,12,36,,1
36,18,1,5,12,36,9,1
36,0,1,7,12,36,7,1
36,2,1,7,12,36,7,1
36,2,1,7,12,36,10,1
36,8,1,8,12,36,10,1
36,2,2,9,12,36,6,1
36,2,2,9,12,36,13,1
36,0,2,10,12,36,25,1
36,0,2,10,12,36,21,1
36,2,2,10,12,36,19,1
36,2,3,10,12,36,21,1
36,5,1,11,12,36,31,1
36,2,1,12,12,36,16,1
36,2,2,12,12,36,19,1
36,2,3,12,12,36,11,1
36,5,1,13,12,36,15,1
36,18,1,13,12,36,16,1
36,2,2,13,12,36,23,1
36,2,2,14,12,36,9,1
36,2,1,15,12,36,13,1
36,2,1,15,12,36,21,1
36,0,1,16,12,36,32,1
36,2,1,16,12,36,24,1
36,8,1,17,12,36,32,1
36,2,2,18,12,36,22,1
42,2,1,19,12,36,42,1
36,2,1,19,12,36,33,1
36,2,2,20,12,36,23,1
51,5,5,20,12,36,51,2
36,2,1,21,12,36,26,1
36,2,1,21,12,36,26,1
36,0,3,23,12,36,26,1
52,2,3,23,12,36,52,2
39,0,2,24,12,36,39,1
52,5,3,26,12,36,52,2
77,5,2,35,12,36,77,2
85,2,5,41,12,36,85,2
36,0,1,4,13,36,6,1
36,2,3,8,13,36,12,1
36,2,2,9,13,36,15,1
36,2,2,9,13,36,18,1
36,2,1,11,13,36,12,1
36,2,3,12,13,36,26,1
36,2,2,13,13,36,17,1
36,2,1,16,13,36,36,1
36,2,2,17,13,36,26,1
36,2,2,18,13,36,25,1
36,2,2,18,13,36,23,1
36,2,1,19,13,36,27,1
36,0,2,20,13,36,34,1
38,2,2,21,13,36,38,1
45,8,1,23,13,36,45,1
46,2,2,23,13,36,46,1
40,2,2,23,13,36,40,1
36,5,2,25,13,36,25,1
69,5,5,26,13,36,69,2
42,2,1,27,13,36,42,1
36,5,1,29,13,36,22,1
40,5,1,30,13,36,40,1
36,2,2,30,13,36,36,1
36,2,2,32,13,36,35,1
36,2,3,5,15,36,6,1
36,2,2,6,15,36,8,1
36,5,3,8,15,36,20,1
36,2,1,10,15,36,10,1
36,2,1,11,15,36,15,1
36,2,1,12,15,36,25,1
36,2,2,12,15,36,12,1
36,2,1,14,15,36,14,1
36,2,1,14,15,36,19,1
36,5,1,14,15,36,17,1
36,5,1,14,15,36,21,1
36,2,1,15,15,36,15,1
36,2,1,15,15,36,36,1
36,2,2,15,15,36,36,1
36,8,3,15,15,36,24,1
36,2,1,16,15,36,17,1
45,5,2,19,15,36,45,1
42,0,1,21,15,36,42,1
36,5,2,21,15,36,32,1
36,10,3,22,15,36,20,1
36,5,2,23,15,36,18,1
36,2,1,24,15,36,32,1
36,5,2,28,15,36,36,1
36,2,1,29,15,36,36,1
56,5,3,40,15,36,56,2
127,2,6,62,15,36,127,3
74,2,2,74,15,36,30,2
36,0,1,13,17,36,5,1
36,2,1,13,17,36,15,1
36,2,1,13,17,36,21,1
36,2,1,13,17,36,31,1
37,0,2,14,17,36,37,1
36,2,2,14,17,36,24,1
36,10,2,14,17,36,26,1
36,2,2,15,17,36,21,1
36,5,2,15,17,36,23,1
36,2,2,16,17,36,24,1
36,2,3,17,17,36,18,1
36,2,1,18,17,36,23,1
36,2,2,19,17,36,31,1
37,2,3,20,17,36,37,1
36,0,3,21,17,36,33,1
36,0,2,22,17,36,26,1
37,2,3,22,17,36,37,1
36,2,2,23,17,36,18,1
36,12,1,25,17,36,21,1
36,2,3,25,17,36,26,1
43,5,3,28,17,36,43,1
49,5,2,29,17,36,49,1
36,5,2,30,17,36,31,1
67,2,2,31,17,36,67,2
36,0,2,33,17,36,32,1
45,2,3,34,17,36,45,1
36,5,1,36,17,36,28,1
69,8,2,36,17,36,69,2
38,2,2,38,17,36,36,1
55,5,2,39,17,36,55,2
40,5,5,40,17,36,34,1
64,8,2,41,17,36,64,2
76,0,2,42,17,36,76,2
36,0,2,8,18,36,12,1
36,2,2,9,18,36,13,1
36,5,2,10,18,36,14,1
36,0,5,11,18,36,24,1
36,0,1,14,18,36,15,1
36,2,1,14,18,36,25,1
36,2,2,14,18,36,16,1
39,5,2,14,18,36,39,1
36,2,1,15,18,36,28,1
36,2,1,15,18,36,32,1
36,5,2,15,18,36,31,1
36,8,2,15,18,36,22,1
36,2,2,16,18,36,25,1
36,0,3,16,18,36,25,1
36,2,3,16,18,36,30,1
36,2,3,16,18,36,23,1
36,2,2,17,18,36,23,1
36,5,2,17,18,36,19,1
36,2,1,18,18,36,19,1
36,2,2,18,18,36,36,1
36,2,2,18,18,36,27,1
36,2,1,20,18,36,25,1
40,2,2,20,18,36,40,1
43,2,2,22,18,36,43,1
36,2,1,25,18,36,24,1
36,2,3,25,18,36,25,1
62,2,3,40,18,36,62,2
84,5,3,84,18,36,79,2
36,5,1,7,20,36,14,1
36,2,2,7,20,36,12,1
36,2,1,8,20,36,27,1
36,0,2,8,20,36,9,1
36,8,2,10,20,36,36,1
36,2,2,11,20,36,15,1
36,8,2,11,20,36,20,1
36,10,2,11,20,36,16,1
36,5,1,12,20,36,23,1
36,5,1,13,20,36,14,1
36,5,2,14,20,36,15,1
36,5,2,15,20,36,10,1
36,5,1,16,20,36,20,1
36,0,2,16,20,36,30,1
36,2,2,16,20,36,31,1
36,5,1,17,20,36,25,1
36,2,2,17,20,36,23,1
36,2,2,18,20,36,19,1
39,2,2,19,20,36,39,1
36,2,5,19,20,36,35,1
43,2,2,21,20,36,43,1
36,5,2,22,20,36,25,1
36,5,2,23,20,36,33,1
40,8,2,23,20,36,40,1
37,2,3,23,20,36,37,1
48,5,2,24,20,36,48,1
36,2,3,24,20,36,27,1
36,2,1,27,20,36,27,1
43,8,2,27,20,36,43,1
36,10,2,28,20,36,25,1
55,0,3,30,20,36,55,2
36,2,3,32,20,36,19,1
89,5,1,34,20,36,89,2
53,8,5,34,20,36,53,2
72,10,3,37,20,36,72,2
51,5,3,39,20,36,51,2
44,8,2,44,20,36,19,1
36,0,3,9,22,36,21,1
36,0,2,10,22,36,14,1
36,2,1,11,22,36,16,1
36,2,2,12,22,36,26,1
36,0,2,14,22,36,17,1
36,0,2,15,22,36,28,1
36,2,2,16,22,36,13,1
36,2,3,16,22,36,27,1
36,2,3,16,22,36,23,1
36,2,1,17,22,36,33,1
36,2,2,18,22,36,34,1
36,8,2,20,22,36,27,1
36,2,2,22,22,36,32,1
36,8,3,22,22,36,36,1
36,2,2,25,22,36,31,1
38,0,2,28,22,36,38,1
54,10,3,28,22,36,54,2
54,2,2,29,22,36,54,2
59,5,6,32,22,36,59,2
52,2,2,33,22,36,52,2
87,10,2,36,22,36,87,2
63,2,3,39,22,36,63,2
84,2,6,45,22,36,84,2
76,5,3,49,22,36,76,2
50,10,2,50,22,36,40,1
36,2,2,6,23,36,8,1
36,0,6,6,23,36,19,1
36,2,2,9,23,36,22,1
36,5,2,9,23,36,23,1
36,2,2,12,23,36,18,1
36,2,3,12,23,36,23,1
36,5,1,14,23,36,25,1
36,2,2,14,23,36,21,1
36,2,3,14,23,36,27,1
36,5,1,15,23,36,16,1
36,2,3,15,23,36,22,1
36,2,3,16,23,36,20,1
36,2,1,17,23,36,29,1
36,5,1,17,23,36,19,1
38,5,3,19,23,36,38,1
36,5,2,20,23,36,27,1
47,2,3,23,23,36,47,1
36,2,2,24,23,36,29,1
36,2,3,24,23,36,28,1
45,2,5,24,23,36,45,1
36,5,2,25,23,36,31,1
52,8,2,25,23,36,52,2
45,2,3,27,23,36,45,1
70,5,2,29,23,36,70,2
64,5,2,31,23,36,64,2
58,2,2,33,23,36,58,2
82,5,2,36,23,36,82,2
54,5,2,36,23,36,54,2
59,8,2,37,23,36,59,2
79,10,5,53,23,36,79,2
84,5,3,58,23,36,84,2
36,2,3,11,25,36,24,1
36,0,2,13,25,36,21,1
36,2,3,13,25,36,23,1
36,5,3,13,25,36,33,1
36,2,3,14,25,36,22,1
36,5,3,15,25,36,25,1
36,5,1,16,25,36,35,1
36,8,3,16,25,36,25,1
36,2,2,17,25,36,18,1
36,5,2,17,25,36,28,1
36,2,1,20,25,36,22,1
36,2,3,20,25,36,31,1
36,2,3,20,25,36,24,1
37,0,2,21,25,36,37,1
36,2,3,22,25,36,31,1
60,2,3,23,25,36,60,2
60,5,2,24,25,36,60,2
50,5,3,25,25,36,50,1
53,5,5,25,25,36,53,2
36,2,3,26,25,36,27,1
36,5,3,26,25,36,35,1
54,5,5,26,25,36,54,2
37,12,2,27,25,36,37,1
71,2,2,31,25,36,71,2
70,2,3,36,25,36,70,2
55,5,3,37,25,36,55,2
66,2,3,40,25,36,66,2
53,5,5,41,25,36,53,2
59,2,2,50,25,36,59,2
36,5,1,10,27,36,11,1
36,2,2,10,27,36,8,1
36,2,3,10,27,36,15,1
36,2,3,10,27,36,27,1
36,2,5,10,27,36,23,1
36,0,2,12,27,36,18,1
36,5,2,13,27,36,18,1
36,2,1,15,27,36,18,1
36,2,3,16,27,36,15,1
36,2,3,17,27,36,31,1
36,8,5,22,27,36,35,1
36,2,3,24,27,36,34,1
46,8,5,27,27,36,46,1
62,0,3,29,27,36,62,2
39,25,3,29,27,36,39,1
52,2,3,32,27,36,52,2
80,2,2,41,27,36,80,2
64,10,6,46,27,36,64,2
98,2,5,54,27,36,98,2
36,2,3,7,28,36,4,1
36,0,3,8,28,36,16,1
36,5,3,9,28,36,30,1
36,2,2,10,28,36,24,1
36,5,1,11,28,36,27,1
36,2,2,11,28,36,18,1
36,2,3,13,28,36,24,1
36,2,2,14,28,36,18,1
36,0,2,16,28,36,28,1
36,5,3,16,28,36,19,1
36,10,3,16,28,36,19,1
36,0,3,17,28,36,23,1
36,5,2,18,28,36,34,1
43,10,2,19,28,36,43,1
41,2,3,23,28,36,41,1
67,2,3,28,28,36,67,2
60,2,2,29,28,36,60,2
66,18,3,30,28,36,66,2
55,5,3,38,28,36,55,2
79,0,5,40,28,36,79,2
61,2,3,41,28,36,61,2
74,10,5,41,28,36,74,2
88,10,5,57,28,36,88,2
36,0,5,8,30,36,23,1
36,2,3,11,30,36,17,1
36,2,2,13,30,36,16,1
36,2,2,13,30,36,20,1
36,2,3,14,30,36,21,1
36,2,2,17,30,36,29,1
36,2,2,18,30,36,25,1
41,2,7,18,30,36,41,1
45,8,3,23,30,36,45,1
37,5,3,25,30,36,37,1
45,2,3,27,30,36,45,1
78,5,3,28,30,36,78,2
36,2,5,29,30,36,35,1
61,2,5,33,30,36,61,2
74,5,5,34,30,36,74,2
59,25,5,42,30,36,59,2
36,2,5,5,32,36,9,1
36,2,5,8,32,36,11,1
36,0,3,13,32,36,19,1
36,2,3,14,32,36,27,1
36,2,2,15,32,36,19,1
36,8,2,16,32,36,20,1
36,0,3,18,32,36,32,1
36,0,3,18,32,36,28,1
36,2,3,19,32,36,26,1
38,5,5,20,32,36,38,1
36,5,5,22,32,36,36,1
38,8,2,23,32,36,38,1
39,5,3,24,32,36,39,1
59,2,6,27,32,36,59,2
45,5,5,29,32,36,45,1
51,15,3,31,32,36,51,2
70,5,3,33,32,36,70,2
48,8,3,35,32,36,48,1
69,2,5,36,32,36,69,2
60,5,3,40,32,36,60,2
66,5,3,41,32,36,66,2
84,2,6,59,32,36,84,2
36,0,3,9,33,36,13,1
36,8,3,10,33,36,28,1
36,0,3,11,33,36,21,1
36,2,1,12,33,36,17,1
36,8,5,13,33,36,26,1
36,2,2,14,33,36,34,1
36,2,5,14,33,36,21,1
36,2,2,15,33,36,21,1
36,2,3,15,33,36,30,1
36,5,1,23,33,36,24,1
36,5,3,23,33,36,29,1
49,2,3,24,33,36,49,1
46,12,3,25,33,36,46,1
36,2,5,26,33,36,36,1
47,12,2,27,33,36,47,1
59,2,6,27,33,36,59,2
41,35,3,29,33,36,41,1
36,2,2,31,33,36,31,1
59,5,5,31,33,36,59,2
61,2,3,33,33,36,61,2
49,5,3,42,33,36,49,1
67,5,5,48,33,36,67,2
36,0,2,11,35,36,20,1
36,8,3,11,35,36,25,1
36,2,6,14,35,36,6,1
36,2,2,16,35,36,25,1
36,2,2,16,35,36,25,1
36,8,2,16,35,36,18,1
36,2,3,18,35,36,32,1
36,2,6,21,35,36,34,1
52,2,5,22,35,36,52,2
44,28,5,22,35,36,44,1
36,5,2,24,35,36,33,1
36,2,2,28,35,36,29,1
51,2,3,30,35,36,51,2
68,2,3,33,35,36,68,2
56,5,3,37,35,36,56,2
59,8,5,41,35,36,59,2
55,2,3,44,35,36,55,2
105,10,5,66,35,36,105,3
37,2,5,14,37,36,27,1
37,8,2,17,37,36,31,1
51,0,5,18,37,36,51,2
45,2,3,19,37,36,45,1
37,2,5,19,37,36,33,1
38,8,2,21,37,36,38,1
37,2,5,24,37,36,36,1
56,5,3,26,37,36,56,2
54,8,5,26,37,36,54,2
47,2,5,27,37,36,47,1
37,2,2,28,37,36,32,1
55,2,3,28,37,36,55,2
46,0,5,30,37,36,46,1
67,5,3,32,37,36,67,2
61,2,6,36,37,36,61,2
57,10,5,38,37,36,57,2
38,5,2,6,38,36,9,1
38,2,5,13,38,36,17,1
38,2,3,19,38,36,34,1
38,5,3,20,38,36,32,1
38,5,3,21,38,36,31,1
62,12,6,27,38,36,62,2
85,5,5,34,38,36,85,2
54,0,5,44,38,36,54,2
58,5,6,45,38,36,58,2
55,5,5,46,38,36,55,2
93,5,6,50,38,36,93,2
71,5,5,55,38,36,71,2
40,10,3,4,40,36,4,1
40,8,2,11,40,36,19,1
40,2,5,11,40,36,23,1
40,0,5,12,40,36,24,1
40,2,3,15,40,36,19,1
40,10,5,15,40,36,14,1
40,2,3,17,40,36,25,1
40,2,3,24,40,36,31,1
54,5,5,24,40,36,54,2
40,8,2,25,40,36,26,1
40,0,5,26,40,36,33,1
56,8,3,30,40,36,56,2
43,2,3,31,40,36,43,1
63,2,5,32,40,36,63,2
58,5,5,39,40,36,58,2
70,5,5,43,40,36,70,2
78,8,6,46,40,36,78,2
132,2,5,60,40,36,132,3
42,2,3,11,42,36,23,1
42,2,3,15,42,36,22,1
42,8,1,16,42,36,29,1
42,2,3,18,42,36,32,1
57,5,5,25,42,36,57,2
44,5,5,25,42,36,44,1
59,2,5,42,42,36,59,2
51,5,3,43,42,36,51,2
56,2,7,44,42,36,56,2
43,2,2,12,43,36,18,1
43,8,2,20,43,36,31,1
43,2,2,21,43,36,31,1
43,2,3,22,43,36,40,1
43,0,5,27,43,36,41,1
43,2,5,27,43,36,43,1
45,0,3,29,43,36,45,1
72,10,6,30,43,36,72,2
61,2,5,41,43,36,61,2
45,5,3,15,45,36,19,1
45,2,2,18,45,36,27,1
45,2,3,21,45,36,31,1
45,2,6,21,45,36,30,1
58,5,6,23,45,36,58,2
45,2,3,31,45,36,37,1
80,5,6,34,45,36,80,2
63,5,5,40,45,36,63,2
81,10,6,41,45,36,81,2
47,8,3,20,47,36,29,1
47,2,5,20,47,36,33,1
47,8,3,27,47,36,46,1
55,2,6,29,47,36,55,2
53,2,5,31,47,36,53,2
93,5,6,48,47,36,93,2
48,2,3,13,48,36,23,1
48,5,6,14,48,36,37,1
48,5,6,18,48,36,18,1
48,5,3,22,48,36,31,1
48,8,2,23,48,36,46,1
48,2,6,25,48,36,45,1
48,5,2,26,48,36,37,1
51,5,7,28,48,36,51,2
48,8,3,29,48,36,28,1
77,5,6,31,48,36,77,2
61,2,3,37,48,36,61,2
60,8,5,60,48,36,59,2
50,2,6,22,50,36,42,1
50,5,6,25,50,36,37,1
76,25,6,34,50,36,76,2
62,5,6,38,50,36,62,2
91,5,6,45,50,36,91,2
51,10,3,16,51,36,23,2
51,2,6,19,51,36,26,2
51,8,3,21,51,36,40,2
51,2,6,24,51,36,50,2
51,12,7,25,51,36,42,2
51,5,3,33,51,36,37,2
52,5,5,18,52,36,40,2
52,2,3,19,52,36,18,2
52,8,3,21,52,36,33,2
52,0,6,21,52,36,37,2
52,25,3,22,52,36,28,2
52,8,7,23,52,36,51,2
69,5,7,33,52,36,69,2
72,2,7,35,52,36,72,2
70,8,8,38,52,36,70,2
97,20,5,56,52,36,97,2
108,15,5,57,52,36,108,3
53,5,3,14,53,36,20,2
53,5,5,18,53,36,26,2
53,2,6,18,53,36,27,2
53,2,8,20,53,36,28,2
53,2,6,22,53,36,26,2
63,5,7,31,53,36,63,2
53,5,7,35,53,36,41,2
54,2,5,16,54,36,30,2
54,5,6,19,54,36,42,2
54,2,8,19,54,36,30,2
54,5,5,20,54,36,28,2
54,10,5,21,54,36,39,2
54,2,7,25,54,36,44,2
67,10,6,26,54,36,67,2
82,8,6,39,54,36,82,2
55,8,7,16,55,36,52,2
61,8,6,27,55,36,61,2
55,2,3,30,55,36,54,2
79,5,7,32,55,36,79,2
66,2,7,37,55,36,66,2
56,2,3,32,56,36,52,2
57,2,7,18,57,36,45,2
57,2,7,28,57,36,54,2
58,5,5,20,58,36,29,2
59,8,5,22,59,36,30,2
59,2,10,27,59,36,57,2
60,8,7,21,60,36,51,2
60,0,9,22,60,36,54,2
60,5,6,30,60,36,49,2
71,5,9,33,60,36,71,2
60,2,9,48,60,36,54,2
63,15,7,38,63,36,54,2
63,25,5,53,63,36,63,2
69,5,9,64,63,36,69,2
65,5,14,34,65,36,65,2
66,2,9,37,66,36,64,2
72,2,14,45,69,36,72,2
82,2,11,41,72,36,82,2
76,2,8,47,72,36,76,2
37,2,1,8,0,37,11,1
37,0,2,14,0,37,21,1
37,0,1,2,2,37,1,1
37,2,1,3,2,37,17,1
37,0,1,11,2,37,5,1
37,2,1,11,2,37,13,1
37,0,1,15,2,37,18,1
37,8,1,16,2,37,30,1
37,0,1,18,2,37,17,1
37,0,1,32,2,37,21,1
37,2,1,32,2,37,36,1
37,2,0,5,3,37,6,1
37,2,2,8,3,37,5,1
37,2,0,9,3,37,4,1
37,0,0,15,3,37,2,1
37,0,2,15,3,37,24,1
37,2,1,16,3,37,30,1
37,0,1,28,3,37,26,1
37,0,1,30,3,37,31,1
50,2,1,50,3,37,28,1
37,2,2,4,5,37,19,1
37,0,1,7,5,37,9,1
37,2,0,11,5,37,10,1
37,5,1,12,5,37,12,1
37,2,3,13,5,37,24,1
37,2,1,14,5,37,32,1
37,2,1,17,5,37,31,1
41,0,2,21,5,37,41,1
70,0,3,70,5,37,17,2
37,2,2,0,7,37,10,1
37,2,3,4,7,37,13,1
37,5,3,11,7,37,20,1
37,2,1,12,7,37,13,1
37,2,0,13,7,37,13,1
37,2,3,13,7,37,36,1
37,2,0,14,7,37,15,1
37,0,2,14,7,37,10,1
37,2,2,14,7,37,21,1
37,2,1,15,7,37,20,1
37,0,1,17,7,37,22,1
37,2,1,17,7,37,13,1
37,2,1,17,7,37,13,1
37,0,1,18,7,37,19,1
37,2,2,18,7,37,22,1
37,5,1,20,7,37,11,1
37,2,0,22,7,37,37,1
37,0,1,22,7,37,31,1
38,0,1,23,7,37,38,1
37,2,1,23,7,37,11,1
37,2,1,24,7,37,37,1
37,2,1,32,7,37,14,1
63,2,2,63,7,37,52,2
37,2,1,1,8,37,2,1
37,0,1,2,8,37,4,1
37,2,2,5,8,37,14,1
37,2,2,9,8,37,10,1
37,2,1,10,8,37,25,1
37,0,2,11,8,37,11,1
37,2,2,12,8,37,9,1
37,2,1,13,8,37,30,1
37,2,1,14,8,37,25,1
37,2,1,14,8,37,18,1
37,2,2,14,8,37,26,1
37,2,1,15,8,37,28,1
37,8,1,15,8,37,31,1
37,2,2,15,8,37,19,1
37,0,1,16,8,37,20,1
37,5,1,17,8,37,21,1
37,8,2,17,8,37,34,1
37,5,1,18,8,37,25,1
37,0,1,19,8,37,19,1
37,2,1,19,8,37,20,1
37,0,1,22,8,37,23,1
40,2,2,24,8,37,40,1
37,0,1,25,8,37,31,1
37,2,1,25,8,37,25,1
50,0,1,26,8,37,50,1
37,5,1,30,8,37,22,1
37,2,2,33,8,37,31,1
54,2,1,34,8,37,54,2
37,2,1,8,10,37,9,1
37,2,1,9,10,37,8,1
37,5,1,9,10,37,22,1
37,2,1,10,10,37,9,1
37,5,1,10,10,37,21,1
37,5,1,10,10,37,25,1
37,5,2,11,10,37,13,1
37,2,3,11,10,37,19,1
37,2,1,13,10,37,17,1
37,2,1,13,10,37,17,1
37,2,2,13,10,37,21,1
37,5,1,14,10,37,21,1
37,2,3,16,10,37,25,1
37,2,1,17,10,37,25,1
37,2,1,17,10,37,27,1
37,5,2,17,10,37,15,1
37,0,3,17,10,37,15,1
37,2,1,22,10,37,37,1
37,2,1,23,10,37,23,1
37,2,2,23,10,37,31,1
37,2,2,23,10,37,28,1
37,2,1,25,10,37,25,1
48,2,3,27,10,37,48,1
37,2,2,28,10,37,24,1
51,2,2,32,10,37,51,2
37,2,2,2,12,37,8,1
37,2,2,4,12,37,12,1
37,2,2,4,12,37,7,1
37,2,1,5,12,37,15,1
37,2,1,7,12,37,15,1
37,2,2,7,12,37,9,1
37,2,3,8,12,37,10,1
37,5,1,9,12,37,19,1
37,2,2,9,12,37,15,1
37,2,5,9,12,37,19,1
37,5,1,10,12,37,34,1
37,5,1,10,12,37,19,1
37,2,2,10,12,37,11,1
37,2,1,12,12,37,26,1
37,2,1,12,12,37,17,1
37,2,1,13,12,37,9,1
37,2,1,13,12,37,17,1
37,5,2,13,12,37,12,1
37,2,1,14,12,37,20,1
37,2,1,14,12,37,18,1
37,2,1,14,12,37,26,1
37,2,2,14,12,37,12,1
37,2,3,14,12,37,31,1
37,10,1,15,12,37,27,1
44,2,2,16,12,37,44,1
37,2,2,16,12,37,9,1
37,0,3,16,12,37,27,1
37,2,1,17,12,37,29,1
37,2,1,17,12,37,19,1
37,2,2,17,12,37,16,1
37,5,1,18,12,37,24,1
52,2,2,19,12,37,52,2
42,2,1,20,12,37,42,1
55,2,5,21,12,37,55,2
40,5,2,22,12,37,40,1
37,5,2,23,12,37,37,1
37,2,2,24,12,37,13,1
37,2,2,24,12,37,31,1
38,5,2,25,12,37,38,1
53,2,2,26,12,37,53,2
37,2,2,28,12,37,29,1
37,5,2,31,12,37,33,1
37,2,2,32,12,37,37,1
37,5,1,35,12,37,37,1
37,2,1,2,13,37,11,1
37,0,2,4,13,37,14,1
37,2,2,8,13,37,20,1
37,2,1,9,13,37,19,1
37,8,2,9,13,37,20,1
37,8,1,11,13,37,13,1
37,2,1,12,13,37,19,1
37,5,2,13,13,37,24,1
37,5,1,15,13,37,17,1
37,5,1,16,13,37,17,1
37,0,1,17,13,37,31,1
37,2,2,17,13,37,23,1
37,2,2,17,13,37,19,1
37,2,2,17,13,37,20,1
38,2,3,17,13,37,38,1
37,0,1,18,13,37,22,1
37,2,2,18,13,37,19,1
41,2,3,19,13,37,41,1
42,0,2,21,13,37,42,1
39,2,2,21,13,37,39,1
37,2,2,21,13,37,22,1
37,10,2,21,13,37,30,1
37,5,2,24,13,37,33,1
37,2,1,25,13,37,33,1
39,2,2,25,13,37,39,1
42,2,2,27,13,37,42,1
37,2,2,29,13,37,34,1
83,8,2,32,13,37,83,2
53,2,2,35,13,37,53,2
61,5,3,36,13,37,61,2
57,5,1,57,13,37,40,2
37,0,2,8,15,37,8,1
37,0,2,10,15,37,19,1
37,2,2,10,15,37,24,1
37,2,2,10,15,37,18,1
37,5,1,11,15,37,16,1
37,5,1,12,15,37,21,1
37,2,1,13,15,37,22,1
37,2,1,13,15,37,9,1
37,8,1,13,15,37,17,1
37,2,3,13,15,37,31,1
37,12,0,14,15,37,12,1
37,2,2,14,15,37,28,1
37,2,1,15,15,37,17,1
37,2,2,15,15,37,31,1
37,2,2,15,15,37,14,1
37,5,3,15,15,37,27,1
37,0,2,16,15,37,18,1
37,2,2,16,15,37,21,1
37,8,2,16,15,37,34,1
37,2,1,17,15,37,32,1
37,2,2,17,15,37,21,1
37,2,2,18,15,37,25,1
37,5,2,19,15,37,24,1
37,2,1,21,15,37,32,1
37,5,2,21,15,37,21,1
46,2,5,21,15,37,46,1
37,5,1,22,15,37,31,1
51,2,2,23,15,37,51,2
52,2,3,25,15,37,52,2
37,2,2,26,15,37,26,1
67,2,3,31,15,37,67,2
37,0,2,32,15,37,20,1
55,5,2,39,15,37,55,2
112,8,7,42,15,37,112,3
37,0,1,5,17,37,7,1
37,2,2,6,17,37,3,1
37,0,2,8,17,37,13,1
37,2,3,11,17,37,20,1
37,2,2,13,17,37,14,1
37,8,2,13,17,37,20,1
37,2,1,14,17,37,23,1
37,5,1,16,17,37,16,1
37,10,1,16,17,37,17,1
37,2,2,16,17,37,17,1
37,0,2,17,17,37,22,1
37,5,2,17,17,37,31,1
37,2,2,19,17,37,12,1
37,12,2,20,17,37,37,1
37,2,1,21,17,37,34,1
37,2,3,22,17,37,17,1
39,8,2,23,17,37,39,1
37,5,2,24,17,37,27,1
37,0,2,25,17,37,27,1
37,2,2,25,17,37,32,1
56,2,5,25,17,37,56,2
37,2,2,28,17,37,35,1
61,5,2,30,17,37,61,2
82,5,2,31,17,37,82,2
76,2,5,32,17,37,76,2
64,2,2,33,17,37,64,2
56,5,3,33,17,37,56,2
67,2,2,34,17,37,67,2
39,2,2,36,17,37,39,1
72,2,3,37,17,37,72,2
67,5,3,48,17,37,67,2
117,5,5,63,17,37,117,3
37,2,2,10,18,37,14,1
37,5,2,10,18,37,29,1
37,0,2,13,18,37,22,1
37,2,2,14,18,37,13,1
37,2,2,14,18,37,6,1
37,5,2,14,18,37,26,1
37,2,1,15,18,37,28,1
37,5,2,16,18,37,19,1
37,5,2,16,18,37,24,1
37,2,1,18,18,37,28,1
37,8,2,18,18,37,24,1
37,2,1,20,18,37,,1
61,2,5,20,18,37,61,2
37,0,1,21,18,37,33,1
37,5,2,21,18,37,29,1
37,8,2,23,18,37,27,1
40,2,2,24,18,37,40,1
37,2,2,27,18,37,22,1
53,5,2,31,18,37,53,2
60,2,2,34,18,37,60,2
83,5,2,37,18,37,83,2
57,2,3,37,18,37,57,2
43,5,2,38,18,37,43,1
66,5,3,44,18,37,66,2
55,8,3,46,18,37,55,2
37,2,2,5,20,37,16,1
37,2,1,9,20,37,18,1
37,2,1,10,20,37,20,1
37,2,3,10,20,37,31,1
37,10,3,10,20,37,30,1
37,2,1,11,20,37,23,1
37,2,2,11,20,37,19,1
37,5,3,12,20,37,24,1
39,2,3,14,20,37,39,1
37,8,5,14,20,37,24,1
37,2,3,15,20,37,27,1
37,0,2,16,20,37,16,1
37,2,2,16,20,37,25,1
37,10,2,16,20,37,18,1
37,10,2,17,20,37,26,1
37,2,3,17,20,37,21,1
44,2,5,17,20,37,44,1
41,2,2,18,20,37,41,1
37,0,2,19,20,37,28,1
37,2,2,19,20,37,18,1
37,5,2,19,20,37,23,1
37,2,3,21,20,37,33,1
47,2,2,22,20,37,47,1
38,2,2,22,20,37,38,1
37,2,2,22,20,37,33,1
37,5,2,23,20,37,35,1
60,2,3,23,20,37,60,2
37,2,2,24,20,37,27,1
58,2,2,25,20,37,58,2
39,2,2,27,20,37,39,1
42,5,2,29,20,37,42,1
43,8,2,29,20,37,43,1
43,8,2,29,20,37,43,1
53,8,5,30,20,37,53,2
53,5,1,32,20,37,53,2
61,2,2,33,20,37,61,2
49,5,2,35,20,37,49,1
37,2,3,35,20,37,24,1
64,5,3,35,20,37,64,2
74,10,1,36,20,37,74,2
50,2,5,37,20,37,50,1
47,2,3,38,20,37,47,1
57,8,2,43,20,37,57,2
44,5,3,44,20,37,24,1
59,5,3,55,20,37,59,2
37,2,5,8,22,37,31,1
37,0,3,10,22,37,35,1
37,2,2,13,22,37,19,1
37,2,2,13,22,37,21,1
37,2,2,13,22,37,17,1
37,5,1,14,22,37,35,1
37,2,2,14,22,37,17,1
37,2,1,15,22,37,29,1
37,2,2,15,22,37,24,1
37,2,3,15,22,37,36,1
37,2,2,16,22,37,21,1
47,5,2,17,22,37,47,1
37,5,2,18,22,37,27,1
39,10,2,18,22,37,39,1
37,20,3,18,22,37,27,1
37,2,2,19,22,37,33,1
37,5,2,20,22,37,27,1
37,8,2,20,22,37,33,1
40,2,3,20,22,37,40,1
37,10,2,21,22,37,32,1
37,10,3,21,22,37,31,1
37,8,2,22,22,37,31,1
37,2,1,23,22,37,34,1
37,8,1,23,22,37,25,1
37,2,2,23,22,37,36,1
58,2,2,24,22,37,58,2
71,5,5,24,22,37,71,2
37,2,2,26,22,37,32,1
40,5,2,27,22,37,40,1
37,5,2,27,22,37,36,1
38,0,5,28,22,37,38,1
76,2,6,32,22,37,76,2
57,8,3,33,22,37,57,2
60,2,3,35,22,37,60,2
64,5,2,36,22,37,64,2
58,5,3,38,22,37,58,2
85,2,5,40,22,37,85,2
58,8,5,45,22,37,58,2
55,8,3,55,22,37,50,2
37,2,2,3,23,37,4,1
37,8,3,9,23,37,24,1
37,2,1,10,23,37,17,1
37,5,2,13,23,37,22,1
37,2,5,15,23,37,30,1
37,5,2,16,23,37,25,1
37,5,1,17,23,37,14,1
37,2,2,17,23,37,18,1
37,2,5,17,23,37,37,1
37,2,2,18,23,37,34,1
37,5,3,18,23,37,19,1
37,8,2,20,23,37,30,1
37,2,3,22,23,37,23,1
44,2,7,23,23,37,44,1
51,8,2,24,23,37,51,2
62,5,2,25,23,37,62,2
42,2,2,27,23,37,42,1
63,2,3,29,23,37,63,2
67,5,3,32,23,37,67,2
52,2,5,33,23,37,52,2
57,10,3,35,23,37,57,2
58,2,3,36,23,37,58,2
64,5,3,37,23,37,64,2
64,5,3,41,23,37,64,2
43,5,3,43,23,37,33,1
68,2,3,48,23,37,68,2
85,8,6,52,23,37,85,2
113,2,5,59,23,37,113,3
37,5,2,3,25,37,16,1
37,0,3,7,25,37,15,1
37,2,2,14,25,37,24,1
37,2,3,14,25,37,18,1
37,2,1,15,25,37,18,1
37,0,3,15,25,37,36,1
37,5,2,16,25,37,21,1
37,2,2,17,25,37,28,1
39,5,3,18,25,37,39,1
37,2,6,18,25,37,32,1
37,5,2,19,25,37,36,1
37,2,2,20,25,37,25,1
37,8,2,20,25,37,28,1
37,2,3,22,25,37,30,1
37,2,3,24,25,37,25,1
42,2,5,25,25,37,42,1
55,18,2,27,25,37,55,2
43,5,1,28,25,37,43,1
66,2,6,28,25,37,66,2
59,2,2,29,25,37,59,2
62,5,2,29,25,37,62,2
75,2,3,29,25,37,75,2
40,10,2,35,25,37,40,1
66,10,3,38,25,37,66,2
46,5,5,38,25,37,46,1
69,5,5,41,25,37,69,2
57,8,2,46,25,37,57,2
76,2,6,57,25,37,76,2
37,2,1,3,27,37,9,1
37,2,3,4,27,37,11,1
37,0,5,5,27,37,10,1
37,2,2,9,27,37,,1
37,8,2,9,27,37,23,1
37,2,3,12,27,37,28,1
37,2,2,14,27,37,34,1
37,5,2,14,27,37,25,1
37,2,3,15,27,37,23,1
37,8,2,17,27,37,22,1
37,5,2,18,27,37,32,1
37,5,3,18,27,37,23,1
37,2,2,19,27,37,20,1
37,18,3,21,27,37,28,1
37,2,2,22,27,37,30,1
37,5,2,22,27,37,31,1
51,8,5,23,27,37,51,2
55,8,3,26,27,37,55,2
37,2,2,27,27,37,36,1
52,2,3,27,27,37,52,2
43,2,5,28,27,37,43,1
57,5,2,36,27,37,57,2
80,5,5,40,27,37,80,2
90,2,5,42,27,37,90,2
71,5,6,50,27,37,71,2
95,5,3,62,27,37,95,2
37,2,1,6,28,37,23,1
37,2,2,11,28,37,22,1
37,2,3,12,28,37,30,1
37,2,2,14,28,37,12,1
37,8,2,14,28,37,26,1
37,5,3,16,28,37,20,1
37,10,2,19,28,37,34,1
37,15,3,19,28,37,37,1
37,0,3,20,28,37,34,1
37,2,3,20,28,37,34,1
39,12,3,21,28,37,39,1
47,2,2,23,28,37,47,1
37,10,2,23,28,37,27,1
37,2,1,24,28,37,,1
37,8,2,24,28,37,30,1
37,2,3,24,28,37,36,1
37,2,3,25,28,37,25,1
50,5,3,26,28,37,50,1
58,5,3,27,28,37,58,2
52,5,3,28,28,37,52,2
66,8,3,34,28,37,66,2
58,8,3,38,28,37,58,2
82,2,3,42,28,37,82,2
37,2,2,9,30,37,8,1
37,2,3,14,30,37,30,1
37,2,3,14,30,37,22,1
37,2,2,15,30,37,29,1
37,0,2,16,30,37,21,1
38,2,5,17,30,37,38,1
37,2,5,17,30,37,24,1
37,2,3,18,30,37,22,1
37,5,3,19,30,37,23,1
37,2,2,20,30,37,19,1
37,5,2,20,30,37,25,1
37,2,2,22,30,37,25,1
45,2,3,22,30,37,45,1
50,2,2,26,30,37,50,1
46,2,2,26,30,37,46,1
57,5,3,26,30,37,57,2
41,2,5,28,30,37,41,1
65,2,3,30,30,37,65,2
41,5,2,34,30,37,41,1
65,32,3,34,30,37,65,2
71,2,5,37,30,37,71,2
74,5,3,38,30,37,74,2
77,8,5,38,30,37,77,2
61,5,6,38,30,37,61,2
74,5,3,44,30,37,74,2
92,5,5,50,30,37,92,2
37,5,2,10,32,37,16,1
37,12,2,14,32,37,10,1
37,2,2,15,32,37,31,1
37,0,5,15,32,37,28,1
37,2,3,16,32,37,16,1
37,2,5,17,32,37,29,1
37,2,2,18,32,37,28,1
37,12,5,18,32,37,23,1
37,2,3,21,32,37,13,1
52,2,7,21,32,37,52,2
52,5,3,22,32,37,52,2
48,5,3,22,32,37,48,1
48,0,3,23,32,37,48,1
37,5,5,23,32,37,30,1
37,0,2,24,32,37,37,1
38,2,2,25,32,37,38,1
57,2,2,26,32,37,57,2
39,2,5,27,32,37,39,1
60,2,3,29,32,37,60,2
41,2,3,31,32,37,41,1
63,2,5,32,32,37,63,2
75,10,6,38,32,37,75,2
64,8,2,48,32,37,64,2
75,5,5,48,32,37,75,2
96,8,6,59,32,37,96,2
85,5,6,60,32,37,85,2
37,0,3,10,33,37,13,1
37,5,2,12,33,37,18,1
37,2,2,13,33,37,29,1
37,2,3,15,33,37,20,1
37,2,5,15,33,37,31,1
37,2,2,16,33,37,29,1
37,8,2,18,33,37,28,1
38,2,5,19,33,37,38,1
57,2,5,20,33,37,57,2
37,5,5,20,33,37,26,1
37,2,5,21,33,37,22,1
37,2,2,22,33,37,32,1
63,2,3,24,33,37,63,2
49,2,5,24,33,37,49,1
46,2,3,25,33,37,46,1
37,2,3,26,33,37,26,1
37,5,3,27,33,37,37,1
51,2,5,30,33,37,51,2
37,2,2,32,33,37,29,1
73,8,5,42,33,37,73,2
62,8,3,49,33,37,62,2
64,12,5,53,33,37,64,2
37,2,5,12,35,37,23,1
37,5,2,13,35,37,29,1
37,2,5,15,35,37,23,1
37,10,3,16,35,37,27,1
37,2,5,17,35,37,34,1
37,2,5,25,35,37,31,1
53,2,3,26,35,37,53,2
59,5,5,31,35,37,59,2
44,2,3,32,35,37,44,1
54,5,3,32,35,37,54,2
70,2,5,36,35,37,70,2
55,2,5,39,35,37,55,2
74,2,3,41,35,37,74,2
57,5,3,42,35,37,57,2
64,8,6,42,35,37,64,2
37,2,2,15,37,37,29,1
37,2,5,15,37,37,31,1
37,2,3,18,37,37,36,1
37,8,3,18,37,37,31,1
37,8,3,19,37,37,34,1
38,5,2,26,37,37,38,1
55,10,5,26,37,37,55,2
69,2,5,35,37,37,69,2
47,10,3,36,37,37,47,1
66,2,5,38,37,37,66,2
78,12,2,41,37,37,78,2
38,5,2,6,38,37,6,1
38,2,2,14,38,37,22,1
38,5,2,17,38,37,23,1
38,10,3,17,38,37,26,1
38,2,5,17,38,37,30,1
41,2,5,19,38,37,41,1
38,5,3,20,38,37,23,1
41,5,6,20,38,37,41,1
38,2,5,23,38,37,34,1
46,2,3,26,38,37,46,1
54,0,6,26,38,37,54,2
46,2,5,27,38,37,46,1
38,5,3,29,38,37,35,1
56,8,5,29,38,37,56,2
57,5,2,30,38,37,57,2
54,10,3,30,38,37,54,2
84,2,6,44,38,37,84,2
77,2,3,45,38,37,77,2
81,5,3,46,38,37,81,2
102,12,6,68,38,37,102,3
40,2,5,9,40,37,25,1
40,2,5,14,40,37,16,1
40,8,2,19,40,37,36,1
40,2,3,20,40,37,32,1
40,0,5,23,40,37,29,1
40,5,2,24,40,37,28,1
53,8,7,26,40,37,53,2
56,2,6,31,40,37,56,2
49,5,7,33,40,37,49,1
71,12,5,34,40,37,71,2
52,2,5,35,40,37,52,2
61,8,3,37,40,37,61,2
84,0,6,37,40,37,84,2
75,30,6,47,40,37,75,2
76,5,3,51,40,37,76,2
103,10,6,54,40,37,103,3
80,8,6,55,40,37,80,2
42,2,5,17,42,37,32,1
44,5,3,18,42,37,44,1
42,5,5,18,42,37,28,1
42,2,6,18,42,37,29,1
42,2,6,20,42,37,29,1
42,8,6,22,42,37,40,1
42,2,2,30,42,37,31,1
69,2,5,30,42,37,69,2
53,5,5,31,42,37,53,2
42,5,2,33,42,37,38,1
68,42,5,34,42,37,68,2
58,5,3,42,42,37,58,2
77,5,3,54,42,37,77,2
43,0,3,1,43,37,19,1
43,2,5,11,43,37,25,1
43,2,5,17,43,37,39,1
53,53,2,19,43,37,39,2
43,2,5,19,43,37,32,1
43,2,5,21,43,37,42,1
52,0,6,24,43,37,52,2
43,2,5,25,43,37,28,1
54,2,5,33,43,37,54,2
61,5,5,34,43,37,61,2
74,8,3,35,43,37,74,2
55,2,2,43,43,37,55,2
45,5,3,13,45,37,20,1
45,8,3,13,45,37,28,1
45,8,2,19,45,37,33,1
45,2,5,20,45,37,35,1
47,5,1,22,45,37,47,1
45,2,2,23,45,37,42,1
45,2,5,23,45,37,43,1
59,10,3,37,45,37,59,2
59,15,6,41,45,37,59,2
47,2,5,15,47,37,25,1
47,2,5,17,47,37,22,1
47,2,5,22,47,37,39,1
47,2,2,24,47,37,21,1
56,8,5,29,47,37,56,2
84,5,6,52,47,37,84,2
48,2,2,18,48,37,31,1
48,5,3,18,48,37,38,1
48,2,3,21,48,37,32,1
48,2,3,24,48,37,37,1
48,5,5,25,48,37,37,1
59,5,5,40,48,37,59,2
77,8,7,41,48,37,77,2
84,2,5,45,48,37,84,2
101,2,6,49,48,37,101,3
50,2,3,8,50,37,15,1
50,2,6,15,50,37,28,1
50,5,7,22,50,37,39,1
50,8,3,23,50,37,34,1
50,8,6,24,50,37,33,1
50,0,5,25,50,37,38,1
50,10,3,30,50,37,44,1
53,5,5,30,50,37,53,2
51,5,6,14,51,37,22,2
51,15,3,27,51,37,49,2
62,2,6,31,51,37,62,2
94,2,6,58,51,37,94,2
52,2,6,12,52,37,21,2
52,5,7,18,52,37,48,2
52,5,5,20,52,37,21,2
52,12,6,21,52,37,33,2
61,5,9,25,52,37,61,2
59,10,6,26,52,37,59,2
55,0,5,27,52,37,55,2
61,28,7,27,52,37,61,2
63,8,7,28,52,37,63,2
52,5,3,29,52,37,49,2
60,18,6,29,52,37,60,2
69,8,5,32,52,37,69,2
64,8,6,32,52,37,64,2
66,2,7,35,52,37,66,2
86,2,7,42,52,37,86,2
88,5,5,50,52,37,88,2
53,5,5,24,53,37,40,2
63,5,6,40,53,37,63,2
54,5,6,19,54,37,36,2
54,5,5,25,54,37,38,2
58,0,5,29,54,37,58,2
66,2,6,45,54,37,66,2
55,0,5,22,55,37,51,2
57,2,6,29,55,37,57,2
55,8,3,30,55,37,45,2
62,2,5,35,55,37,62,2
73,2,6,35,55,37,73,2
64,2,6,36,55,37,64,2
67,8,5,47,55,37,67,2
56,2,5,20,56,37,41,2
66,5,7,36,56,37,66,2
74,5,8,44,56,37,74,2
95,8,7,54,56,37,95,2
57,2,7,17,57,37,19,2
57,2,6,22,57,37,31,2
57,2,7,22,57,37,40,2
57,2,8,22,57,37,37,2
122,12,7,74,57,37,122,3
70,10,6,51,58,37,70,2
59,2,7,25,59,37,43,2
61,2,8,28,61,37,49,2
70,18,6,54,61,37,70,2
74,5,8,36,62,37,74,2
95,12,7,52,62,37,95,2
63,8,7,38,63,37,61,2
98,8,8,67,63,37,98,2
67,12,8,32,67,37,58,2
77,8,5,55,67,37,77,2
69,8,12,37,69,37,69,2
70,22,9,19,70,37,45,2
76,2,9,54,72,37,76,2
74,2,16,41,74,37,72,2
38,2,0,8,0,38,11,1
38,0,1,15,0,38,19,1
38,2,2,20,0,38,21,1
38,2,1,2,2,38,0,1
38,2,1,4,2,38,7,1
38,2,2,6,2,38,7,1
38,2,1,7,2,38,12,1
38,2,1,8,2,38,12,1
38,2,2,8,2,38,8,1
38,2,2,9,2,38,12,1
38,2,1,10,2,38,14,1
38,0,1,20,2,38,28,1
38,0,1,20,2,38,34,1
44,2,1,44,2,38,35,1
38,2,2,2,3,38,2,1
38,2,5,2,3,38,9,1
38,2,3,3,3,38,10,1
38,0,1,6,3,38,6,1
38,0,2,9,3,38,11,1
38,0,2,10,3,38,7,1
38,2,3,10,3,38,21,1
38,0,1,12,3,38,6,1
38,10,1,13,3,38,10,1
38,0,2,11,5,38,18,1
38,2,1,12,5,38,14,1
38,2,2,14,5,38,19,1
38,2,1,15,5,38,4,1
38,5,1,19,5,38,27,1
38,2,1,34,5,38,31,1
39,0,1,39,5,38,20,1
39,2,2,39,5,38,28,1
38,2,2,13,7,38,12,1
38,8,1,15,7,38,16,1
38,0,1,16,7,38,31,1
38,2,1,16,7,38,9,1
38,2,1,16,7,38,23,1
38,2,2,16,7,38,33,1
38,2,1,24,7,38,38,1
108,2,2,108,7,38,53,3
38,2,1,2,8,38,3,1
38,5,2,5,8,38,16,1
38,2,3,6,8,38,25,1
38,0,1,8,8,38,13,1
38,2,2,9,8,38,10,1
38,2,2,9,8,38,2,1
38,5,5,9,8,38,38,1
38,2,1,12,8,38,7,1
38,8,1,13,8,38,18,1
38,2,2,13,8,38,21,1
38,2,1,17,8,38,22,1
38,2,1,17,8,38,22,1
38,0,2,17,8,38,25,1
38,2,0,19,8,38,22,1
38,2,0,19,8,38,27,1
38,2,1,19,8,38,31,1
38,2,1,20,8,38,28,1
38,2,2,20,8,38,31,1
38,5,1,21,8,38,27,1
38,2,3,22,8,38,31,1
38,0,0,24,8,38,35,1
38,2,3,24,8,38,33,1
38,2,2,31,8,38,32,1
38,2,1,2,10,38,6,1
38,2,2,3,10,38,9,1
38,2,2,4,10,38,3,1
38,2,2,5,10,38,17,1
38,2,2,7,10,38,2,1
38,2,3,7,10,38,3,1
38,5,3,8,10,38,17,1
38,30,1,10,10,38,21,1
38,2,2,12,10,38,19,1
38,2,1,13,10,38,15,1
38,5,1,13,10,38,16,1
38,5,2,13,10,38,16,1
38,2,1,14,10,38,27,1
38,0,2,14,10,38,12,1
38,2,2,14,10,38,20,1
38,2,1,15,10,38,19,1
38,5,1,17,10,38,23,1
38,2,3,17,10,38,26,1
38,2,1,18,10,38,20,1
38,5,1,20,10,38,24,1
38,2,2,20,10,38,21,1
38,2,3,21,10,38,35,1
38,2,1,22,10,38,38,1
40,2,3,22,10,38,40,1
38,2,2,24,10,38,20,1
40,2,1,25,10,38,40,1
38,2,1,25,10,38,30,1
51,2,2,28,10,38,51,2
82,15,1,34,10,38,82,2
38,0,3,3,12,38,20,1
38,5,1,7,12,38,9,1
38,2,5,7,12,38,15,1
38,0,2,10,12,38,12,1
38,0,1,13,12,38,20,1
38,2,1,13,12,38,19,1
38,0,3,13,12,38,20,1
38,8,1,14,12,38,20,1
38,10,1,14,12,38,19,1
38,2,2,14,12,38,13,1
38,2,2,16,12,38,24,1
38,2,2,16,12,38,30,1
38,2,2,16,12,38,33,1
38,5,1,17,12,38,25,1
38,2,2,17,12,38,27,1
38,5,2,17,12,38,28,1
38,5,1,18,12,38,19,1
38,2,1,19,12,38,26,1
38,5,1,19,12,38,25,1
38,0,2,19,12,38,36,1
38,2,2,19,12,38,19,1
38,2,1,20,12,38,20,1
42,10,1,20,12,38,42,1
48,2,1,21,12,38,48,1
42,5,2,21,12,38,42,1
49,2,2,23,12,38,49,1
48,2,2,25,12,38,48,1
46,2,2,29,12,38,46,1
38,2,1,32,12,38,28,1
38,5,1,32,12,38,33,1
38,5,1,32,12,38,27,1
57,2,3,38,12,38,57,2
61,2,3,41,12,38,61,2
38,2,2,8,13,38,18,1
38,20,2,10,13,38,21,1
38,0,1,11,13,38,28,1
38,2,1,12,13,38,10,1
38,2,1,13,13,38,21,1
38,5,1,13,13,38,26,1
38,10,1,14,13,38,11,1
38,2,2,14,13,38,32,1
38,2,1,15,13,38,33,1
38,5,1,15,13,38,10,1
38,2,2,15,13,38,21,1
38,0,3,15,13,38,24,1
38,2,3,15,13,38,9,1
38,2,2,16,13,38,31,1
56,2,3,20,13,38,56,2
38,2,2,21,13,38,33,1
41,5,1,22,13,38,41,1
38,0,2,22,13,38,26,1
38,2,5,22,13,38,34,1
38,5,1,23,13,38,34,1
46,5,2,29,13,38,46,1
77,12,1,34,13,38,77,2
44,2,2,34,13,38,44,1
49,2,2,36,13,38,49,1
55,0,3,44,13,38,55,2
38,10,2,8,15,38,14,1
38,0,2,9,15,38,6,1
38,2,2,9,15,38,23,1
38,5,2,9,15,38,27,1
38,2,2,10,15,38,24,1
38,2,1,12,15,38,11,1
38,2,1,12,15,38,20,1
38,2,2,14,15,38,16,1
38,2,2,14,15,38,16,1
38,5,1,15,15,38,23,1
38,2,1,16,15,38,15,1
38,2,2,16,15,38,28,1
38,8,2,17,15,38,19,1
38,5,2,18,15,38,20,1
38,2,1,19,15,38,32,1
38,5,1,19,15,38,33,1
49,2,2,19,15,38,49,1
38,0,2,20,15,38,30,1
38,5,3,20,15,38,26,1
38,5,2,21,15,38,25,1
38,2,3,23,15,38,35,1
44,0,3,25,15,38,44,1
61,2,2,26,15,38,61,2
40,8,2,26,15,38,40,1
52,0,5,26,15,38,52,2
49,0,2,28,15,38,49,1
61,2,3,28,15,38,61,2
55,2,2,31,15,38,55,2
46,2,1,33,15,38,46,1
49,5,2,33,15,38,49,1
74,2,2,35,15,38,74,2
38,5,2,35,15,38,35,1
46,5,3,35,15,38,46,1
76,8,2,42,15,38,76,2
60,2,2,45,15,38,60,2
45,5,3,45,15,38,29,1
38,2,3,3,17,38,13,1
38,2,1,6,17,38,10,1
38,5,5,9,17,38,19,1
38,0,2,10,17,38,16,1
38,2,2,10,17,38,36,1
38,5,1,11,17,38,18,1
38,2,2,11,17,38,12,1
38,5,2,11,17,38,12,1
38,5,1,12,17,38,9,1
38,2,2,12,17,38,28,1
38,8,1,13,17,38,26,1
38,5,2,13,17,38,20,1
38,5,2,13,17,38,22,1
38,2,1,15,17,38,24,1
38,2,2,16,17,38,23,1
41,5,2,16,17,38,41,1
38,5,2,16,17,38,19,1
38,5,1,17,17,38,21,1
38,12,2,17,17,38,17,1
38,5,2,18,17,38,11,1
38,0,3,18,17,38,35,1
38,2,1,19,17,38,32,1
38,2,1,19,17,38,27,1
38,2,2,20,17,38,35,1
38,2,2,21,17,38,21,1
38,5,2,21,17,38,28,1
49,8,2,21,17,38,49,1
38,0,2,22,17,38,22,1
38,2,2,22,17,38,28,1
38,2,2,22,17,38,31,1
44,2,3,24,17,38,44,1
44,2,3,28,17,38,44,1
38,5,3,28,17,38,23,1
65,2,2,30,17,38,65,2
53,18,2,30,17,38,53,2
59,5,3,30,17,38,59,2
65,10,3,31,17,38,65,2
60,5,3,34,17,38,60,2
68,8,2,38,17,38,68,2
54,5,3,40,17,38,54,2
71,2,5,42,17,38,71,2
99,2,5,55,17,38,99,2
38,0,2,4,18,38,5,1
38,0,2,6,18,38,17,1
38,5,2,7,18,38,19,1
38,2,2,8,18,38,13,1
38,5,2,9,18,38,23,1
38,10,2,11,18,38,22,1
38,2,3,11,18,38,25,1
41,5,5,12,18,38,41,1
38,2,1,13,18,38,12,1
38,5,2,14,18,38,21,1
38,8,2,14,18,38,22,1
38,2,3,14,18,38,28,1
38,5,3,14,18,38,30,1
38,2,1,15,18,38,12,1
38,5,1,16,18,38,23,1
38,2,2,16,18,38,19,1
38,2,2,17,18,38,17,1
38,2,1,18,18,38,24,1
38,2,2,18,18,38,9,1
44,0,3,18,18,38,44,1
38,8,1,19,18,38,28,1
45,8,5,19,18,38,45,1
38,2,1,21,18,38,19,1
55,0,2,23,18,38,55,2
54,2,3,26,18,38,54,2
45,8,2,27,18,38,45,1
67,2,5,31,18,38,67,2
38,8,2,33,18,38,33,1
82,8,2,34,18,38,82,2
46,5,2,35,18,38,46,1
65,2,5,35,18,38,65,2
40,5,2,39,18,38,40,1
68,2,3,39,18,38,68,2
62,2,2,41,18,38,62,2
48,5,2,48,18,38,32,1
89,5,6,55,18,38,89,2
38,2,1,9,20,38,25,1
38,0,2,9,20,38,6,1
38,2,2,10,20,38,16,1
38,2,1,12,20,38,30,1
38,2,2,12,20,38,23,1
38,2,2,12,20,38,11,1
38,5,2,12,20,38,24,1
38,2,2,13,20,38,34,1
38,12,2,13,20,38,21,1
38,2,2,14,20,38,31,1
38,2,2,15,20,38,26,1
38,5,2,16,20,38,25,1
38,2,2,17,20,38,19,1
41,2,3,18,20,38,41,1
38,2,2,19,20,38,28,1
38,2,3,19,20,38,13,1
44,5,5,19,20,38,44,1
40,40,1,20,20,38,30,1
38,2,2,20,20,38,37,1
52,2,3,20,20,38,52,2
38,5,1,22,20,38,38,1
38,2,3,22,20,38,33,1
38,2,2,23,20,38,28,1
38,2,3,23,20,38,12,1
38,5,2,24,20,38,36,1
48,5,1,25,20,38,48,1
56,5,5,25,20,38,56,2
45,2,2,27,20,38,45,1
40,2,2,27,20,38,40,1
45,0,3,27,20,38,45,1
38,2,2,28,20,38,32,1
45,45,2,28,20,38,40,1
49,2,3,29,20,38,49,1
63,5,3,29,20,38,63,2
52,5,2,33,20,38,52,2
42,2,2,34,20,38,42,1
56,0,5,34,20,38,56,2
44,8,2,36,20,38,44,1
59,5,3,36,20,38,59,2
54,5,3,36,20,38,54,2
61,5,3,37,20,38,61,2
62,8,3,38,20,38,62,2
51,2,2,39,20,38,51,2
65,2,5,42,20,38,65,2
54,8,3,49,20,38,54,2
38,2,2,5,22,38,10,1
38,2,2,8,22,38,23,1
38,5,2,10,22,38,18,1
38,2,1,12,22,38,20,1
38,2,2,12,22,38,16,1
38,2,1,13,22,38,24,1
38,2,1,13,22,38,16,1
38,2,2,13,22,38,10,1
38,5,3,13,22,38,23,1
38,2,2,14,22,38,14,1
38,2,5,14,22,38,22,1
38,0,2,15,22,38,26,1
38,2,2,15,22,38,19,1
39,2,2,16,22,38,39,1
38,5,2,16,22,38,27,1
38,0,3,16,22,38,31,1
38,8,2,18,22,38,26,1
38,2,2,19,22,38,28,1
38,8,1,20,22,38,38,1
38,5,2,20,22,38,32,1
38,0,2,21,22,38,35,1
43,2,3,22,22,38,43,1
39,5,2,23,22,38,39,1
38,5,3,23,22,38,38,1
54,5,2,24,22,38,54,2
55,5,3,24,22,38,55,2
43,2,3,29,22,38,43,1
64,12,2,34,22,38,64,2
58,8,3,58,22,38,53,2
98,2,2,72,22,38,98,2
38,0,2,11,23,38,14,1
38,5,2,12,23,38,10,1
38,5,2,13,23,38,31,1
38,2,2,16,23,38,29,1
38,2,3,16,23,38,24,1
38,8,1,17,23,38,31,1
38,5,2,17,23,38,28,1
42,2,3,18,23,38,42,1
38,2,3,18,23,38,34,1
39,2,1,19,23,38,39,1
38,5,2,20,23,38,19,1
38,5,2,22,23,38,34,1
40,2,2,23,23,38,40,1
38,2,3,24,23,38,38,1
54,2,3,26,23,38,54,2
41,2,3,26,23,38,41,1
49,2,3,27,23,38,49,1
60,5,1,28,23,38,60,2
62,5,5,28,23,38,62,2
53,2,2,32,23,38,53,2
64,8,2,32,23,38,64,2
61,20,3,34,23,38,61,2
45,2,2,36,23,38,45,1
64,0,3,37,23,38,64,2
59,2,3,41,23,38,59,2
54,5,3,54,23,38,39,2
38,2,3,10,25,38,19,1
38,5,2,12,25,38,34,1
38,8,3,12,25,38,20,1
38,2,2,14,25,38,33,1
38,5,2,14,25,38,16,1
38,2,5,14,25,38,28,1
38,2,2,15,25,38,31,1
38,5,3,18,25,38,37,1
38,5,3,19,25,38,37,1
38,2,2,20,25,38,31,1
41,15,2,21,25,38,41,1
39,2,3,22,25,38,39,1
59,0,3,23,25,38,59,2
53,2,3,24,25,38,53,2
56,5,3,24,25,38,56,2
54,2,2,25,25,38,54,2
44,8,3,27,25,38,44,1
44,2,3,28,25,38,44,1
73,2,3,41,25,38,73,2
46,5,5,42,25,38,46,1
65,5,3,44,25,38,65,2
95,2,6,47,25,38,95,2
106,5,5,67,25,38,106,3
38,2,2,7,27,38,21,1
38,2,3,10,27,38,11,1
38,2,3,13,27,38,21,1
38,2,3,13,27,38,20,1
38,2,2,14,27,38,22,1
38,5,2,15,27,38,31,1
38,5,2,17,27,38,15,1
38,2,3,17,27,38,33,1
38,20,2,18,27,38,35,1
38,5,3,18,27,38,35,1
44,5,2,24,27,38,44,1
40,8,1,25,27,38,40,1
38,5,2,26,27,38,38,1
38,2,3,26,27,38,31,1
57,2,5,27,27,38,57,2
50,2,5,29,27,38,50,1
57,5,3,31,27,38,57,2
59,2,5,31,27,38,59,2
54,5,2,37,27,38,54,2
55,5,3,37,27,38,55,2
57,2,3,57,27,38,44,2
38,0,2,4,28,38,6,1
38,2,2,8,28,38,17,1
38,2,2,10,28,38,24,1
38,10,2,10,28,38,16,1
38,5,1,12,28,38,26,1
38,20,2,14,28,38,29,1
44,5,3,16,28,38,44,1
38,2,3,18,28,38,19,1
47,2,3,19,28,38,47,1
38,2,2,20,28,38,26,1
38,2,2,21,28,38,24,1
38,0,5,21,28,38,34,1
60,5,5,22,28,38,60,2
56,2,5,23,28,38,56,2
38,5,2,24,28,38,33,1
38,5,3,24,28,38,27,1
38,8,2,25,28,38,30,1
49,2,3,29,28,38,49,1
57,0,3,31,28,38,57,2
55,2,3,35,28,38,55,2
61,2,5,35,28,38,61,2
73,22,3,36,28,38,73,2
69,10,6,49,28,38,69,2
38,2,3,4,30,38,8,1
38,2,3,6,30,38,17,1
38,2,3,15,30,38,24,1
38,8,2,16,30,38,31,1
38,2,3,16,30,38,35,1
38,5,2,17,30,38,26,1
38,8,3,17,30,38,19,1
38,2,3,18,30,38,20,1
38,5,2,19,30,38,23,1
38,10,3,19,30,38,28,1
46,5,1,20,30,38,46,1
38,5,3,20,30,38,33,1
38,2,2,21,30,38,23,1
38,5,3,21,30,38,23,1
38,2,2,22,30,38,25,1
45,2,3,23,30,38,45,1
38,5,3,23,30,38,33,1
61,2,3,30,30,38,61,2
48,2,3,30,30,38,48,1
38,8,2,35,30,38,36,1
61,10,3,35,30,38,61,2
56,10,2,36,30,38,56,2
58,5,5,36,30,38,58,2
42,5,3,37,30,38,42,1
61,5,5,37,30,38,61,2
76,5,5,46,30,38,76,2
38,0,3,3,32,38,8,1
38,20,2,16,32,38,28,1
38,2,3,18,32,38,31,1
38,10,2,19,32,38,30,1
57,5,3,24,32,38,57,2
38,2,3,25,32,38,24,1
64,2,7,25,32,38,64,2
38,2,2,27,32,38,31,1
44,2,3,28,32,38,44,1
63,5,2,29,32,38,63,2
61,2,5,29,32,38,61,2
55,2,5,32,32,38,55,2
61,0,6,35,32,38,61,2
53,5,2,36,32,38,53,2
78,8,5,48,32,38,78,2
38,5,5,11,33,38,35,1
44,2,5,13,33,38,44,1
38,2,3,14,33,38,29,1
38,2,3,17,33,38,12,1
38,2,3,17,33,38,36,1
38,5,2,19,33,38,20,1
38,2,3,19,33,38,36,1
38,2,3,20,33,38,34,1
53,5,5,31,33,38,53,2
46,0,3,32,33,38,46,1
58,8,3,32,33,38,58,2
72,5,3,36,33,38,72,2
52,8,5,37,33,38,52,2
66,5,5,39,33,38,66,2
78,25,5,40,33,38,78,2
114,8,3,74,33,38,114,3
38,2,3,9,35,38,22,1
38,5,5,14,35,38,25,1
38,15,3,17,35,38,20,1
38,5,2,19,35,38,23,1
42,0,3,21,35,38,42,1
38,2,3,22,35,38,31,1
60,2,6,23,35,38,60,2
40,5,6,24,35,38,40,1
50,2,3,25,35,38,50,1
56,56,2,27,35,38,33,2
50,2,3,34,35,38,50,1
63,2,5,34,35,38,63,2
59,25,3,40,35,38,59,2
105,8,5,57,35,38,105,3
38,2,3,10,37,38,16,1
38,2,5,10,37,38,15,1
38,2,2,13,37,38,24,1
38,0,3,17,37,38,31,1
42,2,5,18,37,38,42,1
38,5,2,20,37,38,35,1
38,0,5,22,37,38,29,1
38,2,2,23,37,38,28,1
38,8,3,23,37,38,33,1
40,2,6,24,37,38,40,1
38,2,5,26,37,38,,1
48,20,5,26,37,38,48,1
38,8,1,33,37,38,38,1
75,5,6,35,37,38,75,2
60,10,3,37,37,38,60,2
90,2,3,51,37,38,90,2
52,2,3,52,37,38,51,2
38,2,2,10,38,38,18,1
38,8,2,10,38,38,12,1
38,2,6,14,38,38,31,1
38,2,3,15,38,38,21,1
38,2,1,17,38,38,25,1
40,8,2,19,38,38,40,1
38,5,3,21,38,38,32,1
45,8,2,23,38,38,45,1
38,15,3,23,38,38,35,1
38,15,3,23,38,38,36,1
59,52,3,24,38,38,59,2
38,8,2,27,38,38,34,1
38,12,2,34,38,38,35,1
69,5,5,37,38,38,69,2
74,12,5,37,38,38,74,2
77,5,6,44,38,38,77,2
40,2,5,7,40,38,16,1
40,2,5,15,40,38,39,1
40,2,3,19,40,38,32,1
40,5,7,19,40,38,21,1
40,5,6,20,40,38,30,1
40,5,3,24,40,38,30,1
40,0,5,26,40,38,29,1
52,2,2,30,40,38,52,2
69,2,5,37,40,38,69,2
60,5,3,48,40,38,60,2
70,8,5,49,40,38,70,2
78,5,5,52,40,38,78,2
116,5,6,66,40,38,116,3
42,2,3,8,42,38,31,1
42,0,5,15,42,38,24,1
42,5,3,18,42,38,27,1
42,0,5,19,42,38,38,1
42,2,5,19,42,38,22,1
42,2,5,23,42,38,34,1
42,0,7,25,42,38,36,1
49,10,3,26,42,38,49,1
42,5,3,27,42,38,31,1
52,32,5,27,42,38,52,2
62,8,3,33,42,38,62,2
56,2,5,33,42,38,56,2
42,5,2,34,42,38,38,1
69,8,3,45,42,38,69,2
79,5,6,48,42,38,79,2
70,5,5,53,42,38,70,2
43,2,7,19,43,38,28,1
44,10,2,22,43,38,44,1
43,8,3,22,43,38,29,1
43,0,5,25,43,38,29,1
69,10,6,34,43,38,69,2
79,2,3,35,43,38,79,2
66,10,5,37,43,38,66,2
76,5,6,39,43,38,76,2
66,2,5,41,43,38,66,2
61,8,3,44,43,38,61,2
99,5,5,45,43,38,99,2
45,2,5,12,45,38,14,1
45,2,5,15,45,38,26,1
45,8,3,18,45,38,26,1
45,5,2,20,45,38,27,1
45,5,6,21,45,38,44,1
61,5,6,23,45,38,61,2
45,2,5,24,45,38,30,1
45,8,5,24,45,38,36,1
55,2,7,28,45,38,55,2
45,2,3,30,45,38,39,1
50,5,5,32,45,38,50,1
65,8,5,33,45,38,65,2
94,8,5,49,45,38,94,2
69,2,5,58,45,38,69,2
47,2,5,8,47,38,25,1
47,2,3,12,47,38,22,1
47,12,2,21,47,38,32,1
47,8,3,22,47,38,24,1
47,2,5,23,47,38,28,1
57,2,5,26,47,38,57,2
47,10,2,27,47,38,35,1
47,12,5,27,47,38,46,1
52,2,5,33,47,38,52,2
47,5,2,34,47,38,43,1
76,2,6,37,47,38,76,2
78,8,5,39,47,38,78,2
119,10,6,55,47,38,119,3
48,2,5,28,48,38,44,1
62,2,5,37,48,38,62,2
50,2,3,20,50,38,30,1
50,25,3,24,50,38,34,1
55,10,7,26,50,38,55,2
50,8,3,40,50,38,44,1
57,2,5,26,51,38,57,2
52,2,5,21,52,38,32,2
52,8,6,21,52,38,34,2
61,2,7,33,52,38,61,2
67,5,6,50,52,38,67,2
103,5,6,63,52,38,103,3
53,2,7,30,53,38,53,2
60,8,3,34,53,38,60,2
54,2,7,17,54,38,31,2
73,8,7,27,54,38,73,2
71,5,7,35,54,38,71,2
74,8,7,36,54,38,74,2
55,5,5,30,55,38,41,2
58,8,6,30,55,38,58,2
58,5,5,33,55,38,58,2
76,2,6,34,55,38,76,2
64,2,6,36,55,38,64,2
72,5,5,37,55,38,72,2
71,2,7,41,55,38,71,2
70,25,5,35,56,38,70,2
67,5,6,41,56,38,67,2
57,2,8,18,57,38,36,2
57,10,6,25,57,38,54,2
70,8,9,33,57,38,70,2
57,2,6,34,57,38,42,2
82,5,7,47,57,38,82,2
63,10,5,33,58,38,63,2
67,8,5,36,58,38,67,2
73,18,11,42,58,38,73,2
59,15,2,30,59,38,37,2
61,10,6,30,59,38,61,2
59,2,5,35,59,38,45,2
105,28,6,70,59,38,105,3
60,2,8,11,60,38,21,2
61,10,5,36,61,38,45,2
61,5,3,49,61,38,43,2
63,8,6,34,63,38,49,2
79,5,8,36,66,38,79,2
69,2,8,30,69,38,54,2
76,5,14,43,72,38,76,2
39,0,1,2,2,39,2,1
39,2,2,7,2,39,11,1
39,2,1,10,2,39,16,1
39,5,1,10,2,39,20,1
39,2,1,12,2,39,17,1
39,5,1,13,2,39,37,1
39,2,1,14,2,39,24,1
58,2,1,24,2,39,58,2
39,2,1,26,2,39,18,1
39,0,1,37,2,39,32,1
54,5,1,54,2,39,43,2
39,2,2,0,3,39,6,1
39,2,3,0,3,39,7,1
39,0,3,4,3,39,3,1
39,0,1,6,3,39,6,1
39,0,1,14,3,39,22,1
39,2,1,14,3,39,12,1
39,0,1,15,3,39,15,1
39,0,1,18,3,39,,1
43,2,1,23,3,39,43,1
39,2,2,3,5,39,20,1
39,8,1,11,5,39,6,1
39,2,1,17,5,39,16,1
39,5,1,17,5,39,11,1
39,0,1,18,5,39,20,1
39,5,1,18,5,39,24,1
39,2,2,19,5,39,15,1
39,2,1,20,5,39,16,1
39,2,1,23,5,39,13,1
56,0,2,48,5,39,56,2
102,2,2,102,5,39,23,3
39,2,1,6,7,39,8,1
39,0,2,8,7,39,20,1
39,2,2,8,7,39,14,1
39,0,1,9,7,39,9,1
39,2,2,10,7,39,38,1
39,2,2,10,7,39,18,1
39,0,2,16,7,39,18,1
39,0,1,17,7,39,18,1
39,2,1,18,7,39,26,1
39,5,3,18,7,39,37,1
39,2,2,20,7,39,38,1
39,5,2,20,7,39,22,1
39,0,1,21,7,39,19,1
39,0,2,21,7,39,23,1
39,2,2,22,7,39,31,1
46,2,3,22,7,39,46,1
46,2,1,23,7,39,46,1
39,2,1,24,7,39,22,1
58,2,3,26,7,39,58,2
39,0,1,27,7,39,22,1
47,5,3,47,7,39,39,1
53,2,1,53,7,39,29,2
39,2,2,2,8,39,3,1
39,0,1,6,8,39,14,1
39,2,3,10,8,39,17,1
39,0,1,11,8,39,4,1
39,0,1,13,8,39,10,1
39,2,1,13,8,39,13,1
39,2,1,14,8,39,20,1
39,2,2,14,8,39,28,1
39,5,1,16,8,39,34,1
39,2,1,17,8,39,21,1
39,5,1,17,8,39,23,1
39,2,2,17,8,39,29,1
39,2,1,18,8,39,25,1
39,0,2,18,8,39,15,1
39,8,2,19,8,39,31,1
39,0,1,20,8,39,36,1
39,2,1,23,8,39,7,1
39,5,1,23,8,39,31,1
39,5,1,25,8,39,36,1
39,0,2,25,8,39,15,1
39,2,3,25,8,39,23,1
39,8,3,25,8,39,23,1
41,2,2,27,8,39,41,1
39,2,2,28,8,39,26,1
39,2,2,30,8,39,32,1
53,2,2,31,8,39,53,2
73,2,2,32,8,39,73,2
73,0,3,36,8,39,73,2
39,2,1,2,10,39,5,1
39,2,2,5,10,39,5,1
39,2,2,6,10,39,15,1
39,2,1,7,10,39,8,1
39,0,1,8,10,39,20,1
39,2,1,10,10,39,21,1
39,5,1,12,10,39,17,1
39,0,2,13,10,39,28,1
39,2,2,13,10,39,10,1
39,2,2,14,10,39,10,1
39,2,1,15,10,39,14,1
39,0,2,15,10,39,6,1
39,8,1,16,10,39,19,1
39,5,2,16,10,39,15,1
39,12,2,16,10,39,17,1
39,2,1,17,10,39,19,1
40,8,1,17,10,39,40,1
39,2,2,17,10,39,16,1
39,2,2,19,10,39,19,1
39,2,2,21,10,39,31,1
39,2,2,21,10,39,19,1
39,0,2,22,10,39,36,1
39,0,2,22,10,39,23,1
39,2,2,22,10,39,37,1
58,2,3,23,10,39,58,2
39,2,2,25,10,39,28,1
39,0,2,27,10,39,25,1
63,5,2,27,10,39,63,2
42,2,2,42,10,39,23,1
48,0,1,48,10,39,23,1
39,0,2,10,12,39,12,1
39,5,1,11,12,39,25,1
39,0,1,12,12,39,17,1
39,5,1,12,12,39,16,1
39,2,1,13,12,39,21,1
39,8,1,13,12,39,16,1
39,2,1,14,12,39,23,1
39,2,1,14,12,39,15,1
39,2,2,14,12,39,32,1
39,2,2,15,12,39,17,1
39,2,2,15,12,39,22,1
39,2,1,16,12,39,24,1
39,2,1,17,12,39,25,1
39,5,1,17,12,39,35,1
39,2,2,17,12,39,30,1
51,2,3,17,12,39,51,2
39,2,2,18,12,39,29,1
39,2,2,18,12,39,10,1
39,2,2,19,12,39,29,1
39,10,1,20,12,39,21,1
39,0,2,21,12,39,29,1
39,0,3,21,12,39,28,1
51,2,3,23,12,39,51,2
39,5,2,24,12,39,29,1
39,2,1,28,12,39,31,1
63,2,3,39,12,39,63,2
59,2,3,42,12,39,59,2
39,5,2,10,13,39,17,1
39,2,1,11,13,39,18,1
39,8,1,11,13,39,7,1
39,0,2,11,13,39,24,1
39,5,2,11,13,39,28,1
39,5,1,12,13,39,20,1
39,5,1,12,13,39,17,1
39,2,2,12,13,39,26,1
39,5,2,13,13,39,34,1
39,2,3,13,13,39,22,1
39,5,1,14,13,39,27,1
39,12,1,14,13,39,25,1
39,5,2,14,13,39,31,1
39,0,1,15,13,39,14,1
39,8,1,15,13,39,19,1
39,0,2,15,13,39,19,1
39,2,3,16,13,39,6,1
39,2,5,16,13,39,38,1
49,2,5,17,13,39,49,1
39,2,1,18,13,39,28,1
39,5,1,18,13,39,30,1
48,2,2,18,13,39,48,1
39,2,1,19,13,39,19,1
39,2,1,19,13,39,28,1
39,8,1,20,13,39,36,1
39,2,1,21,13,39,39,1
39,8,2,21,13,39,27,1
41,8,1,23,13,39,41,1
39,5,2,23,13,39,39,1
39,5,2,23,13,39,30,1
39,2,1,24,13,39,28,1
48,2,2,24,13,39,48,1
55,2,2,26,13,39,55,2
74,2,5,34,13,39,74,2
46,2,2,41,13,39,46,1
64,5,3,52,13,39,64,2
39,2,2,5,15,39,6,1
39,2,1,8,15,39,16,1
39,2,1,9,15,39,12,1
39,2,2,9,15,39,19,1
39,2,2,10,15,39,18,1
39,10,2,11,15,39,16,1
39,2,2,12,15,39,30,1
39,5,2,12,15,39,25,1
39,0,2,14,15,39,20,1
39,2,2,14,15,39,21,1
39,10,1,15,15,39,29,1
39,2,2,15,15,39,19,1
39,5,1,16,15,39,36,1
39,2,2,16,15,39,30,1
39,2,2,16,15,39,16,1
39,2,2,17,15,39,27,1
39,8,2,17,15,39,18,1
39,5,3,17,15,39,28,1
39,0,2,18,15,39,35,1
39,2,2,18,15,39,37,1
39,2,2,18,15,39,22,1
39,20,3,18,15,39,30,1
39,0,1,19,15,39,6,1
39,2,1,19,15,39,23,1
39,8,2,19,15,39,38,1
48,2,2,20,15,39,48,1
39,2,2,20,15,39,31,1
39,2,2,20,15,39,31,1
39,5,1,21,15,39,30,1
41,2,2,22,15,39,41,1
51,2,1,24,15,39,51,2
39,2,2,25,15,39,38,1
39,5,0,26,15,39,21,1
55,5,3,26,15,39,55,2
39,5,1,29,15,39,29,1
48,2,2,31,15,39,48,1
69,2,3,32,15,39,69,2
39,2,2,34,15,39,27,1
61,8,3,37,15,39,61,2
75,10,2,39,15,39,75,2
92,0,5,44,15,39,92,2
92,18,3,48,15,39,92,2
39,0,2,2,17,39,4,1
39,5,2,9,17,39,14,1
39,5,2,11,17,39,16,1
39,2,3,11,17,39,35,1
39,5,5,11,17,39,37,1
39,2,2,13,17,39,25,1
39,2,2,15,17,39,23,1
39,0,2,16,17,39,32,1
39,5,3,16,17,39,26,1
39,0,2,17,17,39,24,1
39,5,2,18,17,39,25,1
39,2,1,20,17,39,29,1
39,5,2,20,17,39,36,1
51,5,1,21,17,39,51,2
39,5,2,21,17,39,38,1
61,2,6,21,17,39,61,2
39,2,2,24,17,39,29,1
39,8,2,24,17,39,38,1
41,5,2,26,17,39,41,1
39,0,2,27,17,39,30,1
49,12,3,27,17,39,49,1
53,10,3,29,17,39,53,2
79,15,2,35,17,39,79,2
39,0,2,39,17,39,19,1
88,2,3,40,17,39,88,2
42,8,1,42,17,39,39,1
66,5,2,44,17,39,66,2
65,5,3,45,17,39,65,2
64,5,2,53,17,39,64,2
67,2,2,54,17,39,67,2
39,0,2,8,18,39,9,1
39,0,3,9,18,39,,1
39,2,2,12,18,39,16,1
39,10,2,12,18,39,5,1
39,2,1,14,18,39,17,1
39,2,2,14,18,39,36,1
39,5,2,14,18,39,24,1
39,8,2,15,18,39,14,1
39,2,1,18,18,39,19,1
39,2,2,18,18,39,35,1
39,2,2,18,18,39,19,1
39,0,3,18,18,39,27,1
39,2,3,18,18,39,29,1
39,2,3,19,18,39,38,1
39,2,1,20,18,39,23,1
39,2,2,20,18,39,27,1
39,5,2,20,18,39,35,1
39,2,1,21,18,39,23,1
45,0,3,21,18,39,45,1
39,2,2,24,18,39,28,1
39,5,2,24,18,39,28,1
63,2,6,25,18,39,63,2
53,5,3,26,18,39,53,2
47,0,5,27,18,39,47,1
39,2,2,30,18,39,38,1
55,5,3,31,18,39,55,2
39,8,2,33,18,39,31,1
57,2,3,33,18,39,57,2
56,5,2,36,18,39,56,2
63,10,1,38,18,39,63,2
39,0,3,38,18,39,32,1
84,15,2,41,18,39,84,2
46,0,3,46,18,39,28,1
74,8,2,48,18,39,74,2
39,2,3,5,20,39,9,1
39,2,2,10,20,39,18,1
39,2,2,12,20,39,21,1
39,2,2,13,20,39,19,1
39,2,2,16,20,39,20,1
39,2,2,16,20,39,26,1
44,2,2,17,20,39,44,1
39,2,2,17,20,39,22,1
39,0,2,20,20,39,10,1
54,2,3,20,20,39,54,2
39,2,2,22,20,39,36,1
39,5,3,22,20,39,23,1
39,2,3,23,20,39,28,1
39,0,2,24,20,39,27,1
62,5,2,28,20,39,62,2
65,12,1,29,20,39,65,2
54,2,5,36,20,39,54,2
72,5,2,38,20,39,72,2
99,2,5,45,20,39,99,2
55,5,2,46,20,39,55,2
105,5,6,105,20,39,104,3
39,2,3,6,22,39,20,1
39,2,2,7,22,39,13,1
39,5,2,10,22,39,9,1
39,2,1,12,22,39,27,1
39,2,3,12,22,39,24,1
39,0,3,14,22,39,26,1
39,2,1,15,22,39,20,1
39,5,2,15,22,39,14,1
39,2,3,15,22,39,20,1
39,0,2,16,22,39,20,1
39,2,3,17,22,39,33,1
39,5,2,19,22,39,36,1
39,2,3,19,22,39,34,1
39,0,2,20,22,39,33,1
39,2,2,20,22,39,30,1
39,2,2,20,22,39,30,1
39,2,3,20,22,39,26,1
43,5,3,21,22,39,43,1
39,5,2,22,22,39,24,1
39,2,3,22,22,39,36,1
47,2,2,23,22,39,47,1
69,0,6,23,22,39,69,2
39,2,5,24,22,39,31,1
55,5,2,25,22,39,55,2
39,10,2,25,22,39,39,1
39,2,2,26,22,39,38,1
39,2,2,29,22,39,36,1
68,2,3,30,22,39,68,2
87,5,2,35,22,39,87,2
44,5,2,36,22,39,44,1
52,10,5,39,22,39,52,2
56,5,3,40,22,39,56,2
96,2,5,41,22,39,96,2
68,2,3,45,22,39,68,2
66,2,3,45,22,39,66,2
84,2,5,45,22,39,84,2
48,5,3,48,22,39,40,1
84,5,1,55,22,39,84,2
39,2,2,6,23,39,13,1
39,5,5,8,23,39,31,1
39,5,2,12,23,39,14,1
39,0,5,12,23,39,30,1
39,2,2,13,23,39,20,1
39,2,2,13,23,39,39,1
39,0,5,13,23,39,31,1
39,0,2,14,23,39,18,1
39,2,2,14,23,39,19,1
39,2,2,18,23,39,22,1
39,2,3,18,23,39,36,1
39,5,2,19,23,39,32,1
39,2,3,19,23,39,28,1
39,5,2,20,23,39,29,1
39,8,2,20,23,39,38,1
39,0,2,21,23,39,29,1
39,2,3,21,23,39,19,1
39,2,2,22,23,39,34,1
44,2,3,23,23,39,44,1
39,12,1,25,23,39,32,1
57,5,3,26,23,39,57,2
39,2,2,29,23,39,29,1
61,5,2,34,23,39,61,2
57,15,2,34,23,39,57,2
72,5,3,41,23,39,72,2
66,10,5,46,23,39,66,2
103,2,5,70,23,39,103,3
39,2,1,13,25,39,12,1
39,8,2,16,25,39,19,1
39,8,2,17,25,39,31,1
39,5,2,18,25,39,23,1
43,0,3,21,25,39,43,1
39,5,2,22,25,39,26,1
39,5,1,23,25,39,33,1
52,2,5,23,25,39,52,2
56,2,3,25,25,39,56,2
48,2,5,25,25,39,48,1
45,2,2,26,25,39,45,1
45,5,5,26,25,39,45,1
61,61,2,27,25,39,41,2
39,2,6,27,25,39,29,1
39,5,2,30,25,39,37,1
54,5,5,33,25,39,54,2
45,5,5,35,25,39,45,1
39,2,3,39,25,39,38,1
42,5,2,40,25,39,42,1
65,2,3,40,25,39,65,2
66,5,3,46,25,39,66,2
68,12,3,50,25,39,68,2
39,5,2,12,27,39,31,1
39,2,3,13,27,39,19,1
39,5,2,14,27,39,17,1
39,8,1,15,27,39,22,1
39,2,3,15,27,39,32,1
39,2,3,16,27,39,16,1
39,2,2,17,27,39,29,1
56,5,3,17,27,39,56,2
39,5,2,18,27,39,27,1
39,8,3,19,27,39,24,1
39,2,3,20,27,39,25,1
48,5,2,21,27,39,48,1
39,2,3,21,27,39,20,1
39,2,2,22,27,39,36,1
39,5,3,22,27,39,30,1
45,5,2,25,27,39,45,1
41,2,3,26,27,39,41,1
65,2,7,26,27,39,65,2
43,5,2,28,27,39,43,1
50,2,3,28,27,39,50,1
45,2,3,28,27,39,45,1
39,2,3,30,27,39,38,1
79,2,2,33,27,39,79,2
60,5,3,33,27,39,60,2
76,5,7,33,27,39,76,2
81,2,5,43,27,39,81,2
45,5,2,45,27,39,35,1
71,5,3,49,27,39,71,2
83,5,5,56,27,39,83,2
72,2,3,58,27,39,72,2
39,2,3,7,28,39,17,1
39,2,2,12,28,39,27,1
39,5,3,15,28,39,31,1
39,2,5,15,28,39,28,1
39,2,2,19,28,39,35,1
39,8,2,19,28,39,24,1
39,2,3,20,28,39,25,1
39,2,2,24,28,39,28,1
39,2,3,24,28,39,33,1
39,2,2,25,28,39,34,1
52,5,2,25,28,39,52,2
55,5,3,26,28,39,55,2
63,2,7,26,28,39,63,2
39,0,2,29,28,39,33,1
39,5,2,29,28,39,37,1
39,8,3,29,28,39,30,1
44,2,3,30,28,39,44,1
68,2,2,36,28,39,68,2
67,8,5,37,28,39,67,2
95,2,6,37,28,39,95,2
39,2,3,10,30,39,14,1
39,8,3,16,30,39,23,1
39,5,2,17,30,39,27,1
39,5,2,18,30,39,28,1
40,8,3,18,30,39,40,1
39,2,3,21,30,39,24,1
39,2,3,21,30,39,38,1
54,5,5,21,30,39,54,2
39,2,3,22,30,39,39,1
53,20,5,22,30,39,53,2
54,5,2,24,30,39,54,2
39,12,3,24,30,39,27,1
58,2,3,26,30,39,58,2
44,5,3,26,30,39,44,1
39,5,3,26,30,39,33,1
39,5,2,28,30,39,32,1
71,2,2,29,30,39,71,2
60,12,3,32,30,39,60,2
39,2,2,34,30,39,38,1
54,5,1,35,30,39,54,2
71,2,5,35,30,39,71,2
45,25,5,41,30,39,45,1
45,5,10,42,30,39,45,1
77,22,5,45,30,39,77,2
68,10,6,45,30,39,68,2
75,5,3,49,30,39,75,2
42,0,3,7,32,39,42,1
39,2,2,8,32,39,7,1
39,2,5,12,32,39,23,1
39,2,3,18,32,39,39,1
39,0,3,19,32,39,27,1
39,5,3,20,32,39,31,1
39,2,2,25,32,39,37,1
39,2,3,25,32,39,36,1
39,0,5,26,32,39,33,1
39,2,3,27,32,39,35,1
48,5,3,27,32,39,48,1
49,20,6,27,32,39,49,1
49,8,2,28,32,39,49,1
47,0,3,37,32,39,47,1
63,2,5,41,32,39,63,2
85,5,5,46,32,39,85,2
68,2,3,48,32,39,68,2
99,2,5,67,32,39,99,2
39,2,3,10,33,39,18,1
39,2,3,15,33,39,31,1
39,2,3,19,33,39,32,1
41,2,3,20,33,39,41,1
39,8,1,21,33,39,22,1
45,2,5,23,33,39,45,1
39,5,2,25,33,39,31,1
64,12,6,36,33,39,64,2
58,8,3,45,33,39,58,2
39,2,5,11,35,39,20,1
39,2,2,15,35,39,20,1
39,5,2,15,35,39,22,1
39,5,3,17,35,39,31,1
39,5,6,18,35,39,26,1
39,5,3,19,35,39,29,1
56,2,5,21,35,39,56,2
39,2,5,22,35,39,39,1
39,5,2,23,35,39,35,1
64,2,6,23,35,39,64,2
42,2,5,25,35,39,42,1
55,0,3,26,35,39,55,2
40,15,3,27,35,39,40,1
49,0,5,27,35,39,49,1
66,2,8,27,35,39,66,2
48,2,3,28,35,39,48,1
46,8,3,30,35,39,46,1
52,8,3,33,35,39,52,2
67,2,5,34,35,39,67,2
66,8,7,52,35,39,66,2
77,8,5,55,35,39,77,2
39,2,3,9,37,39,35,1
39,2,3,22,37,39,29,1
39,5,2,24,37,39,34,1
39,5,3,24,37,39,36,1
40,2,5,24,37,39,40,1
57,2,5,25,37,39,57,2
55,8,3,27,37,39,55,2
54,2,6,28,37,39,54,2
74,5,5,35,37,39,74,2
58,2,3,36,37,39,58,2
75,5,6,37,37,39,75,2
61,2,5,44,37,39,61,2
91,2,6,45,37,39,91,2
99,5,5,62,37,39,99,2
39,2,3,19,38,39,23,1
39,2,3,24,38,39,33,1
39,2,1,26,38,39,26,1
39,2,2,26,38,39,34,1
55,2,3,27,38,39,55,2
39,22,2,28,38,39,36,1
66,5,5,28,38,39,66,2
57,5,5,28,38,39,57,2
39,2,5,29,38,39,39,1
43,8,2,36,38,39,43,1
92,0,7,42,38,39,92,2
74,8,5,45,38,39,74,2
93,5,6,46,38,39,93,2
68,8,3,51,38,39,68,2
82,8,5,57,38,39,82,2
40,5,3,11,40,39,20,1
40,2,5,13,40,39,31,1
40,2,2,14,40,39,24,1
40,0,3,18,40,39,26,1
40,5,3,19,40,39,31,1
40,2,5,19,40,39,29,1
40,0,2,20,40,39,24,1
40,10,5,23,40,39,39,1
51,5,3,30,40,39,51,2
50,5,3,31,40,39,50,1
54,2,3,32,40,39,54,2
46,5,3,32,40,39,46,1
48,8,2,35,40,39,48,1
68,10,3,35,40,39,68,2
61,2,5,35,40,39,61,2
52,2,5,36,40,39,52,2
76,5,5,40,40,39,76,2
55,8,5,46,40,39,55,2
42,2,2,10,42,39,13,1
42,10,5,12,42,39,24,1
42,2,3,13,42,39,31,1
42,2,3,13,42,39,20,1
42,8,3,13,42,39,20,1
42,2,5,18,42,39,31,1
42,8,5,25,42,39,38,1
53,5,6,26,42,39,53,2
48,5,5,27,42,39,48,1
42,8,2,28,42,39,32,1
55,2,6,29,42,39,55,2
42,2,3,30,42,39,40,1
65,15,6,47,42,39,65,2
43,5,3,12,43,39,30,1
43,5,2,16,43,39,28,1
43,2,6,21,43,39,33,1
46,2,3,22,43,39,46,1
43,15,3,22,43,39,32,1
43,2,5,22,43,39,25,1
43,5,5,23,43,39,33,1
49,2,5,27,43,39,49,1
64,8,3,40,43,39,64,2
78,5,3,63,43,39,78,2
45,8,2,20,45,39,37,1
45,5,3,20,45,39,35,1
45,8,3,24,45,39,42,1
45,2,5,26,45,39,31,1
89,5,6,64,45,39,89,2
47,2,3,9,47,39,27,1
47,2,6,20,47,39,44,1
47,5,3,22,47,39,18,1
47,2,3,23,47,39,44,1
47,2,3,24,47,39,44,1
62,5,7,33,47,39,62,2
89,10,6,48,47,39,89,2
54,8,2,49,47,39,54,2
82,8,5,63,47,39,82,2
48,5,2,16,48,39,31,1
48,5,2,18,48,39,29,1
48,8,3,20,48,39,29,1
56,2,6,31,48,39,56,2
50,2,5,8,50,39,7,1
50,12,5,16,50,39,30,1
50,2,6,22,50,39,31,1
56,2,5,23,50,39,56,2
67,10,7,33,50,39,67,2
67,2,6,38,50,39,67,2
84,10,6,43,50,39,84,2
74,5,5,51,50,39,74,2
79,12,6,52,50,39,79,2
51,5,5,17,51,39,26,2
51,5,2,19,51,39,34,2
51,2,2,21,51,39,44,2
58,2,6,26,51,39,58,2
51,2,3,30,51,39,31,2
51,8,1,34,51,39,38,2
63,8,3,35,51,39,63,2
58,5,6,37,51,39,58,2
54,5,2,38,51,39,54,2
52,0,2,11,52,39,13,2
52,2,5,19,52,39,24,2
52,12,6,23,52,39,31,2
58,5,5,30,52,39,58,2
64,2,8,30,52,39,64,2
64,8,3,35,52,39,64,2
71,8,5,45,52,39,71,2
56,2,6,23,53,39,56,2
55,5,3,36,53,39,55,2
72,2,3,62,53,39,72,2
54,12,3,21,54,39,35,2
54,2,5,22,54,39,44,2
60,18,2,38,54,39,60,2
74,2,5,43,54,39,74,2
73,5,5,46,54,39,73,2
88,10,7,54,54,39,88,2
55,2,6,9,55,39,17,2
55,2,5,12,55,39,33,2
55,2,7,13,55,39,22,2
55,5,5,15,55,39,25,2
55,18,5,27,55,39,43,2
55,8,6,27,55,39,55,2
55,5,5,32,55,39,48,2
67,0,8,34,55,39,67,2
70,8,5,38,55,39,70,2
87,8,11,44,55,39,87,2
81,5,6,46,55,39,81,2
69,5,7,48,55,39,69,2
88,10,7,51,55,39,88,2
71,8,5,52,55,39,71,2
96,5,3,53,55,39,96,2
56,2,7,16,56,39,27,2
61,8,12,28,56,39,61,2
75,12,7,33,56,39,75,2
66,5,6,38,56,39,66,2
85,8,9,42,56,39,85,2
71,5,8,49,56,39,71,2
57,2,7,18,57,39,46,2
57,0,5,24,57,39,33,2
57,5,7,28,57,39,51,2
72,5,7,31,57,39,72,2
57,2,6,37,57,39,57,2
74,2,6,39,57,39,74,2
66,15,9,36,59,39,66,2
60,8,5,18,60,39,32,2
60,5,6,31,60,39,53,2
68,10,8,36,60,39,68,2
66,2,6,42,60,39,66,2
89,5,8,53,60,39,89,2
61,5,7,21,61,39,40,2
61,8,6,34,61,39,59,2
62,2,10,29,62,39,46,2
67,5,5,35,62,39,67,2
63,2,9,22,63,39,52,2
63,10,5,28,63,39,46,2
40,0,1,4,0,40,1,1
55,0,1,55,0,40,50,2
40,2,1,1,2,40,4,1
40,0,1,2,2,40,3,1
40,0,1,6,2,40,,1
40,2,1,6,2,40,12,1
40,0,3,6,2,40,10,1
40,2,3,8,2,40,11,1
40,2,1,10,2,40,16,1
40,2,1,11,2,40,19,1
40,0,1,14,2,40,23,1
40,2,3,5,3,40,10,1
40,2,2,8,3,40,11,1
40,0,1,23,3,40,34,1
40,2,1,29,3,40,23,1
40,0,1,7,5,40,9,1
40,2,1,7,5,40,10,1
40,2,1,7,5,40,7,1
40,2,1,9,5,40,15,1
40,2,1,14,5,40,,1
40,2,1,15,5,40,29,1
40,2,1,15,5,40,10,1
40,2,1,18,5,40,27,1
40,0,2,25,5,40,7,1
40,5,2,26,5,40,22,1
40,0,2,39,5,40,31,1
40,0,1,7,7,40,8,1
40,2,1,8,7,40,2,1
40,2,2,8,7,40,13,1
40,0,2,11,7,40,13,1
40,0,1,12,7,40,9,1
40,5,1,14,7,40,17,1
40,0,1,15,7,40,30,1
40,2,1,15,7,40,14,1
40,0,3,15,7,40,31,1
40,2,1,16,7,40,20,1
40,2,1,16,7,40,33,1
40,2,1,17,7,40,28,1
40,2,1,19,7,40,23,1
44,2,1,21,7,40,44,1
40,2,2,21,7,40,24,1
40,0,1,22,7,40,23,1
40,2,1,22,7,40,35,1
40,0,2,22,7,40,21,1
40,2,2,22,7,40,24,1
46,2,1,24,7,40,46,1
40,0,2,32,7,40,30,1
40,0,1,2,8,40,5,1
40,2,2,6,8,40,5,1
40,5,2,6,8,40,2,1
40,0,2,8,8,40,16,1
40,2,1,9,8,40,5,1
40,0,2,9,8,40,21,1
40,2,2,9,8,40,11,1
40,2,1,10,8,40,14,1
40,2,2,11,8,40,14,1
40,2,1,12,8,40,18,1
40,2,3,12,8,40,19,1
40,2,5,12,8,40,35,1
40,2,1,13,8,40,26,1
40,0,1,14,8,40,26,1
40,2,1,14,8,40,17,1
40,2,1,16,8,40,21,1
40,2,1,16,8,40,12,1
40,0,1,18,8,40,26,1
40,5,1,18,8,40,24,1
40,5,1,19,8,40,17,1
40,2,2,19,8,40,26,1
40,2,2,20,8,40,21,1
40,0,1,23,8,40,32,1
40,2,1,23,8,40,31,1
40,2,1,24,8,40,27,1
47,0,3,24,8,40,47,1
40,0,1,26,8,40,19,1
40,2,2,27,8,40,14,1
54,2,3,27,8,40,54,2
40,2,1,30,8,40,33,1
40,0,2,7,10,40,3,1
40,2,2,10,10,40,22,1
40,5,1,11,10,40,20,1
40,5,1,11,10,40,22,1
40,5,2,12,10,40,15,1
40,2,1,14,10,40,20,1
40,5,1,14,10,40,16,1
40,2,2,15,10,40,12,1
40,2,1,16,10,40,21,1
40,2,1,16,10,40,27,1
40,2,2,17,10,40,28,1
40,0,1,20,10,40,21,1
40,5,1,20,10,40,33,1
57,0,2,20,10,40,57,2
45,2,2,20,10,40,45,1
40,2,2,20,10,40,22,1
61,10,3,21,10,40,61,2
55,2,2,24,10,40,55,2
54,2,3,30,10,40,54,2
40,2,5,5,12,40,22,1
40,2,3,6,12,40,17,1
40,0,2,8,12,40,23,1
40,0,2,9,12,40,12,1
40,0,3,11,12,40,29,1
40,5,1,12,12,40,11,1
40,0,1,13,12,40,12,1
40,2,1,13,12,40,12,1
40,2,2,13,12,40,8,1
40,5,2,14,12,40,22,1
40,2,1,15,12,40,24,1
40,2,1,15,12,40,26,1
40,2,2,15,12,40,23,1
40,2,2,16,12,40,27,1
40,2,2,16,12,40,26,1
40,2,2,16,12,40,14,1
40,0,1,17,12,40,27,1
40,2,2,17,12,40,30,1
40,2,2,17,12,40,21,1
40,2,2,17,12,40,18,1
40,0,1,18,12,40,30,1
40,2,2,18,12,40,32,1
40,0,1,19,12,40,25,1
40,10,1,19,12,40,16,1
40,0,2,20,12,40,22,1
40,5,1,21,12,40,27,1
44,0,2,21,12,40,44,1
40,5,1,22,12,40,31,1
57,2,5,22,12,40,57,2
40,5,1,24,12,40,28,1
40,8,1,25,12,40,34,1
40,2,3,25,12,40,20,1
40,0,1,27,12,40,27,1
40,5,2,27,12,40,38,1
40,0,1,31,12,40,38,1
69,8,3,33,12,40,69,2
40,2,5,33,12,40,25,1
77,5,3,58,12,40,77,2
40,2,2,7,13,40,20,1
40,2,1,10,13,40,14,1
40,5,1,11,13,40,11,1
40,2,2,11,13,40,13,1
40,2,3,11,13,40,23,1
40,2,2,12,13,40,27,1
40,10,2,12,13,40,23,1
40,2,1,14,13,40,20,1
40,2,2,14,13,40,29,1
40,2,2,15,13,40,34,1
40,5,1,18,13,40,28,1
42,5,1,19,13,40,42,1
51,51,1,19,13,40,35,2
40,2,1,22,13,40,32,1
45,2,2,24,13,40,45,1
53,2,5,24,13,40,53,2
92,2,2,92,13,40,46,2
40,2,1,9,15,40,3,1
40,2,2,9,15,40,19,1
40,5,2,11,15,40,15,1
40,8,1,12,15,40,10,1
40,2,2,12,15,40,23,1
40,2,2,12,15,40,18,1
40,0,3,14,15,40,15,1
40,2,1,15,15,40,18,1
40,2,1,15,15,40,29,1
40,2,2,15,15,40,31,1
40,2,2,16,15,40,20,1
40,2,2,16,15,40,6,1
40,5,2,16,15,40,15,1
40,0,3,16,15,40,30,1
55,2,5,16,15,40,55,2
40,2,1,17,15,40,23,1
40,2,2,17,15,40,30,1
40,2,2,17,15,40,21,1
40,2,2,17,15,40,33,1
40,2,1,19,15,40,32,1
40,0,2,19,15,40,13,1
40,2,2,19,15,40,32,1
41,5,5,19,15,40,41,1
40,2,2,20,15,40,31,1
48,2,3,20,15,40,48,1
40,10,1,23,15,40,40,1
41,2,2,25,15,40,41,1
40,5,2,25,15,40,23,1
41,8,2,27,15,40,41,1
52,8,3,30,15,40,52,2
41,8,3,31,15,40,41,1
68,2,5,39,15,40,68,2
40,2,2,40,15,40,40,1
45,2,2,45,15,40,32,1
55,2,2,50,15,40,55,2
109,2,5,54,15,40,109,3
40,8,2,11,17,40,20,1
40,2,1,12,17,40,15,1
40,8,1,12,17,40,20,1
40,8,1,14,17,40,32,1
40,2,3,15,17,40,28,1
40,2,2,16,17,40,19,1
40,5,2,16,17,40,18,1
40,5,2,16,17,40,19,1
40,2,3,16,17,40,13,1
40,5,3,16,17,40,25,1
40,2,2,17,17,40,34,1
40,12,2,18,17,40,30,1
40,2,3,18,17,40,25,1
44,5,1,19,17,40,44,1
40,2,2,20,17,40,34,1
40,5,1,21,17,40,38,1
40,2,2,21,17,40,35,1
40,5,2,21,17,40,25,1
40,5,2,21,17,40,35,1
40,2,1,22,17,40,34,1
41,2,3,23,17,40,41,1
52,2,5,23,17,40,52,2
48,5,3,25,17,40,48,1
40,5,3,30,17,40,,1
48,5,2,31,17,40,48,1
68,8,5,36,17,40,68,2
68,5,3,37,17,40,68,2
65,2,3,39,17,40,65,2
43,8,3,39,17,40,43,1
69,2,3,42,17,40,69,2
40,0,3,3,18,40,5,1
40,0,1,5,18,40,10,1
40,2,2,6,18,40,1,1
40,5,2,10,18,40,13,1
40,2,2,11,18,40,23,1
40,2,2,12,18,40,16,1
40,5,1,13,18,40,30,1
40,0,3,13,18,40,16,1
40,8,1,14,18,40,35,1
40,2,2,15,18,40,20,1
40,5,2,15,18,40,28,1
40,2,2,18,18,40,29,1
40,10,2,18,18,40,39,1
42,2,3,18,18,40,42,1
40,2,1,22,18,40,29,1
40,8,1,22,18,40,36,1
42,0,2,23,18,40,42,1
40,2,2,23,18,40,29,1
56,2,3,24,18,40,56,2
40,2,2,26,18,40,26,1
43,2,5,26,18,40,43,1
40,2,2,28,18,40,32,1
44,2,3,28,18,40,44,1
48,2,3,33,18,40,48,1
50,5,3,33,18,40,50,1
75,10,2,36,18,40,75,2
53,8,3,38,18,40,53,2
64,8,2,46,18,40,64,2
40,0,1,4,20,40,4,1
40,2,2,5,20,40,18,1
40,0,1,9,20,40,29,1
40,2,2,12,20,40,17,1
40,2,2,12,20,40,29,1
40,2,2,13,20,40,11,1
40,2,2,14,20,40,25,1
40,2,2,14,20,40,16,1
40,5,1,15,20,40,15,1
40,2,2,15,20,40,21,1
46,2,3,16,20,40,46,1
44,2,5,16,20,40,44,1
40,2,5,16,20,40,26,1
40,2,3,17,20,40,28,1
40,2,3,17,20,40,30,1
40,0,3,18,20,40,39,1
40,0,3,19,20,40,27,1
40,0,2,20,20,40,21,1
43,5,2,20,20,40,43,1
40,5,2,20,20,40,38,1
40,18,3,20,20,40,22,1
40,2,3,21,20,40,32,1
40,2,2,22,20,40,28,1
40,5,2,22,20,40,31,1
48,2,3,22,20,40,48,1
40,2,2,24,20,40,31,1
40,2,3,25,20,40,38,1
40,8,1,28,20,40,23,1
49,18,2,28,20,40,49,1
40,8,2,29,20,40,18,1
40,5,2,30,20,40,35,1
40,8,2,30,20,40,19,1
67,10,2,32,20,40,67,2
52,5,2,35,20,40,52,2
43,2,2,39,20,40,43,1
47,5,2,41,20,40,47,1
81,5,3,60,20,40,81,2
84,8,3,84,20,40,70,2
40,8,1,11,22,40,19,1
40,0,2,11,22,40,11,1
40,8,2,14,22,40,23,1
40,8,2,14,22,40,19,1
40,5,2,15,22,40,29,1
40,2,2,16,22,40,26,1
40,2,2,16,22,40,25,1
40,2,2,17,22,40,40,1
40,5,2,17,22,40,25,1
40,2,2,18,22,40,28,1
40,10,2,18,22,40,38,1
40,2,2,19,22,40,25,1
40,5,2,19,22,40,15,1
44,10,3,19,22,40,44,1
43,2,2,20,22,40,43,1
40,2,3,20,22,40,26,1
40,5,1,22,22,40,36,1
40,2,2,22,22,40,25,1
40,2,2,22,22,40,35,1
59,5,5,23,22,40,59,2
53,2,3,24,22,40,53,2
46,2,3,25,22,40,46,1
42,5,1,27,22,40,42,1
44,2,2,27,22,40,44,1
40,10,3,27,22,40,28,1
40,2,2,28,22,40,32,1
46,5,2,29,22,40,46,1
53,2,5,29,22,40,53,2
52,2,2,31,22,40,52,2
44,5,3,31,22,40,44,1
61,2,2,33,22,40,61,2
81,5,2,36,22,40,81,2
48,10,3,36,22,40,48,1
64,2,3,38,22,40,64,2
86,10,2,41,22,40,86,2
46,5,3,41,22,40,46,1
54,0,3,42,22,40,54,2
48,5,2,45,22,40,48,1
91,8,5,46,22,40,91,2
110,5,7,60,22,40,110,3
91,2,5,65,22,40,91,2
90,2,6,73,22,40,90,2
40,2,3,9,23,40,20,1
40,8,2,10,23,40,9,1
40,2,1,11,23,40,28,1
40,2,2,12,23,40,15,1
40,5,2,14,23,40,16,1
40,2,3,14,23,40,27,1
46,2,1,17,23,40,46,1
40,2,1,17,23,40,23,1
40,2,3,17,23,40,36,1
40,2,2,18,23,40,30,1
40,5,2,19,23,40,19,1
40,5,2,21,23,40,37,1
52,2,3,23,23,40,52,2
42,2,3,23,23,40,42,1
40,2,1,24,23,40,22,1
40,8,1,25,23,40,36,1
40,2,2,25,23,40,27,1
40,2,2,26,23,40,37,1
45,10,2,26,23,40,45,1
63,2,3,31,23,40,63,2
40,2,3,32,23,40,40,1
72,8,5,37,23,40,72,2
87,5,5,40,23,40,87,2
65,8,2,43,23,40,65,2
70,12,5,45,23,40,70,2
62,15,2,46,23,40,62,2
53,5,3,47,23,40,53,2
40,2,2,6,25,40,10,1
40,2,3,8,25,40,27,1
40,2,3,12,25,40,17,1
40,2,3,14,25,40,36,1
40,2,2,15,25,40,31,1
40,8,2,15,25,40,23,1
40,2,3,17,25,40,19,1
40,2,3,17,25,40,25,1
40,5,2,18,25,40,29,1
40,2,3,18,25,40,33,1
40,0,1,19,25,40,26,1
52,2,3,20,25,40,52,2
40,2,3,21,25,40,22,1
40,20,3,21,25,40,33,1
52,0,5,24,25,40,52,2
42,2,2,25,25,40,42,1
42,12,5,25,25,40,42,1
40,8,2,29,25,40,30,1
44,25,2,29,25,40,44,1
60,8,3,29,25,40,60,2
61,5,5,29,25,40,61,2
56,15,3,32,25,40,56,2
49,2,3,34,25,40,49,1
43,5,2,35,25,40,43,1
57,0,3,35,25,40,57,2
74,5,5,37,25,40,74,2
60,5,5,37,25,40,60,2
53,2,3,38,25,40,53,2
76,8,2,44,25,40,76,2
69,2,3,44,25,40,69,2
96,2,5,47,25,40,96,2
40,2,2,10,27,40,8,1
41,2,3,13,27,40,41,1
40,2,3,14,27,40,19,1
40,10,3,16,27,40,28,1
40,2,2,18,27,40,37,1
40,0,3,18,27,40,28,1
40,2,3,19,27,40,35,1
40,2,2,20,27,40,33,1
40,2,3,20,27,40,36,1
42,8,2,22,27,40,42,1
47,2,3,22,27,40,47,1
51,2,3,23,27,40,51,2
40,2,2,26,27,40,38,1
77,2,6,26,27,40,77,2
42,2,5,27,27,40,42,1
50,5,2,28,27,40,50,1
62,8,3,28,27,40,62,2
40,5,2,29,27,40,38,1
40,5,2,30,27,40,40,1
60,2,3,33,27,40,60,2
54,5,5,34,27,40,54,2
56,2,5,36,27,40,56,2
58,2,5,41,27,40,58,2
88,10,5,47,27,40,88,2
40,0,3,7,28,40,30,1
40,2,3,12,28,40,26,1
40,2,2,13,28,40,27,1
40,2,2,16,28,40,40,1
40,8,2,16,28,40,23,1
40,2,2,17,28,40,27,1
40,10,3,19,28,40,29,1
43,2,7,19,28,40,43,1
40,8,2,23,28,40,36,1
42,0,6,24,28,40,42,1
42,5,2,26,28,40,42,1
40,2,3,26,28,40,36,1
40,2,2,27,28,40,34,1
40,12,2,27,28,40,38,1
51,5,3,27,28,40,51,2
64,2,2,28,28,40,64,2
40,5,2,28,28,40,36,1
59,10,3,28,28,40,59,2
72,8,5,28,28,40,72,2
49,2,3,30,28,40,49,1
65,2,3,31,28,40,65,2
78,2,7,31,28,40,78,2
66,2,2,32,28,40,66,2
53,8,5,32,28,40,53,2
71,5,6,32,28,40,71,2
40,2,2,33,28,40,37,1
66,2,2,34,28,40,66,2
51,2,3,34,28,40,51,2
47,2,3,34,28,40,47,1
91,5,2,35,28,40,91,2
60,8,3,35,28,40,60,2
52,5,6,35,28,40,52,2
64,2,3,39,28,40,64,2
89,5,5,54,28,40,89,2
84,8,5,56,28,40,84,2
77,10,5,56,28,40,77,2
40,2,2,6,30,40,17,1
40,0,2,11,30,40,28,1
40,2,1,13,30,40,19,1
40,0,3,19,30,40,34,1
44,8,3,19,30,40,44,1
40,2,3,21,30,40,30,1
44,2,5,22,30,40,44,1
40,0,3,23,30,40,38,1
40,2,3,24,30,40,39,1
42,5,3,24,30,40,42,1
49,8,5,24,30,40,49,1
43,2,3,26,30,40,43,1
45,8,3,27,30,40,45,1
64,2,3,37,30,40,64,2
55,8,3,38,30,40,55,2
59,2,5,38,30,40,59,2
103,5,5,42,30,40,103,3
91,10,5,56,30,40,91,2
40,0,3,16,32,40,28,1
40,2,3,18,32,40,18,1
40,5,2,19,32,40,22,1
51,2,3,19,32,40,51,2
40,2,3,20,32,40,28,1
40,2,5,21,32,40,34,1
40,8,3,23,32,40,36,1
67,8,3,25,32,40,67,2
43,8,3,30,32,40,43,1
67,2,3,38,32,40,67,2
53,0,5,39,32,40,53,2
71,5,5,45,32,40,71,2
86,8,3,47,32,40,86,2
55,30,1,48,32,40,55,2
95,2,6,50,32,40,95,2
40,0,5,8,33,40,16,1
40,2,3,17,33,40,24,1
40,18,2,19,33,40,29,1
40,5,3,23,33,40,31,1
44,2,3,25,33,40,44,1
51,5,3,25,33,40,51,2
46,2,5,28,33,40,46,1
50,8,5,28,33,40,50,1
56,5,6,29,33,40,56,2
40,2,2,32,33,40,35,1
55,8,5,32,33,40,55,2
65,8,5,36,33,40,65,2
85,2,5,43,33,40,85,2
96,5,6,45,33,40,96,2
78,5,5,60,33,40,78,2
40,8,2,11,35,40,15,1
40,5,2,15,35,40,25,1
40,5,3,16,35,40,31,1
40,8,3,17,35,40,39,1
40,2,3,19,35,40,30,1
40,2,5,19,35,40,29,1
40,5,6,19,35,40,27,1
40,12,3,20,35,40,27,1
50,50,3,22,35,40,47,1
40,5,3,23,35,40,25,1
40,5,2,24,35,40,28,1
40,2,5,28,35,40,36,1
59,2,6,29,35,40,59,2
40,2,3,30,35,40,39,1
40,2,5,30,35,40,33,1
52,5,5,31,35,40,52,2
63,2,3,35,35,40,63,2
85,5,5,65,35,40,85,2
105,45,5,75,35,40,105,3
40,0,5,7,37,40,24,1
40,2,5,8,37,40,21,1
40,2,2,14,37,40,20,1
40,2,2,16,37,40,23,1
40,2,3,21,37,40,30,1
40,5,5,21,37,40,28,1
40,0,3,22,37,40,20,1
40,2,2,23,37,40,36,1
53,8,2,24,37,40,53,2
40,2,3,24,37,40,38,1
40,0,5,26,37,40,40,1
62,5,2,28,37,40,62,2
61,5,5,30,37,40,61,2
40,5,2,32,37,40,35,1
40,5,3,32,37,40,40,1
40,5,2,35,37,40,38,1
66,5,3,37,37,40,66,2
72,5,6,39,37,40,72,2
70,5,5,40,37,40,70,2
69,10,3,49,37,40,69,2
55,2,3,54,37,40,55,2
40,2,1,7,38,40,15,1
40,2,2,11,38,40,19,1
40,12,3,20,38,40,30,1
40,10,5,20,38,40,39,1
51,8,3,21,38,40,51,2
45,8,2,26,38,40,45,1
40,2,3,27,38,40,36,1
60,2,3,29,38,40,60,2
58,5,5,29,38,40,58,2
56,12,5,33,38,40,56,2
63,5,5,40,38,40,63,2
78,2,5,46,38,40,78,2
81,5,3,53,38,40,81,2
114,8,5,67,38,40,114,3
40,2,3,16,40,40,21,1
40,2,2,19,40,40,19,1
47,2,2,22,40,40,47,1
40,2,6,22,40,40,25,1
40,0,2,23,40,40,36,1
45,2,3,25,40,40,45,1
40,2,3,26,40,40,39,1
48,20,3,26,40,40,48,1
54,5,3,29,40,40,54,2
82,5,7,29,40,40,82,2
47,2,3,30,40,40,47,1
64,2,3,31,40,40,64,2
66,5,6,34,40,40,66,2
67,2,5,35,40,40,67,2
63,38,5,35,40,40,63,2
50,5,3,37,40,40,50,1
81,5,6,50,40,40,81,2
42,2,3,13,42,40,22,1
42,5,3,24,42,40,30,1
53,5,5,27,42,40,53,2
54,2,3,28,42,40,54,2
50,12,3,31,42,40,50,1
62,5,3,32,42,40,62,2
52,2,3,37,42,40,52,2
67,5,5,52,42,40,67,2
43,5,2,14,43,40,19,1
43,8,3,15,43,40,28,1
43,2,5,16,43,40,34,1
43,2,3,18,43,40,26,1
43,2,2,19,43,40,28,1
43,8,5,25,43,40,41,1
43,0,5,27,43,40,33,1
43,2,3,33,43,40,42,1
54,5,3,40,43,40,54,2
84,8,6,41,43,40,84,2
68,5,5,43,43,40,68,2
45,5,6,14,45,40,37,1
49,15,5,16,45,40,49,1
45,2,5,19,45,40,19,1
46,5,2,20,45,40,46,1
45,8,3,20,45,40,24,1
45,2,3,25,45,40,32,1
45,5,5,25,45,40,32,1
57,2,5,27,45,40,57,2
46,5,3,30,45,40,46,1
46,2,5,30,45,40,46,1
62,2,5,31,45,40,62,2
64,2,5,40,45,40,64,2
103,5,6,44,45,40,103,3
91,10,6,48,45,40,91,2
47,2,3,9,47,40,25,1
47,15,3,22,47,40,36,1
47,8,7,22,47,40,42,1
47,2,5,27,47,40,42,1
47,10,5,28,47,40,47,1
64,2,5,32,47,40,64,2
47,5,3,37,47,40,45,1
47,5,3,40,47,40,35,1
81,2,5,56,47,40,81,2
92,5,6,63,47,40,92,2
48,5,5,16,48,40,17,1
48,10,5,19,48,40,36,1
48,2,5,20,48,40,41,1
53,5,8,36,48,40,53,2
73,8,7,43,48,40,73,2
98,5,6,61,48,40,98,2
50,5,1,21,50,40,28,1
50,0,3,21,50,40,33,1
50,2,7,22,50,40,48,1
63,2,6,32,51,40,63,2
85,8,6,43,51,40,85,2
52,0,6,8,52,40,18,2
52,5,3,16,52,40,33,2
52,2,2,17,52,40,28,2
52,0,7,19,52,40,29,2
52,5,5,21,52,40,45,2
52,5,5,22,52,40,25,2
52,8,3,24,52,40,38,2
60,2,7,28,52,40,60,2
52,2,5,29,52,40,47,2
67,5,9,31,52,40,67,2
60,2,5,32,52,40,60,2
52,5,3,33,52,40,42,2
75,18,5,35,52,40,75,2
99,5,5,45,52,40,99,2
69,5,3,30,53,40,69,2
54,8,5,13,54,40,28,2
54,2,5,20,54,40,26,2
54,2,5,21,54,40,38,2
67,8,5,32,54,40,67,2
73,5,10,32,54,40,73,2
57,18,6,33,54,40,57,2
63,5,3,47,54,40,63,2
55,0,6,7,55,40,19,2
55,0,7,15,55,40,25,2
55,2,8,16,55,40,24,2
55,5,6,21,55,40,36,2
55,8,5,24,55,40,38,2
55,5,5,28,55,40,48,2
55,5,5,29,55,40,52,2
55,2,5,30,55,40,38,2
62,5,3,32,55,40,62,2
65,8,9,32,55,40,65,2
55,5,3,33,55,40,43,2
64,2,5,39,55,40,64,2
83,10,8,43,55,40,83,2
56,2,6,21,56,40,38,2
79,2,7,41,56,40,79,2
57,2,6,15,57,40,31,2
57,5,8,21,57,40,41,2
57,2,3,23,57,40,31,2
57,10,7,24,57,40,38,2
68,2,7,29,57,40,68,2
70,8,7,41,57,40,70,2
79,8,8,41,57,40,79,2
58,5,5,22,58,40,38,2
91,12,5,51,58,40,91,2
59,2,6,26,59,40,35,2
60,0,7,7,60,40,8,2
60,5,8,25,60,40,48,2
69,8,7,35,60,40,69,2
60,5,5,39,60,40,57,2
62,5,9,18,62,40,41,2
91,5,10,56,62,40,91,2
63,15,6,36,63,40,59,2
67,5,6,40,63,40,67,2
64,5,9,21,64,40,49,2
128,8,9,73,67,40,128,3
41,2,2,8,0,41,6,1
43,2,1,43,0,41,,1
41,2,1,2,2,41,0,1
41,0,1,3,2,41,2,1
41,2,1,3,2,41,1,1
41,2,1,5,2,41,3,1
41,0,1,8,2,41,11,1
41,2,1,8,2,41,7,1
41,2,1,9,2,41,12,1
41,0,0,10,2,41,12,1
41,2,1,14,2,41,25,1
41,0,1,5,3,41,3,1
41,2,2,5,3,41,22,1
41,2,1,6,3,41,18,1
41,0,1,7,3,41,3,1
41,2,1,9,3,41,3,1
41,8,2,10,3,41,27,1
41,2,1,11,3,41,8,1
41,2,1,14,3,41,19,1
41,2,1,16,3,41,32,1
41,2,1,18,3,41,28,1
42,2,3,42,3,41,36,1
65,2,1,60,3,41,65,2
41,0,1,9,5,41,11,1
41,5,1,9,5,41,23,1
41,0,0,13,5,41,12,1
45,5,1,15,5,41,45,1
41,2,1,16,5,41,18,1
41,2,0,18,5,41,11,1
41,2,1,19,5,41,15,1
43,0,1,31,5,41,43,1
41,2,1,32,5,41,35,1
41,0,1,36,5,41,33,1
41,0,1,41,5,41,24,1
41,0,1,4,7,41,1,1
41,2,1,5,7,41,9,1
41,0,1,8,7,41,19,1
41,0,2,9,7,41,12,1
41,0,2,9,7,41,20,1
41,2,2,9,7,41,11,1
41,2,3,10,7,41,28,1
41,2,1,12,7,41,11,1
41,0,2,12,7,41,5,1
41,0,1,13,7,41,22,1
41,0,1,15,7,41,20,1
41,0,1,16,7,41,8,1
41,2,1,18,7,41,18,1
41,0,2,18,7,41,21,1
41,0,2,19,7,41,38,1
45,2,2,19,7,41,45,1
41,0,1,20,7,41,30,1
41,0,2,22,7,41,32,1
41,2,2,22,7,41,22,1
49,5,2,22,7,41,49,1
41,0,1,23,7,41,29,1
41,2,2,24,7,41,31,1
41,5,1,33,7,41,21,1
41,2,2,33,7,41,39,1
43,2,0,35,7,41,43,1
42,2,3,42,7,41,36,1
63,0,3,63,7,41,55,2
80,2,3,80,7,41,65,2
41,0,1,6,8,41,11,1
41,2,3,6,8,41,19,1
41,5,1,8,8,41,15,1
41,2,2,11,8,41,8,1
41,2,1,12,8,41,23,1
41,0,2,12,8,41,23,1
41,2,2,12,8,41,10,1
41,2,2,12,8,41,26,1
41,0,2,15,8,41,11,1
41,2,1,16,8,41,10,1
41,2,1,16,8,41,31,1
41,2,1,16,8,41,25,1
41,18,2,17,8,41,33,1
41,5,1,19,8,41,20,1
44,2,2,19,8,41,44,1
41,5,2,20,8,41,23,1
41,2,1,22,8,41,23,1
41,0,2,24,8,41,32,1
66,2,1,25,8,41,66,2
41,0,1,26,8,41,11,1
41,2,1,26,8,41,34,1
49,2,3,33,8,41,49,1
41,0,1,40,8,41,24,1
43,0,1,43,8,41,26,1
41,2,2,5,10,41,13,1
41,0,3,7,10,41,20,1
41,0,2,10,10,41,23,1
41,2,0,12,10,41,15,1
41,2,1,12,10,41,18,1
41,2,2,12,10,41,19,1
41,2,1,14,10,41,32,1
41,2,2,14,10,41,17,1
41,8,2,14,10,41,5,1
41,2,3,14,10,41,32,1
41,0,1,15,10,41,29,1
41,5,2,15,10,41,24,1
41,5,1,16,10,41,25,1
41,2,2,16,10,41,32,1
41,2,1,17,10,41,22,1
41,2,3,17,10,41,35,1
41,2,1,19,10,41,31,1
41,2,1,20,10,41,3,1
41,5,2,21,10,41,35,1
41,2,2,22,10,41,22,1
41,2,3,22,10,41,15,1
41,2,1,23,10,41,38,1
41,2,1,24,10,41,37,1
41,2,1,24,10,41,27,1
41,2,2,27,10,41,28,1
58,2,3,30,10,41,58,2
67,2,3,31,10,41,67,2
41,2,2,32,10,41,30,1
53,2,2,33,10,41,53,2
41,0,2,7,12,41,16,1
41,0,1,11,12,41,16,1
41,5,1,12,12,41,14,1
41,5,1,13,12,41,19,1
41,8,1,13,12,41,27,1
41,2,1,14,12,41,16,1
41,2,2,14,12,41,24,1
41,5,2,14,12,41,22,1
41,5,1,15,12,41,28,1
41,5,2,15,12,41,32,1
41,0,2,16,12,41,14,1
41,2,3,16,12,41,30,1
41,2,3,16,12,41,32,1
41,0,2,17,12,41,17,1
41,0,3,17,12,41,31,1
41,5,1,18,12,41,28,1
41,2,2,18,12,41,23,1
41,2,2,18,12,41,35,1
41,0,3,18,12,41,40,1
41,5,1,19,12,41,34,1
41,0,2,19,12,41,21,1
41,5,5,19,12,41,41,1
41,2,1,20,12,41,20,1
41,5,2,20,12,41,32,1
41,5,2,20,12,41,34,1
41,5,2,20,12,41,36,1
41,8,1,21,12,41,37,1
41,5,2,22,12,41,37,1
41,5,1,23,12,41,27,1
41,5,1,25,12,41,28,1
41,2,1,26,12,41,30,1
41,5,1,27,12,41,32,1
41,2,1,28,12,41,35,1
45,5,2,33,12,41,45,1
44,0,3,33,12,41,44,1
48,2,2,34,12,41,48,1
68,5,3,37,12,41,68,2
64,5,2,38,12,41,64,2
43,2,1,43,12,41,32,1
41,5,1,7,13,41,15,1
41,2,2,10,13,41,20,1
41,2,1,13,13,41,34,1
41,5,2,13,13,41,19,1
41,5,2,13,13,41,28,1
41,2,3,13,13,41,28,1
41,10,1,15,13,41,24,1
41,8,2,16,13,41,11,1
41,2,2,17,13,41,34,1
51,5,3,17,13,41,51,2
41,2,1,18,13,41,30,1
41,5,1,18,13,41,22,1
41,2,2,18,13,41,18,1
41,0,2,22,13,41,28,1
41,2,5,22,13,41,37,1
41,2,2,24,13,41,36,1
41,0,2,26,13,41,36,1
41,2,2,26,13,41,30,1
41,5,1,29,13,41,33,1
82,2,5,33,13,41,82,2
59,5,2,36,13,41,59,2
72,5,3,43,13,41,72,2
59,0,1,44,13,41,59,2
71,2,3,46,13,41,71,2
41,2,3,4,15,41,16,1
41,2,1,7,15,41,23,1
41,2,2,9,15,41,6,1
41,2,2,11,15,41,22,1
41,2,2,12,15,41,22,1
41,2,1,13,15,41,16,1
41,2,2,15,15,41,23,1
43,8,2,17,15,41,43,1
41,2,3,17,15,41,28,1
41,2,1,18,15,41,23,1
41,2,3,18,15,41,36,1
41,5,1,19,15,41,31,1
41,0,2,20,15,41,19,1
41,2,2,20,15,41,28,1
42,5,2,20,15,41,42,1
56,5,5,20,15,41,56,2
41,2,2,21,15,41,25,1
41,5,2,21,15,41,35,1
41,2,3,21,15,41,34,1
41,2,2,22,15,41,37,1
41,8,2,22,15,41,41,1
41,5,1,23,15,41,28,1
45,2,2,23,15,41,45,1
41,2,1,24,15,41,25,1
43,5,2,24,15,41,43,1
43,2,2,26,15,41,43,1
41,0,2,27,15,41,40,1
55,5,3,28,15,41,55,2
53,0,5,30,15,41,53,2
51,8,2,37,15,41,51,2
45,5,2,38,15,41,45,1
78,10,2,40,15,41,78,2
63,5,2,43,15,41,63,2
85,5,5,49,15,41,85,2
69,2,3,64,15,41,69,2
118,5,5,65,15,41,118,3
41,2,2,7,17,41,15,1
41,2,2,8,17,41,18,1
41,2,3,8,17,41,11,1
41,0,3,10,17,41,26,1
41,2,1,12,17,41,18,1
41,2,1,15,17,41,31,1
41,2,5,15,17,41,28,1
41,5,2,16,17,41,35,1
41,2,3,18,17,41,36,1
41,5,2,19,17,41,20,1
41,8,3,19,17,41,19,1
55,2,1,20,17,41,55,2
41,2,2,20,17,41,24,1
41,2,2,20,17,41,22,1
41,2,2,20,17,41,33,1
41,5,1,21,17,41,24,1
47,2,2,21,17,41,47,1
41,5,2,21,17,41,37,1
41,5,2,21,17,41,21,1
44,2,2,22,17,41,44,1
41,5,2,23,17,41,25,1
41,2,2,25,17,41,37,1
41,5,3,26,17,41,39,1
41,5,2,29,17,41,30,1
41,5,2,32,17,41,37,1
41,5,1,33,17,41,41,1
41,5,2,33,17,41,40,1
81,5,3,44,17,41,81,2
62,18,2,47,17,41,62,2
92,2,5,59,17,41,92,2
41,8,1,11,18,41,29,1
41,5,1,12,18,41,19,1
41,2,2,12,18,41,27,1
41,2,2,12,18,41,24,1
41,5,2,12,18,41,12,1
41,5,2,13,18,41,19,1
41,2,2,14,18,41,19,1
41,2,2,15,18,41,20,1
41,2,2,15,18,41,38,1
41,2,2,16,18,41,23,1
41,5,2,17,18,41,29,1
41,2,1,18,18,41,23,1
41,10,1,18,18,41,26,1
41,2,2,18,18,41,24,1
41,2,2,18,18,41,22,1
49,0,3,19,18,41,49,1
41,2,3,19,18,41,30,1
41,2,2,20,18,41,33,1
41,5,2,20,18,41,33,1
41,0,2,21,18,41,30,1
41,5,2,21,18,41,33,1
53,0,2,22,18,41,53,2
42,5,2,22,18,41,42,1
56,2,3,24,18,41,56,2
48,2,2,25,18,41,48,1
41,2,3,25,18,41,40,1
41,2,3,27,18,41,41,1
41,5,1,28,18,41,28,1
53,0,3,28,18,41,53,2
43,0,3,30,18,41,43,1
51,5,3,34,18,41,51,2
60,0,3,35,18,41,60,2
47,5,3,35,18,41,47,1
54,10,2,39,18,41,54,2
70,5,3,45,18,41,70,2
41,2,2,9,20,41,25,1
41,2,2,10,20,41,19,1
41,8,2,11,20,41,16,1
41,2,2,12,20,41,24,1
41,2,2,13,20,41,27,1
41,0,1,15,20,41,17,1
41,2,2,16,20,41,34,1
41,12,3,16,20,41,23,1
41,2,3,18,20,41,37,1
41,5,1,19,20,41,27,1
54,2,3,19,20,41,54,2
51,5,3,19,20,41,51,2
41,0,2,20,20,41,31,1
42,8,2,20,20,41,42,1
41,2,3,22,20,41,34,1
46,2,2,26,20,41,46,1
41,2,2,28,20,41,36,1
67,5,3,29,20,41,67,2
61,2,2,34,20,41,61,2
59,5,5,38,20,41,59,2
64,2,3,39,20,41,64,2
50,2,3,39,20,41,50,1
52,2,3,44,20,41,52,2
41,2,3,10,22,41,12,1
41,2,3,12,22,41,31,1
41,2,3,13,22,41,17,1
41,2,5,14,22,41,28,1
41,10,2,16,22,41,32,1
41,18,2,16,22,41,15,1
41,2,2,19,22,41,26,1
41,2,3,19,22,41,31,1
46,8,2,20,22,41,46,1
41,2,1,21,22,41,15,1
41,2,2,21,22,41,30,1
41,12,2,23,22,41,38,1
41,5,2,24,22,41,38,1
41,2,3,24,22,41,41,1
46,8,3,24,22,41,46,1
43,2,2,25,22,41,43,1
41,2,2,25,22,41,34,1
61,0,5,28,22,41,61,2
55,5,3,29,22,41,55,2
62,2,2,34,22,41,62,2
66,2,2,37,22,41,66,2
80,2,5,39,22,41,80,2
65,15,3,42,22,41,65,2
68,20,3,44,22,41,68,2
72,8,3,49,22,41,72,2
67,8,2,59,22,41,67,2
79,5,3,60,22,41,79,2
83,2,5,73,22,41,83,2
41,2,2,8,23,41,24,1
41,2,3,11,23,41,27,1
41,5,3,11,23,41,39,1
41,0,2,12,23,41,6,1
41,0,2,15,23,41,17,1
41,2,3,15,23,41,38,1
41,2,5,15,23,41,31,1
41,8,3,17,23,41,36,1
41,8,3,17,23,41,23,1
41,10,2,18,23,41,34,1
41,2,2,19,23,41,38,1
41,5,2,19,23,41,27,1
41,8,1,20,23,41,37,1
45,5,5,20,23,41,45,1
46,5,5,21,23,41,46,1
65,0,7,23,23,41,65,2
41,5,3,24,23,41,36,1
57,5,3,25,23,41,57,2
42,5,2,26,23,41,42,1
41,2,3,26,23,41,30,1
66,2,7,27,23,41,66,2
61,5,7,27,23,41,61,2
41,0,2,28,23,41,35,1
57,5,2,29,23,41,57,2
41,5,3,29,23,41,32,1
42,0,2,30,23,41,42,1
67,5,3,34,23,41,67,2
47,2,5,40,23,41,47,1
66,5,6,44,23,41,66,2
66,0,5,47,23,41,66,2
49,2,2,49,23,41,44,1
41,0,3,6,25,41,17,1
41,12,2,13,25,41,14,1
41,5,2,15,25,41,13,1
41,0,3,18,25,41,,1
41,2,2,19,25,41,26,1
41,2,3,21,25,41,30,1
41,10,2,22,25,41,36,1
42,5,3,22,25,41,42,1
41,5,3,22,25,41,36,1
41,5,2,23,25,41,29,1
41,10,2,25,25,41,41,1
59,2,3,29,25,41,59,2
63,2,5,30,25,41,63,2
64,5,2,32,25,41,64,2
72,2,3,34,25,41,72,2
52,8,5,35,25,41,52,2
59,8,5,39,25,41,59,2
48,2,3,40,25,41,48,1
91,2,6,69,25,41,91,2
41,2,2,10,27,41,17,1
41,5,3,12,27,41,36,1
41,5,2,16,27,41,30,1
41,12,2,16,27,41,16,1
41,5,3,16,27,41,35,1
41,2,2,17,27,41,19,1
41,2,3,20,27,41,30,1
41,5,3,21,27,41,34,1
56,5,3,22,27,41,56,2
41,0,3,23,27,41,19,1
49,2,3,23,27,41,49,1
41,2,3,24,27,41,40,1
52,2,3,33,27,41,52,2
69,8,5,36,27,41,69,2
70,5,6,37,27,41,70,2
55,8,3,45,27,41,55,2
65,10,3,46,27,41,65,2
67,8,5,50,27,41,67,2
73,2,2,57,27,41,73,2
83,5,2,64,27,41,83,2
83,5,5,70,27,41,83,2
41,2,3,9,28,41,21,1
41,2,3,11,28,41,33,1
41,5,6,13,28,41,35,1
41,2,2,14,28,41,13,1
41,5,3,14,28,41,33,1
41,5,2,15,28,41,25,1
41,5,2,16,28,41,35,1
41,2,2,17,28,41,25,1
41,2,3,17,28,41,25,1
41,2,3,18,28,41,15,1
41,5,3,18,28,41,31,1
41,5,2,19,28,41,30,1
41,5,5,20,28,41,23,1
41,5,3,21,28,41,34,1
55,2,3,25,28,41,55,2
41,5,2,27,28,41,37,1
62,2,3,28,28,41,62,2
41,5,3,30,28,41,37,1
48,8,5,31,28,41,48,1
45,2,3,32,28,41,45,1
64,2,3,38,28,41,64,2
88,25,3,39,28,41,88,2
55,5,5,39,28,41,55,2
67,0,3,40,28,41,67,2
70,2,5,40,28,41,70,2
73,2,5,41,28,41,73,2
89,5,6,44,28,41,89,2
66,8,5,45,28,41,66,2
92,8,5,53,28,41,92,2
101,8,5,66,28,41,101,3
41,2,5,7,30,41,25,1
41,0,2,12,30,41,24,1
41,2,2,15,30,41,28,1
41,2,3,17,30,41,31,1
41,5,3,17,30,41,37,1
41,5,3,17,30,41,18,1
41,5,2,18,30,41,23,1
41,2,2,19,30,41,37,1
41,2,2,20,30,41,31,1
41,5,2,20,30,41,32,1
41,2,3,20,30,41,33,1
52,2,5,20,30,41,52,2
41,2,2,22,30,41,36,1
41,2,3,23,30,41,39,1
41,5,1,26,30,41,35,1
44,2,2,26,30,41,44,1
46,2,3,26,30,41,46,1
60,10,6,40,30,41,60,2
69,5,5,41,30,41,69,2
81,8,3,44,30,41,81,2
49,5,3,49,30,41,43,1
69,5,5,50,30,41,69,2
77,5,5,52,30,41,77,2
99,72,5,64,30,41,99,2
41,0,3,6,32,41,8,1
41,0,3,8,32,41,18,1
41,5,2,15,32,41,31,1
41,5,2,16,32,41,22,1
41,5,3,17,32,41,35,1
41,0,2,20,32,41,30,1
41,2,2,22,32,41,26,1
41,8,3,22,32,41,35,1
41,2,3,23,32,41,31,1
42,5,3,23,32,41,42,1
42,2,3,24,32,41,42,1
41,2,3,24,32,41,36,1
41,5,3,24,32,41,31,1
41,2,3,26,32,41,34,1
41,2,5,27,32,41,33,1
47,8,2,33,32,41,47,1
72,5,3,34,32,41,72,2
70,15,6,37,32,41,70,2
65,5,3,41,32,41,65,2
70,2,3,42,32,41,70,2
79,2,3,45,32,41,79,2
111,5,6,50,32,41,111,3
98,5,5,64,32,41,98,2
105,5,3,66,32,41,105,3
48,8,3,21,33,41,48,1
41,8,3,21,33,41,41,1
41,5,1,22,33,41,33,1
41,2,3,22,33,41,28,1
54,2,3,24,33,41,54,2
41,5,6,26,33,41,31,1
42,2,5,31,33,41,42,1
41,5,3,34,33,41,34,1
51,8,3,34,33,41,51,2
51,5,3,37,33,41,51,2
69,2,5,39,33,41,69,2
74,5,3,51,33,41,74,2
69,10,6,51,33,41,69,2
77,12,5,56,33,41,77,2
117,10,5,58,33,41,117,3
44,2,5,14,35,41,44,1
41,0,2,19,35,41,16,1
43,10,3,19,35,41,43,1
41,2,3,20,35,41,26,1
45,2,7,20,35,41,45,1
41,2,5,22,35,41,28,1
41,5,2,23,35,41,38,1
47,5,3,23,35,41,47,1
47,8,3,30,35,41,47,1
69,12,6,33,35,41,69,2
67,8,5,35,35,41,67,2
58,5,3,37,35,41,58,2
70,10,3,41,35,41,70,2
86,2,5,50,35,41,86,2
89,8,5,50,35,41,89,2
75,5,5,51,35,41,75,2
81,2,3,55,35,41,81,2
41,8,3,12,37,41,16,1
41,2,3,15,37,41,23,1
41,2,3,20,37,41,36,1
41,15,3,21,37,41,31,1
41,5,2,23,37,41,41,1
41,2,5,23,37,41,37,1
41,2,2,27,37,41,35,1
41,2,3,27,37,41,33,1
60,2,8,27,37,41,60,2
45,2,3,28,37,41,45,1
62,2,5,28,37,41,62,2
41,2,3,30,37,41,40,1
41,2,3,31,37,41,41,1
65,5,6,32,37,41,65,2
53,5,5,36,37,41,53,2
73,5,2,39,37,41,73,2
57,12,5,40,37,41,57,2
78,5,6,44,37,41,78,2
82,2,6,47,37,41,82,2
62,8,3,50,37,41,62,2
81,5,5,54,37,41,81,2
113,5,6,60,37,41,113,3
41,5,2,13,38,41,22,1
41,5,5,14,38,41,30,1
41,5,3,15,38,41,36,1
52,8,3,31,38,41,52,2
69,5,5,31,38,41,69,2
41,2,3,33,38,41,34,1
58,12,6,33,38,41,58,2
66,2,5,36,38,41,66,2
60,2,3,37,38,41,60,2
63,8,5,51,38,41,63,2
41,2,5,13,40,41,18,1
41,5,5,22,40,41,33,1
55,0,5,25,40,41,55,2
42,2,3,27,40,41,42,1
62,2,5,47,40,41,62,2
67,10,3,48,40,41,67,2
135,5,7,73,40,41,135,3
42,2,3,16,42,41,40,1
42,2,5,16,42,41,28,1
42,5,3,19,42,41,24,1
42,2,3,24,42,41,37,1
48,5,5,34,42,41,48,1
57,8,5,35,42,41,57,2
81,5,5,51,42,41,81,2
96,5,5,54,42,41,96,2
71,10,5,56,42,41,71,2
43,2,5,15,43,41,37,1
43,5,5,16,43,41,26,1
43,5,3,22,43,41,29,1
43,2,5,23,43,41,36,1
43,10,5,24,43,41,38,1
43,0,2,25,43,41,22,1
43,0,5,25,43,41,33,1
43,8,5,27,43,41,39,1
46,2,2,33,43,41,46,1
82,2,5,36,43,41,82,2
68,5,5,36,43,41,68,2
58,5,5,37,43,41,58,2
80,5,7,37,43,41,80,2
67,2,5,42,43,41,67,2
46,30,5,43,43,41,46,1
82,20,5,51,43,41,82,2
45,0,5,15,45,41,20,1
45,5,2,18,45,41,44,1
45,5,5,22,45,41,24,1
45,2,6,24,45,41,45,1
45,8,6,24,45,41,35,1
60,18,5,26,45,41,60,2
45,2,5,30,45,41,35,1
71,2,5,35,45,41,71,2
69,5,6,35,45,41,69,2
74,5,5,36,45,41,74,2
86,12,5,42,45,41,86,2
61,5,6,55,45,41,61,2
50,5,3,16,47,41,50,1
47,2,5,19,47,41,33,1
47,2,5,19,47,41,23,1
47,8,5,19,47,41,35,1
47,2,5,22,47,41,43,1
47,2,6,22,47,41,38,1
58,10,3,23,47,41,58,2
47,0,3,26,47,41,41,1
53,2,3,28,47,41,53,2
47,2,5,28,47,41,45,1
55,2,5,31,47,41,55,2
58,2,3,41,47,41,58,2
68,35,5,50,47,41,68,2
83,83,5,50,47,41,71,2
48,5,3,18,48,41,40,1
48,5,5,22,48,41,35,1
65,2,3,35,48,41,65,2
83,2,7,38,48,41,83,2
79,5,7,38,48,41,79,2
82,5,6,39,48,41,82,2
64,22,7,40,48,41,64,2
67,5,5,41,48,41,67,2
82,8,6,49,48,41,82,2
69,28,5,54,48,41,69,2
50,2,5,8,50,41,15,1
50,0,5,24,50,41,42,1
50,15,2,30,50,41,32,1
61,5,6,33,50,41,61,2
60,2,5,39,50,41,60,2
76,10,5,48,50,41,76,2
62,15,5,52,50,41,62,2
51,5,2,16,51,41,37,2
51,2,3,21,51,41,33,2
51,5,6,29,51,41,49,2
61,12,6,32,51,41,61,2
63,10,6,33,51,41,63,2
51,5,2,37,51,41,50,2
80,10,5,49,51,41,80,2
100,10,6,57,51,41,100,2
52,0,5,17,52,41,31,2
52,0,5,23,52,41,51,2
52,2,5,24,52,41,35,2
52,8,5,26,52,41,41,2
52,10,7,26,52,41,43,2
62,5,3,28,52,41,62,2
60,5,6,29,52,41,60,2
52,5,2,33,52,41,40,2
95,2,6,42,52,41,95,2
75,5,6,42,52,41,75,2
77,2,6,43,52,41,77,2
95,5,6,45,52,41,95,2
67,2,5,46,52,41,67,2
72,5,5,47,52,41,72,2
82,8,8,47,52,41,82,2
81,5,5,52,52,41,81,2
84,25,6,57,52,41,84,2
87,10,5,69,52,41,87,2
53,5,6,15,53,41,33,2
53,2,7,24,53,41,51,2
72,12,6,35,53,41,72,2
85,8,7,51,53,41,85,2
87,8,7,60,53,41,87,2
97,18,6,63,53,41,97,2
103,12,6,68,53,41,103,3
54,10,3,27,54,41,53,2
57,10,5,29,54,41,57,2
60,8,7,29,54,41,60,2
55,5,7,26,55,41,54,2
75,5,8,36,55,41,75,2
81,2,9,40,55,41,81,2
87,5,6,43,55,41,87,2
61,5,3,46,55,41,61,2
57,2,7,46,55,41,57,2
117,8,7,49,55,41,117,3
78,8,6,52,55,41,78,2
82,5,6,55,55,41,82,2
56,2,6,16,56,41,24,2
56,12,7,24,56,41,48,2
56,2,5,28,56,41,41,2
71,5,9,44,56,41,71,2
57,2,7,15,57,41,22,2
57,5,7,34,57,41,56,2
57,2,5,35,57,41,52,2
57,2,7,35,57,41,44,2
70,10,5,55,57,41,70,2
79,5,5,75,57,41,79,2
60,8,5,20,60,41,46,2
60,8,9,20,60,41,58,2
60,5,5,29,60,41,47,2
93,10,6,45,60,41,93,2
61,8,5,25,61,41,49,2
75,8,6,38,62,41,75,2
65,10,9,32,63,41,65,2
64,5,10,32,64,41,56,2
70,5,5,40,64,41,70,2
80,5,8,49,65,41,80,2
70,5,10,37,66,41,70,2
91,5,8,45,66,41,91,2
84,5,10,45,70,41,84,2
83,5,8,48,72,41,83,2
42,2,1,7,0,42,5,1
42,2,1,11,0,42,21,1
42,2,1,3,2,42,1,1
42,2,3,6,2,42,11,1
42,2,1,9,2,42,12,1
42,0,1,10,2,42,15,1
42,2,2,10,2,42,14,1
42,2,1,11,2,42,19,1
45,2,1,20,2,42,45,1
42,2,1,20,2,42,26,1
42,0,1,31,2,42,36,1
42,2,1,2,3,42,,1
42,0,1,10,3,42,23,1
42,2,1,15,3,42,16,1
42,0,1,19,3,42,5,1
42,2,1,20,3,42,10,1
42,2,1,23,3,42,25,1
42,0,1,2,5,42,3,1
42,2,2,4,5,42,29,1
42,2,1,7,5,42,8,1
42,8,1,12,5,42,26,1
42,5,0,13,5,42,19,1
42,2,1,13,5,42,17,1
42,5,3,15,5,42,28,1
42,8,2,18,5,42,40,1
42,0,1,20,5,42,21,1
42,0,2,20,5,42,40,1
42,0,1,23,5,42,16,1
42,2,2,24,5,42,12,1
42,0,1,25,5,42,23,1
42,0,2,38,5,42,31,1
42,0,1,11,7,42,11,1
42,2,3,12,7,42,16,1
42,2,3,13,7,42,35,1
42,0,2,14,7,42,16,1
42,2,1,15,7,42,34,1
42,5,1,17,7,42,22,1
42,0,2,19,7,42,31,1
42,2,1,20,7,42,27,1
42,0,2,20,7,42,20,1
42,2,2,20,7,42,21,1
42,2,0,21,7,42,22,1
42,2,2,22,7,42,16,1
42,2,3,22,7,42,16,1
42,2,1,25,7,42,42,1
49,5,2,27,7,42,49,1
42,2,2,34,7,42,17,1
42,2,2,6,8,42,8,1
42,0,2,8,8,42,21,1
42,2,1,13,8,42,9,1
42,5,1,13,8,42,10,1
42,5,1,14,8,42,31,1
42,5,1,14,8,42,23,1
42,0,3,14,8,42,23,1
42,2,1,16,8,42,32,1
42,5,1,16,8,42,40,1
42,2,2,17,8,42,18,1
42,2,1,18,8,42,17,1
42,2,2,18,8,42,18,1
42,2,1,19,8,42,33,1
42,2,2,19,8,42,20,1
44,2,1,20,8,42,44,1
42,2,2,20,8,42,19,1
42,0,2,21,8,42,42,1
42,2,2,22,8,42,35,1
44,0,3,26,8,42,44,1
42,0,1,27,8,42,14,1
42,2,2,28,8,42,12,1
42,2,2,32,8,42,25,1
42,2,1,42,8,42,36,1
42,0,1,6,10,42,15,1
42,2,1,11,10,42,25,1
42,0,1,12,10,42,15,1
42,5,2,13,10,42,19,1
42,2,2,16,10,42,39,1
42,5,2,17,10,42,29,1
42,5,0,18,10,42,16,1
42,2,1,18,10,42,25,1
42,2,1,18,10,42,39,1
42,5,2,18,10,42,40,1
42,2,1,19,10,42,18,1
54,5,1,19,10,42,54,2
42,2,2,19,10,42,30,1
42,2,2,21,10,42,25,1
60,8,2,22,10,42,60,2
58,2,3,26,10,42,58,2
42,2,2,27,10,42,32,1
53,5,2,28,10,42,53,2
42,2,2,29,10,42,38,1
42,5,1,35,10,42,32,1
69,5,2,40,10,42,69,2
42,2,3,40,10,42,16,1
52,5,1,48,10,42,52,2
42,5,1,8,12,42,28,1
42,5,1,13,12,42,26,1
42,2,2,13,12,42,27,1
42,10,2,14,12,42,27,1
42,8,3,14,12,42,30,1
42,5,1,16,12,42,19,1
42,2,2,16,12,42,30,1
42,2,2,17,12,42,23,1
42,2,2,18,12,42,27,1
42,5,2,18,12,42,29,1
42,2,2,19,12,42,22,1
42,2,1,21,12,42,26,1
43,2,2,21,12,42,43,1
42,2,2,21,12,42,30,1
42,2,2,21,12,42,19,1
44,2,5,22,12,42,44,1
42,2,1,23,12,42,34,1
42,2,1,24,12,42,29,1
56,5,5,25,12,42,56,2
56,2,2,26,12,42,56,2
56,5,1,35,12,42,56,2
54,5,1,40,12,42,54,2
75,5,2,42,12,42,75,2
68,5,1,68,12,42,43,2
42,5,1,11,13,42,14,1
42,2,2,11,13,42,12,1
42,0,2,13,13,42,30,1
42,2,2,14,13,42,11,1
42,5,1,16,13,42,27,1
42,10,2,16,13,42,18,1
42,2,2,17,13,42,19,1
42,2,1,18,13,42,18,1
42,2,1,18,13,42,41,1
42,2,2,18,13,42,18,1
42,5,1,20,13,42,26,1
43,2,3,20,13,42,43,1
55,2,2,22,13,42,55,2
42,2,3,22,13,42,28,1
42,2,2,23,13,42,23,1
42,2,2,23,13,42,28,1
49,5,2,23,13,42,49,1
43,2,1,25,13,42,43,1
42,8,2,25,13,42,36,1
42,2,2,27,13,42,39,1
42,0,2,29,13,42,29,1
42,2,3,29,13,42,36,1
59,8,3,31,13,42,59,2
59,2,3,32,13,42,59,2
43,2,1,35,13,42,43,1
62,5,3,35,13,42,62,2
42,5,2,37,13,42,30,1
71,2,3,43,13,42,71,2
42,2,1,11,15,42,20,1
42,0,1,12,15,42,16,1
42,5,2,12,15,42,4,1
42,0,3,12,15,42,32,1
42,0,1,13,15,42,16,1
42,2,3,13,15,42,22,1
42,2,1,14,15,42,23,1
42,2,2,14,15,42,32,1
42,0,1,15,15,42,36,1
42,5,2,16,15,42,35,1
42,5,1,17,15,42,31,1
42,2,2,18,15,42,34,1
42,5,2,18,15,42,29,1
42,8,2,18,15,42,42,1
42,10,2,18,15,42,29,1
42,2,3,21,15,42,38,1
51,2,2,24,15,42,51,2
44,2,2,24,15,42,44,1
42,2,2,26,15,42,38,1
51,8,2,26,15,42,51,2
64,2,5,29,15,42,64,2
56,2,2,30,15,42,56,2
62,2,3,32,15,42,62,2
42,2,3,32,15,42,33,1
45,2,2,34,15,42,45,1
42,8,1,35,15,42,32,1
53,2,2,36,15,42,53,2
57,5,3,40,15,42,57,2
58,2,2,44,15,42,58,2
56,5,2,45,15,42,56,2
70,2,3,53,15,42,70,2
42,0,1,7,17,42,8,1
42,2,1,14,17,42,34,1
42,2,2,14,17,42,40,1
42,2,2,14,17,42,15,1
42,5,2,15,17,42,22,1
42,2,2,17,17,42,31,1
42,5,1,18,17,42,29,1
42,5,2,18,17,42,24,1
42,0,3,18,17,42,25,1
42,2,1,19,17,42,22,1
42,2,3,19,17,42,38,1
42,2,2,21,17,42,28,1
42,5,3,21,17,42,39,1
42,5,1,22,17,42,21,1
42,2,2,23,17,42,31,1
54,2,2,29,17,42,54,2
44,2,2,30,17,42,44,1
42,5,3,31,17,42,34,1
42,2,1,34,17,42,33,1
73,2,2,34,17,42,73,2
71,5,0,35,17,42,71,2
59,2,3,37,17,42,59,2
42,2,2,40,17,42,33,1
67,5,3,41,17,42,67,2
55,2,2,44,17,42,55,2
71,12,2,48,17,42,71,2
113,2,3,113,17,42,62,3
42,2,2,9,18,42,15,1
42,5,3,14,18,42,28,1
42,0,2,17,18,42,42,1
42,5,2,17,18,42,24,1
51,2,3,17,18,42,51,2
43,2,3,17,18,42,43,1
42,2,2,18,18,42,24,1
43,0,2,20,18,42,43,1
44,2,3,20,18,42,44,1
43,2,2,21,18,42,43,1
42,2,2,21,18,42,36,1
42,5,2,21,18,42,41,1
52,2,2,22,18,42,52,2
42,2,2,22,18,42,18,1
52,8,2,23,18,42,52,2
42,5,1,24,18,42,25,1
42,2,2,26,18,42,36,1
42,5,2,26,18,42,32,1
62,5,2,28,18,42,62,2
75,2,2,29,18,42,75,2
58,5,2,29,18,42,58,2
59,2,3,32,18,42,59,2
45,2,3,34,18,42,45,1
66,2,3,35,18,42,66,2
67,2,3,37,18,42,67,2
57,5,3,37,18,42,57,2
42,2,3,38,18,42,39,1
75,0,3,47,18,42,75,2
42,2,2,16,20,42,28,1
42,38,2,18,20,42,40,1
42,0,2,19,20,42,20,1
42,5,2,19,20,42,35,1
42,18,2,19,20,42,38,1
42,15,2,21,20,42,40,1
42,10,2,22,20,42,40,1
42,2,3,22,20,42,29,1
42,2,2,23,20,42,30,1
52,2,3,28,20,42,52,2
51,2,3,28,20,42,51,2
53,8,3,28,20,42,53,2
61,8,2,30,20,42,61,2
70,2,5,31,20,42,70,2
42,5,2,32,20,42,26,1
42,5,1,36,20,42,42,1
49,2,2,37,20,42,49,1
65,5,2,43,20,42,65,2
53,5,3,45,20,42,53,2
73,2,2,52,20,42,73,2
123,2,6,52,20,42,123,3
59,5,3,59,20,42,53,2
42,2,2,10,22,42,19,1
42,2,3,13,22,42,35,1
42,0,2,15,22,42,19,1
42,2,1,16,22,42,41,1
42,5,2,16,22,42,26,1
42,2,2,18,22,42,29,1
43,5,3,18,22,42,43,1
42,2,2,19,22,42,30,1
49,2,2,20,22,42,49,1
50,2,2,21,22,42,50,1
42,5,2,21,22,42,26,1
44,8,2,21,22,42,44,1
42,0,2,22,22,42,26,1
42,2,3,22,22,42,37,1
53,2,5,22,22,42,53,2
45,5,2,24,22,42,45,1
68,0,2,25,22,42,68,2
57,2,2,26,22,42,57,2
42,2,2,27,22,42,32,1
42,2,3,28,22,42,39,1
53,10,3,29,22,42,53,2
47,0,2,30,22,42,47,1
42,5,3,30,22,42,41,1
66,2,3,33,22,42,66,2
70,15,3,33,22,42,70,2
54,2,3,34,22,42,54,2
72,8,5,34,22,42,72,2
64,2,5,35,22,42,64,2
70,2,3,38,22,42,70,2
73,8,5,40,22,42,73,2
71,2,3,43,22,42,71,2
64,5,3,43,22,42,64,2
79,2,5,44,22,42,79,2
97,2,5,45,22,42,97,2
42,2,2,11,23,42,17,1
42,2,2,13,23,42,15,1
42,2,2,16,23,42,35,1
42,2,2,17,23,42,17,1
42,2,2,17,23,42,29,1
42,5,3,20,23,42,34,1
42,2,3,22,23,42,35,1
42,2,3,23,23,42,34,1
46,2,5,28,23,42,46,1
53,2,2,33,23,42,53,2
67,8,2,34,23,42,67,2
66,2,3,34,23,42,66,2
51,5,5,36,23,42,51,2
53,5,3,37,23,42,53,2
67,10,3,37,23,42,67,2
66,2,3,40,23,42,66,2
75,10,5,41,23,42,75,2
61,10,3,42,23,42,61,2
61,2,2,45,23,42,61,2
118,8,5,46,23,42,118,3
76,2,5,47,23,42,76,2
47,10,5,47,23,42,44,1
59,5,3,48,23,42,59,2
72,8,3,48,23,42,72,2
89,5,5,48,23,42,89,2
52,2,3,52,23,42,40,2
42,2,3,13,25,42,17,1
42,2,3,17,25,42,35,1
42,2,2,18,25,42,26,1
42,2,2,18,25,42,19,1
42,0,3,18,25,42,19,1
54,8,2,19,25,42,54,2
43,20,2,19,25,42,43,1
42,2,3,19,25,42,30,1
42,2,5,19,25,42,29,1
42,5,2,20,25,42,36,1
42,2,3,20,25,42,39,1
42,5,2,21,25,42,34,1
42,5,2,21,25,42,40,1
42,2,3,21,25,42,39,1
46,2,5,22,25,42,46,1
42,8,2,23,25,42,38,1
51,2,3,23,25,42,51,2
42,5,2,25,25,42,24,1
42,5,5,25,25,42,33,1
52,5,2,26,25,42,52,2
54,5,2,27,25,42,54,2
55,5,3,28,25,42,55,2
53,10,3,28,25,42,53,2
48,5,3,31,25,42,48,1
45,5,2,35,25,42,45,1
50,5,3,36,25,42,50,1
45,2,3,39,25,42,45,1
70,8,3,39,25,42,70,2
76,2,5,41,25,42,76,2
62,5,2,42,25,42,62,2
51,2,5,49,25,42,51,2
42,5,3,10,27,42,31,1
42,12,2,12,27,42,31,1
42,0,2,14,27,42,16,1
42,5,2,14,27,42,31,1
42,5,2,14,27,42,18,1
42,8,2,14,27,42,12,1
42,10,2,16,27,42,,1
42,0,3,19,27,42,35,1
42,2,3,19,27,42,20,1
42,8,3,20,27,42,25,1
46,5,5,20,27,42,46,1
42,2,2,21,27,42,33,1
42,5,3,23,27,42,42,1
47,5,3,25,27,42,47,1
42,5,2,28,27,42,42,1
61,5,3,28,27,42,61,2
54,5,3,28,27,42,54,2
56,8,2,30,27,42,56,2
61,5,3,32,27,42,61,2
43,5,2,33,27,42,43,1
60,8,3,34,27,42,60,2
62,10,6,34,27,42,62,2
56,5,3,36,27,42,56,2
54,2,5,38,27,42,54,2
54,5,5,41,27,42,54,2
61,8,2,42,27,42,61,2
69,2,3,43,27,42,69,2
54,5,5,43,27,42,54,2
57,12,3,45,27,42,57,2
48,2,2,48,27,42,44,1
42,0,3,12,28,42,22,1
42,2,2,13,28,42,19,1
42,2,3,13,28,42,25,1
44,2,1,17,28,42,44,1
42,0,3,18,28,42,32,1
42,2,3,18,28,42,41,1
42,2,5,18,28,42,41,1
42,5,2,19,28,42,34,1
51,51,2,19,28,42,34,2
42,10,2,20,28,42,25,1
42,5,3,21,28,42,30,1
42,2,3,23,28,42,35,1
56,5,3,29,28,42,56,2
44,8,3,30,28,42,44,1
56,15,3,35,28,42,56,2
85,2,5,37,28,42,85,2
81,2,5,41,28,42,81,2
75,5,3,42,28,42,75,2
70,2,5,43,28,42,70,2
62,5,3,45,28,42,62,2
76,2,2,46,28,42,76,2
71,5,3,47,28,42,71,2
49,2,3,49,28,42,,1
42,2,2,14,30,42,38,1
42,5,3,14,30,42,28,1
42,0,2,15,30,42,28,1
42,2,2,21,30,42,41,1
56,2,2,22,30,42,56,2
42,2,2,22,30,42,32,1
42,5,2,22,30,42,38,1
57,5,3,22,30,42,57,2
55,8,3,22,30,42,55,2
42,8,3,22,30,42,38,1
42,5,5,23,30,42,18,1
47,8,2,27,30,42,47,1
62,2,5,28,30,42,62,2
67,2,3,32,30,42,67,2
59,8,3,32,30,42,59,2
49,8,3,32,30,42,49,1
74,2,6,32,30,42,74,2
61,5,5,33,30,42,61,2
54,5,2,34,30,42,54,2
82,10,3,34,30,42,82,2
42,2,3,35,30,42,38,1
56,5,5,35,30,42,56,2
63,8,5,35,30,42,63,2
84,2,5,36,30,42,84,2
56,2,5,45,30,42,56,2
69,2,6,46,30,42,69,2
94,5,5,62,30,42,94,2
74,5,3,65,30,42,74,2
111,5,5,66,30,42,111,3
42,0,3,15,32,42,14,1
42,2,3,17,32,42,35,1
42,2,3,17,32,42,27,1
42,2,2,18,32,42,25,1
42,2,3,18,32,42,34,1
42,2,2,19,32,42,38,1
42,2,3,19,32,42,30,1
42,2,3,19,32,42,32,1
42,5,3,19,32,42,30,1
42,8,2,23,32,42,28,1
59,2,3,26,32,42,59,2
57,5,3,27,32,42,57,2
42,2,3,29,32,42,35,1
44,5,2,32,32,42,44,1
42,18,2,33,32,42,36,1
52,5,3,33,32,42,52,2
65,5,6,33,32,42,65,2
52,5,3,36,32,42,52,2
97,5,5,37,32,42,97,2
72,2,3,40,32,42,72,2
72,5,3,46,32,42,72,2
94,2,6,48,32,42,94,2
73,15,3,49,32,42,73,2
73,10,5,52,32,42,73,2
103,8,5,59,32,42,103,3
108,5,3,61,32,42,108,3
120,10,6,62,32,42,120,3
42,5,2,15,33,42,27,1
42,2,5,21,33,42,42,1
42,2,5,21,33,42,35,1
42,5,5,25,33,42,34,1
71,10,6,36,33,42,71,2
65,5,3,37,33,42,65,2
81,5,5,37,33,42,81,2
53,10,3,38,33,42,53,2
98,5,5,45,33,42,98,2
66,5,5,49,33,42,66,2
101,8,5,60,33,42,101,3
63,5,2,62,33,42,63,2
113,10,7,67,33,42,113,3
42,0,1,8,35,42,10,1
42,5,2,11,35,42,27,1
42,2,2,16,35,42,16,1
42,5,3,19,35,42,17,1
42,5,5,20,35,42,18,1
42,2,3,22,35,42,23,1
44,2,3,23,35,42,44,1
54,2,3,30,35,42,54,2
61,5,3,30,35,42,61,2
42,5,2,31,35,42,42,1
60,52,3,32,35,42,60,2
57,5,3,38,35,42,57,2
67,5,3,53,35,42,67,2
88,8,3,56,35,42,88,2
73,5,6,56,35,42,73,2
42,0,2,11,37,42,6,1
42,2,3,15,37,42,31,1
42,2,3,17,37,42,32,1
42,2,5,17,37,42,37,1
42,2,3,20,37,42,35,1
42,2,5,21,37,42,31,1
42,5,1,24,37,42,37,1
74,10,5,41,37,42,74,2
90,8,6,42,37,42,90,2
56,5,3,45,37,42,56,2
72,5,5,45,37,42,72,2
95,2,5,46,37,42,95,2
66,2,3,48,37,42,66,2
57,2,2,52,37,42,57,2
71,5,3,56,37,42,71,2
65,2,5,65,37,42,57,2
42,2,2,17,38,42,30,1
42,2,3,17,38,42,30,1
42,2,5,21,38,42,18,1
42,8,5,26,38,42,24,1
42,5,3,28,38,42,33,1
50,2,5,29,38,42,50,1
58,2,6,29,38,42,58,2
70,30,3,40,38,42,70,2
100,10,6,65,38,42,100,2
42,2,2,17,40,42,13,1
42,2,2,17,40,42,20,1
42,2,3,20,40,42,31,1
51,18,3,25,40,42,51,2
45,10,3,28,40,42,45,1
51,2,6,30,40,42,51,2
44,2,3,31,40,42,44,1
52,2,3,40,40,42,52,2
42,2,6,13,42,42,18,1
42,12,3,17,42,42,33,1
42,2,5,17,42,42,28,1
42,2,3,21,42,42,23,1
42,5,3,21,42,42,27,1
42,2,6,22,42,42,36,1
47,2,3,25,42,42,47,1
42,5,5,26,42,42,26,1
43,5,1,27,42,42,43,1
48,2,6,27,42,42,48,1
50,2,3,28,42,42,50,1
60,15,3,29,42,42,60,2
42,2,5,30,42,42,42,1
93,5,7,44,42,42,93,2
63,5,3,47,42,42,63,2
98,8,5,58,42,42,98,2
101,5,6,60,42,42,101,3
43,0,3,15,43,42,27,1
43,5,3,17,43,42,34,1
43,2,3,27,43,42,42,1
43,5,5,27,43,42,30,1
43,2,3,32,43,42,41,1
66,2,7,35,43,42,66,2
69,8,5,38,43,42,69,2
60,5,5,41,43,42,60,2
76,2,5,62,43,42,76,2
45,5,6,20,45,42,34,1
56,2,7,20,45,42,56,2
45,2,3,21,45,42,31,1
45,2,6,22,45,42,42,1
45,5,2,27,45,42,31,1
45,2,3,27,45,42,30,1
45,8,3,27,45,42,43,1
45,5,7,28,45,42,40,1
60,5,3,30,45,42,60,2
65,12,6,31,45,42,65,2
54,5,3,32,45,42,54,2
78,8,6,50,45,42,78,2
47,5,5,9,47,42,26,1
47,5,5,10,47,42,25,1
47,5,5,16,47,42,35,1
47,2,3,18,47,42,15,1
54,12,5,24,47,42,54,2
47,0,5,26,47,42,44,1
49,5,5,26,47,42,49,1
47,2,6,28,47,42,45,1
85,2,8,35,47,42,85,2
86,5,5,58,47,42,86,2
87,5,6,68,47,42,87,2
48,2,3,12,48,42,31,1
48,10,3,14,48,42,22,1
53,53,5,21,48,42,40,2
48,2,5,24,48,42,43,1
60,60,5,35,48,42,56,2
64,2,5,47,48,42,64,2
50,2,6,11,50,42,18,1
50,2,3,14,50,42,33,1
50,8,6,22,50,42,45,1
67,5,6,30,50,42,67,2
81,5,7,38,50,42,81,2
51,12,3,19,51,42,38,2
55,5,5,22,51,42,55,2
51,5,3,27,51,42,31,2
58,2,5,30,51,42,58,2
51,2,5,30,51,42,50,2
51,5,6,30,51,42,49,2
53,2,3,34,51,42,53,2
89,12,7,47,51,42,89,2
52,5,6,20,52,42,31,2
52,8,6,22,52,42,36,2
53,2,8,29,52,42,53,2
55,8,3,33,52,42,55,2
63,5,8,37,52,42,63,2
59,8,5,40,52,42,59,2
68,5,3,41,52,42,68,2
77,5,8,41,52,42,77,2
69,5,5,45,52,42,69,2
74,8,5,45,52,42,74,2
115,10,6,68,52,42,115,3
53,2,6,19,53,42,29,2
53,5,6,21,53,42,36,2
53,8,6,23,53,42,50,2
71,5,6,38,53,42,71,2
54,5,7,19,54,42,43,2
55,2,7,22,55,42,53,2
55,10,7,30,55,42,55,2
55,8,6,32,55,42,43,2
55,10,3,39,55,42,53,2
56,8,5,22,56,42,35,2
56,8,6,27,56,42,50,2
63,2,6,37,56,42,63,2
76,8,8,43,56,42,76,2
57,2,3,19,57,42,28,2
57,10,6,27,57,42,37,2
57,10,3,29,57,42,48,2
57,5,6,31,57,42,45,2
71,8,5,35,57,42,71,2
81,5,8,56,57,42,81,2
89,8,7,82,57,42,89,2
58,5,5,29,58,42,57,2
64,8,7,34,58,42,64,2
71,8,7,37,58,42,71,2
78,5,6,49,58,42,78,2
59,5,3,41,59,42,48,2
86,10,5,47,59,42,86,2
60,5,8,22,60,42,50,2
60,2,9,27,60,42,42,2
119,5,9,66,60,42,119,3
88,0,8,46,62,42,88,2
64,8,8,27,64,42,46,2
65,5,9,20,65,42,40,2
66,12,3,37,66,42,49,2
97,5,10,54,67,42,97,2
78,12,7,43,68,42,78,2
85,15,7,47,71,42,85,2
145,10,8,72,73,42,145,3
43,0,1,9,0,43,13,1
43,2,1,20,0,43,36,1
43,2,3,0,2,43,9,1
43,0,1,1,2,43,1,1
43,2,1,2,2,43,2,1
43,2,2,3,2,43,1,1
43,2,1,9,2,43,16,1
43,2,1,10,2,43,13,1
43,2,2,13,2,43,16,1
43,2,1,14,2,43,18,1
43,2,1,16,2,43,18,1
43,2,1,17,2,43,27,1
43,2,1,17,2,43,40,1
43,2,2,20,2,43,26,1
43,2,2,26,2,43,19,1
43,2,1,8,3,43,13,1
43,0,3,11,3,43,10,1
43,2,2,12,3,43,20,1
43,2,3,12,3,43,16,1
43,5,1,23,3,43,36,1
43,0,1,32,3,43,31,1
43,0,3,32,3,43,29,1
45,5,1,34,3,43,45,1
43,0,1,37,3,43,28,1
53,2,2,50,3,43,53,2
43,2,1,3,5,43,6,1
43,8,1,6,5,43,21,1
43,2,1,13,5,43,10,1
43,2,1,18,5,43,26,1
43,5,2,19,5,43,42,1
43,2,1,20,5,43,33,1
43,0,2,20,5,43,27,1
43,2,2,22,5,43,41,1
43,2,1,24,5,43,27,1
52,5,2,29,5,43,52,2
43,0,1,2,7,43,3,1
43,2,1,3,7,43,13,1
43,2,2,4,7,43,,1
43,5,2,8,7,43,22,1
43,0,1,13,7,43,5,1
43,0,1,13,7,43,11,1
43,0,1,15,7,43,27,1
43,2,2,18,7,43,24,1
43,2,2,19,7,43,27,1
43,5,1,23,7,43,37,1
43,2,2,34,7,43,20,1
82,2,5,37,7,43,82,2
55,2,3,47,7,43,55,2
54,2,17,54,7,43,23,2
43,0,1,2,8,43,2,1
43,0,2,3,8,43,9,1
43,0,1,4,8,43,3,1
43,2,3,4,8,43,18,1
43,2,1,6,8,43,11,1
43,2,1,10,8,43,7,1
43,0,2,10,8,43,17,1
43,2,2,10,8,43,19,1
43,10,2,10,8,43,19,1
43,2,1,12,8,43,14,1
43,5,1,13,8,43,28,1
43,2,2,15,8,43,14,1
43,2,2,15,8,43,35,1
43,2,2,16,8,43,9,1
43,2,1,17,8,43,27,1
43,2,1,18,8,43,29,1
43,2,2,18,8,43,26,1
43,0,1,19,8,43,27,1
48,2,2,19,8,43,48,1
43,2,2,19,8,43,38,1
43,2,2,21,8,43,40,1
43,2,2,22,8,43,28,1
43,0,1,23,8,43,18,1
48,2,1,23,8,43,48,1
43,2,1,23,8,43,41,1
43,2,2,24,8,43,39,1
52,0,2,25,8,43,52,2
44,2,2,25,8,43,44,1
43,8,2,26,8,43,35,1
43,0,1,27,8,43,33,1
51,2,3,30,8,43,51,2
43,2,1,11,10,43,18,1
43,2,1,15,10,43,24,1
43,2,2,15,10,43,24,1
43,2,2,15,10,43,35,1
43,0,2,16,10,43,24,1
43,2,2,16,10,43,36,1
45,2,1,17,10,43,45,1
43,2,1,18,10,43,21,1
43,2,1,18,10,43,37,1
43,8,2,19,10,43,28,1
43,2,1,20,10,43,26,1
59,2,5,20,10,43,59,2
54,2,5,21,10,43,54,2
43,2,1,22,10,43,32,1
43,2,1,22,10,43,29,1
46,2,2,24,10,43,46,1
43,2,2,25,10,43,35,1
43,2,1,26,10,43,32,1
46,2,2,27,10,43,46,1
43,2,1,28,10,43,23,1
43,2,1,29,10,43,21,1
74,8,1,31,10,43,74,2
43,2,1,32,10,43,24,1
52,2,5,35,10,43,52,2
43,2,1,15,12,43,12,1
43,2,1,16,12,43,30,1
43,5,1,16,12,43,22,1
43,8,1,16,12,43,26,1
43,2,3,16,12,43,26,1
43,2,1,18,12,43,24,1
43,0,2,18,12,43,27,1
43,5,2,18,12,43,18,1
43,0,1,19,12,43,25,1
43,0,1,21,12,43,29,1
43,2,3,21,12,43,30,1
46,2,2,23,12,43,46,1
43,2,1,24,12,43,34,1
47,5,1,24,12,43,47,1
43,2,2,24,12,43,39,1
43,2,2,24,12,43,25,1
43,2,2,25,12,43,30,1
51,15,3,26,12,43,51,2
43,2,2,27,12,43,34,1
43,8,2,27,12,43,36,1
50,0,2,30,12,43,50,1
44,2,2,32,12,43,44,1
58,2,3,33,12,43,58,2
63,5,2,44,12,43,63,2
45,2,3,45,12,43,35,1
102,8,3,60,12,43,102,3
133,2,6,66,12,43,133,3
43,0,1,3,13,43,1,1
43,5,2,14,13,43,24,1
43,2,3,14,13,43,26,1
43,2,3,14,13,43,15,1
43,5,1,15,13,43,31,1
43,2,1,16,13,43,30,1
43,2,1,16,13,43,27,1
43,8,1,16,13,43,26,1
43,28,1,17,13,43,43,1
43,2,2,17,13,43,27,1
43,5,1,18,13,43,25,1
43,2,5,19,13,43,43,1
43,2,2,20,13,43,36,1
43,5,2,20,13,43,31,1
43,0,5,20,13,43,40,1
43,0,1,22,13,43,27,1
57,8,1,22,13,43,57,2
43,5,2,23,13,43,23,1
43,2,3,24,13,43,35,1
49,2,1,26,13,43,49,1
56,5,3,27,13,43,56,2
44,2,2,28,13,43,44,1
43,5,2,29,13,43,39,1
43,5,2,30,13,43,33,1
79,8,5,35,13,43,79,2
43,0,1,7,15,43,12,1
43,0,3,11,15,43,25,1
43,5,2,13,15,43,13,1
43,2,2,14,15,43,36,1
43,18,1,15,15,43,20,1
43,2,2,17,15,43,24,1
43,2,2,17,15,43,26,1
43,2,1,18,15,43,24,1
45,2,2,18,15,43,45,1
43,5,2,18,15,43,31,1
43,5,2,18,15,43,26,1
43,5,1,19,15,43,22,1
43,5,2,19,15,43,28,1
43,0,2,20,15,43,28,1
43,5,1,21,15,43,39,1
43,5,3,21,15,43,30,1
43,2,2,23,15,43,35,1
43,2,2,25,15,43,30,1
45,2,1,26,15,43,45,1
43,2,2,27,15,43,33,1
49,2,3,27,15,43,49,1
43,5,1,28,15,43,25,1
85,5,6,33,15,43,85,2
67,5,2,34,15,43,67,2
55,5,2,36,15,43,55,2
69,5,3,49,15,43,69,2
102,2,5,51,15,43,102,3
76,2,5,52,15,43,76,2
76,8,2,63,15,43,76,2
65,2,2,65,15,43,21,2
43,0,1,2,17,43,6,1
43,5,2,9,17,43,19,1
43,0,3,10,17,43,28,1
43,0,3,12,17,43,21,1
43,2,2,14,17,43,25,1
43,5,2,14,17,43,43,1
43,2,3,14,17,43,28,1
43,2,3,14,17,43,28,1
43,5,2,16,17,43,24,1
43,5,1,17,17,43,24,1
43,0,3,18,17,43,39,1
43,10,2,19,17,43,37,1
49,2,2,20,17,43,49,1
43,2,2,20,17,43,11,1
49,12,3,20,17,43,49,1
43,2,1,21,17,43,32,1
43,2,2,21,17,43,41,1
43,2,2,21,17,43,16,1
43,5,2,23,17,43,37,1
52,0,2,24,17,43,52,2
43,2,2,24,17,43,42,1
43,5,2,24,17,43,39,1
58,2,3,27,17,43,58,2
51,0,2,28,17,43,51,2
57,5,2,29,17,43,57,2
59,8,2,29,17,43,59,2
48,2,2,31,17,43,48,1
43,2,2,32,17,43,41,1
43,2,2,33,17,43,41,1
62,5,2,33,17,43,62,2
52,8,2,33,17,43,52,2
69,2,3,34,17,43,69,2
64,8,2,37,17,43,64,2
74,8,3,39,17,43,74,2
47,5,1,47,17,43,44,1
75,2,5,47,17,43,75,2
109,5,3,109,17,43,56,3
43,0,2,11,18,43,18,1
43,5,2,12,18,43,34,1
43,5,1,13,18,43,20,1
43,0,3,13,18,43,34,1
43,5,2,14,18,43,36,1
43,0,3,14,18,43,26,1
43,5,1,16,18,43,31,1
43,2,2,16,18,43,26,1
43,5,2,20,18,43,40,1
46,2,2,21,18,43,46,1
55,2,5,21,18,43,55,2
43,5,1,23,18,43,25,1
43,2,2,23,18,43,33,1
48,2,2,24,18,43,48,1
43,5,2,24,18,43,32,1
43,2,3,25,18,43,37,1
70,2,7,27,18,43,70,2
56,2,2,28,18,43,56,2
51,2,2,28,18,43,51,2
64,2,5,30,18,43,64,2
46,2,2,33,18,43,46,1
56,2,3,34,18,43,56,2
57,2,3,36,18,43,57,2
54,5,3,36,18,43,54,2
87,10,1,37,18,43,87,2
43,5,3,38,18,43,27,1
79,2,3,46,18,43,79,2
77,2,5,47,18,43,77,2
94,5,5,94,18,43,83,2
43,0,5,10,20,43,24,1
43,2,2,13,20,43,26,1
43,0,1,14,20,43,33,1
43,5,2,15,20,43,33,1
43,2,3,15,20,43,26,1
43,0,2,16,20,43,33,1
43,10,2,16,20,43,26,1
43,5,1,17,20,43,17,1
43,0,3,17,20,43,23,1
43,2,2,18,20,43,21,1
46,2,3,18,20,43,46,1
43,2,3,18,20,43,41,1
43,0,2,19,20,43,29,1
43,2,3,19,20,43,39,1
50,2,3,20,20,43,50,1
43,2,2,21,20,43,33,1
43,5,2,21,20,43,40,1
43,2,2,22,20,43,33,1
43,8,2,23,20,43,42,1
43,5,3,23,20,43,34,1
43,2,3,24,20,43,22,1
43,5,3,25,20,43,30,1
43,2,2,30,20,43,38,1
75,2,6,30,20,43,75,2
56,5,2,31,20,43,56,2
65,10,2,33,20,43,65,2
43,5,3,33,20,43,41,1
43,2,2,34,20,43,37,1
52,10,3,34,20,43,52,2
62,8,2,39,20,43,62,2
73,5,3,40,20,43,73,2
75,2,3,43,20,43,75,2
88,5,5,80,20,43,88,2
43,2,2,7,22,43,11,1
46,2,3,12,22,43,46,1
43,2,2,13,22,43,30,1
43,2,3,13,22,43,30,1
43,2,2,15,22,43,20,1
43,2,2,15,22,43,19,1
43,2,1,16,22,43,24,1
43,2,1,16,22,43,40,1
43,2,2,16,22,43,19,1
54,5,2,19,22,43,54,2
43,5,3,19,22,43,24,1
44,2,5,20,22,43,44,1
43,5,3,21,22,43,29,1
43,2,2,23,22,43,30,1
43,2,2,25,22,43,30,1
63,2,5,26,22,43,63,2
43,5,2,28,22,43,41,1
43,5,2,32,22,43,36,1
56,5,3,32,22,43,56,2
43,5,3,32,22,43,31,1
54,8,1,39,22,43,54,2
99,2,5,50,22,43,99,2
43,0,3,11,23,43,16,1
43,0,2,12,23,43,29,1
43,8,2,17,23,43,31,1
43,5,3,17,23,43,40,1
43,2,2,21,23,43,34,1
43,0,5,21,23,43,33,1
43,5,2,22,23,43,36,1
52,2,3,22,23,43,52,2
43,2,3,22,23,43,31,1
43,2,5,22,23,43,32,1
43,10,2,23,23,43,30,1
53,2,5,26,23,43,53,2
53,2,2,31,23,43,53,2
43,5,2,33,23,43,31,1
43,8,3,35,23,43,37,1
75,8,3,36,23,43,75,2
44,5,3,37,23,43,44,1
64,5,5,38,23,43,64,2
71,8,3,42,23,43,71,2
74,2,6,47,23,43,74,2
59,8,3,50,23,43,59,2
92,5,3,53,23,43,92,2
87,5,5,58,23,43,87,2
68,2,3,68,23,43,65,2
43,5,2,17,25,43,36,1
43,8,2,17,25,43,33,1
43,2,2,20,25,43,40,1
63,2,7,24,25,43,63,2
43,2,1,25,25,43,24,1
49,5,2,26,25,43,49,1
43,0,5,26,25,43,35,1
43,2,3,27,25,43,37,1
43,2,2,29,25,43,41,1
56,5,3,37,25,43,56,2
68,54,3,38,25,43,68,2
86,0,6,40,25,43,86,2
44,12,2,42,25,43,44,1
69,5,3,48,25,43,69,2
43,2,2,10,27,43,30,1
43,2,3,12,27,43,9,1
43,5,3,15,27,43,26,1
43,0,3,18,27,43,19,1
43,5,2,19,27,43,31,1
43,2,2,20,27,43,22,1
43,2,2,21,27,43,25,1
47,20,2,21,27,43,47,1
43,12,2,22,27,43,40,1
43,2,3,22,27,43,34,1
45,5,3,25,27,43,45,1
56,5,3,27,27,43,56,2
43,5,3,27,27,43,36,1
60,5,2,28,27,43,60,2
55,12,3,29,27,43,55,2
43,2,2,30,27,43,29,1
43,2,3,30,27,43,39,1
49,5,3,34,27,43,49,1
69,5,3,35,27,43,69,2
52,8,5,35,27,43,52,2
64,2,3,38,27,43,64,2
47,5,3,38,27,43,47,1
57,5,3,43,27,43,57,2
86,2,5,45,27,43,86,2
63,2,3,47,27,43,63,2
69,2,5,48,27,43,69,2
82,5,5,57,27,43,82,2
97,5,3,66,27,43,97,2
43,2,2,16,28,43,33,1
43,5,2,20,28,43,41,1
43,2,3,20,28,43,22,1
43,2,2,21,28,43,28,1
43,20,1,22,28,43,43,1
43,0,2,22,28,43,41,1
58,2,3,23,28,43,58,2
43,2,2,25,28,43,31,1
60,0,3,27,28,43,60,2
47,5,3,28,28,43,47,1
43,5,3,28,28,43,29,1
43,0,2,30,28,43,41,1
65,5,5,31,28,43,65,2
65,15,3,32,28,43,65,2
67,2,3,33,28,43,67,2
51,2,3,37,28,43,51,2
51,8,3,38,28,43,51,2
63,2,2,39,28,43,63,2
54,8,3,40,28,43,54,2
56,10,3,46,28,43,56,2
77,5,5,47,28,43,77,2
72,5,5,51,28,43,72,2
43,2,3,13,30,43,18,1
43,2,3,14,30,43,16,1
43,5,2,15,30,43,18,1
43,2,3,18,30,43,33,1
43,5,2,20,30,43,31,1
43,2,2,21,30,43,34,1
43,5,3,25,30,43,28,1
43,20,3,25,30,43,42,1
43,5,2,29,30,43,40,1
56,2,3,29,30,43,56,2
43,2,3,29,30,43,31,1
61,2,5,32,30,43,61,2
62,2,3,33,30,43,62,2
70,5,3,53,30,43,70,2
66,5,3,53,30,43,66,2
43,2,2,7,32,43,19,1
43,2,2,10,32,43,26,1
43,5,3,14,32,43,30,1
43,2,2,18,32,43,41,1
43,2,2,19,32,43,26,1
43,2,2,21,32,43,34,1
43,2,3,21,32,43,35,1
43,2,3,21,32,43,32,1
53,10,3,21,32,43,53,2
67,2,3,22,32,43,67,2
43,2,2,23,32,43,20,1
43,2,3,24,32,43,43,1
47,10,3,24,32,43,47,1
43,5,2,27,32,43,33,1
43,18,2,27,32,43,41,1
57,2,2,29,32,43,57,2
61,5,3,30,32,43,61,2
50,5,3,32,32,43,50,1
62,5,5,32,32,43,62,2
57,8,5,33,32,43,57,2
65,0,5,35,32,43,65,2
57,5,5,39,32,43,57,2
69,55,5,39,32,43,69,2
68,22,6,40,32,43,68,2
69,8,2,44,32,43,69,2
76,5,6,55,32,43,76,2
114,8,3,59,32,43,114,3
101,2,5,59,32,43,101,3
133,5,6,71,32,43,133,3
43,2,2,11,33,43,19,1
43,5,2,15,33,43,24,1
43,2,3,15,33,43,29,1
43,2,3,20,33,43,29,1
43,8,2,21,33,43,30,1
43,5,3,25,33,43,41,1
53,5,5,27,33,43,53,2
46,8,5,28,33,43,46,1
43,2,2,31,33,43,37,1
71,2,5,31,33,43,71,2
75,8,5,32,33,43,75,2
51,2,6,32,33,43,51,2
72,8,5,37,33,43,72,2
57,2,3,43,33,43,57,2
59,5,5,43,33,43,59,2
48,5,3,46,33,43,48,1
58,2,5,55,33,43,58,2
81,10,3,58,33,43,81,2
73,5,5,59,33,43,73,2
43,0,2,16,35,43,25,1
43,10,2,18,35,43,28,1
44,5,5,19,35,43,44,1
43,0,3,21,35,43,34,1
43,2,2,24,35,43,31,1
43,5,3,25,35,43,29,1
59,5,3,30,35,43,59,2
49,5,3,32,35,43,49,1
55,8,2,35,35,43,55,2
68,2,3,45,35,43,68,2
90,10,5,48,35,43,90,2
74,5,2,50,35,43,74,2
43,0,2,7,37,43,14,1
43,0,3,7,37,43,5,1
43,2,2,17,37,43,25,1
43,8,3,18,37,43,25,1
43,2,2,20,37,43,32,1
43,2,3,20,37,43,33,1
43,5,3,31,37,43,39,1
57,5,3,32,37,43,57,2
76,25,6,40,37,43,76,2
64,2,3,45,37,43,64,2
100,10,6,46,37,43,100,2
83,5,5,53,37,43,83,2
75,2,5,54,37,43,75,2
96,8,6,55,37,43,96,2
43,2,3,11,38,43,25,1
43,5,2,14,38,43,29,1
43,18,3,18,38,43,23,1
43,8,3,20,38,43,30,1
53,5,5,21,38,43,53,2
52,10,3,26,38,43,52,2
43,2,5,27,38,43,41,1
44,38,5,29,38,43,44,1
52,5,2,35,38,43,52,2
60,8,6,38,38,43,60,2
62,2,3,43,38,43,62,2
83,5,5,47,38,43,83,2
43,5,5,14,40,43,36,1
43,2,3,24,40,43,39,1
49,5,3,29,40,43,49,1
43,15,5,31,40,43,37,1
79,5,5,38,40,43,79,2
66,12,5,40,40,43,66,2
68,5,5,50,40,43,68,2
43,2,5,11,42,43,18,1
43,2,5,17,42,43,18,1
43,5,2,21,42,43,39,1
43,35,2,29,42,43,42,1
58,5,5,33,42,43,58,2
61,8,3,34,42,43,61,2
51,5,5,35,42,43,51,2
73,5,6,37,42,43,73,2
79,2,5,38,42,43,79,2
43,2,6,16,43,43,23,1
43,5,5,17,43,43,27,1
43,5,6,24,43,43,41,1
47,2,3,26,43,43,47,1
47,12,5,27,43,43,47,1
57,8,6,29,43,43,57,2
57,2,3,36,43,43,57,2
69,20,3,39,43,43,69,2
63,0,6,47,43,43,63,2
81,5,6,54,43,43,81,2
74,12,5,55,43,43,74,2
63,5,3,57,43,43,63,2
86,5,5,61,43,43,86,2
97,8,5,64,43,43,97,2
102,5,7,64,43,43,102,3
45,2,5,13,45,43,26,1
45,0,6,14,45,43,35,1
45,2,3,24,45,43,36,1
51,2,3,30,45,43,51,2
57,10,6,31,45,43,57,2
67,10,5,39,45,43,67,2
56,20,3,43,45,43,56,2
47,2,5,17,47,43,40,1
47,2,3,21,47,43,22,1
47,5,5,23,47,43,39,1
47,2,5,28,47,43,43,1
70,5,7,39,47,43,70,2
69,5,3,42,47,43,69,2
71,2,3,49,47,43,71,2
48,2,3,11,48,43,13,1
48,5,2,17,48,43,29,1
48,5,5,19,48,43,35,1
48,5,5,20,48,43,29,1
48,2,2,22,48,43,36,1
48,20,3,22,48,43,35,1
48,2,5,27,48,43,48,1
48,5,5,33,48,43,47,1
50,2,6,18,50,43,33,1
51,2,5,20,50,43,51,2
54,2,6,28,50,43,54,2
54,5,5,37,50,43,54,2
51,2,6,16,51,43,19,2
51,5,2,19,51,43,44,2
51,5,5,19,51,43,40,2
57,8,5,31,51,43,57,2
74,8,5,42,51,43,74,2
84,2,6,43,51,43,84,2
65,2,5,52,51,43,65,2
52,2,3,17,52,43,25,2
52,8,3,17,52,43,24,2
52,2,3,19,52,43,25,2
52,20,3,19,52,43,37,2
52,15,5,22,52,43,28,2
52,2,7,24,52,43,47,2
52,12,3,25,52,43,37,2
81,5,6,40,52,43,81,2
83,12,8,41,52,43,83,2
78,5,6,54,52,43,78,2
53,0,7,6,53,43,12,2
53,5,5,21,53,43,41,2
57,8,5,24,53,43,57,2
53,2,6,24,53,43,49,2
61,5,5,32,53,43,61,2
54,5,6,24,54,43,44,2
54,5,7,24,54,43,46,2
54,2,5,26,54,43,46,2
79,8,8,42,54,43,79,2
62,2,3,47,54,43,62,2
55,5,6,15,55,43,37,2
55,0,6,18,55,43,47,2
55,5,5,22,55,43,36,2
59,2,7,24,55,43,59,2
55,2,3,25,55,43,41,2
63,8,5,28,55,43,63,2
60,2,8,30,55,43,60,2
66,5,5,34,55,43,66,2
67,5,7,37,55,43,67,2
55,8,5,38,55,43,46,2
67,5,3,42,55,43,67,2
91,2,6,46,55,43,91,2
60,2,6,26,56,43,60,2
79,8,6,49,56,43,79,2
57,2,8,23,57,43,46,2
57,2,7,26,57,43,40,2
85,8,7,44,57,43,85,2
58,5,7,17,58,43,50,2
61,2,8,21,58,43,61,2
78,2,15,37,58,43,78,2
79,5,8,40,58,43,79,2
68,5,5,55,58,43,68,2
59,5,8,29,59,43,43,2
61,2,8,20,61,43,33,2
61,2,5,33,61,43,52,2
62,5,9,28,62,43,44,2
73,5,7,36,67,43,73,2
71,12,5,52,67,43,71,2
111,8,8,55,69,43,111,3
44,2,1,3,0,44,1,1
44,0,2,15,0,44,26,1
44,0,1,32,0,44,29,1
48,0,1,47,0,44,48,1
44,2,2,0,2,44,6,1
44,2,2,1,2,44,6,1
44,0,1,3,2,44,2,1
44,0,1,3,2,44,1,1
44,2,1,3,2,44,5,1
44,2,1,4,2,44,17,1
44,2,2,4,2,44,12,1
44,0,3,4,2,44,6,1
44,2,3,5,2,44,8,1
44,2,1,6,2,44,12,1
44,2,2,8,2,44,7,1
44,2,2,9,2,44,14,1
44,2,1,11,2,44,18,1
44,2,1,11,2,44,16,1
44,0,2,11,2,44,18,1
44,2,1,13,2,44,16,1
44,0,1,17,2,44,11,1
44,2,1,20,2,44,10,1
44,0,1,24,2,44,20,1
44,2,1,24,2,44,23,1
44,0,3,25,2,44,35,1
44,0,1,31,2,44,22,1
44,0,0,39,2,44,33,1
44,2,2,7,3,44,19,1
44,2,2,9,3,44,9,1
44,2,3,11,3,44,15,1
44,0,1,15,3,44,12,1
44,2,1,16,3,44,10,1
44,2,0,17,3,44,22,1
44,2,1,18,3,44,32,1
44,0,2,18,3,44,28,1
44,2,1,19,3,44,28,1
44,5,1,19,3,44,13,1
44,0,0,20,3,44,18,1
44,2,1,21,3,44,23,1
44,0,1,24,3,44,16,1
44,5,2,24,3,44,31,1
56,2,1,26,3,44,56,2
44,0,3,28,3,44,31,1
44,0,1,29,3,44,15,1
62,2,5,36,3,44,62,2
64,0,1,64,3,44,49,2
44,0,3,0,5,44,10,1
44,2,1,3,5,44,5,1
44,5,1,3,5,44,0,1
44,5,1,11,5,44,9,1
44,5,1,13,5,44,23,1
44,2,3,13,5,44,10,1
45,2,2,14,5,44,45,1
44,2,1,16,5,44,14,1
44,2,1,16,5,44,13,1
44,2,3,16,5,44,29,1
44,2,3,17,5,44,32,1
44,2,3,17,5,44,34,1
44,5,3,17,5,44,41,1
44,2,1,18,5,44,19,1
44,2,2,19,5,44,34,1
44,0,1,22,5,44,15,1
44,0,1,23,5,44,19,1
44,2,1,23,5,44,31,1
44,2,2,25,5,44,26,1
44,0,1,26,5,44,32,1
44,2,2,26,5,44,33,1
44,2,1,29,5,44,24,1
44,0,3,36,5,44,40,1
44,0,1,41,5,44,39,1
44,2,1,6,7,44,12,1
44,2,3,7,7,44,21,1
44,2,1,11,7,44,15,1
44,0,3,12,7,44,23,1
44,0,3,13,7,44,17,1
44,2,1,14,7,44,21,1
44,0,2,14,7,44,32,1
44,2,2,14,7,44,13,1
44,0,2,15,7,44,27,1
44,2,2,15,7,44,36,1
44,5,2,16,7,44,33,1
44,2,1,18,7,44,20,1
44,2,2,18,7,44,30,1
44,2,2,18,7,44,27,1
44,0,2,19,7,44,19,1
44,0,2,19,7,44,30,1
44,2,2,19,7,44,27,1
44,2,2,20,7,44,23,1
44,2,2,21,7,44,41,1
44,2,3,22,7,44,29,1
44,2,3,24,7,44,35,1
46,2,1,26,7,44,46,1
44,0,3,30,7,44,23,1
56,2,1,35,7,44,56,2
44,2,1,39,7,44,23,1
46,2,1,46,7,44,20,1
44,2,3,4,8,44,18,1
44,2,1,6,8,44,17,1
44,0,2,10,8,44,15,1
44,2,2,10,8,44,20,1
44,0,1,12,8,44,22,1
44,2,2,14,8,44,27,1
44,0,2,15,8,44,20,1
44,2,2,16,8,44,17,1
44,2,2,16,8,44,28,1
44,18,2,16,8,44,31,1
44,2,1,17,8,44,36,1
44,2,1,18,8,44,33,1
44,2,1,18,8,44,29,1
44,0,2,18,8,44,30,1
44,0,1,19,8,44,37,1
44,0,2,20,8,44,22,1
52,2,2,21,8,44,52,2
44,2,2,21,8,44,44,1
44,2,2,21,8,44,21,1
44,0,1,22,8,44,29,1
44,2,2,23,8,44,31,1
47,5,3,23,8,44,47,1
44,0,2,24,8,44,41,1
44,0,2,24,8,44,31,1
49,2,2,24,8,44,49,1
44,2,2,26,8,44,33,1
44,2,2,27,8,44,44,1
44,2,2,27,8,44,19,1
44,0,1,28,8,44,21,1
44,2,1,29,8,44,28,1
55,2,2,30,8,44,55,2
44,2,2,32,8,44,27,1
44,2,2,33,8,44,44,1
44,2,3,39,8,44,25,1
44,0,1,40,8,44,23,1
80,2,3,42,8,44,80,2
55,0,2,55,8,44,28,2
79,5,3,61,8,44,79,2
44,0,2,10,10,44,19,1
44,2,5,10,10,44,30,1
44,0,1,13,10,44,11,1
44,5,1,14,10,44,21,1
44,10,2,14,10,44,31,1
44,2,6,14,10,44,37,1
44,2,1,15,10,44,8,1
44,5,1,15,10,44,36,1
44,2,1,16,10,44,20,1
44,2,1,16,10,44,31,1
44,2,2,16,10,44,20,1
44,5,2,16,10,44,17,1
44,2,2,17,10,44,29,1
44,0,1,18,10,44,16,1
44,2,2,18,10,44,25,1
44,2,2,18,10,44,15,1
44,2,2,19,10,44,39,1
44,2,2,20,10,44,40,1
44,0,3,20,10,44,41,1
48,2,5,20,10,44,48,1
44,2,2,21,10,44,39,1
44,2,2,21,10,44,31,1
44,12,2,21,10,44,40,1
44,5,1,22,10,44,26,1
44,0,2,22,10,44,28,1
44,0,2,22,10,44,42,1
44,2,2,22,10,44,28,1
44,5,2,22,10,44,42,1
44,2,3,23,10,44,35,1
44,5,2,24,10,44,40,1
44,0,0,26,10,44,19,1
44,2,1,26,10,44,19,1
44,2,2,27,10,44,35,1
49,0,2,29,10,44,49,1
66,2,1,31,10,44,66,2
44,5,1,31,10,44,19,1
44,0,2,33,10,44,20,1
44,2,1,34,10,44,18,1
63,2,3,38,10,44,63,2
70,0,3,70,10,44,57,2
44,2,2,10,12,44,29,1
44,2,3,11,12,44,24,1
44,2,2,12,12,44,19,1
44,2,1,13,12,44,14,1
44,2,1,14,12,44,17,1
44,8,2,14,12,44,23,1
44,2,1,15,12,44,8,1
44,0,3,15,12,44,35,1
44,0,1,16,12,44,21,1
44,2,1,16,12,44,23,1
44,2,2,17,12,44,26,1
44,2,2,17,12,44,25,1
44,2,2,18,12,44,34,1
44,2,2,18,12,44,28,1
44,5,1,19,12,44,30,1
44,0,2,19,12,44,32,1
44,2,3,19,12,44,26,1
44,8,1,20,12,44,35,1
44,2,2,20,12,44,27,1
56,2,2,21,12,44,56,2
44,2,2,21,12,44,18,1
44,8,2,21,12,44,33,1
44,5,1,22,12,44,34,1
55,10,2,22,12,44,55,2
44,5,2,23,12,44,31,1
44,8,2,23,12,44,27,1
44,5,1,24,12,44,30,1
49,2,2,24,12,44,49,1
44,2,3,24,12,44,35,1
44,2,2,25,12,44,42,1
44,5,2,25,12,44,36,1
44,0,3,25,12,44,30,1
51,2,3,25,12,44,51,2
58,2,1,26,12,44,58,2
44,0,2,26,12,44,37,1
44,2,1,28,12,44,32,1
48,5,1,28,12,44,48,1
44,0,2,28,12,44,31,1
44,2,2,29,12,44,28,1
49,2,3,29,12,44,49,1
52,5,3,31,12,44,52,2
58,2,2,34,12,44,58,2
44,5,2,34,12,44,42,1
63,2,2,36,12,44,63,2
44,0,1,37,12,44,28,1
69,2,2,42,12,44,69,2
61,5,2,47,12,44,61,2
85,2,5,50,12,44,85,2
57,2,2,57,12,44,48,2
61,2,3,61,12,44,55,2
44,0,2,8,13,44,15,1
44,0,1,11,13,44,25,1
44,2,1,13,13,44,31,1
44,5,1,13,13,44,29,1
44,0,2,13,13,44,12,1
44,2,2,13,13,44,25,1
44,2,3,14,13,44,37,1
44,5,1,15,13,44,36,1
44,0,2,15,13,44,28,1
44,2,2,15,13,44,14,1
44,5,2,15,13,44,27,1
44,2,2,16,13,44,15,1
44,8,2,16,13,44,21,1
44,2,1,17,13,44,35,1
44,2,2,17,13,44,36,1
44,2,2,17,13,44,35,1
44,2,2,17,13,44,30,1
44,8,3,19,13,44,31,1
44,2,2,20,13,44,36,1
44,8,2,20,13,44,30,1
47,2,3,20,13,44,47,1
44,2,2,21,13,44,35,1
44,2,2,21,13,44,25,1
44,2,3,22,13,44,27,1
44,2,1,23,13,44,31,1
44,5,2,23,13,44,38,1
44,10,2,23,13,44,43,1
44,5,1,24,13,44,36,1
44,2,2,24,13,44,40,1
44,2,2,24,13,44,32,1
44,2,3,25,13,44,42,1
55,5,1,27,13,44,55,2
44,5,2,27,13,44,38,1
55,2,3,27,13,44,55,2
55,2,1,28,13,44,55,2
47,8,2,28,13,44,47,1
53,2,2,31,13,44,53,2
48,2,2,32,13,44,48,1
44,2,1,34,13,44,29,1
58,2,2,35,13,44,58,2
52,5,2,35,13,44,52,2
72,2,5,35,13,44,72,2
44,0,1,36,13,44,27,1
44,2,2,38,13,44,39,1
44,5,3,39,13,44,38,1
44,8,3,40,13,44,32,1
44,0,1,43,13,44,24,1
81,2,3,46,13,44,81,2
59,2,3,47,13,44,59,2
44,0,2,13,15,44,18,1
44,2,2,14,15,44,21,1
44,5,1,15,15,44,31,1
44,5,3,15,15,44,44,1
44,0,2,16,15,44,33,1
44,5,2,16,15,44,23,1
44,5,1,17,15,44,27,1
44,0,2,17,15,44,28,1
44,2,2,17,15,44,30,1
44,2,2,18,15,44,29,1
44,8,1,19,15,44,24,1
55,2,3,19,15,44,55,2
49,2,3,20,15,44,49,1
44,2,2,21,15,44,37,1
44,2,2,21,15,44,30,1
44,5,1,22,15,44,44,1
44,2,2,22,15,44,30,1
44,0,3,22,15,44,36,1
44,2,1,23,15,44,36,1
46,5,2,23,15,44,46,1
44,5,2,23,15,44,39,1
44,5,1,24,15,44,36,1
44,10,1,24,15,44,37,1
49,2,3,24,15,44,49,1
44,8,2,25,15,44,44,1
57,2,2,26,15,44,57,2
44,2,2,26,15,44,35,1
44,2,2,26,15,44,37,1
62,5,5,26,15,44,62,2
44,5,1,27,15,44,39,1
46,2,2,27,15,44,46,1
52,5,2,27,15,44,52,2
46,5,2,27,15,44,46,1
60,2,1,28,15,44,60,2
44,2,2,28,15,44,39,1
44,5,2,29,15,44,38,1
56,5,2,31,15,44,56,2
60,10,2,31,15,44,60,2
44,2,2,32,15,44,26,1
44,5,2,32,15,44,38,1
62,2,3,32,15,44,62,2
57,2,2,33,15,44,57,2
61,5,2,33,15,44,61,2
57,5,2,33,15,44,57,2
52,8,2,33,15,44,52,2
67,5,2,36,15,44,67,2
67,10,2,36,15,44,67,2
57,5,2,37,15,44,57,2
46,5,1,38,15,44,46,1
64,8,3,38,15,44,64,2
75,5,2,41,15,44,75,2
44,5,0,42,15,44,44,1
58,10,3,42,15,44,58,2
60,2,3,44,15,44,60,2
98,2,6,54,15,44,98,2
66,2,2,66,15,44,65,2
67,5,3,67,15,44,38,2
73,5,2,73,15,44,35,2
44,2,1,7,17,44,16,1
44,5,1,13,17,44,19,1
44,0,3,13,17,44,40,1
44,0,2,14,17,44,31,1
44,2,2,14,17,44,34,1
44,2,2,14,17,44,28,1
44,2,2,16,17,44,25,1
44,2,2,16,17,44,23,1
44,5,1,17,17,44,10,1
44,5,2,18,17,44,37,1
44,2,1,19,17,44,38,1
44,5,1,19,17,44,33,1
44,2,2,19,17,44,38,1
44,5,2,19,17,44,28,1
47,8,2,19,17,44,47,1
44,0,2,20,17,44,35,1
51,2,3,20,17,44,51,2
44,2,3,20,17,44,34,1
44,2,2,21,17,44,28,1
44,8,1,22,17,44,30,1
44,2,2,22,17,44,32,1
44,2,2,22,17,44,36,1
61,2,5,22,17,44,61,2
44,2,2,23,17,44,29,1
44,2,2,23,17,44,39,1
49,2,3,23,17,44,49,1
44,2,2,24,17,44,35,1
44,2,2,25,17,44,41,1
44,2,2,26,17,44,39,1
44,8,2,26,17,44,37,1
57,5,2,27,17,44,57,2
44,5,2,27,17,44,30,1
44,8,2,28,17,44,21,1
44,2,3,28,17,44,36,1
58,2,3,29,17,44,58,2
52,0,3,30,17,44,52,2
44,5,2,32,17,44,44,1
77,2,6,32,17,44,77,2
58,8,1,33,17,44,58,2
45,5,3,34,17,44,45,1
64,2,3,35,17,44,64,2
57,2,3,35,17,44,57,2
81,2,6,35,17,44,81,2
51,12,3,38,17,44,51,2
77,8,2,39,17,44,77,2
64,2,2,40,17,44,64,2
59,2,3,41,17,44,59,2
88,2,5,46,17,44,88,2
48,2,2,48,17,44,40,1
74,8,5,51,17,44,74,2
53,2,1,53,17,44,36,2
57,2,3,57,17,44,48,2
65,5,2,65,17,44,40,2
99,5,3,99,17,44,59,2
44,5,1,11,18,44,9,1
44,2,3,13,18,44,24,1
44,2,2,14,18,44,29,1
44,5,2,14,18,44,36,1
44,8,1,15,18,44,17,1
44,2,2,17,18,44,24,1
44,2,2,17,18,44,34,1
44,5,2,17,18,44,29,1
44,2,1,18,18,44,31,1
46,2,3,18,18,44,46,1
44,0,2,19,18,44,16,1
44,2,2,19,18,44,34,1
45,2,2,20,18,44,45,1
44,2,2,20,18,44,,1
44,5,2,20,18,44,36,1
44,10,2,20,18,44,34,1
44,8,1,21,18,44,36,1
46,2,2,21,18,44,46,1
44,2,1,22,18,44,28,1
44,2,2,22,18,44,34,1
44,2,2,22,18,44,29,1
45,2,3,22,18,44,45,1
61,5,1,23,18,44,61,2
44,0,2,23,18,44,36,1
47,5,2,23,18,44,47,1
53,2,3,23,18,44,53,2
44,5,2,24,18,44,36,1
44,0,2,25,18,44,31,1
52,2,3,25,18,44,52,2
44,2,1,26,18,44,34,1
44,2,2,26,18,44,42,1
57,8,2,26,18,44,57,2
44,2,2,27,18,44,34,1
44,2,3,27,18,44,43,1
44,0,2,29,18,44,28,1
54,5,2,29,18,44,54,2
44,8,2,29,18,44,43,1
44,5,1,30,18,44,38,1
44,5,2,32,18,44,32,1
44,8,2,32,18,44,36,1
46,12,2,32,18,44,46,1
44,12,2,32,18,44,31,1
44,5,2,33,18,44,35,1
44,8,2,34,18,44,19,1
64,12,3,34,18,44,64,2
47,5,1,36,18,44,47,1
61,5,3,38,18,44,61,2
49,5,2,40,18,44,49,1
82,2,5,43,18,44,82,2
54,8,2,45,18,44,54,2
48,5,3,47,18,44,48,1
53,5,3,53,18,44,51,2
88,2,3,88,18,44,32,2
44,2,2,9,20,44,27,1
44,0,2,11,20,44,25,1
44,2,2,11,20,44,13,1
44,2,2,15,20,44,36,1
44,5,2,16,20,44,36,1
44,0,3,16,20,44,16,1
44,2,2,18,20,44,34,1
44,2,2,19,20,44,33,1
44,2,2,19,20,44,23,1
44,2,3,19,20,44,36,1
44,8,3,19,20,44,22,1
44,2,2,20,20,44,38,1
44,8,2,20,20,44,27,1
44,0,2,21,20,44,34,1
48,2,2,21,20,44,48,1
44,5,2,22,20,44,38,1
44,8,2,22,20,44,24,1
44,2,3,22,20,44,35,1
44,5,3,22,20,44,43,1
44,8,2,23,20,44,38,1
44,2,3,23,20,44,31,1
44,8,3,23,20,44,24,1
49,5,2,24,20,44,49,1
48,5,2,24,20,44,48,1
48,5,3,24,20,44,48,1
44,2,1,25,20,44,36,1
44,2,1,25,20,44,37,1
54,2,2,25,20,44,54,2
44,2,2,25,20,44,34,1
44,2,2,25,20,44,44,1
51,2,3,27,20,44,51,2
57,2,3,28,20,44,57,2
67,8,5,29,20,44,67,2
44,2,2,30,20,44,42,1
49,2,3,30,20,44,49,1
52,2,2,32,20,44,52,2
69,69,2,32,20,44,60,2
63,0,6,32,20,44,63,2
59,12,3,34,20,44,59,2
63,2,3,37,20,44,63,2
57,2,5,38,20,44,57,2
61,5,3,39,20,44,61,2
75,8,2,40,20,44,75,2
64,5,3,40,20,44,64,2
89,2,5,41,20,44,89,2
83,5,5,42,20,44,83,2
44,2,2,43,20,44,32,1
45,0,3,45,20,44,29,1
83,2,5,46,20,44,83,2
49,5,2,49,20,44,41,1
85,12,2,50,20,44,85,2
91,5,3,50,20,44,91,2
79,5,3,50,20,44,79,2
76,5,3,56,20,44,76,2
76,5,5,57,20,44,76,2
108,5,3,60,20,44,108,3
77,10,1,61,20,44,77,2
67,2,2,62,20,44,67,2
44,2,2,10,22,44,14,1
44,5,3,12,22,44,25,1
44,2,2,14,22,44,20,1
44,2,1,15,22,44,19,1
44,2,2,17,22,44,29,1
44,2,3,18,22,44,39,1
44,0,1,19,22,44,19,1
44,2,2,19,22,44,31,1
44,5,2,20,22,44,28,1
44,5,2,20,22,44,30,1
44,5,3,20,22,44,24,1
44,5,1,21,22,44,36,1
63,2,3,22,22,44,63,2
44,20,5,22,22,44,44,1
55,2,5,23,22,44,55,2
53,2,3,24,22,44,53,2
54,2,3,25,22,44,54,2
44,2,2,26,22,44,43,1
44,2,3,26,22,44,41,1
44,2,3,26,22,44,41,1
44,8,1,27,22,44,36,1
49,2,3,28,22,44,49,1
65,2,3,29,22,44,65,2
44,5,2,30,22,44,35,1
48,2,3,30,22,44,48,1
47,5,2,32,22,44,47,1
61,2,5,32,22,44,61,2
44,8,2,34,22,44,35,1
51,2,5,37,22,44,51,2
77,8,5,38,22,44,77,2
66,10,2,40,22,44,66,2
52,5,2,41,22,44,52,2
77,8,3,43,22,44,77,2
82,5,3,47,22,44,82,2
77,0,5,49,22,44,77,2
79,8,6,51,22,44,79,2
70,5,5,53,22,44,70,2
105,5,5,55,22,44,105,3
59,5,2,58,22,44,59,2
88,8,5,60,22,44,88,2
122,8,6,69,22,44,122,3
145,5,5,72,22,44,145,3
44,2,3,9,23,44,4,1
44,0,3,10,23,44,20,1
44,2,1,11,23,44,19,1
44,0,2,11,23,44,12,1
44,2,3,12,23,44,33,1
44,22,3,12,23,44,21,1
44,8,3,14,23,44,21,1
44,8,2,15,23,44,27,1
44,2,2,17,23,44,29,1
44,2,1,18,23,44,35,1
44,2,2,18,23,44,18,1
44,0,3,18,23,44,36,1
48,5,3,18,23,44,48,1
44,5,3,18,23,44,34,1
44,5,3,20,23,44,29,1
44,0,3,21,23,44,27,1
44,12,5,21,23,44,22,1
44,2,2,22,23,44,34,1
44,2,2,22,23,44,42,1
44,2,2,23,23,44,29,1
44,5,3,23,23,44,40,1
54,2,5,23,23,44,54,2
44,2,2,25,23,44,35,1
44,5,3,25,23,44,44,1
44,2,2,26,23,44,32,1
47,5,3,27,23,44,47,1
47,5,2,28,23,44,47,1
44,8,2,28,23,44,32,1
44,8,2,29,23,44,43,1
53,8,2,30,23,44,53,2
59,8,3,30,23,44,59,2
44,5,5,30,23,44,44,1
51,5,3,31,23,44,51,2
44,8,1,32,23,44,,1
45,2,2,32,23,44,45,1
57,10,3,32,23,44,57,2
44,5,2,33,23,44,38,1
44,5,3,33,23,44,35,1
44,5,2,34,23,44,37,1
64,2,3,34,23,44,64,2
44,5,3,34,23,44,30,1
55,2,5,38,23,44,55,2
71,5,5,39,23,44,71,2
55,2,3,41,23,44,55,2
57,2,3,44,23,44,57,2
77,10,3,45,23,44,77,2
74,5,3,46,23,44,74,2
78,10,5,49,23,44,78,2
104,5,3,62,23,44,104,3
44,0,2,11,25,44,6,1
44,2,3,13,25,44,39,1
44,2,2,15,25,44,32,1
44,2,2,15,25,44,23,1
44,5,2,15,25,44,26,1
44,2,2,16,25,44,21,1
44,2,2,16,25,44,23,1
44,8,2,16,25,44,31,1
44,10,3,17,25,44,40,1
44,0,2,18,25,44,41,1
44,0,3,18,25,44,32,1
44,8,1,19,25,44,28,1
44,8,3,19,25,44,31,1
44,2,2,20,25,44,40,1
44,2,2,20,25,44,41,1
44,5,2,20,25,44,34,1
44,8,2,21,25,44,35,1
44,2,3,21,25,44,31,1
44,12,2,24,25,44,32,1
44,2,3,24,25,44,20,1
46,5,2,25,25,44,46,1
44,2,3,25,25,44,40,1
44,8,3,26,25,44,26,1
65,2,5,26,25,44,65,2
44,8,3,29,25,44,42,1
44,5,2,30,25,44,41,1
44,2,2,31,25,44,35,1
65,5,3,31,25,44,65,2
46,5,2,32,25,44,46,1
44,5,2,33,25,44,37,1
52,2,3,33,25,44,52,2
47,5,3,33,25,44,47,1
82,12,3,36,25,44,82,2
57,5,5,41,25,44,57,2
44,20,2,43,25,44,41,1
52,0,2,45,25,44,52,2
52,2,3,45,25,44,52,2
82,2,5,46,25,44,82,2
62,30,3,47,25,44,62,2
69,20,3,48,25,44,69,2
55,2,5,48,25,44,55,2
85,5,5,61,25,44,85,2
44,15,2,14,27,44,30,1
44,2,3,14,27,44,30,1
44,2,2,16,27,44,27,1
44,5,3,17,27,44,44,1
44,5,2,18,27,44,25,1
44,0,3,18,27,44,22,1
44,2,2,19,27,44,27,1
44,2,2,19,27,44,33,1
44,2,2,20,27,44,29,1
44,2,3,20,27,44,39,1
44,2,2,21,27,44,40,1
44,5,2,21,27,44,38,1
53,2,5,21,27,44,53,2
44,8,2,22,27,44,28,1
55,5,3,23,27,44,55,2
44,15,3,23,27,44,40,1
44,5,5,23,27,44,43,1
44,2,3,24,27,44,41,1
44,12,3,24,27,44,38,1
45,2,1,25,27,44,45,1
53,2,2,25,27,44,53,2
44,5,3,25,27,44,35,1
44,0,3,26,27,44,44,1
48,2,3,26,27,44,48,1
47,5,3,26,27,44,47,1
54,15,2,28,27,44,54,2
57,5,3,28,27,44,57,2
69,5,5,28,27,44,69,2
57,10,1,30,27,44,57,2
50,10,5,30,27,44,50,1
44,2,2,31,27,44,44,1
44,5,3,31,27,44,43,1
46,2,3,32,27,44,46,1
53,5,5,34,27,44,53,2
69,8,3,35,27,44,69,2
44,8,3,36,27,44,35,1
88,5,3,40,27,44,88,2
53,2,5,41,27,44,53,2
62,2,3,43,27,44,62,2
60,2,6,43,27,44,60,2
72,2,3,44,27,44,72,2
76,2,5,44,27,44,76,2
80,10,3,47,27,44,80,2
77,2,3,49,27,44,77,2
58,2,3,50,27,44,58,2
78,5,3,53,27,44,78,2
100,2,3,78,27,44,100,2
44,2,3,6,28,44,24,1
44,2,3,9,28,44,24,1
44,2,1,12,28,44,16,1
44,2,3,15,28,44,32,1
44,2,5,16,28,44,41,1
44,5,2,17,28,44,25,1
45,10,3,18,28,44,45,1
44,0,5,18,28,44,20,1
44,5,2,19,28,44,31,1
44,2,3,19,28,44,34,1
44,2,3,19,28,44,28,1
44,2,3,20,28,44,19,1
48,5,3,20,28,44,48,1
44,5,3,20,28,44,32,1
44,5,5,20,28,44,26,1
44,8,2,21,28,44,36,1
47,2,5,21,28,44,47,1
44,2,3,22,28,44,28,1
44,2,3,24,28,44,42,1
56,2,3,25,28,44,56,2
44,5,3,25,28,44,31,1
57,2,5,25,28,44,57,2
44,12,2,26,28,44,38,1
60,0,3,26,28,44,60,2
52,2,3,26,28,44,52,2
54,2,2,27,28,44,54,2
46,8,2,27,28,44,46,1
67,5,5,28,28,44,67,2
56,2,3,29,28,44,56,2
44,8,3,29,28,44,32,1
47,5,3,31,28,44,47,1
48,5,3,32,28,44,48,1
51,8,3,32,28,44,51,2
49,2,2,33,28,44,49,1
58,10,3,34,28,44,58,2
62,12,3,34,28,44,62,2
76,5,6,34,28,44,76,2
67,10,5,39,28,44,67,2
72,2,3,40,28,44,72,2
69,5,3,42,28,44,69,2
61,5,5,42,28,44,61,2
49,5,3,43,28,44,49,1
52,15,3,44,28,44,52,2
73,5,5,45,28,44,73,2
66,22,5,46,28,44,66,2
70,8,6,46,28,44,70,2
71,2,3,47,28,44,71,2
59,8,3,49,28,44,59,2
59,0,3,51,28,44,59,2
74,5,6,51,28,44,74,2
86,2,5,59,28,44,86,2
85,5,5,60,28,44,85,2
44,2,2,16,30,44,15,1
44,2,3,16,30,44,36,1
44,2,3,16,30,44,30,1
44,2,3,16,30,44,22,1
44,5,5,16,30,44,22,1
44,5,3,18,30,44,42,1
44,2,2,19,30,44,19,1
44,2,3,19,30,44,27,1
44,8,2,20,30,44,29,1
44,2,3,20,30,44,37,1
44,8,2,21,30,44,32,1
44,2,3,21,30,44,29,1
44,5,2,24,30,44,27,1
44,8,3,24,30,44,28,1
51,15,3,24,30,44,51,2
44,2,3,25,30,44,25,1
44,8,3,25,30,44,28,1
58,2,3,26,30,44,58,2
52,2,2,29,30,44,52,2
52,2,2,31,30,44,52,2
73,8,5,32,30,44,73,2
61,2,3,34,30,44,61,2
62,5,2,35,30,44,62,2
59,10,5,37,30,44,59,2
52,5,3,39,30,44,52,2
44,5,3,40,30,44,44,1
74,15,6,42,30,44,74,2
64,2,5,44,30,44,64,2
85,5,3,47,30,44,85,2
113,5,3,76,30,44,113,3
44,2,1,14,32,44,11,1
44,2,3,15,32,44,28,1
44,2,3,17,32,44,43,1
44,0,3,21,32,44,31,1
44,2,3,21,32,44,29,1
44,2,5,21,32,44,33,1
44,2,3,22,32,44,44,1
44,2,3,22,32,44,30,1
46,2,2,23,32,44,46,1
44,2,3,24,32,44,44,1
44,2,3,25,32,44,41,1
53,10,3,25,32,44,53,2
47,2,3,29,32,44,47,1
53,5,5,29,32,44,53,2
44,2,2,30,32,44,44,1
44,8,2,30,32,44,40,1
44,2,3,31,32,44,40,1
52,5,5,32,32,44,52,2
70,5,5,33,32,44,70,2
77,5,6,40,32,44,77,2
79,8,5,43,32,44,79,2
62,8,5,43,32,44,62,2
73,12,5,46,32,44,73,2
71,2,3,47,32,44,71,2
56,2,3,52,32,44,56,2
84,5,5,53,32,44,84,2
83,8,6,54,32,44,83,2
80,5,3,55,32,44,80,2
105,5,3,57,32,44,105,3
100,5,5,57,32,44,100,2
88,5,5,59,32,44,88,2
61,2,5,60,32,44,61,2
98,5,5,70,32,44,98,2
44,5,3,14,33,44,20,1
44,5,2,15,33,44,31,1
44,15,2,15,33,44,32,1
45,8,3,16,33,44,45,1
44,0,2,17,33,44,33,1
44,0,3,18,33,44,32,1
48,5,3,18,33,44,48,1
44,2,2,19,33,44,27,1
44,15,3,19,33,44,32,1
44,2,2,20,33,44,25,1
44,0,3,21,33,44,33,1
44,8,3,23,33,44,42,1
48,22,5,23,33,44,48,1
44,8,2,24,33,44,35,1
44,2,3,24,33,44,39,1
44,2,3,25,33,44,31,1
44,5,3,25,33,44,40,1
44,12,3,25,33,44,40,1
44,8,2,26,33,44,27,1
57,2,3,26,33,44,57,2
49,8,3,26,33,44,49,1
46,5,3,27,33,44,46,1
65,2,5,28,33,44,65,2
44,5,3,29,33,44,41,1
59,8,5,29,33,44,59,2
60,5,3,30,33,44,60,2
51,2,2,32,33,44,51,2
45,2,3,32,33,44,45,1
49,15,5,33,33,44,49,1
59,30,3,34,33,44,59,2
77,2,6,34,33,44,77,2
47,2,3,39,33,44,47,1
55,2,5,40,33,44,55,2
56,5,3,41,33,44,56,2
78,2,5,41,33,44,78,2
56,5,3,42,33,44,56,2
56,2,3,43,33,44,56,2
63,5,3,43,33,44,63,2
63,15,3,43,33,44,63,2
79,2,5,45,33,44,79,2
89,2,6,48,33,44,89,2
75,5,3,49,33,44,75,2
71,5,3,49,33,44,71,2
95,2,6,51,33,44,95,2
84,5,5,53,33,44,84,2
62,5,5,62,33,44,58,2
44,2,5,10,35,44,28,1
44,2,3,12,35,44,17,1
44,2,6,13,35,44,27,1
44,10,3,20,35,44,30,1
44,18,2,21,35,44,41,1
44,0,3,21,35,44,25,1
44,2,3,21,35,44,25,1
52,5,2,22,35,44,52,2
44,5,5,22,35,44,41,1
44,2,3,24,35,44,38,1
44,2,3,25,35,44,38,1
53,8,3,25,35,44,53,2
44,5,3,26,35,44,40,1
48,2,5,28,35,44,48,1
44,2,5,28,35,44,43,1
73,8,6,29,35,44,73,2
61,8,3,31,35,44,61,2
48,8,5,32,35,44,48,1
46,5,3,33,35,44,46,1
80,8,5,33,35,44,80,2
47,2,3,34,35,44,47,1
45,5,3,37,35,44,45,1
66,2,5,37,35,44,66,2
59,5,2,39,35,44,59,2
77,5,3,41,35,44,77,2
79,18,5,49,35,44,79,2
44,2,3,13,37,44,32,1
44,2,5,20,37,44,41,1
46,5,3,21,37,44,46,1
44,5,2,22,37,44,33,1
44,2,3,22,37,44,25,1
44,2,3,23,37,44,39,1
48,2,5,23,37,44,48,1
44,2,3,25,37,44,44,1
48,2,3,27,37,44,48,1
59,2,5,28,37,44,59,2
65,8,5,29,37,44,65,2
57,2,3,30,37,44,57,2
48,10,3,30,37,44,48,1
58,2,3,31,37,44,58,2
48,5,3,34,37,44,48,1
65,2,5,35,37,44,65,2
56,5,3,37,37,44,56,2
81,5,5,40,37,44,81,2
73,8,5,40,37,44,73,2
84,8,5,41,37,44,84,2
65,5,3,42,37,44,65,2
88,2,5,48,37,44,88,2
72,8,5,50,37,44,72,2
88,2,6,50,37,44,88,2
83,10,12,51,37,44,83,2
87,5,5,58,37,44,87,2
85,5,3,60,37,44,85,2
74,12,3,60,37,44,74,2
88,2,5,65,37,44,88,2
44,2,6,12,38,44,24,1
44,2,5,16,38,44,30,1
44,8,2,18,38,44,32,1
45,8,2,19,38,44,45,1
44,2,2,20,38,44,27,1
44,2,3,20,38,44,33,1
44,5,2,21,38,44,42,1
44,22,3,21,38,44,38,1
44,10,5,21,38,44,36,1
44,5,2,22,38,44,28,1
44,5,5,22,38,44,39,1
44,8,5,23,38,44,37,1
44,2,3,26,38,44,42,1
44,2,5,28,38,44,37,1
44,2,2,30,38,44,36,1
48,2,3,31,38,44,48,1
44,5,3,32,38,44,38,1
44,5,3,32,38,44,39,1
53,2,5,32,38,44,53,2
58,8,6,32,38,44,58,2
53,0,3,34,38,44,53,2
66,5,6,37,38,44,66,2
85,5,3,40,38,44,85,2
84,10,3,42,38,44,84,2
78,8,5,42,38,44,78,2
84,5,5,44,38,44,84,2
80,2,6,44,38,44,80,2
68,5,3,45,38,44,68,2
71,12,5,45,38,44,71,2
91,8,5,48,38,44,91,2
76,8,6,60,38,44,76,2
44,0,5,19,40,44,19,1
44,18,5,22,40,44,27,1
44,5,2,23,40,44,38,1
44,5,5,23,40,44,31,1
52,2,5,25,40,44,52,2
44,8,5,25,40,44,43,1
55,2,3,26,40,44,55,2
57,2,5,26,40,44,57,2
54,2,5,29,40,44,54,2
76,76,3,30,40,44,43,2
75,5,5,30,40,44,75,2
61,5,3,33,40,44,61,2
61,5,3,36,40,44,61,2
44,8,3,36,40,44,37,1
45,2,5,36,40,44,45,1
62,2,5,37,40,44,62,2
67,20,5,37,40,44,67,2
78,2,5,39,40,44,78,2
59,2,5,40,40,44,59,2
62,8,5,41,40,44,62,2
83,8,5,42,40,44,83,2
66,5,3,45,40,44,66,2
98,8,6,54,40,44,98,2
80,5,7,54,40,44,80,2
87,10,5,64,40,44,87,2
104,12,6,64,40,44,104,3
53,0,5,18,42,44,53,2
57,8,6,22,42,44,57,2
44,2,5,23,42,44,38,1
44,0,3,26,42,44,31,1
64,5,3,30,42,44,64,2
44,2,5,31,42,44,43,1
63,2,3,34,42,44,63,2
44,2,5,34,42,44,41,1
70,5,6,34,42,44,70,2
68,8,6,34,42,44,68,2
71,5,3,35,42,44,71,2
73,2,5,35,42,44,73,2
62,8,5,36,42,44,62,2
85,2,5,38,42,44,85,2
62,5,5,39,42,44,62,2
66,8,6,39,42,44,66,2
72,5,3,41,42,44,72,2
71,10,5,42,42,44,71,2
58,5,3,50,42,44,58,2
81,12,5,58,42,44,81,2
106,5,5,68,42,44,106,3
44,2,3,16,43,44,26,1
44,5,5,16,43,44,21,1
44,5,3,17,43,44,27,1
46,8,3,18,43,44,46,1
44,0,6,18,43,44,32,1
51,10,6,19,43,44,51,2
44,2,3,23,43,44,44,1
44,2,5,24,43,44,40,1
44,2,3,25,43,44,21,1
55,8,5,30,43,44,55,2
68,5,5,32,43,44,68,2
44,2,6,32,43,44,43,1
69,2,7,38,43,44,69,2
72,10,5,40,43,44,72,2
49,8,2,43,43,44,49,1
59,2,3,43,43,44,59,2
86,8,5,50,43,44,86,2
69,5,5,51,43,44,69,2
73,8,5,51,43,44,73,2
76,8,5,53,43,44,76,2
88,15,6,56,43,44,88,2
45,2,5,19,45,44,34,1
48,2,5,25,45,44,48,1
53,2,3,28,45,44,53,2
64,0,2,30,45,44,64,2
72,5,5,34,45,44,72,2
56,8,5,35,45,44,56,2
51,5,3,36,45,44,51,2
58,5,5,36,45,44,58,2
69,5,5,38,45,44,69,2
61,5,5,38,45,44,61,2
50,10,5,38,45,44,50,1
88,8,5,39,45,44,88,2
76,2,7,39,45,44,76,2
86,5,7,50,45,44,86,2
47,5,8,21,47,44,34,1
47,8,3,23,47,44,46,1
52,12,5,23,47,44,52,2
47,18,5,23,47,44,33,1
47,8,6,23,47,44,35,1
47,2,5,25,47,44,24,1
47,2,6,25,47,44,32,1
47,5,2,29,47,44,28,1
58,8,5,30,47,44,58,2
66,5,6,31,47,44,66,2
75,2,5,34,47,44,75,2
61,5,3,37,47,44,61,2
49,8,5,38,47,44,49,1
71,8,5,41,47,44,71,2
78,8,6,43,47,44,78,2
63,5,5,45,47,44,63,2
63,8,5,45,47,44,63,2
73,5,5,46,47,44,73,2
89,2,5,63,47,44,89,2
118,18,6,72,47,44,118,3
48,2,2,16,48,44,38,1
48,2,5,21,48,44,29,1
48,2,5,22,48,44,30,1
48,8,6,23,48,44,48,1
53,53,3,24,48,44,37,2
48,0,6,24,48,44,37,1
52,10,6,25,48,44,52,2
57,8,5,32,48,44,57,2
49,10,6,32,48,44,49,1
57,5,5,33,48,44,57,2
58,2,6,33,48,44,58,2
48,5,3,37,48,44,48,1
75,0,3,40,48,44,75,2
53,53,8,40,48,44,49,2
57,5,5,42,48,44,57,2
73,8,3,46,48,44,73,2
50,5,6,18,50,44,25,1
50,5,6,19,50,44,37,1
50,2,5,21,50,44,25,1
50,8,5,22,50,44,41,1
51,8,6,26,50,44,51,2
50,5,3,29,50,44,45,1
50,5,7,29,50,44,44,1
61,5,7,30,50,44,61,2
58,5,5,31,50,44,58,2
50,5,3,32,50,44,38,1
63,5,5,33,50,44,63,2
80,5,7,38,50,44,80,2
81,5,9,41,50,44,81,2
51,5,6,18,51,44,42,2
51,2,7,18,51,44,30,2
52,52,2,20,51,44,37,2
51,5,2,22,51,44,35,2
51,2,7,22,51,44,43,2
57,8,5,23,51,44,57,2
51,2,6,26,51,44,47,2
51,8,5,27,51,44,47,2
51,2,5,31,51,44,42,2
52,5,3,35,51,44,52,2
65,5,5,35,51,44,65,2
57,5,2,38,51,44,57,2
62,5,6,40,51,44,62,2
72,10,9,43,51,44,72,2
64,8,5,44,51,44,64,2
83,2,8,44,51,44,83,2
79,5,7,48,51,44,79,2
52,2,2,15,52,44,29,2
52,2,6,16,52,44,43,2
52,18,5,20,52,44,38,2
52,2,6,20,52,44,38,2
52,2,7,20,52,44,33,2
52,2,2,22,52,44,39,2
53,10,3,23,52,44,53,2
52,5,5,25,52,44,37,2
52,5,6,28,52,44,52,2
95,95,5,30,52,44,42,2
52,5,3,31,52,44,36,2
67,5,6,35,52,44,67,2
70,5,5,37,52,44,70,2
67,20,6,38,52,44,67,2
101,5,7,44,52,44,101,3
83,2,9,44,52,44,83,2
82,18,6,56,52,44,82,2
89,5,6,62,52,44,89,2
98,5,6,63,52,44,98,2
53,2,9,18,53,44,48,2
54,5,6,33,53,44,54,2
71,8,11,33,53,44,71,2
59,5,6,34,53,44,59,2
65,5,7,39,53,44,65,2
115,10,5,74,53,44,115,3
54,0,6,8,54,44,8,2
54,2,7,17,54,44,41,2
54,2,5,25,54,44,40,2
83,5,5,44,54,44,83,2
97,8,6,56,54,44,97,2
55,5,5,17,55,44,42,2
55,2,5,21,55,44,36,2
55,8,6,21,55,44,33,2
55,2,7,21,55,44,32,2
55,5,6,22,55,44,51,2
55,5,7,23,55,44,42,2
55,2,6,24,55,44,45,2
55,8,6,25,55,44,45,2
55,5,7,25,55,44,42,2
55,8,3,26,55,44,46,2
62,5,6,29,55,44,62,2
62,18,6,29,55,44,62,2
65,8,5,31,55,44,65,2
62,5,6,32,55,44,62,2
72,5,9,32,55,44,72,2
63,10,6,33,55,44,63,2
70,2,7,38,55,44,70,2
68,8,6,44,55,44,68,2
59,5,7,50,55,44,59,2
84,5,7,51,55,44,84,2
86,5,6,57,55,44,86,2
83,10,5,69,55,44,83,2
56,2,6,13,56,44,28,2
56,2,7,26,56,44,52,2
56,10,6,28,56,44,56,2
77,2,7,31,56,44,77,2
65,5,8,31,56,44,65,2
93,8,7,55,56,44,93,2
65,12,2,26,57,44,65,2
57,2,7,27,57,44,45,2
57,5,5,29,57,44,37,2
84,5,18,38,57,44,84,2
69,18,5,41,57,44,69,2
94,8,9,49,57,44,94,2
85,5,6,51,57,44,85,2
58,5,7,21,58,44,31,2
58,2,9,21,58,44,43,2
71,10,5,36,58,44,71,2
86,18,5,36,58,44,86,2
58,2,7,43,58,44,53,2
84,8,6,52,58,44,84,2
59,10,7,21,59,44,41,2
75,5,9,35,59,44,75,2
60,2,6,21,60,44,57,2
60,5,6,27,60,44,36,2
64,5,17,36,60,44,64,2
79,12,8,42,60,44,79,2
103,10,5,47,60,44,103,3
86,2,9,48,60,44,86,2
90,8,8,57,60,44,90,2
61,2,9,25,61,44,53,2
62,5,8,25,62,44,40,2
84,18,5,39,62,44,84,2
83,2,9,43,62,44,83,2
72,12,6,41,63,44,72,2
81,12,7,51,63,44,81,2
64,5,8,23,64,44,41,2
64,2,9,28,64,44,54,2
64,5,8,33,64,44,55,2
75,5,9,35,64,44,75,2
70,5,9,46,64,44,70,2
65,2,6,26,65,44,45,2
77,5,10,43,65,44,77,2
102,8,8,53,65,44,102,3
71,8,8,50,67,44,71,2
93,2,8,48,68,44,93,2
92,15,6,68,71,44,92,2
77,5,9,51,77,44,74,2
45,0,1,2,0,45,0,1
45,0,1,7,0,45,5,1
45,2,1,19,0,45,,1
45,5,1,20,0,45,33,1
45,2,2,3,2,45,2,1
45,0,2,7,2,45,7,1
45,2,2,7,2,45,8,1
45,0,1,10,2,45,13,1
45,2,1,11,2,45,19,1
45,2,1,12,2,45,26,1
45,0,2,12,2,45,17,1
45,0,1,17,2,45,27,1
45,2,1,17,2,45,28,1
45,0,1,20,2,45,17,1
45,2,2,20,2,45,34,1
45,2,1,23,2,45,39,1
45,0,1,30,2,45,31,1
45,0,0,38,2,45,31,1
45,2,1,9,3,45,22,1
45,2,1,10,3,45,25,1
45,0,2,13,3,45,18,1
45,0,1,19,3,45,29,1
45,2,1,27,3,45,27,1
45,0,1,39,3,45,32,1
56,0,3,39,3,45,56,2
45,2,0,40,3,45,39,1
45,0,1,8,5,45,17,1
45,0,1,12,5,45,15,1
45,8,1,13,5,45,21,1
45,2,1,14,5,45,32,1
45,2,1,14,5,45,25,1
45,2,2,14,5,45,32,1
45,0,1,15,5,45,21,1
45,0,2,15,5,45,21,1
45,0,2,17,5,45,34,1
45,2,1,18,5,45,28,1
45,2,1,20,5,45,15,1
45,0,1,23,5,45,33,1
45,5,1,30,5,45,17,1
45,2,3,43,5,45,32,1
64,0,2,53,5,45,64,2
45,2,1,3,7,45,4,1
45,2,2,7,7,45,14,1
45,0,2,13,7,45,18,1
45,2,3,14,7,45,30,1
45,2,1,15,7,45,25,1
45,2,1,15,7,45,28,1
45,5,1,17,7,45,39,1
45,2,1,18,7,45,19,1
45,2,2,20,7,45,29,1
47,2,1,21,7,45,47,1
45,2,1,22,7,45,24,1
49,2,1,26,7,45,49,1
69,2,3,36,7,45,69,2
45,2,2,41,7,45,35,1
45,2,2,12,8,45,15,1
56,5,2,17,8,45,56,2
45,2,1,18,8,45,33,1
45,10,1,18,8,45,32,1
45,0,2,18,8,45,13,1
53,2,2,21,8,45,53,2
51,2,2,21,8,45,51,2
45,2,2,21,8,45,17,1
45,2,1,22,8,45,34,1
45,0,2,24,8,45,41,1
53,2,3,24,8,45,53,2
45,0,2,25,8,45,33,1
45,2,2,25,8,45,37,1
60,2,3,30,8,45,60,2
45,0,1,32,8,45,20,1
121,2,5,95,8,45,121,3
45,2,1,11,10,45,13,1
45,2,1,12,10,45,26,1
45,5,1,12,10,45,18,1
45,2,2,15,10,45,31,1
45,2,2,15,10,45,21,1
45,5,2,15,10,45,14,1
45,2,2,17,10,45,35,1
45,5,2,17,10,45,30,1
45,2,2,19,10,45,38,1
45,2,2,19,10,45,32,1
45,2,2,20,10,45,38,1
45,0,2,21,10,45,20,1
45,2,2,21,10,45,30,1
45,2,2,22,10,45,26,1
50,2,2,23,10,45,50,1
45,5,1,24,10,45,32,1
45,5,1,26,10,45,25,1
45,2,2,30,10,45,45,1
45,5,3,32,10,45,43,1
45,2,5,9,12,45,30,1
45,2,2,11,12,45,31,1
45,2,2,11,12,45,11,1
45,2,1,13,12,45,23,1
45,5,1,14,12,45,16,1
45,10,1,15,12,45,23,1
45,2,2,15,12,45,15,1
45,2,3,15,12,45,22,1
45,2,1,16,12,45,15,1
45,8,1,16,12,45,22,1
45,5,2,16,12,45,26,1
45,2,2,18,12,45,25,1
45,5,2,18,12,45,34,1
45,2,1,19,12,45,35,1
45,2,3,19,12,45,34,1
45,2,1,20,12,45,32,1
45,2,2,20,12,45,44,1
45,0,1,21,12,45,31,1
45,2,1,22,12,45,19,1
45,20,1,22,12,45,27,1
45,2,2,22,12,45,40,1
45,2,1,25,12,45,29,1
45,5,1,25,12,45,31,1
45,2,2,26,12,45,24,1
45,2,1,31,12,45,45,1
68,2,3,31,12,45,68,2
47,5,2,36,12,45,47,1
45,8,1,42,12,45,16,1
45,2,2,8,13,45,9,1
45,0,1,11,13,45,16,1
45,2,2,13,13,45,17,1
45,2,2,14,13,45,19,1
45,0,2,15,13,45,19,1
45,2,2,18,13,45,30,1
45,2,2,19,13,45,32,1
45,2,2,19,13,45,31,1
45,2,2,19,13,45,31,1
45,2,2,19,13,45,37,1
53,5,5,19,13,45,53,2
45,2,2,20,13,45,31,1
45,2,2,20,13,45,37,1
52,5,2,20,13,45,52,2
45,0,2,21,13,45,24,1
46,2,2,23,13,45,46,1
45,2,2,25,13,45,34,1
45,8,0,26,13,45,38,1
56,5,3,26,13,45,56,2
59,5,2,33,13,45,59,2
54,2,3,33,13,45,54,2
61,5,2,37,13,45,61,2
45,2,2,13,15,45,22,1
45,10,2,17,15,45,30,1
45,0,2,18,15,45,25,1
45,2,2,18,15,45,40,1
45,5,2,18,15,45,24,1
52,2,2,20,15,45,52,2
46,2,5,20,15,45,46,1
45,2,3,21,15,45,,1
45,5,1,22,15,45,32,1
45,2,3,22,15,45,44,1
45,2,3,24,15,45,39,1
45,2,2,25,15,45,42,1
52,8,3,26,15,45,52,2
48,5,3,28,15,45,48,1
56,8,3,33,15,45,56,2
57,8,3,36,15,45,57,2
45,5,2,38,15,45,25,1
57,5,3,38,15,45,57,2
47,5,3,38,15,45,47,1
86,2,3,42,15,45,86,2
68,5,3,43,15,45,68,2
53,2,1,53,15,45,49,2
59,2,3,59,15,45,36,2
68,2,3,68,15,45,38,2
45,5,3,11,17,45,19,1
45,2,2,13,17,45,15,1
45,0,2,15,17,45,28,1
45,2,2,17,17,45,30,1
45,2,2,19,17,45,37,1
45,2,1,20,17,45,36,1
49,5,3,20,17,45,49,1
45,8,2,21,17,45,26,1
45,5,1,22,17,45,30,1
52,2,2,22,17,45,52,2
45,2,1,23,17,45,39,1
45,2,2,23,17,45,35,1
45,5,2,23,17,45,44,1
48,5,2,24,17,45,48,1
46,5,2,25,17,45,46,1
45,5,1,26,17,45,28,1
60,5,2,26,17,45,60,2
64,2,6,26,17,45,64,2
63,8,2,31,17,45,63,2
59,2,3,31,17,45,59,2
74,5,3,32,17,45,74,2
71,5,3,34,17,45,71,2
61,2,2,35,17,45,61,2
48,8,3,41,17,45,48,1
55,5,2,46,17,45,55,2
80,2,5,47,17,45,80,2
76,5,5,55,17,45,76,2
45,2,3,6,18,45,8,1
45,2,3,11,18,45,32,1
52,5,2,17,18,45,52,2
51,5,2,18,18,45,51,2
45,2,3,19,18,45,31,1
45,2,3,20,18,45,41,1
45,5,2,21,18,45,36,1
45,2,2,22,18,45,34,1
45,8,2,23,18,45,35,1
45,15,2,25,18,45,38,1
45,2,2,26,18,45,28,1
63,5,2,28,18,45,63,2
51,10,2,28,18,45,51,2
52,8,2,29,18,45,52,2
56,2,3,29,18,45,56,2
46,5,2,30,18,45,46,1
64,2,5,30,18,45,64,2
45,5,2,31,18,45,26,1
45,5,3,32,18,45,44,1
45,2,1,37,18,45,32,1
59,5,3,43,18,45,59,2
71,2,2,44,18,45,71,2
105,2,6,46,18,45,105,3
45,2,2,12,20,45,22,1
45,2,3,14,20,45,30,1
45,2,2,16,20,45,44,1
45,2,2,17,20,45,31,1
45,8,2,17,20,45,22,1
45,2,2,19,20,45,27,1
45,2,2,20,20,45,25,1
45,5,2,20,20,45,43,1
45,2,3,20,20,45,24,1
45,2,2,21,20,45,38,1
52,2,2,22,20,45,52,2
45,2,2,22,20,45,40,1
45,8,2,22,20,45,41,1
45,8,3,23,20,45,45,1
54,2,2,25,20,45,54,2
45,12,2,25,20,45,37,1
45,18,3,25,20,45,44,1
45,2,2,26,20,45,44,1
58,2,2,28,20,45,58,2
67,5,2,28,20,45,67,2
53,5,2,32,20,45,53,2
87,8,5,34,20,45,87,2
77,5,5,37,20,45,77,2
58,8,3,39,20,45,58,2
67,2,3,40,20,45,67,2
87,5,3,43,20,45,87,2
68,2,5,43,20,45,68,2
45,2,1,3,22,45,6,1
45,5,3,6,22,45,10,1
45,0,2,14,22,45,25,1
45,2,2,16,22,45,29,1
45,2,1,17,22,45,45,1
45,2,2,17,22,45,27,1
45,8,2,17,22,45,31,1
45,2,2,18,22,45,39,1
45,2,3,19,22,45,43,1
53,2,3,20,22,45,53,2
46,2,3,20,22,45,46,1
45,8,2,21,22,45,35,1
45,2,3,21,22,45,31,1
45,5,2,22,22,45,30,1
50,2,3,24,22,45,50,1
49,5,3,26,22,45,49,1
45,0,2,27,22,45,42,1
56,2,2,28,22,45,56,2
59,2,2,31,22,45,59,2
53,2,3,32,22,45,53,2
56,5,2,34,22,45,56,2
52,8,3,34,22,45,52,2
60,2,3,35,22,45,60,2
55,2,3,40,22,45,55,2
77,8,3,59,22,45,77,2
101,5,5,64,22,45,101,3
45,0,2,5,23,45,17,1
45,0,2,6,23,45,12,1
45,8,3,11,23,45,11,1
45,2,1,15,23,45,37,1
45,5,3,16,23,45,37,1
45,2,2,18,23,45,29,1
45,2,2,20,23,45,25,1
45,2,2,21,23,45,29,1
45,5,2,21,23,45,37,1
45,5,2,22,23,45,34,1
45,2,3,22,23,45,37,1
45,2,3,24,23,45,41,1
45,2,2,25,23,45,38,1
45,2,3,25,23,45,39,1
56,5,2,26,23,45,56,2
47,5,3,28,23,45,47,1
45,5,2,30,23,45,34,1
65,57,2,30,23,45,65,2
51,8,3,31,23,45,51,2
45,2,2,32,23,45,38,1
57,2,3,33,23,45,57,2
52,12,3,33,23,45,52,2
58,5,2,34,23,45,58,2
45,10,6,39,23,45,43,1
63,5,3,42,23,45,63,2
76,2,5,43,23,45,76,2
60,2,3,44,23,45,60,2
78,10,3,44,23,45,78,2
87,25,3,44,23,45,87,2
63,5,3,51,23,45,63,2
45,5,3,14,25,45,25,1
45,2,2,15,25,45,27,1
45,5,2,18,25,45,36,1
45,2,2,19,25,45,37,1
45,5,2,20,25,45,39,1
45,8,2,20,25,45,42,1
45,2,3,21,25,45,37,1
47,5,3,24,25,45,47,1
45,10,2,25,25,45,45,1
45,2,3,26,25,45,43,1
45,8,2,27,25,45,37,1
54,5,5,30,25,45,54,2
45,2,3,32,25,45,42,1
64,5,3,40,25,45,64,2
58,5,3,40,25,45,58,2
53,2,3,44,25,45,53,2
59,8,3,52,25,45,59,2
96,10,5,55,25,45,96,2
45,8,3,12,27,45,39,1
45,5,2,17,27,45,31,1
45,2,3,17,27,45,28,1
45,5,3,18,27,45,26,1
45,12,3,18,27,45,25,1
45,2,1,19,27,45,25,1
45,5,2,20,27,45,27,1
56,2,5,22,27,45,56,2
60,5,5,22,27,45,60,2
45,2,2,23,27,45,32,1
45,10,2,25,27,45,41,1
63,5,5,36,27,45,63,2
82,5,3,37,27,45,82,2
53,2,3,39,27,45,53,2
64,2,3,50,27,45,64,2
84,10,5,52,27,45,84,2
76,2,5,53,27,45,76,2
111,8,6,60,27,45,111,3
95,5,6,62,27,45,95,2
120,8,5,73,27,45,120,3
45,5,2,14,28,45,18,1
45,5,3,14,28,45,36,1
45,8,2,15,28,45,30,1
45,0,5,17,28,45,36,1
45,20,2,19,28,45,35,1
45,2,3,20,28,45,30,1
45,2,2,22,28,45,28,1
45,8,2,23,28,45,32,1
45,2,3,23,28,45,33,1
45,2,3,23,28,45,35,1
45,5,3,24,28,45,44,1
60,2,5,25,28,45,60,2
45,5,2,26,28,45,34,1
45,2,3,26,28,45,41,1
57,5,3,26,28,45,57,2
50,2,3,28,28,45,50,1
45,2,5,28,28,45,39,1
45,8,2,29,28,45,42,1
51,5,3,30,28,45,51,2
45,2,2,34,28,45,33,1
45,8,3,34,28,45,38,1
62,20,3,34,28,45,62,2
67,5,5,35,28,45,67,2
70,5,3,38,28,45,70,2
81,8,3,39,28,45,81,2
65,5,3,40,28,45,65,2
86,8,5,49,28,45,86,2
81,8,5,51,28,45,81,2
45,0,3,12,30,45,31,1
45,2,3,14,30,45,42,1
45,5,2,16,30,45,23,1
45,2,3,18,30,45,24,1
45,2,3,19,30,45,33,1
46,15,3,20,30,45,46,1
45,2,3,21,30,45,38,1
54,5,3,26,30,45,54,2
46,0,5,26,30,45,46,1
53,2,5,27,30,45,53,2
63,2,5,29,30,45,63,2
45,2,3,33,30,45,42,1
72,5,3,36,30,45,72,2
63,8,3,36,30,45,63,2
63,5,3,38,30,45,63,2
69,2,3,42,30,45,69,2
57,12,3,43,30,45,57,2
74,5,5,43,30,45,74,2
81,8,5,54,30,45,81,2
100,5,6,60,30,45,100,2
45,2,3,15,32,45,38,1
45,2,3,15,32,45,19,1
45,5,3,18,32,45,34,1
45,2,1,19,32,45,33,1
68,2,5,22,32,45,68,2
45,8,3,24,32,45,39,1
54,5,2,26,32,45,54,2
52,8,2,26,32,45,52,2
65,5,8,26,32,45,65,2
50,2,3,28,32,45,50,1
66,5,3,30,32,45,66,2
57,12,3,35,32,45,57,2
56,5,5,36,32,45,56,2
53,10,3,38,32,45,53,2
68,5,6,38,32,45,68,2
57,8,3,40,32,45,57,2
72,5,5,43,32,45,72,2
66,2,3,51,32,45,66,2
64,5,3,57,32,45,64,2
45,18,5,16,33,45,44,1
45,10,3,22,33,45,42,1
46,5,3,27,33,45,46,1
63,2,3,28,33,45,63,2
52,2,3,29,33,45,52,2
49,2,3,30,33,45,49,1
45,8,3,33,33,45,31,1
51,5,2,35,33,45,51,2
59,5,5,35,33,45,59,2
57,5,3,36,33,45,57,2
74,8,3,36,33,45,74,2
80,5,6,39,33,45,80,2
85,5,6,41,33,45,85,2
66,5,7,42,33,45,66,2
77,5,6,43,33,45,77,2
67,5,3,44,33,45,67,2
98,2,5,44,33,45,98,2
58,2,3,48,33,45,58,2
67,5,3,51,33,45,67,2
68,8,3,52,33,45,68,2
77,2,5,58,33,45,77,2
45,0,3,13,35,45,20,1
45,2,1,19,35,45,31,1
45,8,3,19,35,45,23,1
45,2,3,21,35,45,34,1
45,2,3,22,35,45,28,1
62,5,5,26,35,45,62,2
45,2,3,28,35,45,40,1
54,5,5,28,35,45,54,2
53,5,5,28,35,45,53,2
53,5,3,37,35,45,53,2
64,5,5,40,35,45,64,2
67,8,3,41,35,45,67,2
68,8,5,42,35,45,68,2
45,5,2,10,37,45,20,1
45,2,5,16,37,45,38,1
45,2,3,18,37,45,28,1
45,15,2,19,37,45,38,1
45,2,3,21,37,45,34,1
46,2,2,26,37,45,46,1
45,2,3,29,37,45,45,1
70,10,3,30,37,45,70,2
65,5,5,34,37,45,65,2
55,5,5,35,37,45,55,2
77,5,5,37,37,45,77,2
77,2,5,39,37,45,77,2
84,5,5,42,37,45,84,2
58,5,3,44,37,45,58,2
77,10,6,48,37,45,77,2
107,8,5,59,37,45,107,3
45,2,5,25,38,45,43,1
54,2,6,26,38,45,54,2
48,5,3,27,38,45,48,1
62,2,6,35,38,45,62,2
83,2,6,43,38,45,83,2
71,8,3,52,38,45,71,2
95,8,6,61,38,45,95,2
45,2,2,18,40,45,33,1
45,2,3,22,40,45,43,1
45,5,5,28,40,45,44,1
46,2,3,30,40,45,46,1
61,5,5,33,40,45,61,2
67,2,5,45,40,45,67,2
68,5,5,55,40,45,68,2
73,35,5,60,40,45,73,2
45,5,3,17,42,45,15,1
45,2,1,20,42,45,35,1
45,2,3,22,42,45,25,1
45,2,5,22,42,45,22,1
45,10,3,27,42,45,45,1
53,2,5,31,42,45,53,2
66,2,3,41,42,45,66,2
85,5,3,42,42,45,85,2
59,8,5,49,42,45,59,2
45,8,3,23,43,45,34,1
45,15,3,25,43,45,41,1
45,8,2,33,43,45,42,1
52,5,3,33,43,45,52,2
56,8,3,34,43,45,56,2
74,5,6,36,43,45,74,2
78,5,5,38,43,45,78,2
86,5,5,39,43,45,86,2
81,5,5,46,43,45,81,2
45,2,6,24,45,45,36,1
45,5,3,27,45,45,40,1
55,2,5,27,45,45,55,2
60,2,5,30,45,45,60,2
46,8,2,31,45,45,46,1
83,2,6,38,45,45,83,2
50,5,2,41,45,45,50,1
47,5,5,22,47,45,46,1
56,10,5,27,47,45,56,2
47,5,3,29,47,45,42,1
73,2,6,34,47,45,73,2
47,8,3,42,47,45,47,1
69,8,5,44,47,45,69,2
86,5,8,45,47,45,86,2
71,8,5,46,47,45,71,2
74,8,5,48,47,45,74,2
48,5,3,17,48,45,41,1
48,5,3,18,48,45,42,1
48,2,6,20,48,45,33,1
48,2,3,23,48,45,34,1
48,0,5,24,48,45,38,1
48,2,6,26,48,45,44,1
48,2,3,28,48,45,44,1
77,5,6,32,48,45,77,2
88,10,6,47,48,45,88,2
75,8,6,51,48,45,75,2
73,5,6,36,50,45,73,2
79,5,5,39,50,45,79,2
74,8,6,41,50,45,74,2
60,2,5,47,50,45,60,2
115,5,6,59,50,45,115,3
88,8,5,65,50,45,88,2
51,5,3,18,51,45,28,2
51,0,5,23,51,45,28,2
56,2,7,25,51,45,56,2
51,2,7,27,51,45,41,2
53,5,3,31,51,45,53,2
67,18,7,35,51,45,67,2
84,30,6,37,51,45,84,2
67,5,7,40,51,45,67,2
89,2,6,46,51,45,89,2
51,10,6,50,51,45,,2
52,2,5,13,52,45,26,2
52,8,3,24,52,45,41,2
52,10,6,27,52,45,42,2
71,5,3,41,52,45,71,2
89,5,5,66,52,45,89,2
53,2,3,16,53,45,36,2
73,20,6,41,54,45,73,2
96,5,6,56,54,45,96,2
55,2,7,19,55,45,44,2
55,2,6,22,55,45,45,2
83,2,6,46,55,45,83,2
95,8,6,46,55,45,95,2
96,8,7,57,55,45,96,2
86,8,7,54,56,45,86,2
96,5,5,55,56,45,96,2
89,28,7,60,56,45,89,2
64,2,5,38,57,45,64,2
63,2,3,44,57,45,63,2
78,5,6,38,58,45,78,2
91,2,8,38,58,45,91,2
64,12,5,28,59,45,64,2
66,8,12,32,59,45,66,2
60,5,7,40,59,45,60,2
73,5,8,34,61,45,73,2
73,5,9,48,62,45,73,2
83,18,6,49,63,45,83,2
64,5,9,29,64,45,55,2
80,5,9,52,69,45,80,2
46,2,1,10,0,46,12,1
46,2,1,10,0,46,19,1
46,2,2,3,2,46,15,1
46,2,2,6,2,46,8,1
46,0,1,9,2,46,12,1
46,2,1,10,2,46,6,1
46,0,1,11,2,46,19,1
46,5,1,15,2,46,22,1
46,2,2,21,2,46,40,1
46,2,1,24,2,46,30,1
46,5,1,26,2,46,35,1
46,0,1,34,2,46,23,1
46,0,1,35,2,46,32,1
46,0,2,5,3,46,8,1
46,2,3,6,3,46,5,1
46,0,2,7,3,46,8,1
46,2,1,20,3,46,26,1
46,2,1,21,3,46,25,1
46,0,1,33,3,46,30,1
46,0,1,44,3,46,23,1
57,0,2,57,3,46,37,2
46,2,1,16,5,46,20,1
46,5,3,24,5,46,46,1
46,2,3,40,5,46,34,1
51,0,1,51,5,46,26,2
46,0,1,2,7,46,2,1
46,0,1,7,7,46,16,1
46,0,1,8,7,46,12,1
46,2,3,14,7,46,31,1
46,2,1,16,7,46,18,1
46,2,1,16,7,46,28,1
46,0,2,16,7,46,43,1
46,0,1,18,7,46,22,1
46,2,1,19,7,46,42,1
46,0,2,19,7,46,25,1
46,2,2,19,7,46,12,1
46,2,2,20,7,46,15,1
62,0,3,24,7,46,62,2
58,2,2,25,7,46,58,2
46,0,2,28,7,46,16,1
50,2,3,28,7,46,50,1
50,2,1,50,7,46,33,1
46,0,1,5,8,46,5,1
46,0,3,11,8,46,13,1
46,2,3,12,8,46,30,1
46,2,1,13,8,46,25,1
46,2,2,13,8,46,10,1
46,2,2,13,8,46,21,1
46,5,1,15,8,46,28,1
46,2,1,16,8,46,16,1
46,2,2,19,8,46,41,1
46,2,2,20,8,46,19,1
46,0,2,21,8,46,39,1
46,2,6,21,8,46,44,1
46,0,2,22,8,46,35,1
46,2,2,23,8,46,32,1
46,2,2,24,8,46,37,1
46,5,2,24,8,46,37,1
46,2,1,29,8,46,42,1
46,2,1,30,8,46,38,1
56,2,3,35,8,46,56,2
55,2,5,47,8,46,55,2
76,0,2,65,8,46,76,2
127,0,3,101,8,46,127,3
46,2,1,12,10,46,23,1
46,5,2,12,10,46,10,1
46,8,1,15,10,46,24,1
46,2,2,15,10,46,17,1
46,5,1,17,10,46,15,1
46,8,1,17,10,46,45,1
46,5,2,18,10,46,32,1
46,5,1,19,10,46,38,1
46,2,2,23,10,46,41,1
58,5,5,24,10,46,58,2
58,5,1,25,10,46,58,2
46,0,1,26,10,46,38,1
55,22,2,27,10,46,55,2
46,2,1,28,10,46,46,1
46,2,2,29,10,46,44,1
70,2,3,30,10,46,70,2
46,5,1,31,10,46,28,1
71,2,5,34,10,46,71,2
46,2,3,40,10,46,38,1
67,0,2,41,10,46,67,2
46,0,1,15,12,46,27,1
46,0,2,15,12,46,32,1
46,2,2,15,12,46,29,1
46,2,2,17,12,46,28,1
46,5,2,17,12,46,28,1
46,5,2,17,12,46,22,1
46,2,2,19,12,46,27,1
46,2,2,20,12,46,29,1
46,2,2,21,12,46,32,1
46,0,2,22,12,46,37,1
46,2,2,22,12,46,26,1
46,2,2,23,12,46,29,1
54,2,2,25,12,46,54,2
46,0,2,26,12,46,44,1
48,5,2,26,12,46,48,1
46,10,2,26,12,46,31,1
46,10,2,26,12,46,31,1
46,2,2,27,12,46,45,1
48,2,2,30,12,46,48,1
52,2,3,30,12,46,52,2
46,2,2,42,12,46,43,1
46,2,2,10,13,46,13,1
46,2,1,16,13,46,21,1
46,2,1,21,13,46,16,1
46,0,2,21,13,46,28,1
46,0,3,21,13,46,19,1
46,0,1,23,13,46,10,1
58,8,1,25,13,46,58,2
46,0,2,25,13,46,45,1
46,0,2,26,13,46,36,1
56,10,1,28,13,46,56,2
46,2,2,29,13,46,40,1
46,2,2,30,13,46,38,1
57,2,1,31,13,46,57,2
59,5,2,34,13,46,59,2
61,5,3,36,13,46,61,2
80,2,6,36,13,46,80,2
46,2,3,38,13,46,35,1
54,2,2,40,13,46,54,2
59,2,3,44,13,46,59,2
97,5,3,54,13,46,97,2
46,8,2,9,15,46,23,1
46,2,2,10,15,46,14,1
46,2,1,11,15,46,17,1
47,2,1,18,15,46,47,1
46,0,2,18,15,46,11,1
46,2,0,19,15,46,28,1
46,22,1,19,15,46,15,1
46,2,2,20,15,46,34,1
46,0,3,20,15,46,39,1
46,2,2,21,15,46,31,1
52,5,2,21,15,46,52,2
50,5,2,23,15,46,50,1
47,2,2,24,15,46,47,1
46,2,2,24,15,46,41,1
46,5,2,24,15,46,39,1
46,5,2,27,15,46,46,1
51,22,1,28,15,46,51,2
48,0,3,30,15,46,48,1
76,5,3,30,15,46,76,2
57,2,1,31,15,46,57,2
46,2,2,31,15,46,24,1
55,8,3,41,15,46,55,2
62,8,5,52,15,46,62,2
69,5,5,54,15,46,69,2
66,5,3,66,15,46,61,2
46,2,3,14,17,46,33,1
46,10,2,17,17,46,39,1
46,2,3,18,17,46,28,1
46,2,3,18,17,46,28,1
46,5,2,19,17,46,26,1
46,2,1,20,17,46,23,1
46,5,2,20,17,46,34,1
46,2,3,21,17,46,43,1
46,5,2,23,17,46,34,1
46,5,2,24,17,46,36,1
46,5,2,25,17,46,39,1
46,5,2,26,17,46,34,1
56,5,3,26,17,46,56,2
67,2,6,26,17,46,67,2
46,8,1,27,17,46,34,1
46,5,3,27,17,46,39,1
58,2,5,28,17,46,58,2
53,8,1,30,17,46,53,2
51,5,3,32,17,46,51,2
56,5,3,34,17,46,56,2
63,2,3,45,17,46,63,2
63,5,3,46,17,46,63,2
87,8,5,46,17,46,87,2
52,2,2,47,17,46,52,2
70,10,2,48,17,46,70,2
75,2,2,49,17,46,75,2
70,5,2,54,17,46,70,2
75,5,5,55,17,46,75,2
46,2,1,10,18,46,16,1
46,0,1,14,18,46,16,1
46,8,1,14,18,46,30,1
46,5,2,14,18,46,22,1
46,5,2,14,18,46,19,1
46,8,1,16,18,46,36,1
46,2,2,18,18,46,29,1
46,5,2,18,18,46,31,1
46,5,2,21,18,46,39,1
53,2,5,21,18,46,53,2
46,2,2,22,18,46,36,1
46,5,2,23,18,46,,1
50,8,2,23,18,46,50,1
46,2,2,24,18,46,36,1
46,5,3,31,18,46,45,1
46,12,2,33,18,46,34,1
61,5,3,34,18,46,61,2
46,10,2,35,18,46,33,1
74,5,3,40,18,46,74,2
61,5,5,41,18,46,61,2
61,8,2,44,18,46,61,2
46,8,1,15,20,46,32,1
46,2,3,16,20,46,36,1
46,2,1,17,20,46,23,1
46,15,6,20,20,46,28,1
46,2,2,21,20,46,34,1
59,5,2,25,20,46,59,2
48,8,2,25,20,46,48,1
61,2,3,25,20,46,61,2
55,2,1,27,20,46,55,2
46,2,2,27,20,46,42,1
46,5,3,28,20,46,42,1
53,0,3,29,20,46,53,2
59,5,3,30,20,46,59,2
46,5,2,32,20,46,32,1
55,8,3,44,20,46,55,2
62,8,5,44,20,46,62,2
79,2,5,49,20,46,79,2
74,2,5,49,20,46,74,2
103,5,3,57,20,46,103,3
77,2,2,59,20,46,77,2
88,2,2,88,20,46,57,2
46,8,2,14,22,46,14,1
46,2,2,16,22,46,19,1
46,2,2,16,22,46,14,1
46,2,3,16,22,46,33,1
46,2,2,18,22,46,24,1
46,2,2,18,22,46,26,1
46,2,2,19,22,46,31,1
46,15,2,19,22,46,23,1
46,0,1,20,22,46,33,1
46,5,3,21,22,46,41,1
46,5,1,22,22,46,27,1
46,2,2,22,22,46,26,1
70,5,3,25,22,46,70,2
46,18,1,26,22,46,33,1
46,2,2,27,22,46,41,1
60,5,3,27,22,46,60,2
46,2,2,28,22,46,41,1
46,8,2,29,22,46,46,1
46,2,2,31,22,46,32,1
51,5,2,32,22,46,51,2
67,8,2,36,22,46,67,2
46,2,3,12,23,46,26,1
46,2,2,15,23,46,28,1
46,2,2,16,23,46,19,1
46,8,2,18,23,46,44,1
57,2,2,19,23,46,57,2
46,2,2,20,23,46,31,1
46,2,2,21,23,46,31,1
46,2,2,21,23,46,41,1
46,10,2,21,23,46,41,1
46,2,3,23,23,46,29,1
46,2,1,26,23,46,27,1
46,2,2,28,23,46,37,1
46,2,2,29,23,46,44,1
58,2,5,29,23,46,58,2
48,5,2,35,23,46,48,1
46,5,3,36,23,46,43,1
80,5,5,37,23,46,80,2
57,5,3,50,23,46,57,2
56,2,3,56,23,46,51,2
98,2,3,62,23,46,98,2
76,8,5,75,23,46,76,2
46,0,2,7,25,46,12,1
46,2,2,18,25,46,30,1
46,2,6,18,25,46,28,1
46,0,2,20,25,46,32,1
46,28,2,20,25,46,20,1
46,2,3,22,25,46,43,1
46,2,5,22,25,46,30,1
46,5,2,24,25,46,31,1
46,2,2,27,25,46,45,1
62,2,2,29,25,46,62,2
46,5,2,29,25,46,44,1
50,8,2,30,25,46,50,1
51,5,3,30,25,46,51,2
48,2,5,30,25,46,48,1
60,2,6,30,25,46,60,2
67,5,5,32,25,46,67,2
56,5,2,35,25,46,56,2
76,5,3,50,25,46,76,2
86,2,5,56,25,46,86,2
72,5,5,57,25,46,72,2
119,5,5,81,25,46,119,3
46,2,2,14,27,46,20,1
46,5,3,14,27,46,27,1
46,5,3,15,27,46,17,1
46,5,1,17,27,46,41,1
46,2,3,17,27,46,37,1
46,5,3,17,27,46,22,1
46,2,2,19,27,46,32,1
46,2,2,22,27,46,27,1
46,8,5,22,27,46,26,1
46,2,2,23,27,46,33,1
46,5,2,24,27,46,31,1
46,2,2,25,27,46,43,1
50,10,2,27,27,46,50,1
65,5,2,29,27,46,65,2
56,8,2,30,27,46,56,2
50,5,3,30,27,46,50,1
46,2,3,31,27,46,33,1
58,0,3,32,27,46,58,2
51,20,3,32,27,46,51,2
61,2,2,43,27,46,61,2
66,5,3,44,27,46,66,2
64,8,3,45,27,46,64,2
83,5,5,46,27,46,83,2
95,5,5,47,27,46,95,2
63,5,3,48,27,46,63,2
115,8,6,65,27,46,115,3
109,5,6,67,27,46,109,3
91,5,3,91,27,46,69,2
46,2,3,12,28,46,40,1
46,2,5,16,28,46,43,1
46,2,2,17,28,46,23,1
46,5,3,17,28,46,26,1
46,10,2,19,28,46,42,1
46,2,2,20,28,46,30,1
54,10,3,24,28,46,54,2
55,2,5,25,28,46,55,2
53,2,3,27,28,46,53,2
58,5,3,27,28,46,58,2
55,2,3,30,28,46,55,2
46,2,2,34,28,46,46,1
46,5,3,35,28,46,41,1
62,5,3,40,28,46,62,2
46,2,5,41,28,46,43,1
54,10,5,42,28,46,54,2
51,5,5,44,28,46,51,2
97,8,6,49,28,46,97,2
95,2,5,58,28,46,95,2
121,8,6,59,28,46,121,3
80,5,5,60,28,46,80,2
109,12,6,65,28,46,109,3
46,2,3,17,30,46,27,1
46,2,2,18,30,46,31,1
46,8,3,20,30,46,34,1
46,2,2,22,30,46,27,1
46,8,3,22,30,46,46,1
47,2,3,25,30,46,47,1
46,5,3,29,30,46,41,1
46,8,2,31,30,46,36,1
46,8,2,31,30,46,44,1
63,8,2,33,30,46,63,2
74,8,3,34,30,46,74,2
59,10,5,39,30,46,59,2
60,2,2,41,30,46,60,2
53,8,5,43,30,46,53,2
71,5,3,44,30,46,71,2
89,15,3,45,30,46,89,2
55,2,3,46,30,46,55,2
91,8,6,47,30,46,91,2
65,5,5,48,30,46,65,2
106,8,7,54,30,46,106,3
75,2,3,65,30,46,75,2
46,5,2,19,32,46,35,1
46,8,2,22,32,46,38,1
61,2,5,23,32,46,61,2
46,2,3,26,32,46,29,1
46,5,2,28,32,46,36,1
47,2,3,31,32,46,47,1
54,2,5,33,32,46,54,2
54,2,2,35,32,46,54,2
46,5,3,38,32,46,41,1
66,8,3,42,32,46,66,2
71,5,6,48,32,46,71,2
114,2,5,58,32,46,114,3
46,8,2,20,33,46,33,1
46,8,2,22,33,46,42,1
46,2,3,22,33,46,46,1
58,2,3,25,33,46,58,2
57,5,3,28,33,46,57,2
56,5,7,31,33,46,56,2
57,8,6,34,33,46,57,2
48,5,2,35,33,46,48,1
69,12,6,35,33,46,69,2
46,5,3,36,33,46,37,1
61,5,3,37,33,46,61,2
66,5,5,39,33,46,66,2
75,2,3,40,33,46,75,2
77,12,5,40,33,46,77,2
72,8,6,41,33,46,72,2
95,12,5,53,33,46,95,2
72,5,3,55,33,46,72,2
58,20,5,57,33,46,58,2
72,20,6,63,33,46,72,2
46,10,5,17,35,46,26,1
46,2,3,20,35,46,42,1
46,12,2,22,35,46,31,1
56,2,5,23,35,46,56,2
46,8,2,24,35,46,41,1
58,2,5,26,35,46,58,2
54,5,5,29,35,46,54,2
47,5,5,29,35,46,47,1
56,5,6,31,35,46,56,2
69,20,5,32,35,46,69,2
46,5,2,34,35,46,43,1
61,2,5,39,35,46,61,2
71,5,5,39,35,46,71,2
72,5,3,44,35,46,72,2
64,8,3,44,35,46,64,2
67,8,5,48,35,46,67,2
82,8,3,49,35,46,82,2
64,5,3,54,35,46,64,2
106,8,5,59,35,46,106,3
46,2,2,15,37,46,22,1
46,2,3,18,37,46,37,1
46,2,5,20,37,46,44,1
46,5,3,22,37,46,46,1
46,5,5,22,37,46,40,1
46,0,3,25,37,46,29,1
49,2,3,27,37,46,49,1
46,5,3,29,37,46,31,1
47,2,5,36,37,46,47,1
48,5,3,37,37,46,48,1
59,5,3,40,37,46,59,2
82,2,5,45,37,46,82,2
63,5,5,45,37,46,63,2
84,5,5,52,37,46,84,2
99,5,5,55,37,46,99,2
64,2,5,61,37,46,64,2
46,5,5,18,38,46,36,1
53,2,3,23,38,46,53,2
59,2,2,24,38,46,59,2
46,2,5,25,38,46,43,1
57,5,6,25,38,46,57,2
65,2,3,28,38,46,65,2
77,2,3,34,38,46,77,2
66,5,6,34,38,46,66,2
72,0,6,36,38,46,72,2
77,5,5,48,38,46,77,2
68,5,5,68,38,46,65,2
46,5,3,17,40,46,33,1
46,10,3,19,40,46,28,1
46,5,5,19,40,46,36,1
46,0,5,20,40,46,35,1
46,8,2,22,40,46,39,1
46,8,3,23,40,46,37,1
59,2,5,48,40,46,59,2
88,2,6,48,40,46,88,2
81,8,5,59,40,46,81,2
46,2,5,16,42,46,30,1
46,5,3,17,42,46,16,1
46,2,2,21,42,46,35,1
46,5,3,21,42,46,32,1
46,5,5,21,42,46,29,1
46,5,3,22,42,46,39,1
47,5,7,24,42,46,47,1
48,8,3,25,42,46,48,1
46,2,3,27,42,46,32,1
53,2,5,29,42,46,53,2
48,2,5,29,42,46,48,1
60,15,5,32,42,46,60,2
58,18,6,33,42,46,58,2
63,2,6,36,42,46,63,2
59,5,6,39,42,46,59,2
67,5,5,41,42,46,67,2
81,2,6,51,42,46,81,2
73,2,3,57,42,46,73,2
133,5,3,62,42,46,133,3
146,20,6,76,42,46,146,3
46,2,5,14,43,46,24,1
46,5,6,21,43,46,41,1
46,12,3,26,43,46,41,1
46,5,5,26,43,46,38,1
47,35,6,26,43,46,47,1
51,5,5,37,43,46,51,2
53,8,5,41,43,46,53,2
59,5,3,43,43,46,59,2
63,2,5,48,43,46,63,2
63,5,5,48,43,46,63,2
72,5,5,50,43,46,72,2
96,8,6,51,43,46,96,2
46,2,3,22,45,46,45,1
46,10,6,22,45,46,36,1
46,2,6,24,45,46,34,1
46,32,3,31,45,46,42,1
79,20,5,43,45,46,79,2
90,5,6,48,45,46,90,2
47,5,5,20,47,46,36,1
47,2,6,21,47,46,31,1
47,2,3,23,47,46,33,1
51,10,6,29,47,46,51,2
78,8,7,41,47,46,78,2
48,2,3,17,48,46,28,1
48,2,2,18,48,46,31,1
48,2,5,27,48,46,43,1
72,8,5,64,48,46,72,2
50,2,3,23,50,46,34,1
50,5,6,25,50,46,49,1
50,5,3,29,50,46,37,1
67,2,6,39,50,46,67,2
70,15,5,42,50,46,70,2
90,8,5,67,50,46,90,2
51,5,3,17,51,46,44,2
51,8,3,21,51,46,43,2
67,8,6,42,51,46,67,2
68,5,6,57,51,46,68,2
92,20,3,64,51,46,92,2
52,2,5,20,52,46,24,2
52,5,5,21,52,46,48,2
62,2,2,29,52,46,62,2
52,10,6,30,52,46,45,2
52,8,5,31,52,46,45,2
81,2,5,39,52,46,81,2
79,18,7,48,52,46,79,2
62,8,7,49,52,46,62,2
90,5,7,52,52,46,90,2
94,2,6,55,52,46,94,2
62,0,5,57,52,46,62,2
54,2,7,24,53,46,54,2
53,10,3,29,53,46,53,2
64,2,5,35,53,46,64,2
54,5,3,37,53,46,54,2
64,10,5,38,53,46,64,2
63,5,5,40,53,46,63,2
73,8,7,56,53,46,73,2
99,5,6,60,53,46,99,2
62,5,5,28,54,46,62,2
54,5,5,31,54,46,38,2
56,8,5,40,54,46,56,2
76,18,6,44,54,46,76,2
105,20,7,68,54,46,105,3
55,2,2,20,55,46,24,2
55,12,8,29,55,46,49,2
66,10,5,35,55,46,66,2
62,5,5,37,55,46,62,2
55,8,3,41,55,46,48,2
65,2,7,49,55,46,65,2
94,8,5,59,55,46,94,2
92,8,7,64,55,46,92,2
109,15,6,73,55,46,109,3
56,0,6,19,56,46,28,2
56,2,6,19,56,46,34,2
56,8,7,35,56,46,55,2
66,5,6,41,56,46,66,2
56,5,7,44,56,46,53,2
57,2,6,15,57,46,21,2
57,2,6,20,57,46,42,2
57,8,6,26,57,46,39,2
76,5,7,33,57,46,76,2
83,5,7,46,57,46,83,2
132,5,7,72,58,46,132,3
59,5,6,25,59,46,50,2
70,8,10,31,59,46,70,2
67,10,9,37,59,46,67,2
96,8,7,57,59,46,96,2
60,8,7,27,60,46,57,2
92,8,9,50,60,46,92,2
90,10,5,58,61,46,90,2
62,5,6,26,62,46,49,2
78,5,6,36,62,46,78,2
63,8,3,35,63,46,45,2
86,50,9,61,64,46,86,2
81,2,8,58,65,46,81,2
70,5,7,35,68,46,70,2
68,10,7,47,68,46,67,2
82,12,3,22,82,46,44,2
47,0,2,7,2,47,14,1
47,2,2,7,2,47,18,1
47,2,1,13,2,47,18,1
47,0,1,15,2,47,19,1
47,0,2,16,2,47,19,1
47,2,2,17,2,47,28,1
47,2,2,18,2,47,32,1
47,5,1,29,2,47,37,1
47,0,1,32,2,47,23,1
47,0,2,3,3,47,0,1
47,2,2,6,3,47,24,1
47,2,1,10,3,47,6,1
47,0,1,13,3,47,17,1
47,2,1,17,3,47,26,1
47,0,1,18,3,47,13,1
47,2,3,21,3,47,40,1
47,2,2,24,3,47,45,1
47,0,1,26,3,47,30,1
47,0,1,43,3,47,41,1
50,0,1,50,3,47,36,1
47,0,2,16,5,47,25,1
48,0,1,21,5,47,48,1
47,2,1,22,5,47,35,1
47,5,2,23,5,47,25,1
47,2,2,25,5,47,40,1
47,0,2,14,7,47,15,1
47,2,2,14,7,47,41,1
47,2,2,15,7,47,20,1
47,0,1,16,7,47,26,1
47,0,1,17,7,47,14,1
47,2,1,17,7,47,26,1
47,2,1,18,7,47,35,1
47,0,2,18,7,47,25,1
47,0,1,20,7,47,19,1
47,2,2,20,7,47,30,1
47,2,2,20,7,47,21,1
47,2,2,21,7,47,32,1
47,2,2,21,7,47,26,1
47,0,1,22,7,47,26,1
47,2,1,22,7,47,35,1
47,5,1,22,7,47,42,1
47,5,1,22,7,47,37,1
47,2,2,22,7,47,41,1
47,2,2,23,7,47,29,1
53,5,2,23,7,47,53,2
47,2,2,24,7,47,34,1
47,0,2,26,7,47,43,1
47,2,2,26,7,47,39,1
62,0,2,30,7,47,62,2
57,2,3,33,7,47,57,2
47,2,2,36,7,47,30,1
47,2,3,36,7,47,40,1
47,2,2,8,8,47,11,1
47,8,1,15,8,47,33,1
47,2,2,16,8,47,28,1
47,2,1,18,8,47,,1
47,0,3,20,8,47,25,1
47,0,1,22,8,47,40,1
47,2,1,22,8,47,28,1
47,2,2,25,8,47,19,1
47,0,2,26,8,47,43,1
47,0,2,29,8,47,30,1
47,2,1,31,8,47,39,1
51,2,2,31,8,47,51,2
47,2,1,38,8,47,38,1
58,2,1,58,8,47,57,2
47,2,1,15,10,47,27,1
47,8,1,17,10,47,14,1
47,2,2,17,10,47,40,1
47,0,1,18,10,47,32,1
47,10,1,20,10,47,24,1
47,2,2,20,10,47,27,1
49,5,1,21,10,47,49,1
47,5,1,21,10,47,41,1
47,5,2,21,10,47,35,1
47,0,1,22,10,47,32,1
47,2,2,24,10,47,40,1
47,2,2,28,10,47,30,1
50,5,1,30,10,47,50,1
60,2,3,31,10,47,60,2
73,8,3,50,10,47,73,2
47,2,3,12,12,47,17,1
47,5,1,13,12,47,14,1
47,2,2,15,12,47,24,1
47,2,1,16,12,47,22,1
47,5,1,16,12,47,31,1
47,5,2,16,12,47,41,1
47,8,1,18,12,47,31,1
47,2,0,19,12,47,24,1
47,0,2,20,12,47,28,1
47,25,2,20,12,47,29,1
47,2,2,21,12,47,14,1
53,10,3,21,12,47,53,2
47,2,1,22,12,47,26,1
47,0,2,22,12,47,46,1
52,2,2,23,12,47,52,2
52,2,5,23,12,47,52,2
47,25,2,24,12,47,43,1
69,2,2,27,12,47,69,2
47,5,2,29,12,47,30,1
63,2,2,30,12,47,63,2
47,2,2,35,12,47,47,1
64,20,1,42,12,47,64,2
81,2,3,51,12,47,81,2
78,5,2,78,12,47,62,2
47,2,2,7,13,47,19,1
47,0,3,9,13,47,18,1
47,2,1,12,13,47,12,1
47,5,2,14,13,47,22,1
47,2,2,15,13,47,25,1
47,12,1,16,13,47,44,1
47,5,1,18,13,47,45,1
47,5,3,18,13,47,40,1
47,2,2,19,13,47,37,1
47,5,2,20,13,47,28,1
47,2,2,21,13,47,43,1
47,5,2,21,13,47,43,1
54,2,3,22,13,47,54,2
47,2,1,23,13,47,43,1
47,2,3,23,13,47,33,1
47,2,2,24,13,47,40,1
47,2,2,24,13,47,35,1
47,5,2,24,13,47,43,1
47,2,2,25,13,47,21,1
47,2,2,25,13,47,47,1
48,5,2,26,13,47,48,1
47,20,2,26,13,47,41,1
55,2,3,26,13,47,55,2
53,10,3,26,13,47,53,2
52,2,2,27,13,47,52,2
47,10,2,27,13,47,47,1
62,5,2,28,13,47,62,2
47,2,2,31,13,47,29,1
55,2,5,32,13,47,55,2
53,2,2,34,13,47,53,2
60,2,3,41,13,47,60,2
55,2,3,42,13,47,55,2
47,2,3,11,15,47,22,1
47,5,2,13,15,47,22,1
47,2,5,21,15,47,32,1
47,2,2,22,15,47,31,1
47,2,2,24,15,47,21,1
47,0,5,24,15,47,37,1
47,2,2,25,15,47,37,1
51,2,2,26,15,47,51,2
47,8,2,26,15,47,42,1
47,5,2,27,15,47,34,1
61,8,2,33,15,47,61,2
71,10,2,41,15,47,71,2
47,5,2,15,17,47,36,1
47,2,2,18,17,47,40,1
47,0,1,21,17,47,20,1
47,2,2,21,17,47,40,1
47,2,2,23,17,47,17,1
47,2,1,24,17,47,28,1
47,5,2,26,17,47,38,1
47,18,2,27,17,47,35,1
47,8,2,28,17,47,32,1
47,12,2,33,17,47,41,1
47,8,3,37,17,47,44,1
47,2,3,38,17,47,47,1
47,5,2,39,17,47,45,1
77,5,2,41,17,47,77,2
65,2,2,45,17,47,65,2
75,5,2,49,17,47,75,2
89,8,5,65,17,47,89,2
47,2,2,13,18,47,15,1
47,2,2,17,18,47,32,1
47,8,2,20,18,47,28,1
47,2,3,20,18,47,36,1
47,5,3,22,18,47,46,1
47,8,2,23,18,47,41,1
47,0,2,24,18,47,32,1
55,8,3,27,18,47,55,2
63,5,2,28,18,47,63,2
49,2,2,29,18,47,49,1
54,5,3,29,18,47,54,2
47,2,2,31,18,47,41,1
63,59,5,32,18,47,63,2
47,5,2,33,18,47,44,1
49,10,2,38,18,47,49,1
47,2,3,39,18,47,42,1
47,12,3,39,18,47,38,1
58,8,3,41,18,47,58,2
70,2,5,46,18,47,70,2
114,5,6,52,18,47,114,3
47,2,2,14,20,47,39,1
47,2,2,18,20,47,40,1
47,2,2,20,20,47,32,1
47,12,3,20,20,47,34,1
50,5,2,22,20,47,50,1
60,2,3,22,20,47,60,2
47,2,2,23,20,47,34,1
47,2,5,23,20,47,44,1
58,2,3,28,20,47,58,2
68,10,2,30,20,47,68,2
47,5,3,31,20,47,46,1
59,2,2,32,20,47,59,2
47,8,3,33,20,47,32,1
47,10,2,36,20,47,37,1
80,5,2,39,20,47,80,2
55,5,3,40,20,47,55,2
47,8,3,41,20,47,45,1
55,8,3,46,20,47,55,2
59,2,2,49,20,47,59,2
77,5,2,52,20,47,77,2
65,8,5,54,20,47,65,2
113,2,5,55,20,47,113,3
96,5,5,62,20,47,96,2
98,8,5,66,20,47,98,2
47,2,2,6,22,47,7,1
47,5,2,15,22,47,11,1
47,5,2,17,22,47,29,1
47,5,3,17,22,47,27,1
47,2,2,18,22,47,27,1
47,5,2,18,22,47,22,1
47,2,2,20,22,47,23,1
55,2,3,21,22,47,55,2
47,8,2,22,22,47,28,1
47,0,2,25,22,47,39,1
47,2,2,28,22,47,36,1
53,2,3,28,22,47,53,2
47,2,3,28,22,47,43,1
47,2,3,29,22,47,47,1
51,2,1,30,22,47,51,2
47,5,2,30,22,47,38,1
54,2,3,30,22,47,54,2
47,5,3,30,22,47,44,1
52,5,2,42,22,47,52,2
65,8,3,45,22,47,65,2
83,5,3,53,22,47,83,2
96,5,5,55,22,47,96,2
59,5,2,59,22,47,56,2
47,5,2,12,23,47,32,1
47,2,1,15,23,47,29,1
51,2,5,16,23,47,51,2
47,2,2,17,23,47,35,1
47,5,2,18,23,47,44,1
47,5,2,18,23,47,28,1
47,5,2,22,23,47,38,1
52,0,3,22,23,47,52,2
55,2,5,22,23,47,55,2
47,2,3,23,23,47,44,1
56,10,1,24,23,47,56,2
47,2,2,24,23,47,46,1
55,5,3,24,23,47,55,2
52,2,3,25,23,47,52,2
47,5,2,26,23,47,39,1
47,0,2,27,23,47,36,1
60,2,3,27,23,47,60,2
51,5,2,28,23,47,51,2
47,2,3,29,23,47,47,1
63,2,3,33,23,47,63,2
57,2,3,33,23,47,57,2
65,2,3,35,23,47,65,2
60,10,3,39,23,47,60,2
60,8,3,45,23,47,60,2
56,5,3,46,23,47,56,2
67,8,3,48,23,47,67,2
75,2,1,49,23,47,75,2
74,10,3,49,23,47,74,2
68,5,2,54,23,47,68,2
85,5,5,54,23,47,85,2
47,8,2,15,25,47,,1
47,2,2,17,25,47,34,1
47,2,2,20,25,47,32,1
47,5,2,20,25,47,41,1
47,5,3,20,25,47,33,1
47,2,2,22,25,47,37,1
47,12,2,22,25,47,32,1
51,2,3,24,25,47,51,2
47,15,3,25,25,47,32,1
54,8,2,27,25,47,54,2
50,2,3,30,25,47,50,1
59,5,3,31,25,47,59,2
47,5,3,31,25,47,44,1
57,2,3,32,25,47,57,2
56,5,3,32,25,47,56,2
73,18,1,34,25,47,73,2
50,15,2,34,25,47,50,1
52,2,3,38,25,47,52,2
66,5,3,39,25,47,66,2
47,5,3,39,25,47,39,1
51,5,3,45,25,47,51,2
85,2,5,48,25,47,85,2
111,8,6,53,25,47,111,3
85,8,3,55,25,47,85,2
82,5,3,59,25,47,82,2
111,12,6,60,25,47,111,3
68,10,3,65,25,47,68,2
97,2,3,70,25,47,97,2
47,2,3,13,27,47,25,1
47,2,2,16,27,47,32,1
47,2,2,17,27,47,25,1
47,2,3,17,27,47,28,1
47,2,2,18,27,47,26,1
47,5,3,20,27,47,28,1
47,8,3,21,27,47,40,1
47,2,2,23,27,47,33,1
47,5,2,23,27,47,33,1
50,2,2,24,27,47,50,1
47,5,2,24,27,47,39,1
47,2,3,24,27,47,39,1
47,5,3,24,27,47,42,1
48,10,2,25,27,47,48,1
47,5,2,28,27,47,31,1
47,5,2,29,27,47,38,1
67,10,5,31,27,47,67,2
47,5,3,32,27,47,38,1
47,8,3,32,27,47,43,1
67,5,3,35,27,47,67,2
67,0,3,41,27,47,67,2
82,5,3,46,27,47,82,2
60,5,3,48,27,47,60,2
57,5,3,51,27,47,57,2
74,2,5,51,27,47,74,2
63,8,2,58,27,47,63,2
109,8,5,61,27,47,109,3
116,10,6,66,27,47,116,3
89,2,3,67,27,47,89,2
68,2,3,68,27,47,67,2
47,0,3,13,28,47,41,1
47,8,3,13,28,47,38,1
47,5,2,21,28,47,39,1
47,2,5,23,28,47,47,1
47,2,3,25,28,47,29,1
72,2,5,25,28,47,72,2
58,5,5,26,28,47,58,2
67,2,3,27,28,47,67,2
55,8,3,28,28,47,55,2
71,5,5,28,28,47,71,2
62,8,3,31,28,47,62,2
47,5,3,32,28,47,45,1
61,5,3,35,28,47,61,2
66,2,3,40,28,47,66,2
56,15,3,45,28,47,56,2
63,2,2,47,28,47,63,2
80,8,5,48,28,47,80,2
99,5,5,52,28,47,99,2
84,8,5,53,28,47,84,2
117,5,6,57,28,47,117,3
112,8,6,61,28,47,112,3
89,2,6,67,28,47,89,2
47,2,2,13,30,47,32,1
47,2,5,14,30,47,47,1
47,12,3,19,30,47,37,1
47,5,2,21,30,47,40,1
47,5,2,22,30,47,39,1
47,5,3,23,30,47,45,1
61,5,3,27,30,47,61,2
70,12,2,39,30,47,70,2
96,2,5,43,30,47,96,2
70,5,5,43,30,47,70,2
71,5,5,44,30,47,71,2
85,8,5,48,30,47,85,2
85,2,6,52,30,47,85,2
87,5,6,52,30,47,87,2
105,8,5,59,30,47,105,3
125,8,7,67,30,47,125,3
47,2,2,17,32,47,25,1
47,5,3,20,32,47,31,1
54,8,3,23,32,47,54,2
47,2,3,25,32,47,33,1
47,5,5,25,32,47,44,1
57,2,3,27,32,47,57,2
47,5,3,27,32,47,39,1
49,10,3,28,32,47,49,1
56,2,5,28,32,47,56,2
47,2,6,28,32,47,47,1
67,5,5,35,32,47,67,2
54,8,5,38,32,47,54,2
72,5,5,40,32,47,72,2
60,5,2,41,32,47,60,2
57,2,3,46,32,47,57,2
102,12,5,49,32,47,102,3
69,5,3,52,32,47,69,2
56,2,5,55,32,47,56,2
85,2,5,60,32,47,85,2
81,5,5,67,32,47,81,2
47,2,3,12,33,47,26,1
47,2,2,17,33,47,37,1
47,2,2,19,33,47,28,1
47,2,5,19,33,47,41,1
47,2,3,20,33,47,25,1
47,2,5,22,33,47,35,1
47,2,3,23,33,47,41,1
47,5,3,25,33,47,40,1
55,5,3,26,33,47,55,2
48,2,5,29,33,47,48,1
51,5,5,29,33,47,51,2
61,8,5,29,33,47,61,2
47,8,2,35,33,47,45,1
47,2,3,37,33,47,44,1
80,2,6,46,33,47,80,2
87,8,5,47,33,47,87,2
72,5,6,47,33,47,72,2
102,2,3,52,33,47,102,3
105,5,3,77,33,47,105,3
47,2,2,20,35,47,41,1
47,2,2,27,35,47,38,1
47,2,2,29,35,47,43,1
47,2,3,30,35,47,31,1
58,5,5,32,35,47,58,2
65,8,3,37,35,47,65,2
56,2,3,39,35,47,56,2
77,10,5,59,35,47,77,2
47,2,3,18,37,47,19,1
47,5,5,19,37,47,45,1
47,10,3,22,37,47,38,1
48,10,5,22,37,47,48,1
50,2,5,23,37,47,50,1
47,2,5,23,37,47,31,1
47,2,5,24,37,47,44,1
47,10,2,30,37,47,37,1
47,5,3,31,37,47,43,1
55,10,3,31,37,47,55,2
68,5,5,31,37,47,68,2
69,15,5,35,37,47,69,2
47,2,2,36,37,47,47,1
52,2,5,36,37,47,52,2
70,5,5,36,37,47,70,2
52,8,5,37,37,47,52,2
71,38,5,38,37,47,71,2
81,5,5,41,37,47,81,2
60,2,5,45,37,47,60,2
93,2,6,47,37,47,93,2
72,8,3,59,37,47,72,2
68,5,5,60,37,47,68,2
118,5,6,60,37,47,118,3
91,8,5,61,37,47,91,2
97,8,5,62,37,47,97,2
47,2,2,19,38,47,28,1
47,2,2,21,38,47,36,1
47,5,2,21,38,47,34,1
47,2,2,23,38,47,40,1
47,12,2,24,38,47,40,1
47,0,5,24,38,47,36,1
95,2,3,40,38,47,95,2
60,5,3,40,38,47,60,2
53,2,3,42,38,47,53,2
66,5,5,55,38,47,66,2
87,2,5,56,38,47,87,2
119,10,6,63,38,47,119,3
139,10,6,80,38,47,139,3
47,5,3,12,40,47,31,1
47,2,5,16,40,47,24,1
54,2,5,24,40,47,54,2
49,2,3,26,40,47,49,1
54,5,6,26,40,47,54,2
47,12,3,28,40,47,42,1
49,2,3,35,40,47,49,1
65,12,5,50,40,47,65,2
81,18,7,57,40,47,81,2
67,10,3,61,40,47,67,2
47,5,5,19,42,47,22,1
47,5,5,23,42,47,38,1
47,5,6,24,42,47,29,1
58,2,5,30,42,47,58,2
49,20,5,37,42,47,49,1
72,5,6,37,42,47,72,2
57,5,3,41,42,47,57,2
95,8,6,54,42,47,95,2
88,2,5,56,42,47,88,2
87,8,5,61,42,47,87,2
111,5,6,61,42,47,111,3
64,2,2,64,42,47,53,2
47,2,5,20,43,47,31,1
47,5,5,20,43,47,35,1
57,30,5,25,43,47,57,2
47,5,5,28,43,47,43,1
64,8,5,29,43,47,64,2
47,5,3,30,43,47,32,1
68,28,6,31,43,47,68,2
86,5,5,49,43,47,86,2
47,2,5,11,45,47,15,1
47,8,3,21,45,47,35,1
47,8,5,22,45,47,34,1
47,2,2,23,45,47,38,1
47,8,6,23,45,47,36,1
56,2,7,28,45,47,56,2
95,8,5,48,45,47,95,2
76,5,5,59,45,47,76,2
116,5,7,66,45,47,116,3
107,18,7,72,45,47,107,3
47,8,5,21,47,47,45,1
47,2,7,22,47,47,47,1
47,2,5,23,47,47,34,1
47,2,5,25,47,47,39,1
47,2,5,27,47,47,47,1
47,10,5,28,47,47,46,1
53,5,5,30,47,47,53,2
77,8,5,44,47,47,77,2
48,2,5,24,48,47,40,1
60,12,6,30,48,47,60,2
60,10,6,31,48,47,60,2
60,5,6,36,48,47,60,2
77,5,5,37,48,47,77,2
69,10,5,39,48,47,69,2
86,5,6,48,48,47,86,2
80,38,3,49,48,47,80,2
119,5,6,78,48,47,119,3
50,0,3,20,50,47,34,1
61,10,5,23,50,47,61,2
55,2,6,25,50,47,55,2
64,8,5,28,50,47,64,2
52,5,6,29,50,47,52,2
64,10,5,45,50,47,64,2
51,5,7,21,51,47,24,2
51,2,6,26,51,47,49,2
51,5,5,30,51,47,44,2
54,10,3,33,51,47,54,2
108,5,5,64,51,47,108,3
81,5,6,68,51,47,81,2
53,5,6,24,52,47,53,2
52,8,5,29,52,47,52,2
54,15,5,32,52,47,54,2
63,2,3,61,52,47,63,2
54,8,5,15,54,47,22,2
54,10,2,18,54,47,44,2
74,2,6,31,54,47,74,2
64,5,6,34,54,47,64,2
75,10,3,47,54,47,75,2
55,2,6,11,55,47,26,2
55,2,8,19,55,47,30,2
55,5,6,34,55,47,52,2
77,2,6,36,55,47,77,2
79,2,6,48,55,47,79,2
85,8,6,51,55,47,85,2
56,5,5,31,56,47,35,2
84,10,5,55,56,47,84,2
91,5,5,57,56,47,91,2
101,5,7,58,56,47,101,3
57,5,5,26,57,47,51,2
85,10,6,39,57,47,85,2
91,32,9,47,57,47,91,2
68,5,5,35,58,47,68,2
60,8,6,16,60,47,31,2
67,5,8,34,60,47,67,2
70,8,5,44,60,47,70,2
83,15,5,52,60,47,83,2
63,5,5,30,63,47,60,2
98,15,7,66,63,47,98,2
71,5,7,38,64,47,71,2
108,8,8,61,65,47,108,3
71,5,7,44,67,47,71,2
95,10,8,64,68,47,95,2
79,8,8,43,69,47,79,2
48,2,1,17,0,48,29,1
48,0,1,41,0,48,42,1
48,0,1,45,0,48,46,1
48,2,1,3,2,48,,1
48,2,2,11,2,48,16,1
48,0,2,12,2,48,18,1
48,2,2,13,2,48,24,1
48,2,1,14,2,48,23,1
48,2,2,14,2,48,21,1
48,2,1,21,2,48,25,1
48,0,1,38,2,48,36,1
48,0,3,4,3,48,4,1
48,2,3,12,3,48,25,1
48,2,1,13,3,48,18,1
48,5,1,18,3,48,22,1
48,2,2,31,3,48,27,1
48,5,1,33,3,48,40,1
48,5,1,37,3,48,20,1
48,0,3,39,3,48,40,1
48,0,1,48,3,48,,1
61,2,1,61,3,48,61,2
48,2,2,8,5,48,14,1
48,8,2,16,5,48,36,1
48,2,1,17,5,48,22,1
48,2,1,18,5,48,19,1
48,2,2,34,5,48,47,1
48,0,2,41,5,48,42,1
49,0,1,44,5,48,49,1
48,2,1,12,7,48,15,1
48,2,2,17,7,48,13,1
48,2,0,19,7,48,21,1
48,0,1,19,7,48,41,1
50,2,2,20,7,48,50,1
48,2,3,24,7,48,41,1
66,0,3,29,7,48,66,2
48,0,1,34,7,48,20,1
67,0,2,44,7,48,67,2
56,2,2,55,7,48,56,2
72,5,3,72,7,48,72,2
48,2,2,6,8,48,13,1
48,0,3,8,8,48,8,1
48,2,1,16,8,48,27,1
48,2,2,16,8,48,34,1
48,2,2,19,8,48,22,1
48,2,1,20,8,48,32,1
48,2,3,20,8,48,29,1
48,5,2,21,8,48,45,1
48,8,2,22,8,48,41,1
48,2,2,23,8,48,30,1
48,2,2,23,8,48,21,1
48,2,1,25,8,48,32,1
48,2,1,25,8,48,41,1
51,2,2,28,8,48,51,2
61,5,5,32,8,48,61,2
73,2,3,37,8,48,73,2
68,2,3,40,8,48,68,2
99,2,5,41,8,48,99,2
48,5,1,14,10,48,18,1
48,5,2,16,10,48,26,1
48,2,2,17,10,48,35,1
48,2,2,17,10,48,34,1
48,5,1,18,10,48,28,1
48,5,2,18,10,48,35,1
48,5,1,19,10,48,30,1
48,5,1,24,10,48,44,1
48,0,2,24,10,48,19,1
48,2,2,27,10,48,24,1
60,0,3,28,10,48,60,2
57,5,3,33,10,48,57,2
53,2,3,35,10,48,53,2
55,0,2,47,10,48,55,2
74,0,3,48,10,48,74,2
72,32,2,49,10,48,72,2
48,0,2,10,12,48,19,1
48,2,2,11,12,48,28,1
48,0,1,14,12,48,16,1
48,5,1,15,12,48,33,1
48,0,3,15,12,48,27,1
48,2,2,16,12,48,13,1
48,2,1,19,12,48,29,1
48,2,2,20,12,48,31,1
48,10,2,20,12,48,36,1
48,5,2,24,12,48,45,1
48,2,1,26,12,48,37,1
48,5,2,26,12,48,41,1
53,2,5,27,12,48,53,2
48,2,2,29,12,48,42,1
48,5,2,29,12,48,30,1
48,2,2,30,12,48,43,1
52,8,2,30,12,48,52,2
48,2,2,16,13,48,31,1
48,0,1,19,13,48,34,1
48,5,1,20,13,48,30,1
48,2,1,22,13,48,39,1
48,2,3,22,13,48,44,1
48,5,1,23,13,48,35,1
48,5,2,24,13,48,37,1
48,2,2,25,13,48,37,1
48,5,2,26,13,48,25,1
48,2,2,29,13,48,34,1
48,5,2,29,13,48,36,1
56,5,2,32,13,48,56,2
69,15,2,33,13,48,69,2
84,2,3,34,13,48,84,2
61,2,3,39,13,48,61,2
65,2,3,43,13,48,65,2
48,0,2,4,15,48,8,1
48,2,2,15,15,48,16,1
48,10,2,18,15,48,36,1
48,8,2,19,15,48,33,1
48,2,2,20,15,48,36,1
48,5,2,20,15,48,46,1
48,2,3,20,15,48,18,1
48,2,2,22,15,48,36,1
48,8,2,22,15,48,31,1
48,12,2,22,15,48,35,1
48,5,3,22,15,48,15,1
48,10,2,24,15,48,27,1
48,2,2,25,15,48,32,1
48,5,2,26,15,48,45,1
53,0,2,27,15,48,53,2
49,5,2,27,15,48,49,1
48,5,3,28,15,48,27,1
61,2,2,30,15,48,61,2
49,2,2,30,15,48,49,1
62,2,1,31,15,48,62,2
54,0,2,34,15,48,54,2
48,5,3,38,15,48,42,1
76,5,3,45,15,48,76,2
51,0,1,51,15,48,33,2
104,10,3,57,15,48,104,3
58,2,3,58,15,48,58,2
48,2,2,10,17,48,11,1
48,2,1,15,17,48,25,1
48,2,3,15,17,48,27,1
48,2,2,19,17,48,19,1
48,2,2,19,17,48,42,1
48,5,2,22,17,48,36,1
48,2,2,23,17,48,39,1
48,2,2,23,17,48,24,1
48,15,2,23,17,48,44,1
48,2,2,24,17,48,37,1
48,2,2,27,17,48,32,1
48,5,5,27,17,48,36,1
48,5,2,28,17,48,35,1
48,5,2,28,17,48,41,1
71,5,2,33,17,48,71,2
48,2,3,33,17,48,37,1
50,8,5,33,17,48,50,1
56,5,2,34,17,48,56,2
71,2,5,34,17,48,71,2
62,2,2,39,17,48,62,2
63,5,3,44,17,48,63,2
63,5,3,46,17,48,63,2
48,0,1,6,18,48,13,1
48,8,2,14,18,48,29,1
48,0,2,15,18,48,13,1
48,2,2,19,18,48,22,1
48,5,1,22,18,48,36,1
54,0,2,22,18,48,54,2
48,5,3,22,18,48,31,1
48,0,3,23,18,48,24,1
48,2,3,23,18,48,19,1
48,5,2,24,18,48,41,1
48,5,2,25,18,48,27,1
48,5,3,25,18,48,43,1
59,8,2,26,18,48,59,2
48,18,2,28,18,48,20,1
48,2,2,29,18,48,36,1
48,0,2,30,18,48,47,1
52,5,2,31,18,48,52,2
49,2,3,31,18,48,49,1
69,5,2,33,18,48,69,2
51,0,3,34,18,48,51,2
74,5,3,34,18,48,74,2
52,5,3,34,18,48,52,2
58,15,3,35,18,48,58,2
65,5,2,39,18,48,65,2
65,8,3,40,18,48,65,2
58,8,3,40,18,48,58,2
78,5,3,43,18,48,78,2
54,5,2,52,18,48,54,2
52,5,2,52,18,48,28,2
55,5,3,55,18,48,38,2
120,2,5,66,18,48,120,3
48,5,3,6,20,48,11,1
48,2,2,14,20,48,19,1
48,5,2,17,20,48,22,1
48,2,3,17,20,48,20,1
48,2,2,21,20,48,45,1
48,8,2,23,20,48,36,1
48,25,3,23,20,48,29,1
48,2,2,24,20,48,35,1
58,10,2,27,20,48,58,2
48,2,2,29,20,48,32,1
48,2,5,30,20,48,42,1
48,8,2,34,20,48,45,1
48,5,2,35,20,48,41,1
60,2,2,37,20,48,60,2
64,5,3,38,20,48,64,2
53,5,3,41,20,48,53,2
58,2,3,44,20,48,58,2
57,2,3,44,20,48,57,2
80,8,3,53,20,48,80,2
57,5,3,57,20,48,52,2
60,2,3,60,20,48,,2
48,2,2,17,22,48,20,1
48,8,2,19,22,48,29,1
48,8,3,19,22,48,33,1
48,2,2,20,22,48,39,1
48,0,3,20,22,48,35,1
48,10,2,22,22,48,31,1
48,5,3,23,22,48,40,1
48,0,2,24,22,48,26,1
48,2,2,25,22,48,43,1
56,8,2,29,22,48,56,2
52,5,3,29,22,48,52,2
52,8,3,29,22,48,52,2
48,8,5,31,22,48,34,1
62,5,3,34,22,48,62,2
52,2,3,36,22,48,52,2
67,8,3,40,22,48,67,2
60,5,3,41,22,48,60,2
48,5,3,41,22,48,48,1
74,5,3,44,22,48,74,2
73,5,3,44,22,48,73,2
73,8,3,52,22,48,73,2
106,10,5,56,22,48,106,3
106,5,5,63,22,48,106,3
68,5,3,68,22,48,63,2
77,5,3,77,22,48,60,2
48,2,2,14,23,48,19,1
48,0,1,19,23,48,19,1
48,2,1,20,23,48,33,1
48,5,3,25,23,48,46,1
48,2,2,27,23,48,44,1
54,18,3,30,23,48,54,2
50,8,3,32,23,48,50,1
66,2,3,34,23,48,66,2
68,2,3,37,23,48,68,2
71,5,3,71,23,48,68,2
48,5,2,11,25,48,26,1
48,5,2,16,25,48,22,1
48,2,3,16,25,48,43,1
48,10,3,19,25,48,44,1
48,10,2,23,25,48,36,1
48,5,2,25,25,48,37,1
51,0,3,25,25,48,51,2
48,2,3,25,25,48,43,1
60,0,3,27,25,48,60,2
48,2,3,27,25,48,34,1
48,2,3,27,25,48,35,1
48,15,3,28,25,48,44,1
59,2,5,28,25,48,59,2
66,2,3,29,25,48,66,2
52,2,3,29,25,48,52,2
48,5,3,29,25,48,41,1
48,8,5,31,25,48,43,1
56,2,3,32,25,48,56,2
48,5,2,34,25,48,48,1
55,2,3,39,25,48,55,2
55,5,3,44,25,48,55,2
70,10,3,47,25,48,70,2
106,2,5,56,25,48,106,3
99,5,5,61,25,48,99,2
72,5,3,62,25,48,72,2
116,8,5,65,25,48,116,3
76,5,3,67,25,48,76,2
48,2,2,18,27,48,27,1
48,2,3,19,27,48,23,1
48,5,2,20,27,48,39,1
48,2,6,20,27,48,38,1
48,2,3,22,27,48,48,1
51,2,3,26,27,48,51,2
48,5,3,28,27,48,45,1
52,2,2,31,27,48,52,2
61,12,2,35,27,48,61,2
48,2,3,36,27,48,30,1
76,18,3,39,27,48,76,2
64,2,5,40,27,48,64,2
71,5,5,42,27,48,71,2
61,5,5,43,27,48,61,2
116,5,5,70,27,48,116,3
48,2,2,15,28,48,26,1
48,5,5,16,28,48,38,1
48,5,5,16,28,48,19,1
48,5,3,18,28,48,26,1
48,2,2,20,28,48,33,1
55,5,2,20,28,48,55,2
48,10,2,20,28,48,26,1
48,5,2,22,28,48,35,1
48,2,2,23,28,48,30,1
53,8,2,25,28,48,53,2
48,12,2,26,28,48,44,1
52,2,5,27,28,48,52,2
48,5,3,31,28,48,44,1
59,2,2,33,28,48,59,2
74,10,6,33,28,48,74,2
72,2,5,37,28,48,72,2
63,2,3,38,28,48,63,2
81,5,5,39,28,48,81,2
65,2,5,40,28,48,65,2
53,12,3,41,28,48,53,2
64,2,3,43,28,48,64,2
72,5,3,47,28,48,72,2
62,20,3,48,28,48,62,2
54,5,5,50,28,48,54,2
83,8,7,57,28,48,83,2
109,5,6,62,28,48,109,3
48,5,3,12,30,48,22,1
48,2,3,13,30,48,34,1
64,64,3,20,30,48,42,2
48,5,5,20,30,48,38,1
48,2,3,21,30,48,45,1
48,2,3,23,30,48,35,1
48,2,6,23,30,48,37,1
48,2,5,25,30,48,46,1
61,2,5,28,30,48,61,2
48,5,3,34,30,48,39,1
52,2,3,35,30,48,52,2
84,5,6,35,30,48,84,2
58,5,3,37,30,48,58,2
49,2,2,38,30,48,49,1
48,2,5,39,30,48,47,1
61,8,3,42,30,48,61,2
64,2,5,45,30,48,64,2
89,5,5,49,30,48,89,2
59,0,3,50,30,48,59,2
88,8,5,55,30,48,88,2
74,2,3,70,30,48,74,2
48,10,3,19,32,48,30,1
50,2,3,26,32,48,50,1
57,10,2,27,32,48,57,2
55,5,5,32,32,48,55,2
48,5,3,33,32,48,44,1
55,2,3,35,32,48,55,2
48,2,3,35,32,48,35,1
63,12,5,37,32,48,63,2
83,2,5,38,32,48,83,2
59,2,5,39,32,48,59,2
57,2,3,42,32,48,57,2
63,2,5,44,32,48,63,2
89,5,6,56,32,48,89,2
118,10,5,62,32,48,118,3
68,5,3,63,32,48,68,2
48,2,3,16,33,48,25,1
48,2,3,19,33,48,26,1
48,8,3,26,33,48,48,1
48,2,3,27,33,48,30,1
48,2,2,28,33,48,24,1
48,8,3,33,33,48,37,1
56,2,3,37,33,48,56,2
53,5,3,42,33,48,53,2
77,10,3,44,33,48,77,2
87,25,5,46,33,48,87,2
88,28,5,48,33,48,88,2
82,12,5,49,33,48,82,2
89,5,6,62,33,48,89,2
113,5,6,70,33,48,113,3
48,5,7,17,35,48,45,1
48,8,3,20,35,48,40,1
48,5,2,21,35,48,31,1
62,5,5,28,35,48,62,2
52,5,3,33,35,48,52,2
70,5,5,34,35,48,70,2
48,8,3,36,35,48,45,1
78,10,6,39,35,48,78,2
82,20,5,50,35,48,82,2
111,2,5,65,35,48,111,3
98,8,5,67,35,48,98,2
133,5,7,70,35,48,133,3
48,5,5,17,37,48,34,1
48,5,3,20,37,48,38,1
48,5,2,21,37,48,38,1
48,2,3,22,37,48,39,1
48,2,3,22,37,48,45,1
48,2,5,22,37,48,34,1
48,8,3,27,37,48,37,1
48,0,7,27,37,48,48,1
48,5,3,29,37,48,45,1
65,5,5,29,37,48,65,2
58,22,5,34,37,48,58,2
63,8,5,41,37,48,63,2
79,2,5,42,37,48,79,2
81,10,5,43,37,48,81,2
67,5,5,53,37,48,67,2
71,5,6,57,37,48,71,2
48,2,3,21,38,48,40,1
59,8,5,23,38,48,59,2
53,5,5,27,38,48,53,2
55,5,5,33,38,48,55,2
70,5,6,42,38,48,70,2
89,2,5,48,38,48,89,2
48,5,2,18,40,48,30,1
48,20,3,20,40,48,43,1
58,5,5,25,40,48,58,2
57,10,3,30,40,48,57,2
56,5,3,31,40,48,56,2
62,8,2,32,40,48,62,2
55,2,6,34,40,48,55,2
67,2,6,38,40,48,67,2
80,5,6,43,40,48,80,2
75,5,5,47,40,48,75,2
98,8,6,48,40,48,98,2
49,5,3,21,42,48,49,1
48,2,5,22,42,48,34,1
48,12,3,23,42,48,40,1
48,5,3,26,42,48,44,1
48,8,3,26,42,48,40,1
48,2,6,26,42,48,42,1
48,0,5,28,42,48,38,1
48,2,5,30,42,48,48,1
48,10,5,33,42,48,47,1
77,10,6,47,42,48,77,2
86,2,5,50,42,48,86,2
88,10,5,55,42,48,88,2
76,5,5,70,42,48,76,2
51,5,5,28,43,48,51,2
66,5,5,38,43,48,66,2
67,2,5,41,43,48,67,2
48,5,3,24,45,48,31,1
48,0,5,24,45,48,39,1
51,2,3,26,45,48,51,2
58,2,5,27,45,48,58,2
48,2,5,28,45,48,48,1
71,38,6,43,45,48,71,2
48,2,5,23,47,48,37,1
48,5,2,26,47,48,31,1
48,5,5,26,47,48,37,1
59,2,5,31,47,48,59,2
75,5,5,45,47,48,75,2
70,10,5,51,47,48,70,2
79,76,5,62,47,48,79,2
48,10,7,27,48,48,35,1
51,2,6,28,48,48,51,2
57,20,6,30,48,48,57,2
48,5,3,31,48,48,40,1
64,10,5,36,48,48,64,2
71,20,7,47,48,48,71,2
79,2,6,53,48,48,79,2
67,10,3,54,48,48,67,2
72,12,5,60,48,48,72,2
50,5,3,24,50,48,39,1
60,5,5,27,50,48,60,2
50,10,3,32,50,48,46,1
61,8,2,41,50,48,61,2
74,12,5,42,50,48,74,2
55,0,5,55,50,48,42,2
51,5,3,16,51,48,39,2
51,2,5,17,51,48,34,2
51,5,6,24,51,48,37,2
83,5,5,39,51,48,83,2
85,8,6,46,51,48,85,2
65,5,5,48,51,48,65,2
76,5,5,53,51,48,76,2
65,8,7,59,51,48,65,2
79,8,5,60,51,48,79,2
111,25,7,74,51,48,111,3
52,12,2,8,52,48,11,2
52,2,2,18,52,48,29,2
52,2,2,21,52,48,32,2
52,10,5,24,52,48,47,2
52,2,3,26,52,48,52,2
53,8,6,30,52,48,53,2
52,5,3,31,52,48,52,2
52,5,5,34,52,48,43,2
64,35,6,37,52,48,64,2
95,18,6,57,52,48,95,2
126,5,6,80,52,48,126,3
110,8,6,81,52,48,110,3
53,5,7,23,53,48,52,2
64,12,5,28,53,48,64,2
53,2,2,31,53,48,44,2
53,5,5,34,53,48,42,2
110,8,5,57,53,48,110,3
74,5,6,32,54,48,74,2
69,5,6,46,54,48,69,2
78,5,3,48,54,48,78,2
90,8,6,59,54,48,90,2
55,22,2,23,55,48,31,2
55,5,5,23,55,48,42,2
63,5,8,32,55,48,63,2
55,5,6,33,55,48,42,2
77,10,5,34,55,48,77,2
55,5,3,35,55,48,51,2
67,2,6,35,55,48,67,2
68,12,5,50,55,48,68,2
56,0,7,24,56,48,33,2
60,2,6,32,56,48,60,2
70,5,7,34,56,48,70,2
82,15,6,55,56,48,82,2
78,2,7,38,57,48,78,2
72,2,5,32,58,48,72,2
87,5,8,62,58,48,87,2
85,5,6,68,58,48,85,2
59,10,7,20,59,48,32,2
59,5,6,29,59,48,56,2
90,2,5,60,59,48,90,2
66,2,5,37,60,48,66,2
75,5,7,44,60,48,75,2
88,12,7,58,60,48,88,2
91,8,6,60,61,48,91,2
63,5,8,29,63,48,62,2
74,15,7,43,65,48,74,2
78,12,7,44,78,48,67,2
49,2,1,31,0,49,33,1
49,0,2,9,2,49,8,1
49,2,2,14,2,49,18,1
49,2,1,17,2,49,21,1
49,5,2,20,2,49,38,1
49,2,1,30,2,49,27,1
49,0,1,41,2,49,32,1
49,0,1,43,2,49,45,1
49,0,1,44,2,49,40,1
49,0,1,22,3,49,31,1
49,0,1,24,3,49,35,1
49,2,1,26,3,49,36,1
51,0,2,27,3,49,51,2
49,0,1,45,3,49,46,1
49,0,1,15,5,49,9,1
49,0,0,21,5,49,8,1
49,2,2,21,5,49,32,1
49,0,1,24,5,49,37,1
49,2,2,24,5,49,42,1
49,0,1,28,5,49,19,1
51,2,1,30,5,49,51,2
73,0,3,58,5,49,73,2
74,0,1,74,5,49,49,2
49,0,1,4,7,49,7,1
49,2,1,5,7,49,10,1
49,0,2,17,7,49,26,1
49,2,1,18,7,49,17,1
49,2,1,20,7,49,44,1
49,5,2,20,7,49,28,1
49,2,2,21,7,49,36,1
49,2,1,23,7,49,37,1
55,0,2,26,7,49,55,2
71,2,3,38,7,49,71,2
49,0,2,39,7,49,34,1
49,0,3,45,7,49,34,1
58,10,2,49,7,49,58,2
56,0,3,56,7,49,43,2
49,2,2,12,8,49,19,1
49,2,1,18,8,49,40,1
49,2,1,18,8,49,28,1
49,2,2,18,8,49,45,1
49,2,1,19,8,49,31,1
49,2,2,21,8,49,44,1
59,2,2,26,8,49,59,2
49,2,2,27,8,49,33,1
49,2,1,28,8,49,40,1
57,0,2,57,8,49,31,2
49,5,2,9,10,49,12,1
49,8,2,15,10,49,30,1
49,2,2,16,10,49,17,1
49,5,2,16,10,49,19,1
49,2,2,17,10,49,39,1
49,2,2,18,10,49,10,1
49,2,2,19,10,49,24,1
49,2,2,21,10,49,39,1
49,0,1,22,10,49,42,1
49,5,2,23,10,49,26,1
49,2,1,24,10,49,,1
54,2,2,24,10,49,54,2
49,2,2,24,10,49,28,1
49,8,1,25,10,49,38,1
67,2,2,32,10,49,67,2
49,2,2,38,10,49,47,1
59,2,2,41,10,49,59,2
58,5,2,49,10,49,58,2
49,5,2,19,12,49,31,1
49,2,2,20,12,49,31,1
49,2,3,21,12,49,34,1
49,2,2,22,12,49,38,1
49,2,1,23,12,49,33,1
60,2,2,23,12,49,60,2
49,2,2,25,12,49,24,1
49,2,2,36,12,49,35,1
52,5,2,37,12,49,52,2
49,5,2,39,12,49,48,1
60,2,2,60,12,49,60,2
49,2,1,18,13,49,23,1
49,2,2,19,13,49,34,1
49,2,1,20,13,49,28,1
49,2,2,20,13,49,25,1
49,5,3,21,13,49,49,1
49,8,2,23,13,49,37,1
49,0,1,24,13,49,17,1
49,5,2,24,13,49,38,1
49,5,2,25,13,49,43,1
49,5,1,26,13,49,31,1
56,0,2,27,13,49,56,2
49,5,2,27,13,49,47,1
52,5,2,30,13,49,52,2
55,2,3,31,13,49,55,2
62,5,2,32,13,49,62,2
57,5,2,32,13,49,57,2
75,2,2,36,13,49,75,2
49,2,2,36,13,49,19,1
49,5,2,37,13,49,49,1
66,2,2,40,13,49,66,2
49,2,2,43,13,49,42,1
49,8,2,17,15,49,38,1
49,5,2,18,15,49,29,1
49,5,2,19,15,49,30,1
49,2,2,20,15,49,42,1
49,2,2,21,15,49,42,1
49,2,2,21,15,49,29,1
49,2,2,23,15,49,35,1
58,2,2,24,15,49,58,2
51,2,2,24,15,49,51,2
49,2,2,24,15,49,35,1
49,2,2,25,15,49,47,1
49,2,2,25,15,49,37,1
49,2,2,30,15,49,44,1
69,0,2,32,15,49,69,2
58,8,2,33,15,49,58,2
70,8,2,35,15,49,70,2
49,2,3,38,15,49,44,1
95,5,5,43,15,49,95,2
63,5,5,59,15,49,63,2
49,5,2,6,17,49,16,1
49,2,2,8,17,49,10,1
49,10,2,12,17,49,13,1
49,0,1,14,17,49,25,1
49,8,2,15,17,49,34,1
49,2,2,19,17,49,44,1
49,5,2,19,17,49,19,1
49,5,1,20,17,49,33,1
49,2,3,20,17,49,37,1
49,2,2,21,17,49,36,1
49,8,2,21,17,49,34,1
52,22,2,22,17,49,52,2
49,5,2,24,17,49,42,1
55,2,5,29,17,49,55,2
49,5,2,35,17,49,42,1
62,5,2,36,17,49,62,2
56,5,2,37,17,49,56,2
49,2,2,39,17,49,36,1
81,5,3,42,17,49,81,2
49,0,2,46,17,49,34,1
72,5,3,58,17,49,72,2
71,5,3,71,17,49,57,2
49,2,1,10,18,49,20,1
49,0,2,10,18,49,29,1
49,5,2,12,18,49,15,1
49,5,2,18,18,49,23,1
49,2,2,21,18,49,29,1
49,2,2,21,18,49,33,1
49,5,3,21,18,49,38,1
49,2,2,23,18,49,37,1
49,2,1,24,18,49,49,1
49,2,5,25,18,49,34,1
49,10,2,26,18,49,30,1
49,0,1,27,18,49,23,1
49,2,1,27,18,49,37,1
49,5,3,27,18,49,40,1
51,5,3,32,18,49,51,2
49,5,2,33,18,49,20,1
56,0,3,33,18,49,56,2
67,5,3,35,18,49,67,2
49,10,2,37,18,49,46,1
54,8,2,38,18,49,54,2
70,8,3,39,18,49,70,2
49,8,3,39,18,49,42,1
76,2,3,42,18,49,76,2
79,5,3,46,18,49,79,2
69,8,5,47,18,49,69,2
58,5,3,58,18,49,48,2
92,8,3,59,18,49,92,2
49,2,2,6,20,49,11,1
49,2,2,15,20,49,23,1
49,2,2,17,20,49,24,1
49,2,2,19,20,49,30,1
49,2,2,21,20,49,30,1
49,5,2,21,20,49,37,1
49,5,2,21,20,49,37,1
49,2,2,22,20,49,36,1
49,2,2,23,20,49,40,1
49,10,2,24,20,49,32,1
49,2,3,24,20,49,45,1
49,2,2,25,20,49,48,1
49,8,3,25,20,49,42,1
55,10,2,26,20,49,55,2
56,2,3,26,20,49,56,2
58,15,2,27,20,49,58,2
49,2,2,29,20,49,40,1
49,0,3,30,20,49,45,1
49,5,2,31,20,49,38,1
49,2,3,34,20,49,44,1
49,2,3,35,20,49,48,1
59,5,3,35,20,49,59,2
73,2,5,35,20,49,73,2
67,2,5,35,20,49,67,2
60,0,3,38,20,49,60,2
49,8,3,38,20,49,45,1
77,8,6,39,20,49,77,2
62,5,3,40,20,49,62,2
94,2,6,43,20,49,94,2
83,5,3,45,20,49,83,2
57,5,3,46,20,49,57,2
70,8,3,47,20,49,70,2
66,8,3,50,20,49,66,2
93,5,5,59,20,49,93,2
88,5,3,64,20,49,88,2
49,2,2,9,22,49,11,1
49,5,2,17,22,49,34,1
49,2,2,18,22,49,30,1
49,2,2,19,22,49,39,1
49,10,2,19,22,49,34,1
49,2,2,22,22,49,39,1
49,2,2,22,22,49,34,1
79,79,2,22,22,49,44,2
49,8,2,23,22,49,40,1
49,2,2,24,22,49,44,1
49,8,2,25,22,49,34,1
49,2,5,26,22,49,45,1
58,2,5,28,22,49,58,2
58,0,3,31,22,49,58,2
56,5,5,31,22,49,56,2
56,2,3,32,22,49,56,2
59,5,3,36,22,49,59,2
52,5,3,36,22,49,52,2
77,2,5,36,22,49,77,2
49,5,2,40,22,49,46,1
56,2,6,41,22,49,56,2
53,0,2,43,22,49,53,2
67,40,3,43,22,49,67,2
63,5,2,45,22,49,63,2
78,2,3,49,22,49,78,2
96,5,5,54,22,49,96,2
49,2,2,19,23,49,45,1
49,8,2,19,23,49,32,1
49,0,3,20,23,49,,1
49,2,3,20,23,49,31,1
49,5,2,27,23,49,32,1
49,2,3,28,23,49,46,1
53,2,5,28,23,49,53,2
49,5,3,31,23,49,34,1
53,2,3,34,23,49,53,2
49,5,3,35,23,49,46,1
49,10,2,36,23,49,47,1
72,0,5,37,23,49,72,2
77,2,5,37,23,49,77,2
57,8,3,39,23,49,57,2
56,8,3,40,23,49,56,2
71,8,3,43,23,49,71,2
83,2,6,47,23,49,83,2
74,8,3,48,23,49,74,2
64,5,3,51,23,49,64,2
57,5,3,57,23,49,53,2
113,10,6,58,23,49,113,3
62,5,2,62,23,49,58,2
90,8,5,62,23,49,90,2
82,8,5,65,23,49,82,2
66,2,3,66,23,49,61,2
88,5,5,88,23,49,82,2
49,2,2,7,25,49,15,1
49,5,3,16,25,49,40,1
49,10,3,19,25,49,27,1
49,5,2,21,25,49,43,1
50,8,3,21,25,49,50,1
49,8,3,22,25,49,20,1
53,2,5,22,25,49,53,2
49,2,2,23,25,49,42,1
53,2,2,24,25,49,53,2
49,5,2,24,25,49,48,1
49,5,3,24,25,49,38,1
49,10,3,24,25,49,35,1
56,0,2,34,25,49,56,2
49,8,2,34,25,49,48,1
61,0,3,34,25,49,61,2
57,5,3,36,25,49,57,2
72,5,5,36,25,49,72,2
62,2,3,37,25,49,62,2
60,2,3,37,25,49,60,2
64,5,3,37,25,49,64,2
77,15,3,37,25,49,77,2
77,8,5,38,25,49,77,2
72,12,3,41,25,49,72,2
66,8,2,42,25,49,66,2
60,2,3,42,25,49,60,2
51,5,2,48,25,49,51,2
58,5,3,54,25,49,58,2
74,12,3,56,25,49,74,2
71,5,5,59,25,49,71,2
84,5,3,60,25,49,84,2
109,2,6,69,25,49,109,3
49,5,2,12,27,49,27,1
49,5,2,15,27,49,36,1
49,2,2,16,27,49,20,1
49,2,3,17,27,49,17,1
49,5,2,20,27,49,29,1
49,12,5,20,27,49,39,1
49,5,2,22,27,49,34,1
49,5,2,23,27,49,39,1
49,2,2,24,27,49,31,1
56,2,5,25,27,49,56,2
49,2,2,26,27,49,47,1
49,8,3,28,27,49,37,1
55,2,3,30,27,49,55,2
63,2,5,30,27,49,63,2
49,2,3,32,27,49,31,1
54,2,2,35,27,49,54,2
70,2,5,36,27,49,70,2
87,2,6,39,27,49,87,2
49,2,2,42,27,49,26,1
80,5,3,48,27,49,80,2
56,5,3,56,27,49,55,2
96,2,3,57,27,49,96,2
95,5,5,59,27,49,95,2
113,10,6,65,27,49,113,3
49,0,2,17,28,49,20,1
49,2,3,21,28,49,32,1
49,2,3,22,28,49,40,1
49,2,3,23,28,49,34,1
49,2,2,24,28,49,48,1
62,5,2,24,28,49,62,2
49,5,3,29,28,49,35,1
59,8,5,29,28,49,59,2
59,2,3,31,28,49,59,2
50,5,5,32,28,49,50,1
65,2,3,33,28,49,65,2
57,8,3,34,28,49,57,2
56,8,3,35,28,49,56,2
49,15,3,42,28,49,47,1
49,8,2,43,28,49,46,1
53,2,3,53,28,49,43,2
64,5,3,57,28,49,64,2
89,2,5,57,28,49,89,2
76,2,5,60,28,49,76,2
82,5,6,68,28,49,82,2
49,8,1,14,30,49,26,1
49,18,2,19,30,49,31,1
49,15,2,21,30,49,44,1
49,0,3,21,30,49,44,1
49,10,1,23,30,49,36,1
49,2,2,23,30,49,26,1
49,8,2,27,30,49,37,1
49,2,3,28,30,49,46,1
49,5,5,28,30,49,38,1
65,8,5,35,30,49,65,2
72,2,5,40,30,49,72,2
74,5,5,40,30,49,74,2
70,50,5,42,30,49,70,2
72,2,3,46,30,49,72,2
49,5,2,47,30,49,42,1
62,5,3,49,30,49,62,2
68,5,3,52,30,49,68,2
55,10,5,54,30,49,55,2
96,2,3,64,30,49,96,2
104,8,3,74,30,49,104,3
60,5,2,23,32,49,60,2
49,5,2,24,32,49,43,1
49,5,2,26,32,49,49,1
49,5,3,26,32,49,48,1
49,12,3,27,32,49,38,1
56,8,5,27,32,49,56,2
53,8,3,28,32,49,53,2
49,2,5,30,32,49,49,1
52,2,3,32,32,49,52,2
67,2,5,35,32,49,67,2
80,8,5,38,32,49,80,2
61,5,3,46,32,49,61,2
58,5,3,53,32,49,58,2
82,5,5,54,32,49,82,2
77,12,8,59,32,49,77,2
117,5,6,70,32,49,117,3
57,8,3,20,33,49,57,2
49,5,6,21,33,49,38,1
49,8,5,22,33,49,49,1
49,2,2,23,33,49,35,1
49,40,3,32,33,49,43,1
49,2,6,32,33,49,48,1
56,12,3,34,33,49,56,2
67,8,3,37,33,49,67,2
74,5,6,38,33,49,74,2
81,5,5,39,33,49,81,2
71,8,5,52,33,49,71,2
85,8,6,53,33,49,85,2
112,5,6,68,33,49,112,3
130,5,6,71,33,49,130,3
49,5,3,13,35,49,28,1
49,5,5,18,35,49,38,1
49,5,6,19,35,49,36,1
49,8,5,28,35,49,45,1
63,18,5,29,35,49,63,2
58,2,5,31,35,49,58,2
61,5,2,33,35,49,61,2
69,5,3,34,35,49,69,2
67,5,3,40,35,49,67,2
69,5,3,43,35,49,69,2
67,5,5,45,35,49,67,2
59,2,5,46,35,49,59,2
92,10,6,52,35,49,92,2
95,5,6,60,35,49,95,2
77,2,3,77,35,49,72,2
49,2,5,20,37,49,41,1
49,2,3,21,37,49,34,1
49,2,3,21,37,49,30,1
54,2,5,23,37,49,54,2
51,18,2,24,37,49,51,2
49,2,5,25,37,49,39,1
49,2,5,27,37,49,40,1
59,8,3,32,37,49,59,2
56,56,3,34,37,49,44,2
61,5,6,34,37,49,61,2
54,10,3,44,37,49,54,2
79,10,6,49,37,49,79,2
85,8,5,54,37,49,85,2
103,5,3,63,37,49,103,3
49,2,3,22,38,49,39,1
49,5,5,23,38,49,40,1
49,2,3,27,38,49,29,1
49,5,3,33,38,49,48,1
49,8,3,37,38,49,40,1
76,15,5,38,38,49,76,2
66,8,5,44,38,49,66,2
85,5,6,47,38,49,85,2
78,5,5,49,38,49,78,2
66,5,5,53,38,49,66,2
108,8,5,81,38,49,108,3
49,5,3,18,40,49,40,1
49,5,3,19,40,49,42,1
49,2,3,22,40,49,40,1
49,2,3,24,40,49,47,1
49,5,5,24,40,49,40,1
69,2,3,31,40,49,69,2
59,18,5,32,40,49,59,2
65,2,3,33,40,49,65,2
49,5,2,34,40,49,46,1
56,5,3,36,40,49,56,2
79,2,6,42,40,49,79,2
67,5,3,47,40,49,67,2
70,5,5,58,40,49,70,2
87,2,3,61,40,49,87,2
91,8,5,64,40,49,91,2
49,2,5,16,42,49,28,1
55,2,3,22,42,49,55,2
49,2,6,22,42,49,33,1
58,0,6,26,42,49,58,2
49,5,2,28,42,49,45,1
72,2,3,31,42,49,72,2
57,8,3,31,42,49,57,2
49,5,6,31,42,49,46,1
70,10,6,33,42,49,70,2
59,2,5,34,42,49,59,2
73,8,6,37,42,49,73,2
72,5,3,46,42,49,72,2
49,2,5,49,42,49,36,1
49,5,5,19,43,49,40,1
49,5,5,21,43,49,32,1
49,5,5,22,43,49,36,1
49,8,3,36,43,49,49,1
49,5,2,39,43,49,41,1
67,5,5,42,43,49,67,2
73,5,6,47,43,49,73,2
72,15,5,48,43,49,72,2
52,2,3,52,43,49,45,2
120,10,5,80,43,49,120,3
49,8,3,24,45,49,44,1
67,2,3,33,45,49,67,2
62,5,5,38,45,49,62,2
53,5,3,40,45,49,53,2
77,2,6,46,45,49,77,2
71,2,5,47,45,49,71,2
97,5,6,58,45,49,97,2
49,2,5,22,47,49,34,1
49,5,6,29,47,49,44,1
58,5,5,35,47,49,58,2
89,8,6,40,47,49,89,2
63,8,3,42,47,49,63,2
66,10,6,44,47,49,66,2
100,2,6,66,47,49,100,2
49,0,6,19,48,49,43,1
49,10,5,20,48,49,32,1
49,32,7,23,48,49,29,1
54,8,3,28,48,49,54,2
58,8,2,30,48,49,58,2
69,2,6,31,48,49,69,2
53,2,7,31,48,49,53,2
67,2,5,43,48,49,67,2
62,5,3,46,48,49,62,2
128,8,7,76,48,49,128,3
50,32,3,19,50,49,25,1
50,0,6,23,50,49,33,1
50,5,3,29,50,49,34,1
58,0,5,30,50,49,58,2
78,5,6,38,50,49,78,2
56,8,5,39,50,49,56,2
51,2,6,10,51,49,41,2
52,8,3,27,51,49,52,2
51,2,3,28,51,49,37,2
64,2,5,31,51,49,64,2
59,5,6,32,51,49,59,2
63,5,3,42,51,49,63,2
71,5,6,43,51,49,71,2
76,52,6,50,51,49,76,2
114,2,7,54,51,49,114,3
95,10,6,71,51,49,95,2
52,2,8,20,52,49,40,2
52,5,6,26,52,49,44,2
52,5,5,27,52,49,51,2
60,5,5,30,52,49,60,2
54,2,3,31,52,49,54,2
60,10,6,33,52,49,60,2
54,5,6,35,52,49,54,2
52,5,6,37,52,49,47,2
62,25,5,43,52,49,62,2
55,5,2,53,52,49,55,2
87,5,7,53,52,49,87,2
56,5,5,34,53,49,56,2
57,5,8,35,53,49,57,2
59,2,3,39,53,49,59,2
76,15,6,43,53,49,76,2
89,22,6,67,53,49,89,2
54,10,3,25,54,49,52,2
54,12,2,27,54,49,52,2
63,12,5,35,54,49,63,2
69,53,7,40,54,49,69,2
82,5,6,52,54,49,82,2
58,5,7,26,55,49,58,2
66,8,7,44,55,49,66,2
63,8,5,45,55,49,63,2
96,10,5,62,55,49,96,2
95,22,6,55,56,49,95,2
112,8,7,81,56,49,112,3
59,18,5,27,57,49,59,2
57,5,2,32,57,49,40,2
85,8,6,53,57,49,85,2
99,5,8,53,57,49,99,2
58,8,8,23,58,49,41,2
76,5,7,38,58,49,76,2
79,5,7,51,58,49,79,2
84,18,6,54,59,49,84,2
60,10,7,24,60,49,49,2
69,12,7,43,60,49,69,2
99,5,7,55,60,49,99,2
77,20,5,58,60,49,77,2
75,8,7,40,61,49,75,2
69,8,6,47,61,49,69,2
96,8,8,53,61,49,96,2
76,2,9,41,62,49,76,2
68,5,7,36,64,49,68,2
73,2,10,38,64,49,73,2
69,5,5,45,67,49,69,2
50,0,1,18,0,50,28,1
50,0,1,8,2,50,8,1
50,0,1,11,2,50,13,1
50,0,2,11,2,50,19,1
50,2,1,16,2,50,29,1
50,2,2,21,2,50,26,1
50,0,1,44,2,50,44,1
50,2,3,6,3,50,8,1
50,8,3,12,3,50,31,1
50,2,1,18,3,50,23,1
50,0,2,19,3,50,30,1
50,2,1,22,3,50,36,1
50,2,1,25,3,50,23,1
50,2,2,27,3,50,26,1
55,2,3,31,3,50,55,2
50,0,1,45,3,50,30,1
64,2,1,47,3,50,64,2
50,2,1,10,5,50,10,1
50,2,2,10,5,50,10,1
50,0,2,13,5,50,15,1
50,2,1,18,5,50,32,1
50,2,1,19,5,50,27,1
59,2,5,21,5,50,59,2
59,10,3,27,5,50,59,2
50,0,1,29,5,50,19,1
54,2,2,54,5,50,44,2
77,0,1,77,5,50,62,2
50,5,2,14,7,50,27,1
50,0,1,16,7,50,13,1
50,2,1,18,7,50,27,1
50,2,1,20,7,50,30,1
50,0,1,21,7,50,29,1
50,2,0,23,7,50,40,1
50,0,5,25,7,50,49,1
50,2,1,26,7,50,34,1
64,0,2,55,7,50,64,2
50,2,2,11,8,50,16,1
50,2,1,12,8,50,18,1
50,2,1,16,8,50,21,1
50,2,1,16,8,50,36,1
50,5,1,20,8,50,30,1
50,2,2,21,8,50,42,1
50,10,3,22,8,50,45,1
50,2,2,26,8,50,28,1
50,0,3,26,8,50,45,1
50,2,2,34,8,50,43,1
58,2,2,38,8,50,58,2
50,2,2,4,10,50,4,1
50,5,2,18,10,50,43,1
50,2,2,19,10,50,38,1
50,0,2,22,10,50,35,1
50,2,1,23,10,50,33,1
50,15,2,29,10,50,27,1
50,5,3,31,10,50,49,1
50,2,2,37,10,50,45,1
59,8,2,46,10,50,59,2
59,2,3,59,10,50,54,2
62,0,3,62,10,50,53,2
68,2,3,68,10,50,66,2
50,2,1,4,12,50,12,1
50,2,2,11,12,50,6,1
50,5,1,12,12,50,29,1
50,2,2,13,12,50,28,1
50,2,1,15,12,50,18,1
50,5,1,16,12,50,43,1
50,2,1,17,12,50,25,1
50,2,2,17,12,50,34,1
50,2,1,18,12,50,25,1
50,5,1,21,12,50,30,1
50,2,2,24,12,50,46,1
50,10,2,24,12,50,34,1
50,5,2,25,12,50,49,1
50,5,3,26,12,50,34,1
62,5,3,27,12,50,62,2
50,5,1,29,12,50,27,1
50,2,1,34,12,50,45,1
51,5,2,34,12,50,51,2
50,2,2,38,12,50,47,1
52,5,2,38,12,50,52,2
61,2,3,40,12,50,61,2
50,2,2,3,13,50,12,1
50,2,3,13,13,50,32,1
50,5,1,17,13,50,27,1
50,2,2,18,13,50,27,1
50,5,1,20,13,50,47,1
50,0,1,22,13,50,21,1
50,5,2,22,13,50,21,1
50,2,1,23,13,50,30,1
66,2,3,24,13,50,66,2
50,2,2,26,13,50,33,1
50,8,2,26,13,50,32,1
50,2,2,27,13,50,45,1
50,2,2,28,13,50,39,1
53,2,3,29,13,50,53,2
54,12,2,30,13,50,54,2
50,5,1,32,13,50,36,1
60,10,1,33,13,50,60,2
50,2,3,34,13,50,43,1
50,5,1,37,13,50,36,1
50,2,2,38,13,50,39,1
50,2,2,8,15,50,22,1
50,2,3,9,15,50,7,1
50,0,2,16,15,50,26,1
50,2,2,18,15,50,25,1
50,10,2,21,15,50,29,1
53,0,2,24,15,50,53,2
50,8,2,26,15,50,44,1
50,2,2,33,15,50,48,1
50,2,2,33,15,50,48,1
54,2,2,34,15,50,54,2
50,5,2,34,15,50,42,1
50,2,2,35,15,50,43,1
68,0,5,35,15,50,68,2
55,5,3,36,15,50,55,2
62,5,2,37,15,50,62,2
53,8,3,38,15,50,53,2
65,2,2,39,15,50,65,2
51,2,2,51,15,50,42,2
50,2,2,6,17,50,23,1
50,2,2,15,17,50,26,1
50,2,2,16,17,50,20,1
50,5,2,20,17,50,31,1
50,5,2,21,17,50,32,1
50,8,1,22,17,50,48,1
55,2,2,26,17,50,55,2
50,5,1,27,17,50,35,1
56,2,3,30,17,50,56,2
50,5,2,32,17,50,42,1
59,8,2,35,17,50,59,2
54,2,2,36,17,50,54,2
50,2,2,37,17,50,29,1
57,5,2,38,17,50,57,2
78,5,3,38,17,50,78,2
50,5,3,39,17,50,32,1
50,5,1,41,17,50,46,1
50,2,2,44,17,50,48,1
51,2,2,45,17,50,51,2
95,2,5,47,17,50,95,2
56,8,3,48,17,50,56,2
51,5,3,51,17,50,51,2
81,5,5,54,17,50,81,2
108,2,3,78,17,50,108,3
50,0,2,6,18,50,15,1
50,2,2,16,18,50,28,1
50,8,3,18,18,50,38,1
50,0,2,19,18,50,28,1
50,2,2,19,18,50,24,1
50,5,2,19,18,50,32,1
50,5,2,23,18,50,28,1
54,2,2,24,18,50,54,2
50,2,3,24,18,50,47,1
50,2,2,25,18,50,44,1
61,2,1,28,18,50,61,2
50,5,1,28,18,50,32,1
50,0,2,28,18,50,31,1
50,5,2,29,18,50,46,1
50,0,2,30,18,50,41,1
53,5,2,32,18,50,53,2
50,5,2,32,18,50,44,1
50,5,2,35,18,50,36,1
58,2,3,35,18,50,58,2
50,5,2,36,18,50,44,1
61,2,3,38,18,50,61,2
72,5,3,42,18,50,72,2
70,5,3,45,18,50,70,2
76,2,3,47,18,50,76,2
78,12,3,47,18,50,78,2
64,5,3,48,18,50,64,2
64,2,2,49,18,50,64,2
56,8,2,56,18,50,35,2
90,5,5,56,18,50,90,2
62,2,3,62,18,50,45,2
169,12,7,97,18,50,169,4
50,2,2,13,20,50,23,1
50,2,3,15,20,50,22,1
50,8,2,17,20,50,31,1
50,5,2,19,20,50,43,1
50,2,2,20,20,50,21,1
50,2,2,21,20,50,40,1
50,5,2,21,20,50,41,1
50,2,3,22,20,50,34,1
50,2,2,23,20,50,38,1
50,5,3,23,20,50,42,1
50,2,2,26,20,50,38,1
59,2,3,26,20,50,59,2
53,5,2,28,20,50,53,2
50,5,2,30,20,50,49,1
50,2,3,30,20,50,45,1
51,2,3,32,20,50,51,2
50,5,2,33,20,50,45,1
56,5,3,39,20,50,56,2
63,10,5,39,20,50,63,2
114,2,6,46,20,50,114,3
99,2,5,48,20,50,99,2
56,5,3,50,20,50,56,2
93,8,5,58,20,50,93,2
60,8,2,60,20,50,49,2
98,5,5,64,20,50,98,2
146,5,7,81,20,50,146,3
50,2,3,14,22,50,43,1
50,2,3,20,22,50,35,1
50,0,2,21,22,50,34,1
50,5,1,22,22,50,21,1
50,5,3,22,22,50,39,1
54,2,2,23,22,50,54,2
50,2,3,23,22,50,45,1
59,2,3,26,22,50,59,2
56,10,2,27,22,50,56,2
51,5,3,29,22,50,51,2
59,2,3,30,22,50,59,2
54,2,2,34,22,50,54,2
50,2,3,34,22,50,,1
78,5,5,36,22,50,78,2
66,2,3,38,22,50,66,2
61,5,2,39,22,50,61,2
69,5,2,44,22,50,69,2
99,2,6,47,22,50,99,2
63,12,3,49,22,50,63,2
60,5,3,54,22,50,60,2
100,2,3,71,22,50,100,2
50,2,2,15,23,50,22,1
50,5,2,22,23,50,39,1
50,2,3,22,23,50,26,1
50,2,3,22,23,50,38,1
52,2,5,22,23,50,52,2
50,2,2,24,23,50,31,1
50,2,3,26,23,50,33,1
50,12,3,31,23,50,39,1
50,2,3,32,23,50,41,1
50,0,2,35,23,50,36,1
50,2,2,35,23,50,38,1
67,2,3,37,23,50,67,2
50,0,5,38,23,50,49,1
68,8,3,41,23,50,68,2
66,10,3,44,23,50,66,2
83,8,5,44,23,50,83,2
66,8,2,46,23,50,66,2
65,5,6,48,23,50,65,2
53,5,3,52,23,50,53,2
88,2,3,60,23,50,88,2
78,0,3,62,23,50,78,2
50,2,5,22,25,50,47,1
50,2,2,23,25,50,36,1
50,2,2,26,25,50,34,1
50,15,3,26,25,50,41,1
50,32,3,30,25,50,43,1
50,5,2,32,25,50,37,1
53,2,2,33,25,50,53,2
56,5,3,37,25,50,56,2
78,10,5,39,25,50,78,2
69,2,3,40,25,50,69,2
60,8,3,40,25,50,60,2
88,5,3,41,25,50,88,2
56,2,5,41,25,50,56,2
61,2,3,48,25,50,61,2
71,8,3,50,25,50,71,2
86,5,3,51,25,50,86,2
92,5,5,55,25,50,92,2
105,8,5,58,25,50,105,3
59,5,3,59,25,50,56,2
117,8,6,79,25,50,117,3
50,2,2,17,27,50,31,1
57,2,2,21,27,50,57,2
50,2,3,21,27,50,36,1
50,2,3,24,27,50,39,1
50,5,2,25,27,50,41,1
50,5,3,25,27,50,31,1
50,2,3,27,27,50,38,1
57,5,3,27,27,50,57,2
61,18,3,27,27,50,61,2
63,15,3,34,27,50,63,2
50,0,2,35,27,50,34,1
53,12,5,35,27,50,53,2
53,8,3,40,27,50,53,2
50,8,3,40,27,50,44,1
76,5,3,43,27,50,76,2
65,5,3,58,27,50,65,2
73,2,3,68,27,50,73,2
102,8,5,88,27,50,102,3
50,10,2,22,28,50,37,1
50,5,2,23,28,50,43,1
50,5,3,24,28,50,44,1
50,2,3,25,28,50,33,1
53,2,6,27,28,50,53,2
50,2,2,28,28,50,48,1
60,0,3,29,28,50,60,2
50,12,3,32,28,50,45,1
58,8,3,33,28,50,58,2
50,5,2,36,28,50,43,1
63,2,3,38,28,50,63,2
61,10,3,41,28,50,61,2
64,2,5,46,28,50,64,2
54,2,3,54,28,50,51,2
63,2,3,56,28,50,63,2
56,10,3,56,28,50,44,2
69,8,3,58,28,50,69,2
108,5,5,68,28,50,108,3
101,10,5,68,28,50,101,3
50,12,1,18,30,50,48,1
50,2,3,21,30,50,33,1
50,8,3,23,30,50,40,1
61,8,6,25,30,50,61,2
50,2,2,26,30,50,46,1
50,2,3,26,30,50,46,1
53,5,6,29,30,50,53,2
62,5,5,30,30,50,62,2
55,10,3,32,30,50,55,2
59,12,5,41,30,50,59,2
61,2,3,45,30,50,61,2
79,8,5,54,30,50,79,2
84,5,6,54,30,50,84,2
82,2,5,63,30,50,82,2
96,2,6,67,30,50,96,2
118,5,6,75,30,50,118,3
97,5,3,79,30,50,97,2
50,8,5,11,32,50,23,1
50,5,3,18,32,50,38,1
50,5,2,19,32,50,38,1
50,5,2,21,32,50,29,1
54,15,3,24,32,50,54,2
53,5,2,25,32,50,53,2
50,2,3,26,32,50,44,1
53,5,3,27,32,50,53,2
50,2,3,29,32,50,31,1
68,2,3,30,32,50,68,2
65,5,3,31,32,50,65,2
77,8,3,31,32,50,77,2
50,2,5,31,32,50,39,1
56,12,2,32,32,50,56,2
71,2,3,32,32,50,71,2
77,2,5,38,32,50,77,2
72,5,3,39,32,50,72,2
71,8,3,42,32,50,71,2
55,2,3,46,32,50,55,2
73,8,3,51,32,50,73,2
66,5,5,59,32,50,66,2
95,2,3,60,32,50,95,2
79,2,5,61,32,50,79,2
136,5,5,77,32,50,136,3
50,2,2,9,33,50,19,1
50,2,3,19,33,50,32,1
50,5,3,20,33,50,26,1
50,2,3,23,33,50,46,1
50,8,3,23,33,50,46,1
50,5,5,23,33,50,42,1
50,2,5,24,33,50,40,1
50,2,3,25,33,50,35,1
50,10,5,25,33,50,45,1
55,10,3,26,33,50,55,2
50,2,6,27,33,50,45,1
50,5,5,28,33,50,43,1
50,5,3,29,33,50,46,1
67,2,6,31,33,50,67,2
50,8,2,35,33,50,47,1
60,12,5,35,33,50,60,2
81,5,5,36,33,50,81,2
69,5,6,36,33,50,69,2
51,10,3,39,33,50,51,2
57,8,5,40,33,50,57,2
56,5,3,41,33,50,56,2
80,10,3,46,33,50,80,2
78,2,3,47,33,50,78,2
83,10,6,52,33,50,83,2
66,10,3,54,33,50,66,2
68,5,5,55,33,50,68,2
67,5,3,58,33,50,67,2
82,8,5,60,33,50,82,2
69,2,5,63,33,50,69,2
50,2,3,14,35,50,36,1
50,5,5,21,35,50,38,1
50,2,3,22,35,50,34,1
50,8,3,22,35,50,31,1
50,8,3,24,35,50,49,1
50,8,5,24,35,50,49,1
50,2,3,25,35,50,43,1
59,5,5,27,35,50,59,2
58,0,5,30,35,50,58,2
71,10,5,30,35,50,71,2
65,5,5,34,35,50,65,2
50,5,3,35,35,50,50,1
91,5,6,47,35,50,91,2
62,5,5,48,35,50,62,2
57,2,3,56,35,50,57,2
74,5,5,58,35,50,74,2
50,5,3,19,37,50,40,1
50,5,2,20,37,50,47,1
50,10,5,25,37,50,44,1
57,8,3,26,37,50,57,2
50,32,6,28,37,50,47,1
57,2,5,29,37,50,57,2
67,32,8,29,37,50,67,2
51,5,6,33,37,50,51,2
82,10,5,36,37,50,82,2
67,5,3,46,37,50,67,2
60,10,5,46,37,50,60,2
67,8,5,48,37,50,67,2
88,5,6,51,37,50,88,2
61,5,5,53,37,50,61,2
103,2,6,54,37,50,103,3
88,8,7,55,37,50,88,2
50,5,2,17,38,50,30,1
50,5,2,18,38,50,31,1
51,8,6,21,38,50,51,2
50,5,3,24,38,50,35,1
81,2,5,38,38,50,81,2
86,5,6,38,38,50,86,2
62,5,5,41,38,50,62,2
67,5,3,48,38,50,67,2
97,2,5,48,38,50,97,2
73,5,5,48,38,50,73,2
81,5,5,54,38,50,81,2
110,5,6,62,38,50,110,3
50,2,2,19,40,50,19,1
50,2,6,23,40,50,44,1
50,2,3,25,40,50,40,1
60,8,5,27,40,50,60,2
57,2,5,28,40,50,57,2
51,2,5,32,40,50,51,2
50,2,2,35,40,50,44,1
73,2,6,36,40,50,73,2
71,2,3,37,40,50,71,2
52,15,5,37,40,50,52,2
79,12,5,39,40,50,79,2
66,5,5,41,40,50,66,2
129,2,6,65,40,50,129,3
50,2,3,19,42,50,40,1
50,2,3,23,42,50,46,1
67,5,5,27,42,50,67,2
50,5,5,27,42,50,40,1
53,15,5,27,42,50,53,2
61,5,7,33,42,50,61,2
72,2,6,36,42,50,72,2
73,2,6,37,42,50,73,2
79,10,6,42,42,50,79,2
72,5,5,45,42,50,72,2
73,5,3,46,42,50,73,2
53,2,5,46,42,50,53,2
50,5,3,23,43,50,38,1
66,5,5,32,43,50,66,2
50,5,3,37,43,50,40,1
79,5,7,39,43,50,79,2
90,30,5,51,43,50,90,2
87,5,6,52,43,50,87,2
81,5,5,55,43,50,81,2
86,8,6,58,43,50,86,2
90,10,5,62,43,50,90,2
50,8,5,26,45,50,44,1
50,2,5,28,45,50,49,1
50,2,6,30,45,50,47,1
78,10,10,31,45,50,78,2
50,12,2,36,45,50,44,1
78,5,6,36,45,50,78,2
79,18,5,55,45,50,79,2
103,5,5,59,45,50,103,3
62,5,5,19,47,50,62,2
50,2,6,24,47,50,37,1
61,5,6,24,47,50,61,2
78,8,6,31,47,50,78,2
60,5,5,32,47,50,60,2
73,5,3,46,47,50,73,2
101,5,6,52,47,50,101,3
84,5,2,53,47,50,84,2
85,12,7,55,47,50,85,2
50,12,2,18,48,50,47,1
50,2,3,24,48,50,42,1
63,2,9,24,48,50,63,2
63,5,5,42,48,50,63,2
68,15,7,43,48,50,68,2
62,8,3,44,48,50,62,2
56,15,3,44,48,50,56,2
68,12,5,47,48,50,68,2
79,5,5,50,48,50,79,2
97,8,6,57,48,50,97,2
104,8,6,77,48,50,104,3
50,12,2,25,50,50,32,1
53,2,3,34,50,50,53,2
50,2,3,49,50,50,43,1
70,5,7,55,50,50,70,2
77,2,5,66,50,50,77,2
51,2,5,23,51,50,29,2
55,8,5,31,51,50,55,2
63,5,18,32,51,50,63,2
51,5,3,34,51,50,40,2
73,22,6,47,51,50,73,2
90,5,5,61,51,50,90,2
52,2,3,22,52,50,32,2
52,5,6,23,52,50,27,2
58,10,5,24,52,50,58,2
57,8,7,32,52,50,57,2
78,12,6,38,52,50,78,2
94,12,7,47,52,50,94,2
95,2,7,54,52,50,95,2
95,2,6,59,52,50,95,2
108,8,7,60,52,50,108,3
66,5,7,31,53,50,66,2
61,8,2,42,53,50,61,2
54,18,6,15,54,50,44,2
62,5,5,36,54,50,62,2
55,0,6,20,55,50,37,2
55,10,5,27,55,50,55,2
55,5,5,28,55,50,55,2
61,2,5,31,55,50,61,2
77,10,3,43,55,50,77,2
105,2,7,47,55,50,105,3
66,10,3,51,55,50,66,2
115,8,6,68,55,50,115,3
56,5,6,21,56,50,24,2
101,5,7,50,56,50,101,3
57,8,6,25,57,50,54,2
128,22,9,75,57,50,128,3
84,5,6,44,59,50,84,2
60,5,7,29,60,50,58,2
88,5,9,57,60,50,88,2
61,5,7,23,61,50,59,2
82,5,7,55,61,50,82,2
64,12,7,40,62,50,64,2
73,10,3,43,62,50,73,2
62,15,5,47,62,50,62,2
107,8,6,78,62,50,107,3
63,5,8,27,63,50,55,2
65,5,10,30,65,50,59,2
144,5,9,85,66,50,144,3
70,2,7,48,68,50,70,2
86,8,5,50,72,50,86,2
118,18,6,64,79,50,118,3
51,0,1,20,0,51,30,2
51,2,2,9,2,51,10,2
51,0,1,16,2,51,25,2
51,0,1,31,2,51,51,2
51,0,1,33,2,51,36,2
51,0,1,38,2,51,36,2
52,0,0,48,2,51,52,2
51,2,2,11,3,51,24,2
51,2,2,19,3,51,34,2
51,2,3,25,3,51,47,2
51,0,2,31,3,51,35,2
51,0,2,42,3,51,44,2
51,5,2,16,5,51,41,2
51,2,2,36,5,51,41,2
79,0,3,79,5,51,63,2
51,2,1,14,7,51,39,2
51,2,1,15,7,51,31,2
51,0,2,21,7,51,38,2
54,2,2,34,7,51,54,2
96,2,6,43,7,51,96,2
51,5,2,7,8,51,30,2
51,2,1,15,8,51,36,2
51,8,2,17,8,51,37,2
51,2,1,19,8,51,,2
51,5,1,20,8,51,38,2
51,2,2,20,8,51,34,2
51,0,2,22,8,51,31,2
51,2,2,23,8,51,43,2
51,2,2,35,8,51,51,2
51,5,2,40,8,51,47,2
51,2,1,43,8,51,35,2
51,2,2,13,10,51,30,2
51,2,1,17,10,51,38,2
51,8,1,17,10,51,32,2
51,2,2,21,10,51,48,2
51,2,2,22,10,51,50,2
52,2,2,23,10,51,52,2
51,2,2,23,10,51,43,2
52,2,2,26,10,51,52,2
51,2,2,34,10,51,43,2
51,0,2,12,12,51,28,2
51,5,1,14,12,51,27,2
51,5,2,19,12,51,31,2
51,8,2,20,12,51,29,2
51,5,2,22,12,51,,2
51,2,2,24,12,51,27,2
51,2,2,24,12,51,51,2
54,2,3,25,12,51,54,2
51,8,1,26,12,51,38,2
58,2,3,26,12,51,58,2
51,5,2,27,12,51,37,2
52,2,2,29,12,51,52,2
70,2,3,31,12,51,70,2
69,2,2,33,12,51,69,2
67,5,2,35,12,51,67,2
83,2,7,35,12,51,83,2
54,2,2,40,12,51,54,2
84,2,2,84,12,51,62,2
51,5,2,6,13,51,18,2
51,5,3,14,13,51,30,2
51,2,3,17,13,51,25,2
51,0,5,17,13,51,42,2
51,2,2,18,13,51,27,2
51,5,2,18,13,51,28,2
51,2,1,19,13,51,35,2
51,2,2,20,13,51,28,2
51,5,2,20,13,51,28,2
51,2,1,21,13,51,29,2
51,5,1,21,13,51,32,2
51,5,1,25,13,51,51,2
51,2,2,25,13,51,30,2
51,2,1,26,13,51,37,2
51,2,2,26,13,51,38,2
64,2,3,26,13,51,64,2
52,2,3,27,13,51,52,2
51,8,2,29,13,51,48,2
57,2,2,30,13,51,57,2
60,5,3,31,13,51,60,2
51,5,2,32,13,51,45,2
52,5,1,33,13,51,52,2
56,2,2,33,13,51,56,2
64,5,2,37,13,51,64,2
52,2,3,40,13,51,52,2
51,0,1,6,15,51,9,2
51,2,1,13,15,51,24,2
51,5,1,17,15,51,26,2
51,2,2,18,15,51,31,2
51,0,2,19,15,51,38,2
51,12,2,19,15,51,26,2
51,5,2,20,15,51,27,2
51,5,2,20,15,51,37,2
51,5,2,21,15,51,49,2
51,2,2,23,15,51,36,2
51,5,2,23,15,51,41,2
51,5,1,24,15,51,23,2
52,5,1,25,15,51,52,2
51,2,2,25,15,51,37,2
53,5,2,28,15,51,53,2
64,5,3,28,15,51,64,2
51,5,1,29,15,51,37,2
51,5,2,29,15,51,40,2
51,2,3,29,15,51,37,2
51,8,2,34,15,51,37,2
51,8,2,36,15,51,46,2
69,5,5,37,15,51,69,2
54,8,3,38,15,51,54,2
53,2,2,40,15,51,53,2
53,5,3,42,15,51,53,2
107,8,6,47,15,51,107,3
77,5,2,48,15,51,77,2
58,2,2,58,15,51,41,2
87,2,2,82,15,51,87,2
51,2,2,14,17,51,16,2
51,0,2,20,17,51,34,2
51,2,3,21,17,51,46,2
54,0,2,25,17,51,54,2
51,2,2,25,17,51,30,2
55,5,2,25,17,51,55,2
69,2,3,28,17,51,69,2
51,8,2,29,17,51,51,2
59,5,3,29,17,51,59,2
57,2,3,30,17,51,57,2
55,2,3,31,17,51,55,2
51,5,5,32,17,51,47,2
64,2,3,34,17,51,64,2
56,5,2,37,17,51,56,2
79,5,5,47,17,51,79,2
70,5,3,49,17,51,70,2
75,2,2,51,17,51,75,2
113,2,5,71,17,51,113,3
102,2,3,73,17,51,102,3
51,10,2,16,18,51,30,2
51,2,2,17,18,51,35,2
51,5,1,18,18,51,43,2
51,0,2,18,18,51,25,2
51,8,2,19,18,51,36,2
51,5,2,21,18,51,32,2
57,12,3,21,18,51,57,2
51,5,3,22,18,51,27,2
51,0,1,24,18,51,31,2
51,5,2,24,18,51,36,2
51,8,2,25,18,51,32,2
51,8,3,25,18,51,51,2
51,5,1,26,18,51,44,2
60,5,3,28,18,51,60,2
54,2,3,29,18,51,54,2
51,2,3,29,18,51,50,2
51,5,3,30,18,51,46,2
69,5,3,31,18,51,69,2
51,2,3,36,18,51,49,2
78,5,2,38,18,51,78,2
72,2,2,41,18,51,72,2
59,5,6,41,18,51,59,2
61,5,2,42,18,51,61,2
51,5,3,44,18,51,42,2
79,10,3,44,18,51,79,2
78,8,3,45,18,51,78,2
99,2,6,47,18,51,99,2
76,10,3,52,18,51,76,2
79,10,5,55,18,51,79,2
51,5,1,21,20,51,31,2
51,2,2,23,20,51,32,2
54,5,3,25,20,51,54,2
51,2,2,31,20,51,36,2
51,8,2,32,20,51,34,2
60,8,3,34,20,51,60,2
64,12,3,36,20,51,64,2
61,8,3,38,20,51,61,2
57,10,3,39,20,51,57,2
56,2,3,40,20,51,56,2
105,5,6,40,20,51,105,3
59,2,2,44,20,51,59,2
82,2,5,44,20,51,82,2
72,2,6,49,20,51,72,2
113,5,6,52,20,51,113,3
51,0,2,18,22,51,40,2
51,2,2,19,22,51,42,2
51,5,2,22,22,51,36,2
51,2,1,26,22,51,38,2
51,5,3,28,22,51,39,2
55,2,5,29,22,51,55,2
57,5,3,31,22,51,57,2
51,5,2,33,22,51,49,2
53,5,3,33,22,51,53,2
51,2,2,35,22,51,41,2
71,5,2,35,22,51,71,2
53,2,3,35,22,51,53,2
51,5,3,36,22,51,45,2
79,5,5,37,22,51,79,2
82,5,5,45,22,51,82,2
71,10,3,49,22,51,71,2
65,5,3,50,22,51,65,2
60,5,2,51,22,51,60,2
77,2,5,61,22,51,77,2
97,5,3,68,22,51,97,2
121,5,3,70,22,51,121,3
51,5,3,16,23,51,34,2
52,0,2,17,23,51,52,2
51,2,3,19,23,51,20,2
51,2,2,22,23,51,36,2
51,5,6,22,23,51,49,2
51,5,2,24,23,51,26,2
51,2,3,25,23,51,39,2
53,5,2,28,23,51,53,2
58,2,2,29,23,51,58,2
51,2,3,29,23,51,37,2
58,0,2,30,23,51,58,2
61,8,3,30,23,51,61,2
58,2,3,31,23,51,58,2
68,5,3,34,23,51,68,2
60,8,3,36,23,51,60,2
51,8,3,39,23,51,47,2
64,2,5,39,23,51,64,2
87,2,5,41,23,51,87,2
60,5,5,42,23,51,60,2
71,12,3,46,23,51,71,2
109,2,6,47,23,51,109,3
81,5,5,51,23,51,81,2
78,2,3,67,23,51,78,2
51,5,3,20,25,51,36,2
51,2,2,21,25,51,25,2
51,5,3,22,25,51,32,2
51,5,3,23,25,51,27,2
51,5,3,23,25,51,41,2
56,5,2,24,25,51,56,2
51,2,2,25,25,51,35,2
51,5,3,25,25,51,49,2
51,5,3,25,25,51,47,2
51,8,3,26,25,51,36,2
51,2,2,27,25,51,31,2
51,5,3,28,25,51,42,2
58,2,3,29,25,51,58,2
51,2,2,31,25,51,47,2
60,5,5,32,25,51,60,2
51,2,5,33,25,51,51,2
60,5,2,36,25,51,60,2
74,10,5,36,25,51,74,2
54,2,2,37,25,51,54,2
51,5,3,38,25,51,45,2
52,5,3,40,25,51,52,2
74,15,3,41,25,51,74,2
71,10,5,42,25,51,71,2
100,10,7,44,25,51,100,2
54,8,2,48,25,51,54,2
58,8,3,49,25,51,58,2
88,10,3,54,25,51,88,2
81,2,5,54,25,51,81,2
58,0,3,58,25,51,44,2
108,5,3,64,25,51,108,3
51,2,1,21,27,51,35,2
51,5,2,26,27,51,42,2
51,5,3,26,27,51,40,2
71,2,5,29,27,51,71,2
62,2,3,34,27,51,62,2
57,5,3,34,27,51,57,2
63,8,7,35,27,51,63,2
83,5,6,43,27,51,83,2
89,8,5,44,27,51,89,2
70,2,3,46,27,51,70,2
77,8,5,54,27,51,77,2
114,5,6,59,27,51,114,3
116,8,6,68,27,51,116,3
51,2,3,17,28,51,31,2
51,2,3,20,28,51,47,2
51,2,3,20,28,51,31,2
51,2,3,23,28,51,49,2
51,2,3,23,28,51,27,2
54,8,5,23,28,51,54,2
51,2,3,25,28,51,40,2
51,5,3,26,28,51,49,2
51,8,3,27,28,51,49,2
67,2,3,29,28,51,67,2
51,2,3,29,28,51,37,2
51,5,3,33,28,51,46,2
66,8,3,36,28,51,66,2
60,8,3,36,28,51,60,2
60,5,5,41,28,51,60,2
51,25,5,41,28,51,39,2
83,2,3,43,28,51,83,2
56,2,5,43,28,51,56,2
73,5,5,43,28,51,73,2
77,5,3,45,28,51,77,2
88,2,6,45,28,51,88,2
67,5,3,49,28,51,67,2
84,8,5,50,28,51,84,2
79,10,3,51,28,51,79,2
86,5,3,53,28,51,86,2
94,8,7,54,28,51,94,2
91,5,3,56,28,51,91,2
94,12,5,56,28,51,94,2
88,5,5,59,28,51,88,2
51,2,2,19,30,51,36,2
51,5,5,21,30,51,48,2
61,2,3,26,30,51,61,2
51,2,3,26,30,51,39,2
51,5,5,26,30,51,46,2
66,5,5,29,30,51,66,2
53,8,3,34,30,51,53,2
61,0,5,37,30,51,61,2
58,8,3,38,30,51,58,2
77,2,5,38,30,51,77,2
63,2,3,43,30,51,63,2
84,8,5,48,30,51,84,2
105,2,6,51,30,51,105,3
73,2,5,58,30,51,73,2
121,5,6,61,30,51,121,3
116,5,7,66,30,51,116,3
115,12,6,76,30,51,115,3
51,2,5,21,32,51,46,2
51,5,5,23,32,51,49,2
51,5,2,24,32,51,46,2
55,18,3,28,32,51,55,2
51,2,3,31,32,51,48,2
60,5,5,31,32,51,60,2
51,8,3,33,32,51,41,2
67,5,3,38,32,51,67,2
74,8,3,45,32,51,74,2
73,10,5,45,32,51,73,2
65,5,5,61,32,51,65,2
91,2,6,65,32,51,91,2
51,8,3,19,33,51,32,2
51,2,3,23,33,51,30,2
51,2,3,25,33,51,44,2
51,5,3,30,33,51,38,2
51,5,3,36,33,51,37,2
58,5,3,39,33,51,58,2
70,8,5,41,33,51,70,2
73,5,5,45,33,51,73,2
63,2,3,48,33,51,63,2
76,10,5,49,33,51,76,2
89,10,5,64,33,51,89,2
101,12,6,64,33,51,101,3
102,8,3,74,33,51,102,3
75,5,5,75,33,51,61,2
51,5,3,23,35,51,50,2
52,8,5,26,35,51,52,2
60,12,3,27,35,51,60,2
51,5,3,30,35,51,44,2
63,8,5,40,35,51,63,2
58,5,5,50,35,51,58,2
74,8,5,50,35,51,74,2
150,18,7,81,35,51,150,3
51,2,3,15,37,51,36,2
51,2,2,17,37,51,35,2
51,2,3,24,37,51,37,2
51,5,5,24,37,51,41,2
51,2,6,26,37,51,49,2
55,8,5,28,37,51,55,2
51,2,5,30,37,51,48,2
63,5,5,31,37,51,63,2
61,5,3,38,37,51,61,2
74,8,3,38,37,51,74,2
63,12,5,38,37,51,63,2
60,0,5,39,37,51,60,2
56,5,2,41,37,51,56,2
64,5,3,41,37,51,64,2
64,18,5,44,37,51,64,2
60,5,3,46,37,51,60,2
51,2,2,50,37,51,41,2
107,5,6,58,37,51,107,3
51,12,2,18,38,51,48,2
51,2,3,22,38,51,35,2
51,8,3,24,38,51,40,2
51,2,2,25,38,51,32,2
51,20,5,29,38,51,44,2
64,2,3,30,38,51,64,2
53,5,5,31,38,51,53,2
72,5,5,37,38,51,72,2
63,5,5,37,38,51,63,2
74,18,5,37,38,51,74,2
69,5,3,43,38,51,69,2
63,12,6,45,38,51,63,2
53,2,5,53,38,51,47,2
120,8,6,59,38,51,120,3
128,5,6,67,38,51,128,3
52,5,3,21,40,51,52,2
56,15,3,31,40,51,56,2
55,2,3,37,40,51,55,2
53,10,3,40,40,51,53,2
78,2,5,40,40,51,78,2
63,5,5,40,40,51,63,2
84,20,6,54,40,51,84,2
81,8,7,57,40,51,81,2
110,5,6,61,40,51,110,3
80,2,5,67,40,51,80,2
51,5,3,19,42,51,34,2
51,8,3,22,42,51,34,2
51,2,3,24,42,51,42,2
51,5,2,25,42,51,51,2
51,0,1,31,42,51,36,2
51,5,5,33,42,51,49,2
62,8,5,42,42,51,62,2
66,5,5,51,42,51,66,2
96,5,7,58,42,51,96,2
77,8,6,61,42,51,77,2
109,5,6,65,42,51,109,3
53,5,5,25,43,51,53,2
51,2,6,30,43,51,47,2
65,2,5,40,43,51,65,2
51,2,3,18,45,51,47,2
51,5,3,29,45,51,51,2
52,2,5,30,45,51,52,2
83,2,7,48,45,51,83,2
86,28,5,56,45,51,86,2
51,5,3,20,47,51,37,2
51,2,3,29,47,51,37,2
74,5,6,34,47,51,74,2
51,2,5,35,47,51,39,2
75,10,5,37,47,51,75,2
69,18,7,38,47,51,69,2
74,8,3,39,47,51,74,2
60,8,3,41,47,51,60,2
79,5,6,47,47,51,79,2
51,5,5,48,47,51,48,2
66,5,3,50,47,51,66,2
91,5,5,62,47,51,91,2
90,8,6,67,47,51,90,2
149,18,7,85,47,51,149,3
51,2,5,11,48,51,21,2
60,8,6,29,48,51,60,2
56,8,5,37,48,51,56,2
71,5,7,48,48,51,71,2
67,8,6,53,48,51,67,2
71,18,5,55,48,51,71,2
101,12,6,62,48,51,101,3
67,10,3,32,50,51,67,2
71,20,5,40,50,51,71,2
70,12,5,53,50,51,70,2
102,8,6,58,50,51,102,3
105,10,6,69,50,51,105,3
51,2,3,21,51,51,41,2
51,2,2,26,51,51,38,2
56,5,7,28,51,51,56,2
69,25,3,49,51,51,69,2
86,18,5,82,51,51,86,2
52,2,6,18,52,51,38,2
67,2,7,28,52,51,67,2
81,2,6,40,52,51,81,2
70,5,6,41,52,51,70,2
89,8,6,56,52,51,89,2
105,8,7,61,52,51,105,3
90,15,7,67,52,51,90,2
90,5,5,68,52,51,90,2
53,5,6,23,53,51,38,2
53,20,3,24,53,51,47,2
59,2,5,29,53,51,59,2
60,8,5,37,53,51,60,2
82,28,7,52,53,51,82,2
78,2,3,57,53,51,78,2
101,5,7,58,53,51,101,3
54,5,5,22,54,51,51,2
54,5,6,22,54,51,49,2
54,5,7,23,54,51,47,2
54,2,6,29,54,51,51,2
87,5,6,44,54,51,87,2
75,10,7,39,55,51,75,2
89,10,6,50,55,51,89,2
64,5,5,52,55,51,64,2
108,22,7,71,55,51,108,3
56,2,10,19,56,51,33,2
56,5,9,20,56,51,52,2
61,8,7,28,57,51,61,2
74,5,7,49,57,51,74,2
67,8,5,50,57,51,67,2
80,22,6,54,57,51,80,2
58,5,5,35,58,51,46,2
60,2,7,24,60,51,50,2
86,2,15,40,60,51,86,2
92,8,8,48,60,51,92,2
82,10,6,50,60,51,82,2
90,18,8,52,60,51,90,2
81,8,8,54,60,51,81,2
70,5,7,49,62,51,70,2
88,2,8,50,62,51,88,2
74,2,8,37,63,51,74,2
70,2,7,34,65,51,70,2
55,0,1,48,0,54,55,2
54,2,1,19,2,54,23,2
54,2,2,29,2,54,43,2
54,2,2,14,3,54,28,2
54,0,1,18,3,54,28,2
54,0,1,27,3,54,30,2
54,2,2,30,3,54,26,2
54,0,1,35,3,54,26,2
54,2,1,45,3,54,37,2
54,0,2,46,3,54,32,2
54,0,2,46,3,54,44,2
61,0,2,55,3,54,61,2
65,0,1,65,3,54,44,2
54,5,2,19,5,54,49,2
54,0,2,28,5,54,51,2
54,0,3,35,5,54,41,2
54,5,1,14,7,54,28,2
54,5,2,19,7,54,30,2
54,2,2,20,7,54,31,2
54,2,1,21,7,54,32,2
54,2,1,24,7,54,44,2
54,2,1,25,7,54,34,2
55,0,3,25,7,54,55,2
54,0,1,29,7,54,54,2
58,2,2,30,7,54,58,2
54,0,2,32,7,54,45,2
61,2,2,32,7,54,61,2
64,5,2,48,7,54,64,2
70,2,3,70,7,54,66,2
54,2,2,20,8,54,44,2
54,8,2,25,8,54,27,2
54,8,1,18,10,54,,2
54,2,2,20,10,54,33,2
54,5,2,20,10,54,45,2
54,2,2,21,10,54,32,2
54,2,2,22,10,54,39,2
54,5,2,22,10,54,43,2
62,2,2,23,10,54,62,2
59,5,2,30,10,54,59,2
65,2,5,30,10,54,65,2
57,0,1,32,10,54,57,2
80,2,6,39,10,54,80,2
54,2,3,17,12,54,24,2
54,2,1,18,12,54,23,2
54,2,2,19,12,54,41,2
54,2,3,20,12,54,49,2
54,2,3,20,12,54,36,2
54,5,2,22,12,54,33,2
54,2,1,24,12,54,41,2
54,5,1,24,12,54,38,2
61,2,2,29,12,54,61,2
58,0,3,30,12,54,58,2
61,2,3,30,12,54,61,2
54,2,2,33,12,54,35,2
63,8,2,35,12,54,63,2
60,2,2,36,12,54,60,2
59,8,3,38,12,54,59,2
60,2,3,41,12,54,60,2
117,2,6,49,12,54,117,3
63,0,2,50,12,54,63,2
79,2,3,79,12,54,70,2
54,5,3,17,13,54,23,2
54,8,2,18,13,54,25,2
54,2,2,19,13,54,30,2
54,5,1,23,13,54,32,2
54,2,3,25,13,54,23,2
54,2,5,30,13,54,44,2
54,2,2,31,13,54,49,2
71,2,3,33,13,54,71,2
54,5,3,33,13,54,23,2
59,5,3,38,13,54,59,2
55,2,3,39,13,54,55,2
68,5,3,43,13,54,68,2
65,2,5,59,13,54,65,2
105,5,3,64,13,54,105,3
54,2,3,16,15,54,38,2
54,2,2,19,15,54,40,2
54,2,2,19,15,54,41,2
54,2,2,21,15,54,35,2
54,8,2,22,15,54,38,2
54,5,1,23,15,54,47,2
54,2,1,24,15,54,32,2
54,2,2,24,15,54,40,2
54,2,2,24,15,54,45,2
54,5,1,28,15,54,37,2
54,5,2,29,15,54,44,2
54,2,2,30,15,54,43,2
54,5,3,30,15,54,30,2
61,2,2,32,15,54,61,2
54,5,2,32,15,54,29,2
60,8,2,33,15,54,60,2
63,5,2,34,15,54,63,2
64,5,3,34,15,54,64,2
54,0,2,35,15,54,46,2
54,5,3,36,15,54,47,2
80,2,5,40,15,54,80,2
63,5,1,43,15,54,63,2
60,5,3,44,15,54,60,2
62,2,3,51,15,54,62,2
54,5,2,52,15,54,54,2
79,2,1,63,15,54,79,2
54,2,2,16,17,54,41,2
54,2,2,21,17,54,31,2
54,12,2,21,17,54,40,2
54,2,3,22,17,54,36,2
54,2,1,24,17,54,29,2
55,0,5,24,17,54,55,2
54,5,3,25,17,54,38,2
54,5,1,27,17,54,46,2
54,0,2,29,17,54,44,2
64,2,3,30,17,54,64,2
56,5,3,30,17,54,56,2
54,0,2,31,17,54,53,2
54,2,2,31,17,54,39,2
54,5,2,34,17,54,54,2
54,8,2,38,17,54,44,2
70,15,2,39,17,54,70,2
54,5,3,39,17,54,49,2
54,2,2,40,17,54,44,2
71,2,5,44,17,54,71,2
112,5,6,48,17,54,112,3
99,5,3,53,17,54,99,2
113,5,6,54,17,54,113,3
103,8,5,56,17,54,103,3
94,5,3,69,17,54,94,2
54,2,2,18,18,54,45,2
54,5,2,18,18,54,21,2
54,2,5,20,18,54,54,2
54,5,2,22,18,54,38,2
54,2,2,23,18,54,46,2
58,5,3,29,18,54,58,2
54,5,3,29,18,54,31,2
67,2,2,30,18,54,67,2
54,5,2,30,18,54,54,2
54,8,2,30,18,54,45,2
54,2,2,31,18,54,36,2
54,5,3,31,18,54,52,2
64,2,3,32,18,54,64,2
57,8,3,36,18,54,57,2
64,2,3,37,18,54,64,2
68,8,3,37,18,54,68,2
79,2,2,38,18,54,79,2
54,2,2,38,18,54,47,2
54,2,2,41,18,54,50,2
54,5,2,42,18,54,48,2
105,10,9,48,18,54,105,3
94,8,5,49,18,54,94,2
88,8,6,49,18,54,88,2
71,15,3,50,18,54,71,2
120,5,6,55,18,54,120,3
54,8,2,20,20,54,37,2
54,5,2,21,20,54,37,2
54,52,1,22,20,54,31,2
54,5,1,23,20,54,52,2
54,5,2,23,20,54,41,2
54,2,2,24,20,54,33,2
54,5,2,24,20,54,36,2
54,2,5,24,20,54,33,2
54,2,2,27,20,54,46,2
57,2,3,31,20,54,57,2
54,2,2,35,20,54,37,2
60,2,3,36,20,54,60,2
69,2,6,36,20,54,69,2
54,2,3,37,20,54,41,2
54,22,2,39,20,54,52,2
62,5,5,39,20,54,62,2
65,2,3,41,20,54,65,2
58,5,3,42,20,54,58,2
66,5,3,43,20,54,66,2
77,8,3,45,20,54,77,2
70,2,3,49,20,54,70,2
100,2,6,49,20,54,100,2
88,8,7,50,20,54,88,2
65,2,5,52,20,54,65,2
77,8,3,55,20,54,77,2
126,5,5,65,20,54,126,3
54,8,3,23,22,54,42,2
54,2,2,25,22,54,37,2
54,2,3,25,22,54,30,2
54,2,5,26,22,54,34,2
54,8,2,27,22,54,39,2
60,8,2,29,22,54,60,2
59,5,2,35,22,54,59,2
63,2,3,37,22,54,63,2
90,5,6,37,22,54,90,2
91,2,3,38,22,54,91,2
73,5,3,38,22,54,73,2
54,2,3,40,22,54,45,2
63,5,3,41,22,54,63,2
57,2,2,42,22,54,57,2
71,8,3,42,22,54,71,2
82,2,2,47,22,54,82,2
82,12,3,51,22,54,82,2
93,2,6,54,22,54,93,2
54,5,2,14,23,54,36,2
54,5,3,16,23,54,20,2
54,2,2,21,23,54,25,2
54,2,3,24,23,54,37,2
54,2,2,25,23,54,46,2
67,5,2,28,23,54,67,2
55,2,3,28,23,54,55,2
54,0,3,31,23,54,49,2
66,5,3,32,23,54,66,2
54,8,3,32,23,54,49,2
62,5,3,40,23,54,62,2
60,5,2,44,23,54,60,2
93,2,6,45,23,54,93,2
71,5,3,46,23,54,71,2
117,5,6,48,23,54,117,3
92,5,6,85,23,54,92,2
54,2,2,19,25,54,39,2
54,2,3,19,25,54,37,2
56,2,2,22,25,54,56,2
54,2,5,24,25,54,32,2
56,2,3,25,25,54,56,2
54,25,3,25,25,54,36,2
54,8,2,26,25,54,53,2
54,15,2,27,25,54,39,2
63,5,3,27,25,54,63,2
54,10,3,29,25,54,53,2
54,8,2,30,25,54,41,2
59,5,3,30,25,54,59,2
54,5,3,30,25,54,41,2
69,2,5,30,25,54,69,2
54,5,3,34,25,54,51,2
62,5,5,34,25,54,62,2
66,2,3,38,25,54,66,2
65,8,3,40,25,54,65,2
111,5,6,54,25,54,111,3
82,2,5,57,25,54,82,2
54,2,3,25,27,54,47,2
54,5,3,25,27,54,40,2
54,2,2,26,27,54,53,2
54,8,3,26,27,54,49,2
59,10,3,27,27,54,59,2
70,2,5,32,27,54,70,2
57,5,2,38,27,54,57,2
54,2,3,39,27,54,54,2
54,8,2,41,27,54,45,2
77,5,3,41,27,54,77,2
63,5,5,44,27,54,63,2
61,5,5,45,27,54,61,2
67,5,5,47,27,54,67,2
118,5,6,54,27,54,118,3
89,5,5,55,27,54,89,2
109,8,5,66,27,54,109,3
59,2,2,29,28,54,59,2
70,8,3,36,28,54,70,2
73,12,5,38,28,54,73,2
58,2,3,40,28,54,58,2
66,5,3,44,28,54,66,2
83,5,6,50,28,54,83,2
105,8,3,58,28,54,105,3
97,5,6,60,28,54,97,2
90,2,6,66,28,54,90,2
86,5,5,86,28,54,56,2
54,5,2,28,30,54,42,2
54,10,3,29,30,54,52,2
54,5,2,31,30,54,47,2
65,10,2,32,30,54,65,2
60,12,2,33,30,54,60,2
78,2,5,33,30,54,78,2
69,2,6,33,30,54,69,2
58,8,3,38,30,54,58,2
54,2,3,41,30,54,34,2
67,8,3,42,30,54,67,2
62,25,3,50,30,54,62,2
97,2,5,52,30,54,97,2
83,8,5,61,30,54,83,2
100,2,5,63,30,54,100,2
54,5,3,22,32,54,26,2
54,2,3,24,32,54,39,2
54,5,5,25,32,54,39,2
54,2,5,26,32,54,36,2
60,5,3,27,32,54,60,2
63,5,5,28,32,54,63,2
54,0,3,29,32,54,42,2
69,10,3,29,32,54,69,2
54,5,2,32,32,54,36,2
74,2,3,34,32,54,74,2
62,5,3,35,32,54,62,2
57,15,6,39,32,54,57,2
62,8,3,41,32,54,62,2
67,5,5,41,32,54,67,2
65,8,5,41,32,54,65,2
65,5,5,43,32,54,65,2
77,5,3,51,32,54,77,2
65,8,6,52,32,54,65,2
111,2,7,53,32,54,111,3
119,8,6,62,32,54,119,3
117,8,3,63,32,54,117,3
126,5,7,83,32,54,126,3
54,10,2,20,33,54,26,2
54,2,3,20,33,54,30,2
54,5,3,20,33,54,44,2
54,8,3,21,33,54,32,2
54,8,5,22,33,54,46,2
60,5,5,23,33,54,60,2
54,8,3,24,33,54,42,2
54,5,3,31,33,54,54,2
59,2,3,32,33,54,59,2
61,5,3,36,33,54,61,2
60,8,3,38,33,54,60,2
64,8,3,43,33,54,64,2
81,8,5,52,33,54,81,2
69,5,3,56,33,54,69,2
64,5,3,64,33,54,62,2
93,10,5,65,33,54,93,2
81,45,3,68,33,54,81,2
139,5,7,75,33,54,139,3
54,5,2,22,35,54,38,2
54,2,5,22,35,54,34,2
54,5,3,24,35,54,45,2
54,10,3,24,35,54,43,2
54,8,2,27,35,54,32,2
58,12,5,35,35,54,58,2
59,2,3,40,35,54,59,2
54,5,3,44,35,54,49,2
66,5,5,49,35,54,66,2
71,5,3,54,35,54,71,2
60,22,3,59,35,54,60,2
54,5,5,18,37,54,23,2
54,5,5,21,37,54,47,2
54,2,2,25,37,54,34,2
54,5,5,28,37,54,44,2
54,5,3,29,37,54,34,2
59,25,2,35,37,54,59,2
70,2,5,35,37,54,70,2
78,5,5,39,37,54,78,2
81,8,5,39,37,54,81,2
74,2,5,41,37,54,74,2
64,8,5,49,37,54,64,2
77,5,7,57,37,54,77,2
87,5,5,61,37,54,87,2
100,8,5,61,37,54,100,2
54,8,5,18,38,54,53,2
54,10,5,22,38,54,38,2
54,20,3,23,38,54,30,2
54,5,3,28,38,54,36,2
74,8,3,51,38,54,74,2
123,8,6,52,38,54,123,3
99,5,6,60,38,54,99,2
116,8,6,63,38,54,116,3
89,8,5,66,38,54,89,2
85,5,5,68,38,54,85,2
54,0,3,13,40,54,35,2
54,5,3,18,40,54,29,2
54,2,5,22,40,54,54,2
66,2,5,24,40,54,66,2
54,2,3,26,40,54,54,2
69,2,6,26,40,54,69,2
54,2,3,28,40,54,52,2
65,5,6,35,40,54,65,2
60,18,3,44,40,54,60,2
97,5,5,54,40,54,97,2
80,8,6,62,40,54,80,2
95,8,7,65,40,54,95,2
54,5,1,20,42,54,52,2
54,2,5,20,42,54,23,2
54,12,3,23,42,54,35,2
63,8,3,28,42,54,63,2
65,10,3,30,42,54,65,2
54,2,2,33,42,54,39,2
80,5,7,48,42,54,80,2
54,8,2,17,43,54,37,2
54,2,5,25,43,54,45,2
58,5,3,39,43,54,58,2
54,5,2,48,43,54,54,2
78,15,6,53,43,54,78,2
92,5,6,70,43,54,92,2
54,2,2,33,45,54,50,2
66,10,6,36,45,54,66,2
73,10,6,39,45,54,73,2
64,8,3,48,45,54,64,2
82,10,6,54,45,54,82,2
114,10,6,55,45,54,114,3
110,5,5,66,45,54,110,3
67,2,5,30,47,54,67,2
56,5,6,31,47,54,56,2
54,8,6,32,47,54,53,2
76,8,5,45,47,54,76,2
72,10,5,45,47,54,72,2
76,2,5,46,47,54,76,2
72,5,5,47,47,54,72,2
83,10,6,53,47,54,83,2
106,5,7,66,47,54,106,3
65,15,8,41,48,54,65,2
89,2,6,49,48,54,89,2
54,8,7,30,50,54,53,2
75,2,7,36,50,54,75,2
94,2,5,58,50,54,94,2
97,8,8,70,50,54,97,2
54,5,6,21,51,54,47,2
54,5,7,27,51,54,46,2
72,5,7,36,51,54,72,2
74,2,5,52,51,54,74,2
71,5,5,55,51,54,71,2
75,15,5,33,52,54,75,2
72,5,5,42,52,54,72,2
87,5,6,46,52,54,87,2
76,8,6,50,52,54,76,2
77,2,6,55,52,54,77,2
66,12,3,30,53,54,66,2
63,8,7,31,53,54,63,2
54,2,6,22,54,54,51,2
54,5,6,23,54,54,52,2
58,5,7,32,54,54,58,2
57,18,5,34,54,54,57,2
58,5,6,34,54,54,58,2
106,35,7,69,54,54,106,3
66,10,6,31,55,54,66,2
89,5,6,50,55,54,89,2
62,8,7,34,56,54,62,2
65,5,7,41,56,54,65,2
85,2,6,85,57,54,66,2
77,5,7,43,58,54,77,2
95,12,7,54,59,54,95,2
60,5,6,48,60,54,56,2
113,18,8,71,60,54,113,3
91,5,7,53,62,54,91,2
78,10,8,53,62,54,78,2
63,12,6,35,63,54,56,2
74,2,6,50,63,54,74,2
108,12,7,64,64,54,108,3
65,8,6,55,65,54,62,2
135,8,10,77,68,54,135,3
117,30,9,68,70,54,117,3
58,2,2,23,2,58,43,2
58,2,2,24,2,58,46,2
58,2,3,3,3,58,13,2
58,0,1,20,3,58,30,2
58,2,1,24,3,58,38,2
58,0,1,46,3,58,37,2
58,5,2,13,5,58,29,2
58,0,1,17,5,58,23,2
58,0,2,17,5,58,28,2
58,0,3,41,5,58,40,2
58,5,3,7,7,58,24,2
58,2,1,18,7,58,23,2
58,0,2,30,7,58,56,2
62,2,2,33,7,58,62,2
58,0,1,34,7,58,34,2
58,0,2,40,7,58,32,2
58,0,2,56,7,58,40,2
67,0,3,56,7,58,67,2
58,2,1,17,8,58,36,2
58,2,1,19,8,58,27,2
58,2,1,20,8,58,31,2
58,0,2,20,8,58,28,2
58,2,2,21,8,58,52,2
58,2,2,28,8,58,49,2
58,0,1,34,8,58,56,2
58,0,3,14,10,58,36,2
58,2,2,17,10,58,36,2
58,2,1,18,10,58,28,2
58,2,2,18,10,58,27,2
58,0,2,19,10,58,35,2
58,5,2,22,10,58,27,2
58,8,1,25,10,58,29,2
58,2,3,25,10,58,31,2
58,5,1,28,10,58,33,2
58,2,3,31,10,58,46,2
59,2,2,36,10,58,59,2
61,2,3,36,10,58,61,2
58,2,1,10,12,58,23,2
58,30,2,17,12,58,19,2
58,5,3,17,12,58,45,2
58,2,1,21,12,58,36,2
58,2,2,22,12,58,26,2
58,2,2,23,12,58,38,2
63,2,2,36,12,58,63,2
58,5,2,36,12,58,49,2
58,5,3,38,12,58,56,2
58,2,1,15,13,58,24,2
58,15,1,16,13,58,36,2
58,5,2,21,13,58,44,2
58,5,1,30,13,58,52,2
58,2,3,35,13,58,55,2
58,5,2,40,13,58,58,2
58,5,2,40,13,58,33,2
58,2,2,41,13,58,57,2
60,2,3,43,13,58,60,2
58,2,3,53,13,58,52,2
155,2,6,92,13,58,155,4
58,0,1,14,15,58,22,2
58,10,3,19,15,58,22,2
58,2,2,22,15,58,46,2
58,8,2,22,15,58,49,2
58,8,2,22,15,58,34,2
58,5,2,23,15,58,43,2
58,5,2,25,15,58,54,2
58,5,2,25,15,58,40,2
58,5,2,28,15,58,44,2
58,5,2,29,15,58,36,2
60,8,2,29,15,58,60,2
63,8,2,34,15,58,63,2
58,5,1,35,15,58,52,2
74,8,2,36,15,58,74,2
78,0,3,38,15,58,78,2
78,8,3,45,15,58,78,2
77,2,5,45,15,58,77,2
65,2,2,46,15,58,65,2
104,5,3,78,15,58,104,3
58,2,2,12,17,58,36,2
58,8,1,15,17,58,18,2
58,2,2,20,17,58,43,2
58,5,2,20,17,58,38,2
58,2,2,22,17,58,43,2
58,2,2,23,17,58,24,2
58,25,1,24,17,58,46,2
58,2,2,24,17,58,47,2
58,5,2,27,17,58,36,2
58,2,3,27,17,58,39,2
58,0,3,29,17,58,55,2
63,8,3,31,17,58,63,2
58,2,2,35,17,58,50,2
66,5,5,38,17,58,66,2
78,2,5,40,17,58,78,2
65,5,3,41,17,58,65,2
68,8,3,46,17,58,68,2
74,8,3,47,17,58,74,2
72,2,3,51,17,58,72,2
58,2,3,16,18,58,24,2
58,5,2,19,18,58,40,2
58,2,2,20,18,58,38,2
58,2,3,20,18,58,38,2
58,5,1,21,18,58,32,2
58,2,3,22,18,58,42,2
58,2,2,24,18,58,38,2
58,5,2,26,18,58,44,2
58,5,2,28,18,58,46,2
58,8,3,29,18,58,53,2
58,2,2,30,18,58,41,2
70,5,3,30,18,58,70,2
58,8,2,31,18,58,54,2
58,2,3,33,18,58,56,2
58,2,3,34,18,58,52,2
58,2,1,35,18,58,45,2
58,5,1,35,18,58,44,2
58,5,3,35,18,58,52,2
62,5,3,36,18,58,62,2
58,5,2,38,18,58,43,2
69,5,3,39,18,58,69,2
67,5,2,41,18,58,67,2
58,2,2,42,18,58,55,2
58,2,3,44,18,58,53,2
68,8,3,44,18,58,68,2
97,8,6,45,18,58,97,2
58,2,2,46,18,58,55,2
78,8,3,47,18,58,78,2
80,5,3,52,18,58,80,2
81,2,3,54,18,58,81,2
91,2,5,54,18,58,91,2
92,2,3,56,18,58,92,2
58,5,2,8,20,58,27,2
58,2,1,17,20,58,23,2
58,8,2,17,20,58,33,2
58,2,2,20,20,58,25,2
58,5,2,20,20,58,36,2
58,5,3,21,20,58,25,2
58,2,2,23,20,58,18,2
58,5,2,27,20,58,48,2
58,5,3,28,20,58,51,2
58,10,5,28,20,58,49,2
58,5,2,30,20,58,30,2
63,2,3,32,20,58,63,2
58,8,3,34,20,58,44,2
58,2,2,35,20,58,34,2
59,2,3,35,20,58,59,2
63,5,3,35,20,58,63,2
70,5,5,36,20,58,70,2
70,8,3,40,20,58,70,2
58,2,2,43,20,58,58,2
58,2,3,43,20,58,49,2
68,8,5,57,20,58,68,2
67,5,2,63,20,58,67,2
58,5,2,18,22,58,45,2
58,18,2,28,22,58,42,2
58,5,2,33,22,58,57,2
58,12,5,33,22,58,57,2
58,2,3,34,22,58,58,2
58,5,3,35,22,58,46,2
67,2,3,41,22,58,67,2
77,0,2,46,22,58,77,2
70,2,5,46,22,58,70,2
58,2,5,48,22,58,46,2
60,5,5,48,22,58,60,2
73,5,3,49,22,58,73,2
81,5,3,52,22,58,81,2
70,5,5,58,22,58,70,2
59,2,3,59,22,58,46,2
97,10,3,59,22,58,97,2
99,8,3,78,22,58,99,2
108,5,3,83,22,58,108,3
58,2,2,17,23,58,34,2
58,5,3,21,23,58,44,2
58,2,2,22,23,58,31,2
58,8,2,23,23,58,43,2
58,2,3,23,23,58,40,2
58,2,3,23,23,58,27,2
58,15,2,26,23,58,47,2
58,8,2,27,23,58,41,2
64,5,2,28,23,58,64,2
58,12,3,28,23,58,46,2
64,5,3,30,23,58,64,2
63,12,3,30,23,58,63,2
58,8,3,32,23,58,41,2
67,2,3,34,23,58,67,2
69,5,3,39,23,58,69,2
64,8,5,40,23,58,64,2
81,5,3,51,23,58,81,2
85,5,5,53,23,58,85,2
83,5,3,60,23,58,83,2
58,5,3,13,25,58,26,2
58,2,3,14,25,58,22,2
58,5,2,18,25,58,37,2
58,8,2,18,25,58,25,2
58,25,2,18,25,58,28,2
58,10,3,21,25,58,51,2
58,2,3,26,25,58,37,2
58,12,5,26,25,58,51,2
58,28,2,28,25,58,43,2
58,5,3,28,25,58,44,2
58,2,3,30,25,58,34,2
59,2,3,32,25,58,59,2
58,22,3,34,25,58,53,2
73,5,5,40,25,58,73,2
58,5,3,41,25,58,57,2
71,10,5,41,25,58,71,2
62,5,5,44,25,58,62,2
85,2,6,46,25,58,85,2
109,5,6,48,25,58,109,3
58,0,3,49,25,58,58,2
69,2,3,49,25,58,69,2
87,2,6,63,25,58,87,2
114,2,3,65,25,58,114,3
113,10,3,80,25,58,113,3
58,2,3,17,27,58,31,2
58,2,2,26,27,58,41,2
65,5,5,27,27,58,65,2
70,8,3,29,27,58,70,2
58,5,2,32,27,58,43,2
71,5,5,32,27,58,71,2
60,12,3,34,27,58,60,2
58,5,2,37,27,58,58,2
65,5,5,39,27,58,65,2
68,5,3,40,27,58,68,2
59,5,3,40,27,58,59,2
78,15,5,41,27,58,78,2
83,5,3,44,27,58,83,2
90,5,5,52,27,58,90,2
83,2,5,55,27,58,83,2
103,2,3,73,27,58,103,3
63,10,5,28,28,58,63,2
66,5,2,29,28,58,66,2
58,2,5,32,28,58,54,2
66,8,5,32,28,58,66,2
58,5,3,34,28,58,56,2
58,5,3,38,28,58,54,2
61,8,3,40,28,58,61,2
85,5,6,47,28,58,85,2
75,8,6,49,28,58,75,2
64,2,5,53,28,58,64,2
118,5,5,74,28,58,118,3
58,5,3,20,30,58,31,2
58,8,3,31,30,58,52,2
58,20,3,33,30,58,42,2
80,5,1,37,30,58,80,2
58,2,3,38,30,58,47,2
58,2,3,40,30,58,41,2
60,5,2,43,30,58,60,2
85,2,5,46,30,58,85,2
70,5,5,47,30,58,70,2
103,8,5,49,30,58,103,3
71,8,5,49,30,58,71,2
81,18,5,49,30,58,81,2
82,5,5,54,30,58,82,2
117,8,6,63,30,58,117,3
58,2,2,20,32,58,33,2
58,2,2,28,32,58,39,2
58,10,3,29,32,58,55,2
58,2,3,30,32,58,57,2
73,8,3,32,32,58,73,2
59,2,5,33,32,58,59,2
58,8,5,35,32,58,49,2
66,2,5,36,32,58,66,2
62,12,6,37,32,58,62,2
70,8,5,39,32,58,70,2
90,5,6,39,32,58,90,2
69,15,3,40,32,58,69,2
71,5,3,41,32,58,71,2
60,8,3,41,32,58,60,2
58,12,3,41,32,58,56,2
60,2,3,45,32,58,60,2
78,15,6,46,32,58,78,2
63,5,3,50,32,58,63,2
69,2,3,53,32,58,69,2
128,8,6,53,32,58,128,3
116,10,6,61,32,58,116,3
58,2,3,9,33,58,18,2
58,5,5,11,33,58,29,2
58,2,3,14,33,58,24,2
58,8,2,21,33,58,38,2
58,2,3,23,33,58,46,2
58,8,5,23,33,58,40,2
65,2,5,29,33,58,65,2
58,2,3,32,33,58,51,2
75,5,3,43,33,58,75,2
82,22,5,44,33,58,82,2
58,5,6,46,33,58,58,2
79,5,5,50,33,58,79,2
92,5,3,54,33,58,92,2
75,5,5,62,33,58,75,2
58,2,3,21,35,58,35,2
58,12,2,22,35,58,37,2
58,2,2,24,35,58,30,2
58,2,5,26,35,58,44,2
58,20,3,29,35,58,53,2
58,5,3,30,35,58,44,2
58,5,3,50,35,58,54,2
66,2,5,57,35,58,66,2
124,5,6,83,35,58,124,3
58,10,3,26,37,58,35,2
58,10,5,26,37,58,46,2
58,12,3,29,37,58,45,2
58,5,5,32,37,58,58,2
80,2,5,44,37,58,80,2
82,8,5,44,37,58,82,2
59,5,5,45,37,58,59,2
58,5,5,52,37,58,41,2
70,18,6,54,37,58,70,2
58,2,3,24,38,58,44,2
63,5,3,30,38,58,63,2
77,10,5,37,38,58,77,2
58,2,3,38,38,58,48,2
69,5,5,40,38,58,69,2
58,5,6,41,38,58,47,2
70,8,5,42,38,58,70,2
69,8,5,43,38,58,69,2
58,5,5,48,38,58,57,2
58,5,5,49,38,58,58,2
87,8,3,50,38,58,87,2
71,8,5,50,38,58,71,2
104,8,6,62,38,58,104,3
91,10,6,62,38,58,91,2
58,2,5,20,40,58,34,2
95,12,5,58,40,58,95,2
89,8,5,61,40,58,89,2
58,5,5,22,42,58,41,2
58,2,3,28,42,58,47,2
58,2,3,30,42,58,47,2
69,2,5,30,42,58,69,2
58,15,3,35,42,58,54,2
114,5,6,52,42,58,114,3
96,15,6,58,42,58,96,2
58,5,5,18,43,58,32,2
58,2,5,19,43,58,30,2
58,5,5,25,43,58,47,2
58,20,5,31,43,58,58,2
72,10,5,38,43,58,72,2
85,8,5,44,43,58,85,2
74,8,6,45,43,58,74,2
72,2,3,52,43,58,72,2
79,2,5,58,43,58,79,2
58,5,2,29,45,58,47,2
58,12,2,29,45,58,42,2
69,12,5,30,45,58,69,2
58,15,5,30,45,58,56,2
63,5,3,52,45,58,63,2
106,5,6,64,45,58,106,3
96,5,5,65,45,58,96,2
58,5,3,31,47,58,47,2
72,8,5,44,47,58,72,2
80,10,6,48,47,58,80,2
110,12,5,51,47,58,110,3
125,5,6,54,47,58,125,3
58,2,9,19,48,58,35,2
58,5,5,20,48,58,32,2
58,8,6,26,48,58,54,2
58,20,5,29,48,58,54,2
58,5,2,32,48,58,35,2
67,5,7,35,48,58,67,2
65,8,6,38,48,58,65,2
81,8,7,46,48,58,81,2
74,2,5,63,48,58,74,2
99,5,5,71,48,58,99,2
58,5,5,21,50,58,39,2
58,2,6,25,50,58,50,2
81,2,5,53,50,58,81,2
96,25,6,70,51,58,96,2
62,8,5,28,52,58,62,2
61,5,6,35,52,58,61,2
62,2,3,37,52,58,62,2
60,10,5,58,52,58,60,2
86,2,3,86,52,58,62,2
58,2,5,24,53,58,29,2
63,8,6,38,53,58,63,2
73,20,5,46,53,58,73,2
69,5,5,54,53,58,69,2
109,25,7,69,53,58,109,3
58,2,6,23,54,58,42,2
58,5,3,29,54,58,29,2
58,22,5,36,54,58,54,2
79,15,6,54,54,58,79,2
71,2,5,58,54,58,71,2
58,5,7,34,55,58,58,2
63,28,6,37,55,58,63,2
65,5,5,39,55,58,65,2
69,15,6,43,55,58,69,2
74,20,5,46,55,58,74,2
62,5,5,51,55,58,62,2
89,2,7,52,55,58,89,2
101,5,6,53,55,58,101,3
91,8,5,54,55,58,91,2
101,5,6,56,55,58,101,3
67,15,7,60,55,58,67,2
60,28,5,31,56,58,60,2
59,5,6,25,59,58,57,2
61,5,8,31,59,58,61,2
93,5,6,64,59,58,93,2
60,5,6,29,60,58,41,2
75,10,6,47,60,58,75,2
76,2,8,36,62,58,76,2
85,8,7,52,62,58,85,2
61,0,2,3,2,61,4,2
61,0,2,6,2,61,6,2
61,2,2,16,2,61,24,2
61,2,1,18,2,61,31,2
61,2,2,24,2,61,37,2
61,2,2,29,2,61,44,2
61,0,1,42,2,61,40,2
61,0,1,47,2,61,47,2
61,5,1,9,3,61,19,2
61,2,5,10,3,61,17,2
61,2,1,17,3,61,20,2
61,2,2,20,3,61,30,2
61,2,1,23,3,61,22,2
61,2,6,12,5,61,26,2
61,2,1,27,5,61,39,2
61,0,1,28,5,61,39,2
61,8,3,30,5,61,59,2
61,0,1,32,5,61,39,2
61,2,2,54,5,61,44,2
61,2,3,18,7,61,33,2
61,0,1,21,7,61,26,2
61,2,1,21,7,61,42,2
61,0,2,22,7,61,45,2
61,0,3,22,7,61,55,2
61,2,1,25,7,61,53,2
61,2,2,27,7,61,29,2
61,2,2,29,7,61,37,2
66,2,3,29,7,61,66,2
61,0,2,41,7,61,55,2
61,2,2,16,8,61,32,2
61,12,2,17,8,61,33,2
61,2,2,20,8,61,30,2
61,5,1,23,8,61,47,2
61,15,2,23,8,61,35,2
70,2,5,35,8,61,70,2
63,0,2,49,8,61,63,2
61,5,1,19,10,61,41,2
61,8,2,20,10,61,34,2
61,5,2,26,10,61,38,2
61,5,2,38,10,61,56,2
61,2,3,15,12,61,22,2
61,2,2,17,12,61,20,2
61,5,1,18,12,61,40,2
61,5,2,19,12,61,35,2
61,2,2,21,12,61,43,2
61,10,1,25,12,61,31,2
61,0,3,25,12,61,55,2
61,2,2,26,12,61,41,2
61,5,3,29,12,61,47,2
61,2,2,30,12,61,30,2
63,2,3,30,12,61,63,2
65,2,3,34,12,61,65,2
61,5,2,36,12,61,56,2
68,5,3,42,12,61,68,2
88,5,3,45,12,61,88,2
61,8,2,54,12,61,40,2
154,8,8,74,12,61,154,4
61,0,2,16,13,61,33,2
61,2,2,18,13,61,36,2
61,2,2,22,13,61,45,2
61,5,2,22,13,61,39,2
61,2,2,25,13,61,45,2
61,8,2,29,13,61,59,2
61,5,1,30,13,61,50,2
61,5,2,31,13,61,58,2
68,2,3,32,13,61,68,2
61,5,2,37,13,61,42,2
61,5,2,40,13,61,60,2
66,5,2,50,13,61,66,2
90,5,5,72,13,61,90,2
61,5,1,17,15,61,39,2
61,0,2,21,15,61,41,2
61,2,2,23,15,61,44,2
61,8,2,23,15,61,42,2
61,5,2,24,15,61,43,2
61,2,2,25,15,61,30,2
61,12,3,25,15,61,40,2
61,5,2,27,15,61,44,2
61,2,2,29,15,61,54,2
61,8,2,29,15,61,43,2
61,2,2,30,15,61,48,2
61,10,2,35,15,61,60,2
61,2,3,35,15,61,52,2
104,2,2,104,15,61,104,3
61,2,2,19,17,61,21,2
61,5,2,21,17,61,31,2
61,5,1,22,17,61,48,2
61,10,2,22,17,61,47,2
61,2,2,28,17,61,48,2
61,2,2,28,17,61,44,2
61,2,3,31,17,61,47,2
73,2,1,32,17,61,73,2
73,2,5,33,17,61,73,2
61,2,2,34,17,61,48,2
61,5,3,36,17,61,52,2
61,8,2,37,17,61,44,2
72,2,3,39,17,61,72,2
74,8,5,42,17,61,74,2
62,5,3,46,17,61,62,2
83,2,5,47,17,61,83,2
107,8,3,63,17,61,107,3
138,8,6,76,17,61,138,3
61,5,2,13,18,61,34,2
61,2,2,17,18,61,41,2
61,0,3,19,18,61,27,2
61,2,2,20,18,61,54,2
61,2,3,21,18,61,49,2
61,2,3,21,18,61,34,2
61,5,2,22,18,61,43,2
61,5,2,23,18,61,41,2
61,32,5,23,18,61,45,2
61,5,2,25,18,61,34,2
61,10,2,27,18,61,47,2
61,8,3,28,18,61,59,2
61,2,3,29,18,61,43,2
61,2,2,37,18,61,57,2
61,5,3,37,18,61,52,2
66,8,3,37,18,61,66,2
61,0,2,39,18,61,55,2
61,8,2,40,18,61,52,2
85,5,5,45,18,61,85,2
66,2,2,48,18,61,66,2
87,2,2,79,18,61,87,2
61,5,2,7,20,61,18,2
61,5,2,17,20,61,30,2
61,5,3,22,20,61,52,2
61,2,5,22,20,61,53,2
61,2,3,26,20,61,49,2
61,2,3,26,20,61,26,2
61,2,1,27,20,61,28,2
61,8,2,28,20,61,52,2
61,2,3,28,20,61,57,2
61,2,3,30,20,61,47,2
61,12,3,32,20,61,53,2
77,5,5,36,20,61,77,2
61,2,2,37,20,61,49,2
61,8,2,38,20,61,33,2
71,5,2,44,20,61,71,2
61,5,3,44,20,61,61,2
61,5,3,44,20,61,57,2
66,2,3,45,20,61,66,2
70,2,3,49,20,61,70,2
67,10,6,52,20,61,67,2
65,5,3,55,20,61,65,2
91,8,6,63,20,61,91,2
61,2,2,15,22,61,22,2
61,5,3,16,22,61,24,2
61,5,3,19,22,61,35,2
61,2,5,20,22,61,42,2
61,5,2,23,22,61,46,2
61,8,2,23,22,61,33,2
61,5,2,26,22,61,54,2
61,8,3,28,22,61,38,2
61,5,5,28,22,61,61,2
61,5,2,34,22,61,48,2
69,20,3,36,22,61,69,2
65,5,3,37,22,61,65,2
80,8,5,38,22,61,80,2
63,8,3,39,22,61,63,2
74,2,5,39,22,61,74,2
67,2,5,43,22,61,67,2
64,8,5,48,22,61,64,2
61,2,2,51,22,61,39,2
77,5,3,53,22,61,77,2
120,5,6,53,22,61,120,3
61,10,3,60,22,61,53,2
76,5,5,62,22,61,76,2
105,5,3,79,22,61,105,3
61,8,2,23,23,61,33,2
61,5,3,24,23,61,48,2
61,5,3,24,23,61,45,2
61,2,5,24,23,61,52,2
61,5,3,25,23,61,34,2
61,8,3,26,23,61,44,2
64,8,5,27,23,61,64,2
61,2,2,28,23,61,43,2
61,2,3,29,23,61,58,2
61,2,3,36,23,61,59,2
69,5,3,38,23,61,69,2
67,8,5,39,23,61,67,2
80,8,5,40,23,61,80,2
74,5,5,41,23,61,74,2
61,5,2,42,23,61,49,2
82,5,5,43,23,61,82,2
61,2,2,47,23,61,49,2
67,20,2,48,23,61,67,2
69,2,3,52,23,61,69,2
92,8,3,58,23,61,92,2
61,2,2,17,25,61,31,2
61,2,3,17,25,61,36,2
61,2,3,20,25,61,17,2
61,8,3,20,25,61,31,2
61,2,2,21,25,61,40,2
61,8,3,21,25,61,33,2
61,12,2,23,25,61,25,2
61,10,2,24,25,61,40,2
61,2,2,25,25,61,53,2
61,2,2,25,25,61,58,2
61,2,3,28,25,61,56,2
61,2,3,34,25,61,34,2
66,5,3,34,25,61,66,2
61,5,3,36,25,61,57,2
65,5,5,42,25,61,65,2
61,5,3,44,25,61,60,2
61,10,3,47,25,61,59,2
61,2,3,50,25,61,41,2
102,5,6,56,25,61,102,3
118,5,5,69,25,61,118,3
73,2,3,71,25,61,73,2
61,5,3,9,27,61,41,2
61,8,3,19,27,61,39,2
61,5,3,23,27,61,35,2
62,2,3,27,27,61,62,2
61,2,3,28,27,61,60,2
61,18,3,31,27,61,52,2
61,5,3,37,27,61,60,2
79,10,5,38,27,61,79,2
63,8,3,39,27,61,63,2
61,8,2,45,27,61,43,2
67,5,3,46,27,61,67,2
80,5,3,51,27,61,80,2
110,5,6,54,27,61,110,3
77,0,5,55,27,61,77,2
72,8,6,55,27,61,72,2
66,8,3,66,27,61,58,2
61,8,3,22,28,61,41,2
61,2,2,25,28,61,54,2
61,2,5,26,28,61,60,2
61,5,3,28,28,61,48,2
61,20,3,31,28,61,48,2
61,5,3,34,28,61,38,2
61,5,3,35,28,61,53,2
61,5,5,35,28,61,49,2
63,5,3,44,28,61,63,2
71,8,3,44,28,61,71,2
92,2,6,57,28,61,92,2
145,8,6,76,28,61,145,3
61,5,3,19,30,61,40,2
61,2,3,27,30,61,29,2
61,2,3,28,30,61,57,2
61,8,3,29,30,61,42,2
66,5,3,36,30,61,66,2
61,12,3,36,30,61,58,2
61,2,5,37,30,61,61,2
61,2,3,38,30,61,60,2
68,8,5,40,30,61,68,2
61,5,3,42,30,61,60,2
86,2,5,48,30,61,86,2
70,2,5,52,30,61,70,2
72,8,5,55,30,61,72,2
61,5,3,25,32,61,60,2
66,5,3,38,32,61,66,2
61,10,2,39,32,61,48,2
61,5,3,39,32,61,59,2
67,2,3,40,32,61,67,2
70,5,5,40,32,61,70,2
84,5,5,43,32,61,84,2
90,2,6,44,32,61,90,2
62,5,5,47,32,61,62,2
89,2,5,48,32,61,89,2
75,5,3,50,32,61,75,2
100,20,7,51,32,61,100,2
61,8,5,21,33,61,38,2
61,5,2,22,33,61,37,2
61,5,5,28,33,61,55,2
61,15,5,29,33,61,60,2
61,2,3,31,33,61,57,2
66,2,6,32,33,61,66,2
61,8,3,35,33,61,58,2
69,8,3,36,33,61,69,2
70,5,5,37,33,61,70,2
61,5,2,39,33,61,45,2
67,8,5,41,33,61,67,2
61,10,3,43,33,61,45,2
61,2,5,46,33,61,61,2
69,2,5,55,33,61,69,2
79,5,6,59,33,61,79,2
105,8,6,69,33,61,105,3
93,5,5,70,33,61,93,2
117,8,6,75,33,61,117,3
61,5,3,22,35,61,44,2
61,12,2,24,35,61,39,2
61,2,3,25,35,61,56,2
65,5,3,33,35,61,65,2
61,8,5,38,35,61,60,2
61,42,3,39,35,61,61,2
66,5,5,46,35,61,66,2
73,2,5,47,35,61,73,2
126,5,6,56,35,61,126,3
80,5,3,67,35,61,80,2
128,20,7,69,35,61,128,3
61,8,3,28,37,61,35,2
61,5,3,29,37,61,59,2
61,5,3,31,37,61,53,2
65,12,5,34,37,61,65,2
82,10,3,41,37,61,82,2
66,20,3,45,37,61,66,2
71,10,5,47,37,61,71,2
69,50,6,48,37,61,69,2
86,8,5,57,37,61,86,2
131,8,6,66,37,61,131,3
109,22,6,77,37,61,109,3
61,2,2,19,38,61,32,2
61,5,3,20,38,61,26,2
66,5,5,31,38,61,66,2
62,18,5,38,38,61,62,2
64,5,5,50,38,61,64,2
71,22,3,53,38,61,71,2
75,8,5,57,38,61,75,2
98,20,6,61,38,61,98,2
120,2,6,72,38,61,120,3
69,12,5,39,40,61,69,2
68,10,3,48,40,61,68,2
69,5,6,51,40,61,69,2
61,5,3,54,40,61,57,2
123,2,7,56,40,61,123,3
61,8,3,26,42,61,44,2
61,2,5,27,42,61,40,2
61,5,3,29,42,61,53,2
62,2,3,34,42,61,62,2
61,8,5,40,42,61,61,2
73,2,5,41,42,61,73,2
61,5,3,48,42,61,58,2
69,8,3,49,42,61,69,2
116,2,6,50,42,61,116,3
87,5,6,54,42,61,87,2
131,5,6,68,42,61,131,3
61,8,5,34,43,61,49,2
64,8,5,41,43,61,64,2
78,5,3,59,43,61,78,2
102,5,6,61,43,61,102,3
91,5,6,63,43,61,91,2
87,5,3,87,43,61,81,2
61,5,6,19,45,61,41,2
66,2,5,27,45,61,66,2
61,12,5,29,45,61,59,2
61,12,5,31,45,61,54,2
72,18,3,50,45,61,72,2
116,5,6,59,45,61,116,3
75,2,5,60,45,61,75,2
110,8,6,65,45,61,110,3
61,8,5,19,47,61,54,2
61,8,3,22,47,61,34,2
61,2,5,26,47,61,55,2
61,12,5,30,47,61,42,2
73,5,6,44,47,61,73,2
61,8,3,45,47,61,59,2
61,12,5,48,47,61,59,2
86,5,7,50,47,61,86,2
99,5,6,58,47,61,99,2
119,8,7,65,47,61,119,3
104,42,6,73,47,61,104,3
61,5,3,20,48,61,27,2
61,5,5,26,48,61,35,2
61,2,5,27,48,61,41,2
84,5,5,50,48,61,84,2
66,5,5,58,48,61,66,2
107,5,5,65,48,61,107,3
61,5,6,28,50,61,55,2
65,2,3,31,50,61,65,2
81,2,5,37,50,61,81,2
98,10,6,58,51,61,98,2
110,10,8,62,51,61,110,3
91,5,7,66,51,61,91,2
61,2,5,21,52,61,43,2
61,5,3,27,52,61,38,2
70,2,5,40,52,61,70,2
69,5,5,42,52,61,69,2
74,8,5,47,52,61,74,2
113,18,6,50,52,61,113,3
91,2,5,51,52,61,91,2
96,2,6,51,52,61,96,2
83,8,6,52,52,61,83,2
76,18,7,56,52,61,76,2
118,5,7,63,52,61,118,3
79,0,5,79,52,61,60,2
63,10,6,42,53,61,63,2
83,2,7,50,53,61,83,2
64,10,3,59,53,61,64,2
111,8,6,64,53,61,111,3
94,8,6,67,53,61,94,2
61,5,6,45,54,61,61,2
66,10,6,48,54,61,66,2
64,5,6,29,55,61,64,2
61,5,6,29,55,61,34,2
69,5,6,31,55,61,69,2
76,5,6,32,55,61,76,2
61,8,8,36,55,61,58,2
69,5,5,51,55,61,69,2
64,2,5,52,55,61,64,2
83,5,5,56,55,61,83,2
90,2,5,59,55,61,90,2
100,8,7,60,55,61,100,2
61,5,6,24,56,61,52,2
72,5,6,49,56,61,72,2
61,5,5,19,57,61,41,2
94,10,5,48,57,61,94,2
95,2,7,49,57,61,95,2
90,15,9,60,61,61,90,2
81,5,8,47,62,61,81,2
65,10,6,41,65,61,61,2
64,0,3,9,2,64,11,2
64,2,2,21,2,64,42,2
64,5,2,36,2,64,53,2
64,5,2,13,3,64,17,2
64,2,1,22,3,64,28,2
64,0,1,12,5,64,19,2
64,2,1,21,5,64,24,2
64,2,2,22,5,64,47,2
64,2,1,28,5,64,26,2
64,2,3,32,5,64,61,2
64,2,2,39,5,64,40,2
64,8,2,45,5,64,46,2
79,0,2,79,5,64,58,2
64,2,2,17,7,64,41,2
64,2,2,18,7,64,43,2
64,0,2,31,7,64,42,2
64,5,2,40,7,64,34,2
64,5,1,15,8,64,36,2
64,2,2,15,8,64,14,2
64,2,2,20,8,64,27,2
64,2,2,21,8,64,24,2
64,2,2,22,8,64,56,2
64,2,2,22,8,64,48,2
64,0,3,28,8,64,63,2
64,2,3,30,8,64,59,2
69,2,3,46,8,64,69,2
64,5,2,18,10,64,31,2
64,10,2,18,10,64,25,2
64,2,3,19,10,64,23,2
64,8,2,20,10,64,46,2
64,8,2,20,10,64,43,2
64,2,2,25,10,64,47,2
64,2,2,26,10,64,59,2
64,5,2,30,10,64,54,2
64,5,3,33,10,64,64,2
64,2,2,36,10,64,27,2
64,2,2,46,10,64,57,2
77,2,3,47,10,64,77,2
64,5,1,56,10,64,54,2
71,2,2,71,10,64,62,2
64,2,1,7,12,64,15,2
64,2,2,13,12,64,18,2
64,2,2,21,12,64,60,2
64,12,3,23,12,64,46,2
64,2,3,25,12,64,52,2
78,2,3,35,12,64,78,2
64,2,3,41,12,64,52,2
64,2,1,15,13,64,33,2
64,2,1,18,13,64,35,2
64,5,1,19,13,64,27,2
64,0,2,23,13,64,53,2
64,2,2,24,13,64,46,2
64,5,2,24,13,64,46,2
64,2,1,25,13,64,51,2
64,2,2,29,13,64,53,2
64,0,2,31,13,64,64,2
64,2,2,40,13,64,49,2
74,2,3,61,13,64,74,2
68,2,2,68,13,64,58,2
89,2,2,79,13,64,89,2
64,2,2,17,15,64,36,2
64,2,3,18,15,64,34,2
64,5,2,22,15,64,48,2
64,2,2,24,15,64,42,2
64,10,3,25,15,64,55,2
64,2,2,27,15,64,35,2
64,5,3,27,15,64,57,2
64,5,2,30,15,64,56,2
64,5,2,33,15,64,56,2
71,2,2,34,15,64,71,2
72,0,3,42,15,64,72,2
64,5,2,45,15,64,55,2
111,5,5,53,15,64,111,3
117,2,6,53,15,64,117,3
126,2,6,56,15,64,126,3
87,5,2,66,15,64,87,2
64,5,2,17,17,64,22,2
64,5,2,17,17,64,31,2
64,8,1,23,17,64,43,2
64,2,2,23,17,64,45,2
64,5,2,23,17,64,41,2
64,5,3,23,17,64,49,2
64,2,2,25,17,64,39,2
64,2,2,26,17,64,34,2
64,5,3,26,17,64,32,2
64,2,2,29,17,64,56,2
64,8,2,29,17,64,32,2
64,5,2,32,17,64,49,2
64,8,3,32,17,64,58,2
64,2,2,34,17,64,50,2
70,2,3,40,17,64,70,2
69,15,5,44,17,64,69,2
64,2,3,46,17,64,58,2
64,2,2,47,17,64,51,2
96,5,3,57,17,64,96,2
74,8,3,58,17,64,74,2
64,0,3,19,18,64,32,2
64,10,2,25,18,64,56,2
64,2,2,26,18,64,29,2
64,5,3,27,18,64,44,2
64,2,2,29,18,64,22,2
64,0,2,32,18,64,48,2
64,5,3,32,18,64,53,2
64,5,3,32,18,64,58,2
64,2,2,33,18,64,49,2
64,2,2,34,18,64,54,2
64,5,2,37,18,64,52,2
64,2,3,37,18,64,55,2
64,5,3,39,18,64,63,2
64,5,3,41,18,64,64,2
64,5,2,43,18,64,64,2
106,5,6,49,18,64,106,3
91,8,6,51,18,64,91,2
117,2,6,55,18,64,117,3
64,2,2,14,20,64,23,2
64,2,2,19,20,64,30,2
64,0,3,25,20,64,44,2
64,5,2,26,20,64,53,2
64,2,2,28,20,64,33,2
64,5,3,28,20,64,55,2
64,2,2,31,20,64,46,2
64,5,2,36,20,64,49,2
86,5,5,36,20,64,86,2
75,5,3,37,20,64,75,2
64,10,5,38,20,64,54,2
87,5,5,41,20,64,87,2
70,5,2,44,20,64,70,2
64,2,3,48,20,64,52,2
80,5,5,48,20,64,80,2
79,2,5,49,20,64,79,2
70,5,5,50,20,64,70,2
76,8,5,50,20,64,76,2
64,8,2,18,22,64,37,2
64,12,3,19,22,64,16,2
64,10,2,20,22,64,41,2
64,2,2,21,22,64,53,2
64,10,2,22,22,64,39,2
64,2,3,24,22,64,49,2
64,5,3,25,22,64,53,2
64,5,3,34,22,64,62,2
64,8,3,37,22,64,59,2
64,5,2,39,22,64,64,2
74,5,5,39,22,64,74,2
64,5,2,41,22,64,42,2
64,5,2,42,22,64,57,2
64,5,3,44,22,64,58,2
64,8,3,45,22,64,62,2
82,5,6,45,22,64,82,2
64,8,2,51,22,64,50,2
111,2,6,51,22,64,111,3
75,8,5,53,22,64,75,2
149,5,5,86,22,64,149,3
64,2,2,21,23,64,36,2
64,2,2,23,23,64,44,2
64,2,3,27,23,64,53,2
64,5,3,28,23,64,48,2
64,12,3,28,23,64,52,2
86,5,2,38,23,64,86,2
65,5,3,41,23,64,65,2
64,5,3,41,23,64,57,2
64,5,5,41,23,64,64,2
75,10,6,47,23,64,75,2
76,10,3,50,23,64,76,2
72,2,3,51,23,64,72,2
87,5,5,52,23,64,87,2
68,0,3,53,23,64,68,2
99,5,6,57,23,64,99,2
115,8,5,71,23,64,115,3
141,10,5,72,23,64,141,3
64,0,2,17,25,64,34,2
64,10,2,22,25,64,35,2
64,2,5,25,25,64,61,2
64,2,5,31,25,64,46,2
64,5,3,32,25,64,61,2
68,8,6,41,25,64,68,2
103,8,6,48,25,64,103,3
80,10,6,50,25,64,80,2
102,2,6,53,25,64,102,3
64,10,2,54,25,64,48,2
64,2,3,54,25,64,50,2
110,5,5,64,25,64,110,3
114,5,5,66,25,64,114,3
69,0,5,69,25,64,50,2
84,8,3,70,25,64,84,2
115,10,6,70,25,64,115,3
64,2,3,18,27,64,40,2
64,5,3,20,27,64,49,2
64,10,5,20,27,64,38,2
64,5,3,25,27,64,46,2
64,2,2,27,27,64,48,2
64,2,2,27,27,64,40,2
64,5,3,27,27,64,53,2
64,8,2,30,27,64,43,2
65,5,5,34,27,64,65,2
64,8,5,35,27,64,64,2
64,5,2,37,27,64,57,2
76,2,3,37,27,64,76,2
64,5,3,39,27,64,39,2
64,2,5,39,27,64,58,2
69,10,5,47,27,64,69,2
76,8,3,48,27,64,76,2
79,8,5,49,27,64,79,2
95,5,6,52,27,64,95,2
106,8,6,52,27,64,106,3
67,12,6,54,27,64,67,2
90,8,5,59,27,64,90,2
149,5,7,68,27,64,149,3
101,5,5,69,27,64,101,3
64,2,3,12,28,64,22,2
64,5,3,27,28,64,59,2
64,5,3,30,28,64,63,2
64,2,3,33,28,64,48,2
80,5,5,33,28,64,80,2
64,8,2,34,28,64,51,2
68,5,3,35,28,64,68,2
64,2,2,37,28,64,43,2
64,8,3,37,28,64,56,2
64,10,3,37,28,64,60,2
64,5,3,38,28,64,57,2
64,2,3,40,28,64,58,2
69,15,3,43,28,64,69,2
112,10,6,70,28,64,112,3
107,15,5,74,28,64,107,3
64,15,2,19,30,64,38,2
64,2,3,20,30,64,35,2
64,2,3,21,30,64,28,2
64,2,3,25,30,64,49,2
67,2,3,37,30,64,67,2
90,2,3,41,30,64,90,2
84,5,3,42,30,64,84,2
84,8,6,49,30,64,84,2
77,8,5,53,30,64,77,2
67,5,5,64,30,64,67,2
73,5,3,73,30,64,65,2
103,5,5,73,30,64,103,3
64,2,3,22,32,64,32,2
64,8,5,33,32,64,40,2
64,10,6,40,32,64,57,2
78,8,5,42,32,64,78,2
80,12,6,42,32,64,80,2
67,2,5,43,32,64,67,2
73,8,2,44,32,64,73,2
71,20,5,46,32,64,71,2
74,5,5,52,32,64,74,2
64,15,3,20,33,64,32,2
64,2,3,24,33,64,40,2
64,5,3,27,33,64,38,2
64,0,5,30,33,64,53,2
65,10,5,40,33,64,65,2
70,5,3,55,33,64,70,2
95,8,5,61,33,64,95,2
64,12,5,21,35,64,60,2
64,2,3,24,35,64,39,2
64,5,3,26,35,64,52,2
64,15,3,33,35,64,57,2
64,2,5,33,35,64,64,2
78,8,5,46,35,64,78,2
87,5,5,56,35,64,87,2
64,2,3,24,37,64,32,2
64,2,2,25,37,64,40,2
64,5,5,27,37,64,44,2
64,2,3,31,37,64,41,2
64,5,5,37,37,64,57,2
64,12,5,46,37,64,60,2
74,2,5,49,37,64,74,2
64,2,5,49,37,64,60,2
76,5,3,55,37,64,76,2
64,5,3,56,37,64,49,2
96,12,7,57,37,64,96,2
99,10,5,62,37,64,99,2
79,8,5,66,37,64,79,2
91,35,5,67,37,64,91,2
119,5,6,67,37,64,119,3
64,15,6,28,38,64,61,2
64,8,5,31,38,64,57,2
64,2,3,34,38,64,53,2
64,5,5,47,38,64,60,2
105,30,6,62,38,64,105,3
112,5,6,66,38,64,112,3
120,8,6,66,38,64,120,3
123,8,5,75,38,64,123,3
64,5,5,21,40,64,57,2
64,5,3,30,40,64,52,2
67,8,3,38,40,64,67,2
71,2,5,39,40,64,71,2
64,5,3,53,40,64,60,2
64,5,3,54,40,64,55,2
95,8,6,59,40,64,95,2
66,12,5,61,40,64,66,2
127,5,7,74,40,64,127,3
64,2,5,29,42,64,58,2
64,2,5,29,42,64,57,2
64,10,2,38,42,64,39,2
68,2,3,44,42,64,68,2
69,5,3,52,42,64,69,2
99,12,3,57,42,64,99,2
70,12,3,60,42,64,70,2
81,5,5,63,42,64,81,2
77,15,5,68,42,64,77,2
64,2,3,17,43,64,29,2
64,5,5,24,43,64,49,2
71,8,6,34,43,64,71,2
64,8,5,39,43,64,56,2
89,25,6,39,43,64,89,2
81,2,5,43,43,64,81,2
68,5,3,49,43,64,68,2
65,2,5,59,43,64,65,2
64,5,5,63,43,64,61,2
97,18,6,69,43,64,97,2
69,5,1,25,45,64,69,2
77,5,7,39,45,64,77,2
140,2,7,66,45,64,140,3
64,2,5,13,47,64,20,2
64,15,5,24,47,64,46,2
67,12,5,36,47,64,67,2
92,10,5,63,47,64,92,2
64,8,7,26,48,64,56,2
64,15,5,32,48,64,62,2
79,5,5,55,48,64,79,2
110,5,6,57,48,64,110,3
102,5,5,66,48,64,102,3
64,2,6,30,50,64,44,2
119,5,6,63,50,64,119,3
89,5,6,55,51,64,89,2
97,8,5,57,51,64,97,2
85,5,5,85,51,64,68,2
64,5,5,26,52,64,43,2
65,8,3,34,52,64,65,2
70,5,5,43,52,64,70,2
75,5,5,48,52,64,75,2
82,8,7,50,52,64,82,2
94,5,3,94,52,64,69,2
65,5,5,33,53,64,65,2
124,5,6,71,53,64,124,3
64,2,6,33,54,64,42,2
71,8,6,45,54,64,71,2
64,5,6,22,55,64,51,2
64,5,7,33,55,64,58,2
64,8,5,44,55,64,64,2
83,5,6,49,55,64,83,2
82,5,6,62,55,64,82,2
64,5,5,35,56,64,53,2
70,10,3,37,56,64,70,2
64,12,8,41,56,64,62,2
72,5,6,48,56,64,72,2
64,2,7,28,57,64,59,2
65,5,8,34,57,64,65,2
69,15,6,35,57,64,69,2
76,2,6,41,57,64,76,2
64,15,6,52,57,64,64,2
117,18,6,65,57,64,117,3
64,2,5,40,58,64,55,2
70,10,8,41,60,64,70,2
79,5,8,42,60,64,79,2
114,5,8,69,60,64,114,3
102,8,6,75,60,64,102,3
71,5,6,43,61,64,71,2
70,28,8,44,62,64,70,2
64,5,7,23,64,64,58,2
67,5,9,45,67,64,55,2
67,0,1,12,0,67,14,2
67,2,1,18,0,67,19,2
67,0,2,7,2,67,6,2
67,2,1,13,2,67,15,2
67,2,2,24,2,67,40,2
67,2,2,8,3,67,6,2
67,2,1,9,3,67,6,2
67,2,2,17,3,67,32,2
67,2,2,20,3,67,38,2
67,2,2,30,3,67,48,2
67,0,2,42,3,67,37,2
67,0,1,52,3,67,37,2
67,2,1,7,5,67,6,2
67,0,2,18,7,67,35,2
67,5,2,19,7,67,37,2
67,2,1,27,7,67,47,2
67,2,1,27,7,67,46,2
73,0,1,63,7,67,73,2
67,0,1,20,8,67,25,2
67,2,2,29,8,67,28,2
67,8,2,34,8,67,43,2
67,2,5,34,8,67,60,2
67,8,1,36,8,67,41,2
67,2,3,37,8,67,65,2
72,5,3,41,8,67,72,2
67,0,1,49,8,67,36,2
67,2,2,19,10,67,48,2
67,2,2,31,10,67,59,2
67,2,2,31,10,67,47,2
67,2,2,31,10,67,,2
67,2,5,32,10,67,57,2
67,2,2,33,10,67,59,2
67,0,2,40,10,67,46,2
70,2,3,42,10,67,70,2
67,0,1,19,12,67,13,2
67,10,2,23,12,67,50,2
67,2,2,26,12,67,46,2
67,5,2,26,12,67,46,2
67,2,2,28,12,67,34,2
67,2,3,41,12,67,66,2
67,2,1,47,12,67,36,2
67,2,2,19,13,67,26,2
67,2,1,22,13,67,48,2
67,2,3,22,13,67,41,2
67,5,3,29,13,67,48,2
67,2,1,35,13,67,52,2
67,2,2,35,13,67,64,2
67,5,2,38,13,67,54,2
67,0,2,51,13,67,42,2
67,2,1,5,15,67,10,2
67,8,2,12,15,67,22,2
67,5,2,19,15,67,39,2
67,2,1,21,15,67,23,2
67,0,3,21,15,67,50,2
67,0,3,21,15,67,35,2
67,2,2,23,15,67,34,2
67,5,2,29,15,67,53,2
67,2,2,31,15,67,41,2
67,5,2,34,15,67,43,2
67,8,5,38,15,67,60,2
67,5,3,40,15,67,66,2
68,2,2,41,15,67,68,2
67,2,3,41,15,67,56,2
67,8,2,46,15,67,28,2
67,2,2,11,17,67,26,2
67,2,3,18,17,67,31,2
67,2,3,20,17,67,38,2
67,2,3,20,17,67,50,2
67,2,1,21,17,67,38,2
67,8,3,23,17,67,41,2
67,8,2,24,17,67,45,2
67,10,2,25,17,67,44,2
67,5,2,32,17,67,57,2
67,2,2,33,17,67,59,2
67,5,3,36,17,67,55,2
67,2,3,38,17,67,59,2
86,2,2,40,17,67,86,2
67,2,2,42,17,67,53,2
84,2,5,50,17,67,84,2
67,8,5,52,17,67,65,2
99,5,5,59,17,67,99,2
67,2,2,18,18,67,31,2
67,5,2,19,18,67,38,2
67,5,2,22,18,67,31,2
67,5,2,23,18,67,33,2
67,0,2,25,18,67,51,2
67,2,2,33,18,67,44,2
67,8,2,35,18,67,44,2
67,2,3,35,18,67,53,2
67,8,1,37,18,67,53,2
67,5,2,40,18,67,65,2
78,2,2,41,18,67,78,2
77,2,1,44,18,67,77,2
67,10,2,45,18,67,34,2
67,10,2,47,18,67,38,2
70,5,5,48,18,67,70,2
67,8,2,49,18,67,46,2
67,5,3,49,18,67,40,2
100,2,6,50,18,67,100,2
67,2,2,18,20,67,27,2
67,5,2,18,20,67,22,2
67,2,2,19,20,67,35,2
67,5,2,19,20,67,23,2
67,8,2,20,20,67,32,2
67,2,3,23,20,67,51,2
67,5,3,24,20,67,49,2
67,2,2,25,20,67,35,2
67,2,2,26,20,67,37,2
67,12,2,29,20,67,32,2
78,8,2,34,20,67,78,2
67,5,2,35,20,67,40,2
68,5,3,35,20,67,68,2
67,2,2,39,20,67,66,2
67,2,3,39,20,67,66,2
67,5,3,41,20,67,60,2
67,5,2,42,20,67,54,2
79,2,3,42,20,67,79,2
82,8,3,45,20,67,82,2
89,2,6,45,20,67,89,2
69,2,3,47,20,67,69,2
74,8,3,47,20,67,74,2
67,0,1,49,20,67,21,2
76,2,3,51,20,67,76,2
85,8,3,54,20,67,85,2
94,10,5,57,20,67,94,2
67,2,3,63,20,67,60,2
109,2,5,71,20,67,109,3
67,2,5,22,22,67,36,2
67,5,2,24,22,67,44,2
67,2,3,25,22,67,37,2
67,2,2,27,22,67,32,2
67,20,2,28,22,67,56,2
67,10,3,28,22,67,40,2
67,2,3,34,22,67,61,2
67,5,3,37,22,67,59,2
67,8,3,37,22,67,58,2
81,2,3,42,22,67,81,2
86,2,5,42,22,67,86,2
67,2,3,43,22,67,62,2
67,5,3,43,22,67,61,2
84,5,3,45,22,67,84,2
117,5,6,50,22,67,117,3
73,2,5,54,22,67,73,2
67,0,2,15,23,67,33,2
67,2,3,17,23,67,20,2
67,2,2,22,23,67,32,2
67,5,3,23,23,67,60,2
67,5,3,23,23,67,40,2
67,5,3,27,23,67,51,2
67,2,3,29,23,67,53,2
67,8,2,30,23,67,51,2
67,5,3,33,23,67,58,2
67,8,3,34,23,67,66,2
70,5,5,36,23,67,70,2
77,5,3,38,23,67,77,2
67,5,3,39,23,67,60,2
67,8,3,39,23,67,56,2
85,2,2,45,23,67,85,2
80,2,3,46,23,67,80,2
67,2,2,47,23,67,48,2
89,5,6,47,23,67,89,2
80,2,5,51,23,67,80,2
72,2,5,52,23,67,72,2
89,5,5,52,23,67,89,2
86,8,3,59,23,67,86,2
112,8,5,61,23,67,112,3
105,8,5,61,23,67,105,3
83,2,3,83,23,67,62,2
67,2,3,10,25,67,25,2
67,2,3,18,25,67,41,2
67,5,2,20,25,67,46,2
67,2,3,21,25,67,49,2
67,2,3,26,25,67,34,2
67,8,2,28,25,67,50,2
67,5,2,30,25,67,45,2
67,2,2,33,25,67,41,2
67,5,5,35,25,67,53,2
68,10,3,48,25,67,68,2
67,8,3,55,25,67,57,2
67,2,3,17,27,67,34,2
67,10,2,18,27,67,24,2
67,2,3,24,27,67,24,2
67,5,2,26,27,67,47,2
67,0,3,29,27,67,39,2
67,10,3,29,27,67,60,2
67,2,3,31,27,67,53,2
67,2,3,37,27,67,58,2
67,5,3,37,27,67,44,2
67,5,2,38,27,67,57,2
67,5,2,40,27,67,53,2
67,2,3,40,27,67,62,2
79,10,3,47,27,67,79,2
89,8,3,49,27,67,89,2
68,5,3,53,27,67,68,2
109,8,6,56,27,67,109,3
74,8,3,61,27,67,74,2
95,2,6,65,27,67,95,2
103,5,5,71,27,67,103,3
106,12,7,78,27,67,106,3
86,2,3,86,27,67,66,2
67,2,3,21,28,67,51,2
67,5,2,23,28,67,37,2
77,5,5,30,28,67,77,2
72,5,5,39,28,67,72,2
67,5,2,43,28,67,54,2
67,12,5,43,28,67,66,2
104,5,5,55,28,67,104,3
74,5,5,58,28,67,74,2
85,8,5,58,28,67,85,2
75,8,3,61,28,67,75,2
82,2,5,82,28,67,61,2
67,10,5,22,30,67,51,2
67,8,5,23,30,67,42,2
67,5,3,25,30,67,45,2
67,18,3,33,30,67,48,2
67,2,3,38,30,67,67,2
67,2,5,41,30,67,62,2
67,2,3,46,30,67,67,2
83,8,3,46,30,67,83,2
79,5,5,49,30,67,79,2
110,5,6,59,30,67,110,3
67,8,3,24,32,67,33,2
67,2,3,29,32,67,47,2
72,8,6,31,32,67,72,2
78,2,5,38,32,67,78,2
68,5,3,39,32,67,68,2
90,8,3,41,32,67,90,2
69,5,5,42,32,67,69,2
76,18,6,43,32,67,76,2
68,18,5,44,32,67,68,2
72,2,3,47,32,67,72,2
74,5,5,50,32,67,74,2
67,2,5,51,32,67,61,2
94,10,3,52,32,67,94,2
69,5,3,57,32,67,69,2
108,12,6,59,32,67,108,3
84,8,3,61,32,67,84,2
102,5,3,65,32,67,102,3
67,20,2,21,33,67,38,2
67,2,2,22,33,67,45,2
67,5,2,25,33,67,52,2
67,5,3,35,33,67,57,2
92,5,5,46,33,67,92,2
67,8,6,46,33,67,61,2
79,8,3,50,33,67,79,2
84,10,6,57,33,67,84,2
104,8,5,61,33,67,104,3
86,5,5,64,33,67,86,2
105,8,6,64,33,67,105,3
100,5,5,65,33,67,100,2
67,2,5,33,35,67,63,2
67,8,3,34,35,67,48,2
67,2,6,39,35,67,62,2
68,12,5,48,35,67,68,2
80,8,6,48,35,67,80,2
113,5,6,70,35,67,113,3
67,8,3,25,37,67,37,2
67,5,5,26,37,67,51,2
67,2,2,31,37,67,39,2
79,5,5,37,37,67,79,2
67,5,3,39,37,67,55,2
67,15,5,40,37,67,66,2
67,5,2,43,37,67,52,2
70,2,5,49,37,67,70,2
89,8,6,52,37,67,89,2
75,8,6,63,37,67,75,2
93,8,6,66,37,67,93,2
129,25,7,77,37,67,129,3
67,12,3,29,38,67,39,2
67,5,3,32,38,67,61,2
67,8,3,39,38,67,60,2
67,8,5,43,38,67,58,2
90,5,5,52,38,67,90,2
80,10,5,55,38,67,80,2
67,5,3,23,40,67,42,2
67,8,6,32,40,67,67,2
67,10,5,33,40,67,52,2
80,8,5,58,40,67,80,2
97,40,5,61,40,67,97,2
96,5,6,61,40,67,96,2
67,5,3,33,42,67,60,2
67,10,5,34,42,67,65,2
82,10,5,53,42,67,82,2
101,5,6,63,42,67,101,3
69,8,3,64,42,67,69,2
107,8,6,66,42,67,107,3
67,0,5,18,43,67,25,2
67,20,8,38,43,67,66,2
67,5,5,39,43,67,67,2
82,5,6,43,43,67,82,2
67,12,5,46,43,67,62,2
70,5,5,44,45,67,70,2
67,8,5,49,45,67,63,2
69,8,5,29,47,67,69,2
67,2,3,33,47,67,42,2
67,5,3,41,47,67,65,2
67,2,3,45,47,67,36,2
82,18,8,50,47,67,82,2
89,2,3,53,47,67,89,2
113,12,6,60,47,67,113,3
67,5,5,30,48,67,53,2
82,8,6,57,48,67,82,2
104,5,5,74,48,67,104,3
67,2,5,20,50,67,29,2
67,2,5,21,50,67,40,2
73,2,3,42,50,67,73,2
89,8,5,77,50,67,89,2
67,2,5,28,51,67,38,2
67,8,6,38,51,67,65,2
96,5,6,62,51,67,96,2
105,5,6,71,51,67,105,3
67,5,6,29,52,67,56,2
86,5,11,39,52,67,86,2
97,12,6,59,52,67,97,2
67,5,2,26,53,67,52,2
67,8,2,32,53,67,56,2
80,5,7,44,53,67,80,2
81,5,7,48,53,67,81,2
76,8,7,49,53,67,76,2
67,8,2,26,54,67,33,2
82,32,5,48,54,67,82,2
67,8,3,52,54,67,63,2
67,2,8,20,55,67,28,2
97,8,6,52,55,67,97,2
87,5,7,54,55,67,87,2
117,28,8,66,55,67,117,3
67,8,6,35,56,67,63,2
67,5,7,28,57,67,58,2
86,10,7,43,57,67,86,2
81,8,7,51,57,67,81,2
77,5,6,53,57,67,77,2
96,12,5,65,57,67,96,2
67,10,6,48,58,67,67,2
82,20,5,48,59,67,82,2
125,10,7,60,59,67,125,3
67,5,6,33,60,67,58,2
88,5,8,49,60,67,88,2
97,8,6,51,60,67,97,2
132,32,7,80,61,67,132,3
93,22,6,57,62,67,93,2
86,12,6,51,64,67,86,2
71,5,2,15,2,71,28,2
71,0,1,55,2,71,66,2
71,2,1,16,3,71,22,2
71,0,1,38,3,71,43,2
71,0,1,43,3,71,36,2
71,2,2,33,5,71,66,2
71,5,2,33,5,71,48,2
71,2,2,9,7,71,17,2
71,5,1,26,7,71,38,2
71,5,2,34,7,71,53,2
71,5,2,36,7,71,60,2
95,5,5,43,7,71,95,2
71,2,3,67,7,71,58,2
71,2,2,13,8,71,25,2
71,2,1,19,8,71,34,2
71,5,2,20,8,71,31,2
71,5,1,22,8,71,36,2
71,0,2,23,8,71,50,2
71,2,2,24,8,71,38,2
71,5,2,25,8,71,52,2
71,8,2,30,8,71,60,2
71,0,1,33,8,71,58,2
71,5,3,33,8,71,52,2
71,2,2,38,8,71,52,2
71,2,3,38,8,71,63,2
71,2,2,42,8,71,68,2
71,0,2,14,10,71,20,2
71,2,1,17,10,71,34,2
71,2,1,18,10,71,28,2
71,12,2,28,10,71,27,2
71,2,2,29,10,71,44,2
71,5,2,32,10,71,35,2
71,0,2,34,10,71,57,2
71,8,3,37,10,71,65,2
71,0,3,38,10,71,65,2
71,2,3,53,10,71,65,2
71,5,2,13,12,71,30,2
71,2,2,17,12,71,30,2
71,2,1,23,12,71,42,2
71,2,2,23,12,71,29,2
71,8,1,27,12,71,46,2
71,0,3,29,12,71,39,2
71,5,2,30,12,71,37,2
71,2,2,31,12,71,61,2
71,5,2,33,12,71,39,2
71,0,3,33,12,71,69,2
71,2,1,35,12,71,58,2
71,0,2,38,12,71,62,2
71,2,2,39,12,71,68,2
89,5,3,47,12,71,89,2
141,2,6,65,12,71,141,3
81,2,2,81,12,71,59,2
71,2,2,15,13,71,23,2
71,5,1,16,13,71,27,2
71,5,1,19,13,71,31,2
71,2,2,19,13,71,34,2
71,5,2,20,13,71,24,2
71,2,2,24,13,71,38,2
71,2,2,25,13,71,29,2
71,2,2,26,13,71,47,2
71,5,2,26,13,71,39,2
71,2,3,26,13,71,52,2
71,15,3,26,13,71,38,2
71,2,1,29,13,71,39,2
71,2,3,31,13,71,46,2
71,5,2,35,13,71,52,2
72,2,3,37,13,71,72,2
71,2,2,40,13,71,37,2
71,2,2,10,15,71,33,2
71,12,5,19,15,71,34,2
71,5,2,23,15,71,23,2
71,8,2,24,15,71,31,2
71,10,2,31,15,71,53,2
71,5,1,36,15,71,46,2
71,0,3,39,15,71,49,2
71,5,6,43,15,71,68,2
73,8,2,56,15,71,73,2
71,2,1,20,17,71,35,2
71,2,2,22,17,71,31,2
71,2,2,22,17,71,52,2
71,0,3,23,17,71,44,2
71,2,2,30,17,71,58,2
71,5,3,32,17,71,57,2
71,5,3,38,17,71,56,2
71,5,3,42,17,71,70,2
71,2,3,46,17,71,63,2
71,5,3,47,17,71,65,2
87,12,5,57,17,71,87,2
103,5,3,61,17,71,103,3
128,8,6,62,17,71,128,3
71,5,2,15,18,71,29,2
71,5,2,19,18,71,33,2
71,10,2,24,18,71,36,2
71,5,2,28,18,71,35,2
71,22,3,32,18,71,55,2
71,8,2,34,18,71,59,2
71,5,2,46,18,71,54,2
71,5,3,48,18,71,68,2
131,5,7,64,18,71,131,3
71,2,5,16,20,71,44,2
71,5,2,18,20,71,33,2
71,2,3,18,20,71,26,2
71,8,2,27,20,71,38,2
71,5,3,29,20,71,32,2
71,10,3,35,20,71,69,2
71,2,3,38,20,71,56,2
71,5,2,39,20,71,55,2
74,5,3,44,20,71,74,2
71,8,3,49,20,71,53,2
92,8,5,55,20,71,92,2
119,5,6,56,20,71,119,3
71,2,3,20,22,71,30,2
71,12,2,21,22,71,28,2
71,2,2,24,22,71,49,2
71,8,2,26,22,71,33,2
71,5,2,28,22,71,47,2
71,5,2,28,22,71,33,2
71,5,2,30,22,71,44,2
71,5,5,37,22,71,55,2
71,10,6,40,22,71,66,2
84,2,3,41,22,71,84,2
72,18,5,43,22,71,72,2
72,2,3,47,22,71,72,2
75,5,3,48,22,71,75,2
71,5,5,50,22,71,66,2
85,8,6,51,22,71,85,2
81,10,3,61,22,71,81,2
71,2,3,17,23,71,27,2
71,2,2,19,23,71,31,2
71,5,2,19,23,71,39,2
71,2,3,19,23,71,31,2
71,2,3,20,23,71,38,2
71,8,3,31,23,71,43,2
73,5,3,33,23,71,73,2
75,22,3,34,23,71,75,2
71,2,3,35,23,71,59,2
75,22,3,38,23,71,75,2
71,5,2,40,23,71,42,2
71,2,3,40,23,71,60,2
76,5,3,45,23,71,76,2
75,2,3,59,23,71,75,2
71,2,3,24,25,71,31,2
71,8,3,33,25,71,54,2
77,2,5,38,25,71,77,2
71,5,5,38,25,71,69,2
71,5,3,39,25,71,64,2
79,5,3,46,25,71,79,2
71,5,5,47,25,71,71,2
97,2,7,54,25,71,97,2
71,2,3,12,27,71,25,2
71,2,3,15,27,71,32,2
71,8,2,31,27,71,42,2
71,5,3,34,27,71,70,2
71,0,2,35,27,71,38,2
71,8,2,38,27,71,37,2
74,8,3,49,27,71,74,2
85,5,3,50,27,71,85,2
71,2,3,18,28,71,29,2
71,0,3,27,28,71,61,2
71,2,2,31,28,71,53,2
71,5,5,31,28,71,68,2
71,8,7,33,28,71,54,2
71,8,5,40,28,71,63,2
71,8,3,42,28,71,58,2
72,10,3,46,28,71,72,2
74,2,5,47,28,71,74,2
77,5,5,49,28,71,77,2
96,15,3,54,28,71,96,2
92,5,5,57,28,71,92,2
89,8,5,57,28,71,89,2
108,2,5,61,28,71,108,3
97,2,3,97,28,71,66,2
71,5,3,21,30,71,38,2
71,5,3,25,30,71,29,2
71,5,3,35,30,71,61,2
89,5,5,36,30,71,89,2
71,5,3,38,30,71,60,2
75,30,6,40,30,71,75,2
71,2,3,41,30,71,56,2
80,5,5,47,30,71,80,2
71,12,5,47,30,71,70,2
71,5,2,50,30,71,59,2
71,8,3,52,30,71,61,2
71,2,3,24,32,71,49,2
71,2,3,26,32,71,50,2
71,2,3,27,32,71,61,2
71,5,3,27,32,71,46,2
71,18,5,31,32,71,53,2
71,2,5,37,32,71,61,2
71,8,5,49,32,71,67,2
71,8,3,51,32,71,63,2
103,5,5,51,32,71,103,3
71,5,3,52,32,71,66,2
74,2,5,59,32,71,74,2
104,5,6,71,32,71,104,3
120,5,5,79,32,71,120,3
71,2,3,24,33,71,52,2
71,2,3,24,33,71,44,2
71,2,2,25,33,71,49,2
71,5,3,26,33,71,40,2
71,5,3,33,33,71,42,2
71,15,5,35,33,71,63,2
77,5,5,38,33,71,77,2
71,2,3,40,33,71,60,2
71,10,5,41,33,71,59,2
77,5,5,42,33,71,77,2
80,5,5,44,33,71,80,2
71,5,6,50,33,71,63,2
86,8,5,64,33,71,86,2
71,2,3,21,35,71,29,2
71,2,5,24,35,71,38,2
71,2,5,26,35,71,35,2
71,18,2,33,35,71,60,2
71,22,6,38,35,71,71,2
79,5,5,42,35,71,79,2
79,2,5,45,35,71,79,2
71,5,3,50,35,71,67,2
71,5,5,50,35,71,71,2
71,8,5,51,35,71,71,2
78,8,5,52,35,71,78,2
89,8,5,56,35,71,89,2
99,8,5,60,35,71,99,2
71,18,6,67,35,71,67,2
71,8,2,21,37,71,35,2
71,10,3,21,37,71,28,2
71,5,3,28,37,71,49,2
71,18,3,29,37,71,55,2
71,10,3,30,37,71,65,2
71,18,3,31,37,71,56,2
71,5,5,32,37,71,43,2
71,2,3,35,37,71,61,2
71,5,6,38,37,71,63,2
71,5,6,39,37,71,71,2
71,2,3,43,37,71,70,2
95,8,5,60,37,71,95,2
106,2,5,63,37,71,106,3
96,8,6,64,37,71,96,2
71,2,3,20,38,71,36,2
71,2,3,21,38,71,47,2
71,5,5,30,38,71,63,2
71,5,3,33,38,71,60,2
85,2,6,44,38,71,85,2
79,8,5,33,40,71,79,2
71,5,6,33,40,71,56,2
71,2,3,34,40,71,51,2
71,12,5,39,40,71,69,2
109,10,7,55,40,71,109,3
124,10,6,63,40,71,124,3
149,20,11,73,40,71,149,3
71,8,3,25,42,71,41,2
71,2,5,30,42,71,56,2
74,8,6,36,42,71,74,2
72,5,3,52,42,71,72,2
72,10,5,56,42,71,72,2
71,2,5,23,43,71,40,2
71,8,3,29,43,71,38,2
71,5,3,31,43,71,52,2
71,8,3,35,43,71,63,2
71,8,7,40,43,71,71,2
71,10,3,44,43,71,55,2
74,10,6,46,43,71,74,2
71,2,5,49,43,71,59,2
71,5,3,24,45,71,42,2
88,8,5,49,45,71,88,2
81,8,6,53,45,71,81,2
71,5,5,56,45,71,67,2
94,5,6,56,45,71,94,2
103,8,6,68,45,71,103,3
98,12,5,72,45,71,98,2
125,5,3,79,45,71,125,3
73,38,5,34,47,71,73,2
91,5,5,66,47,71,91,2
71,2,5,36,48,71,66,2
76,12,6,43,48,71,76,2
86,8,5,46,48,71,86,2
103,8,6,61,48,71,103,3
84,5,3,64,48,71,84,2
114,25,6,66,48,71,114,3
71,8,2,14,50,71,26,2
71,8,3,30,50,71,,2
71,10,5,43,50,71,63,2
87,5,5,52,50,71,87,2
77,8,5,52,50,71,77,2
78,10,5,54,50,71,78,2
96,5,5,55,50,71,96,2
77,15,3,57,50,71,77,2
75,10,5,43,51,71,75,2
110,8,6,67,51,71,110,3
71,5,7,28,52,71,61,2
71,10,5,29,52,71,59,2
71,10,7,31,52,71,58,2
71,5,5,51,52,71,69,2
76,5,6,62,52,71,76,2
152,8,7,69,52,71,152,4
78,5,6,43,53,71,78,2
97,18,5,52,53,71,97,2
71,15,7,40,54,71,69,2
71,8,3,26,55,71,51,2
71,10,2,40,55,71,71,2
71,22,6,43,55,71,68,2
90,2,5,58,55,71,90,2
109,8,6,67,55,71,109,3
71,10,3,18,57,71,34,2
71,5,9,40,57,71,60,2
71,8,2,45,57,71,42,2
88,5,7,48,59,71,88,2
71,8,9,33,60,71,71,2
99,10,7,57,61,71,99,2
71,12,5,44,63,71,64,2
71,10,2,30,64,71,40,2
96,8,5,53,64,71,96,2
91,8,6,52,69,71,91,2
74,0,2,25,0,74,29,2
74,2,1,4,2,74,4,2
74,2,2,18,2,74,27,2
74,2,3,28,2,74,59,2
74,0,1,48,2,74,39,2
74,0,1,28,3,74,36,2
74,0,1,30,3,74,34,2
74,0,2,36,3,74,70,2
74,0,1,43,3,74,31,2
74,0,2,43,5,74,41,2
74,0,2,56,5,74,59,2
74,0,2,67,5,74,53,2
74,2,1,24,7,74,34,2
74,2,5,6,8,74,23,2
74,2,1,20,8,74,27,2
74,2,2,22,8,74,51,2
74,5,2,23,10,74,40,2
74,5,2,26,10,74,52,2
74,5,3,26,10,74,55,2
74,2,2,30,10,74,31,2
84,2,5,39,10,74,84,2
74,5,2,42,10,74,67,2
89,5,6,75,10,74,89,2
74,2,2,22,12,74,31,2
74,5,2,22,12,74,36,2
74,5,3,23,12,74,48,2
74,5,2,25,12,74,39,2
74,2,2,27,12,74,29,2
74,2,1,28,12,74,51,2
74,2,2,29,12,74,33,2
76,2,3,39,12,74,76,2
74,2,3,39,12,74,66,2
74,5,2,43,12,74,47,2
74,0,3,43,12,74,56,2
84,8,3,55,12,74,84,2
74,5,3,20,13,74,35,2
74,2,2,24,13,74,39,2
74,2,2,25,13,74,56,2
74,5,2,26,13,74,55,2
74,2,2,27,13,74,56,2
74,5,2,33,13,74,58,2
74,2,3,34,13,74,46,2
74,2,2,38,13,74,46,2
74,8,3,39,13,74,70,2
74,2,2,46,13,74,44,2
80,2,2,80,13,74,64,2
74,2,1,23,15,74,43,2
74,10,2,24,15,74,24,2
74,2,2,25,15,74,44,2
74,2,3,31,15,74,55,2
74,2,2,32,15,74,54,2
74,2,3,34,15,74,61,2
74,2,3,40,15,74,71,2
74,5,2,45,15,74,74,2
74,2,3,46,15,74,67,2
74,2,3,51,15,74,55,2
74,8,2,18,17,74,45,2
74,2,2,20,17,74,30,2
74,8,2,21,17,74,31,2
74,5,3,24,17,74,33,2
74,2,5,27,17,74,51,2
74,2,2,29,17,74,62,2
74,0,2,31,17,74,62,2
74,2,3,33,17,74,50,2
74,2,3,37,17,74,68,2
74,2,2,39,17,74,60,2
95,5,5,46,17,74,95,2
79,5,3,48,17,74,79,2
74,12,2,53,17,74,39,2
85,5,5,53,17,74,85,2
77,2,3,77,17,74,69,2
74,8,1,27,18,74,53,2
74,5,2,30,18,74,34,2
74,8,3,33,18,74,58,2
74,5,3,35,18,74,57,2
79,0,3,36,18,74,79,2
74,2,2,42,18,74,74,2
74,5,3,43,18,74,64,2
74,8,3,46,18,74,74,2
75,8,3,51,18,74,75,2
74,2,2,13,20,74,28,2
74,2,3,26,20,74,41,2
74,8,2,30,20,74,51,2
74,8,5,31,20,74,35,2
74,5,2,33,20,74,36,2
74,8,2,35,20,74,38,2
74,8,3,35,20,74,66,2
74,5,2,37,20,74,40,2
74,2,2,38,20,74,43,2
74,8,5,40,20,74,69,2
74,2,3,42,20,74,67,2
74,2,5,43,20,74,59,2
84,8,5,51,20,74,84,2
74,10,5,53,20,74,61,2
123,5,6,53,20,74,123,3
77,5,3,58,20,74,77,2
74,2,3,15,22,74,41,2
74,2,2,21,22,74,34,2
74,12,3,24,22,74,47,2
74,2,2,26,22,74,34,2
74,5,3,26,22,74,49,2
74,12,3,35,22,74,58,2
74,2,5,35,22,74,56,2
74,2,3,36,22,74,53,2
74,5,3,37,22,74,68,2
74,12,3,38,22,74,49,2
82,5,3,39,22,74,82,2
82,78,5,44,22,74,82,2
89,15,3,58,22,74,89,2
94,2,3,94,22,74,64,2
74,8,2,23,23,74,41,2
74,2,2,25,23,74,44,2
74,8,2,25,23,74,45,2
74,8,2,26,23,74,25,2
74,5,2,35,23,74,43,2
74,8,3,39,23,74,69,2
74,5,5,43,23,74,74,2
74,8,3,45,23,74,73,2
74,8,5,47,23,74,56,2
74,5,3,48,23,74,72,2
76,5,3,49,23,74,76,2
74,15,5,49,23,74,65,2
77,8,5,50,23,74,77,2
79,5,5,51,23,74,79,2
92,8,5,53,23,74,92,2
74,2,3,19,25,74,54,2
74,18,3,23,25,74,33,2
74,8,3,28,25,74,41,2
74,2,3,32,25,74,65,2
74,8,2,35,25,74,58,2
74,8,2,38,25,74,47,2
74,2,2,40,25,74,45,2
77,10,5,41,25,74,77,2
78,20,3,43,25,74,78,2
74,12,3,44,25,74,74,2
74,8,3,46,25,74,68,2
91,2,3,52,25,74,91,2
109,5,5,54,25,74,109,3
95,8,3,62,25,74,95,2
79,8,3,63,25,74,79,2
74,2,3,21,27,74,27,2
74,12,3,21,27,74,33,2
74,2,3,43,27,74,71,2
80,2,3,45,27,74,80,2
94,15,6,47,27,74,94,2
77,8,5,49,27,74,77,2
84,15,6,49,27,74,84,2
74,2,5,58,27,74,67,2
103,10,5,63,27,74,103,3
95,8,3,65,27,74,95,2
74,2,5,17,28,74,53,2
74,2,3,33,28,74,48,2
74,8,5,33,28,74,73,2
78,8,5,43,28,74,78,2
90,5,3,48,28,74,90,2
74,5,3,53,28,74,71,2
100,5,6,57,28,74,100,2
83,5,5,59,28,74,83,2
74,5,3,22,30,74,40,2
82,5,2,32,30,74,82,2
74,10,3,33,30,74,55,2
79,2,3,34,30,74,79,2
74,10,6,38,30,74,57,2
74,5,6,45,30,74,71,2
103,5,6,46,30,74,103,3
74,5,3,47,30,74,63,2
74,2,3,51,30,74,74,2
103,5,5,57,30,74,103,3
127,8,6,67,30,74,127,3
74,12,2,15,32,74,36,2
74,2,5,19,32,74,27,2
74,5,2,22,32,74,35,2
74,5,2,27,32,74,46,2
74,5,3,33,32,74,63,2
74,10,5,33,32,74,58,2
79,5,5,36,32,74,79,2
74,5,3,37,32,74,65,2
74,59,3,38,32,74,66,2
74,5,3,40,32,74,65,2
81,5,5,45,32,74,81,2
74,5,3,52,32,74,73,2
121,5,7,77,32,74,121,3
74,2,3,19,33,74,29,2
74,2,3,20,33,74,46,2
74,2,3,32,33,74,53,2
74,5,5,44,33,74,73,2
74,5,2,50,33,74,66,2
74,5,7,50,33,74,68,2
88,22,6,54,33,74,88,2
74,5,3,61,33,74,63,2
74,5,3,43,35,74,64,2
103,8,5,61,35,74,103,3
74,2,2,23,37,74,40,2
74,10,5,26,37,74,46,2
88,8,6,48,37,74,88,2
76,5,3,50,37,74,76,2
80,8,5,56,37,74,80,2
128,5,6,73,37,74,128,3
139,8,6,77,37,74,139,3
74,2,5,25,38,74,29,2
74,5,5,29,38,74,45,2
74,2,3,31,38,74,44,2
74,2,5,32,38,74,63,2
74,8,3,37,38,74,69,2
74,2,3,38,38,74,58,2
74,20,5,43,38,74,68,2
74,5,3,44,38,74,65,2
74,8,5,48,38,74,68,2
74,5,5,53,38,74,70,2
74,8,5,59,38,74,67,2
106,5,5,64,38,74,106,3
74,5,3,19,40,74,32,2
74,2,3,26,40,74,59,2
82,5,6,40,40,74,82,2
74,5,5,43,40,74,67,2
74,5,5,46,40,74,57,2
85,2,6,66,40,74,85,2
88,15,5,73,40,74,88,2
74,5,3,22,42,74,35,2
81,8,6,49,42,74,81,2
120,5,6,63,42,74,120,3
74,5,3,19,43,74,33,2
74,18,5,44,43,74,68,2
74,8,6,45,43,74,66,2
74,5,3,49,43,74,74,2
74,5,5,53,43,74,62,2
94,8,6,69,43,74,94,2
79,2,5,79,43,74,58,2
74,2,5,20,45,74,50,2
74,8,3,36,45,74,69,2
74,8,3,52,45,74,66,2
94,2,7,53,45,74,94,2
98,5,6,68,45,74,98,2
138,5,6,73,45,74,138,3
74,5,3,26,47,74,41,2
74,2,3,41,47,74,40,2
80,12,6,45,47,74,80,2
89,10,6,61,47,74,89,2
74,5,6,24,48,74,38,2
74,5,5,34,48,74,63,2
74,8,3,44,48,74,61,2
74,5,6,54,50,74,70,2
124,5,6,60,50,74,124,3
74,2,6,30,51,74,61,2
115,10,6,76,51,74,115,3
74,2,5,22,52,74,30,2
83,5,6,42,52,74,83,2
118,52,6,81,52,74,118,3
84,2,5,57,54,74,84,2
93,20,6,68,54,74,93,2
74,8,6,34,55,74,67,2
74,5,5,37,55,74,72,2
81,20,6,46,55,74,81,2
91,5,6,63,55,74,91,2
74,10,3,52,56,74,51,2
118,8,5,66,56,74,118,3
74,5,5,38,57,74,74,2
85,2,7,49,57,74,85,2
97,5,8,54,59,74,97,2
80,5,5,80,59,74,66,2
75,12,6,52,60,74,75,2
137,8,7,81,61,74,137,3
84,10,9,49,62,74,84,2
74,22,7,56,64,74,64,2
82,8,3,47,65,74,82,2
94,10,6,51,65,74,94,2
100,8,7,53,66,74,100,2
74,5,8,52,67,74,63,2
77,5,2,18,0,77,29,2
77,2,1,13,2,77,18,2
77,0,2,52,2,77,57,2
77,2,2,5,3,77,12,2
77,2,2,35,3,77,55,2
77,0,2,56,3,77,65,2
77,2,2,38,5,77,65,2
77,0,2,39,5,77,28,2
77,0,3,19,7,77,41,2
77,2,1,23,7,77,30,2
77,2,2,22,8,77,42,2
77,2,2,8,10,77,22,2
77,2,2,18,10,77,34,2
77,5,2,22,10,77,37,2
77,2,2,25,10,77,30,2
77,2,3,29,10,77,57,2
77,2,2,49,10,77,72,2
77,5,2,56,10,77,57,2
77,2,2,20,12,77,37,2
77,5,2,24,12,77,51,2
77,5,2,36,12,77,57,2
77,5,2,36,12,77,59,2
77,5,2,45,12,77,68,2
96,0,3,61,12,77,96,2
77,5,2,20,13,77,27,2
77,35,2,32,13,77,45,2
77,5,3,37,13,77,74,2
77,8,2,41,13,77,54,2
77,2,2,54,13,77,60,2
77,10,2,21,15,77,29,2
77,20,3,24,15,77,33,2
77,5,2,27,15,77,49,2
77,2,2,30,15,77,63,2
77,0,3,31,15,77,60,2
77,2,2,34,15,77,67,2
77,2,3,34,15,77,55,2
77,2,3,39,15,77,69,2
77,2,2,16,17,77,38,2
77,2,2,16,17,77,25,2
77,2,2,18,17,77,31,2
77,10,2,22,17,77,44,2
77,12,2,22,17,77,40,2
77,5,2,27,17,77,36,2
77,2,2,28,17,77,33,2
77,2,2,29,17,77,56,2
77,8,2,30,17,77,49,2
77,5,2,31,17,77,58,2
77,5,2,33,17,77,49,2
77,5,3,43,17,77,52,2
77,2,3,23,18,77,38,2
77,10,2,25,18,77,54,2
77,5,2,26,18,77,42,2
77,5,5,30,18,77,67,2
77,2,2,32,18,77,54,2
77,8,3,32,18,77,65,2
77,8,3,32,18,77,54,2
77,5,3,38,18,77,63,2
77,2,3,43,18,77,55,2
112,2,5,56,18,77,112,3
90,8,2,59,18,77,90,2
107,5,3,70,18,77,107,3
108,5,3,79,18,77,108,3
77,10,3,20,20,77,33,2
77,5,3,23,20,77,52,2
77,2,2,26,20,77,42,2
77,8,2,31,20,77,61,2
77,5,3,33,20,77,60,2
77,2,2,35,20,77,42,2
77,2,5,35,20,77,65,2
77,2,5,35,20,77,55,2
77,5,3,36,20,77,58,2
77,5,3,37,20,77,59,2
77,2,3,38,20,77,62,2
77,8,3,38,20,77,67,2
77,8,3,38,20,77,72,2
78,5,3,39,20,77,78,2
77,5,3,39,20,77,,2
77,2,6,43,20,77,55,2
77,2,3,45,20,77,67,2
77,5,3,50,20,77,65,2
78,8,5,52,20,77,78,2
83,25,3,63,20,77,83,2
123,5,5,72,20,77,123,3
77,5,3,18,22,77,43,2
77,15,5,30,22,77,62,2
77,5,3,33,22,77,52,2
77,5,2,34,22,77,47,2
77,8,2,35,22,77,61,2
77,2,2,36,22,77,44,2
77,2,3,43,22,77,74,2
77,10,3,55,22,77,59,2
125,2,3,74,22,77,125,3
90,2,3,90,22,77,73,2
77,2,5,19,23,77,34,2
77,5,3,26,23,77,44,2
77,5,5,31,23,77,54,2
77,2,3,33,23,77,54,2
77,2,3,33,23,77,73,2
77,15,3,34,23,77,44,2
78,5,5,38,23,77,78,2
77,5,3,40,23,77,73,2
77,15,5,40,23,77,67,2
77,10,2,41,23,77,66,2
77,5,5,41,23,77,55,2
77,8,5,45,23,77,56,2
77,8,3,50,23,77,74,2
91,5,5,52,23,77,91,2
77,8,2,58,23,77,43,2
77,5,3,18,25,77,37,2
77,5,2,19,25,77,31,2
77,2,2,22,25,77,41,2
77,2,2,42,25,77,58,2
77,2,5,45,25,77,69,2
77,22,6,47,25,77,72,2
77,8,5,54,25,77,72,2
81,5,2,64,25,77,81,2
82,2,3,82,25,77,69,2
77,2,2,29,27,77,53,2
77,5,5,34,27,77,52,2
85,85,3,36,27,77,67,2
77,5,5,38,27,77,63,2
77,8,5,50,27,77,68,2
84,5,5,56,27,77,84,2
77,8,5,61,27,77,77,2
102,5,3,64,27,77,102,3
77,2,2,23,28,77,39,2
77,5,5,24,28,77,47,2
77,0,3,25,28,77,36,2
77,2,3,25,28,77,45,2
77,8,5,26,28,77,55,2
77,15,3,27,28,77,58,2
77,2,3,45,28,77,67,2
77,5,5,46,28,77,74,2
97,8,3,47,28,77,97,2
82,5,3,54,28,77,82,2
94,10,7,54,28,77,94,2
100,8,3,57,28,77,100,2
77,10,3,20,30,77,37,2
77,12,2,24,30,77,37,2
79,5,2,26,30,77,79,2
77,15,3,27,30,77,53,2
77,2,2,30,30,77,43,2
77,5,2,37,30,77,57,2
77,8,3,50,30,77,68,2
77,5,6,50,30,77,71,2
95,8,5,56,30,77,95,2
82,2,3,60,30,77,82,2
77,5,3,61,30,77,72,2
113,10,5,72,30,77,113,3
79,8,3,78,30,77,79,2
77,2,3,11,32,77,29,2
77,5,5,13,32,77,23,2
77,10,2,18,32,77,40,2
77,5,2,25,32,77,54,2
77,5,6,29,32,77,67,2
77,8,5,31,32,77,62,2
77,2,2,32,32,77,63,2
77,2,5,37,32,77,50,2
77,2,5,39,32,77,67,2
77,15,5,40,32,77,37,2
77,2,5,42,32,77,55,2
108,5,6,52,32,77,108,3
87,5,3,58,32,77,87,2
83,5,5,62,32,77,83,2
82,5,3,82,32,77,68,2
77,2,5,17,33,77,40,2
77,2,3,42,33,77,52,2
77,10,5,43,33,77,50,2
85,5,3,46,33,77,85,2
77,2,3,51,33,77,76,2
77,10,7,53,33,77,68,2
98,8,5,70,33,77,98,2
77,2,3,13,35,77,30,2
77,8,2,22,35,77,31,2
77,2,3,32,35,77,40,2
77,5,5,38,35,77,68,2
77,5,5,45,35,77,71,2
77,32,6,47,35,77,73,2
79,5,5,48,35,77,79,2
77,8,5,52,35,77,63,2
98,12,5,60,35,77,98,2
78,10,3,62,35,77,78,2
127,8,6,71,35,77,127,3
77,2,3,30,37,77,43,2
77,12,5,33,37,77,61,2
77,5,3,37,37,77,55,2
77,2,3,38,37,77,64,2
77,5,3,39,37,77,49,2
85,5,5,44,37,77,85,2
77,8,3,53,37,77,58,2
91,5,6,55,37,77,91,2
87,15,5,58,37,77,87,2
106,18,7,66,37,77,106,3
95,5,5,73,37,77,95,2
77,5,3,27,38,77,52,2
81,10,3,43,38,77,81,2
77,8,5,46,38,77,74,2
78,8,7,49,38,77,78,2
114,8,5,66,38,77,114,3
77,2,3,22,40,77,46,2
77,5,3,23,40,77,57,2
77,5,3,30,40,77,41,2
77,5,3,35,40,77,59,2
77,28,5,43,40,77,61,2
77,5,3,46,40,77,62,2
77,35,5,50,40,77,72,2
97,5,6,58,40,77,97,2
97,5,3,70,40,77,97,2
79,2,3,79,40,77,68,2
77,10,2,30,42,77,40,2
77,5,5,30,42,77,60,2
77,5,5,30,42,77,65,2
77,8,3,31,42,77,43,2
77,5,5,54,42,77,68,2
77,8,3,57,42,77,60,2
117,5,5,66,42,77,117,3
77,10,5,37,43,77,67,2
80,18,6,37,43,77,80,2
77,5,5,52,43,77,60,2
77,15,3,56,43,77,61,2
86,8,6,79,43,77,86,2
134,8,6,80,43,77,134,3
77,12,5,30,45,77,50,2
77,15,6,42,45,77,65,2
77,5,5,52,45,77,67,2
77,32,7,33,47,77,64,2
77,8,5,41,47,77,72,2
77,10,5,51,47,77,71,2
97,8,5,59,47,77,97,2
125,10,7,62,47,77,125,3
77,5,6,64,47,77,76,2
128,8,7,67,47,77,128,3
77,2,3,31,48,77,53,2
77,5,5,39,48,77,66,2
82,5,7,43,48,77,82,2
94,5,5,57,48,77,94,2
92,18,6,59,48,77,92,2
117,8,6,67,48,77,117,3
83,2,5,83,48,77,68,2
77,5,7,50,50,77,71,2
91,8,6,73,50,77,91,2
135,10,6,75,50,77,135,3
100,22,8,53,51,77,100,2
77,5,6,26,52,77,31,2
77,12,7,39,52,77,66,2
94,25,7,58,52,77,94,2
116,20,7,69,52,77,116,3
77,12,3,31,53,77,59,2
77,12,6,39,53,77,77,2
77,12,5,51,53,77,76,2
83,5,6,40,54,77,83,2
77,5,6,37,55,77,73,2
81,8,6,44,55,77,81,2
87,8,7,52,55,77,87,2
93,28,6,62,55,77,93,2
101,8,6,66,55,77,101,3
77,5,7,24,57,77,33,2
77,5,7,42,57,77,69,2
77,10,8,42,57,77,64,2
105,18,8,60,57,77,105,3
77,10,5,47,58,77,73,2
77,10,5,55,58,77,61,2
84,5,7,60,60,77,84,2
113,15,7,51,61,77,113,3
80,2,2,20,0,80,24,2
80,0,1,43,2,80,45,2
80,0,1,46,2,80,46,2
80,2,2,5,3,80,10,2
80,2,2,10,3,80,25,2
80,2,1,22,3,80,42,2
80,0,1,23,3,80,28,2
80,2,2,10,5,80,31,2
80,0,3,22,5,80,48,2
80,2,2,25,5,80,42,2
80,0,2,34,5,80,61,2
80,2,1,62,5,80,35,2
80,2,6,59,7,80,75,2
80,5,2,61,7,80,64,2
80,5,3,68,7,80,62,2
80,2,2,18,8,80,35,2
80,2,2,20,8,80,37,2
80,5,2,22,8,80,52,2
80,2,2,26,8,80,65,2
80,2,3,33,8,80,79,2
80,2,3,33,8,80,65,2
80,2,3,44,8,80,77,2
80,2,2,19,10,80,24,2
80,2,2,24,10,80,28,2
80,5,1,29,10,80,43,2
80,8,2,32,10,80,67,2
80,8,2,35,10,80,59,2
91,2,2,80,10,80,91,2
80,2,2,11,12,80,28,2
80,0,1,21,12,80,20,2
80,2,1,21,12,80,34,2
80,2,2,22,12,80,43,2
80,2,2,24,12,80,26,2
80,5,2,24,12,80,26,2
80,2,2,30,12,80,45,2
80,5,2,34,12,80,47,2
80,2,3,35,12,80,59,2
80,2,2,38,12,80,52,2
80,2,3,42,12,80,75,2
80,5,5,42,12,80,,2
80,2,3,49,12,80,80,2
94,5,5,57,12,80,94,2
80,8,2,20,13,80,36,2
80,2,2,22,13,80,30,2
80,5,2,24,13,80,40,2
80,10,2,27,13,80,30,2
80,5,3,29,13,80,63,2
80,5,3,29,13,80,58,2
80,5,3,40,13,80,60,2
80,2,3,47,13,80,73,2
80,8,3,51,13,80,65,2
80,8,2,24,15,80,35,2
80,2,2,25,15,80,45,2
80,2,3,25,15,80,58,2
80,2,3,27,15,80,63,2
80,5,2,28,15,80,51,2
80,2,5,38,15,80,52,2
80,8,2,51,15,80,54,2
80,5,2,13,17,80,25,2
80,5,2,20,17,80,33,2
80,10,3,22,17,80,33,2
80,2,2,23,17,80,42,2
80,5,3,25,17,80,52,2
80,5,2,28,17,80,58,2
80,2,3,29,17,80,53,2
80,5,3,32,17,80,62,2
80,5,3,34,17,80,65,2
80,2,3,35,17,80,56,2
80,5,2,44,17,80,69,2
80,2,2,47,17,80,53,2
85,5,3,77,17,80,85,2
155,2,5,92,17,80,155,4
80,2,3,14,18,80,20,2
80,5,3,17,18,80,28,2
80,2,2,28,18,80,54,2
80,2,3,35,18,80,72,2
80,5,3,38,18,80,49,2
80,8,3,39,18,80,52,2
80,5,5,40,18,80,54,2
80,2,3,49,18,80,72,2
100,10,5,61,18,80,100,2
92,0,3,92,18,80,65,2
80,5,3,24,20,80,45,2
80,2,2,33,20,80,48,2
80,2,5,34,20,80,74,2
80,2,3,40,20,80,65,2
80,5,2,41,20,80,41,2
80,8,3,42,20,80,70,2
80,8,5,42,20,80,66,2
80,8,3,45,20,80,63,2
83,5,2,49,20,80,83,2
91,5,5,57,20,80,91,2
134,10,6,61,20,80,134,3
148,5,6,89,20,80,148,3
80,2,3,16,22,80,44,2
80,8,3,28,22,80,51,2
80,2,2,30,22,80,43,2
80,10,3,43,22,80,74,2
80,10,2,51,22,80,60,2
102,5,5,60,22,80,102,3
87,5,3,72,22,80,87,2
152,5,5,85,22,80,152,4
80,5,2,24,23,80,37,2
80,8,3,27,23,80,40,2
80,5,2,33,23,80,41,2
80,8,5,33,23,80,77,2
80,10,3,35,23,80,58,2
80,10,3,39,23,80,58,2
80,8,3,40,23,80,68,2
80,20,3,43,23,80,59,2
80,5,3,47,23,80,72,2
82,8,3,49,23,80,82,2
86,5,5,49,23,80,86,2
80,5,3,50,23,80,56,2
80,2,5,50,23,80,78,2
80,10,3,55,23,80,80,2
106,10,3,71,23,80,106,3
80,2,2,22,25,80,40,2
80,8,3,26,25,80,43,2
80,5,2,31,25,80,54,2
80,10,3,37,25,80,59,2
80,2,5,37,25,80,59,2
92,5,3,52,25,80,92,2
80,12,5,54,25,80,67,2
96,5,2,57,25,80,96,2
121,5,5,93,25,80,121,3
80,2,2,26,27,80,47,2
80,67,3,28,27,80,65,2
80,5,3,29,27,80,49,2
80,8,3,29,27,80,55,2
80,2,5,39,27,80,50,2
80,5,3,43,27,80,60,2
80,5,3,47,27,80,67,2
80,5,5,49,27,80,65,2
80,2,3,54,27,80,75,2
80,5,5,54,27,80,64,2
116,5,6,72,27,80,116,3
104,5,3,104,27,80,71,3
80,2,2,15,28,80,38,2
80,2,2,24,28,80,30,2
80,8,3,29,28,80,49,2
80,12,5,29,28,80,40,2
80,5,3,38,28,80,58,2
80,5,3,46,28,80,64,2
80,2,5,52,28,80,64,2
80,15,5,54,28,80,67,2
80,5,3,58,28,80,77,2
94,10,5,59,28,80,94,2
99,8,5,63,28,80,99,2
80,2,2,19,30,80,35,2
80,2,5,24,30,80,45,2
80,8,3,30,30,80,61,2
80,2,3,34,30,80,38,2
80,8,5,37,30,80,56,2
80,8,3,38,30,80,57,2
80,5,3,40,30,80,53,2
83,8,5,40,30,80,83,2
80,5,3,49,30,80,77,2
112,8,6,55,30,80,112,3
80,5,5,19,32,80,43,2
80,0,3,20,32,80,44,2
80,5,5,27,32,80,62,2
80,5,5,36,32,80,70,2
80,28,5,36,32,80,66,2
80,15,5,38,32,80,53,2
80,5,3,39,32,80,64,2
80,5,3,43,32,80,76,2
84,12,5,48,32,80,84,2
82,12,6,49,32,80,82,2
86,8,3,50,32,80,86,2
81,5,5,54,32,80,81,2
80,5,5,56,32,80,61,2
87,8,5,57,32,80,87,2
84,8,5,57,32,80,84,2
80,10,5,31,33,80,61,2
80,5,3,32,33,80,40,2
89,2,3,42,33,80,89,2
80,8,3,42,33,80,74,2
84,5,5,50,33,80,84,2
80,2,3,28,35,80,36,2
80,5,6,33,35,80,58,2
80,5,5,36,35,80,79,2
80,5,5,39,35,80,58,2
88,10,6,48,35,80,88,2
113,5,5,56,35,80,113,3
80,5,5,56,35,80,80,2
80,5,5,61,35,80,73,2
113,8,6,66,35,80,113,3
122,5,5,75,35,80,122,3
80,20,2,22,37,80,45,2
80,5,5,43,37,80,64,2
80,5,3,45,37,80,67,2
80,10,5,46,37,80,62,2
83,5,5,50,37,80,83,2
80,12,3,55,37,80,78,2
86,20,7,73,37,80,86,2
80,5,5,23,38,80,37,2
80,5,3,35,38,80,55,2
80,5,5,35,38,80,64,2
80,2,6,36,38,80,59,2
80,2,3,46,38,80,59,2
80,40,6,49,38,80,79,2
80,8,5,52,38,80,65,2
80,2,3,29,40,80,40,2
80,10,7,45,40,80,73,2
84,10,5,51,40,80,84,2
92,10,5,59,40,80,92,2
87,5,5,62,40,80,87,2
139,12,7,88,40,80,139,3
80,2,6,43,42,80,76,2
80,10,3,44,42,80,75,2
80,5,5,44,42,80,78,2
80,8,5,45,42,80,79,2
91,8,6,50,42,80,91,2
124,8,6,64,42,80,124,3
80,5,3,23,43,80,39,2
80,22,6,27,43,80,61,2
80,5,5,39,43,80,63,2
83,5,5,42,43,80,83,2
80,2,5,44,43,80,76,2
80,5,3,49,43,80,71,2
80,10,3,33,45,80,,2
80,2,3,41,45,80,46,2
80,5,6,44,45,80,69,2
80,5,5,56,45,80,80,2
101,8,5,68,45,80,101,3
80,2,3,75,45,80,60,2
80,10,5,23,47,80,44,2
80,8,7,27,47,80,62,2
80,2,3,30,47,80,48,2
80,10,8,35,47,80,74,2
80,8,3,42,47,80,65,2
120,5,6,68,47,80,120,3
80,5,3,24,48,80,52,2
80,12,5,36,48,80,61,2
80,15,6,40,48,80,78,2
80,5,5,43,48,80,61,2
80,5,5,46,48,80,63,2
121,28,7,70,48,80,121,3
113,8,6,71,48,80,113,3
140,5,7,74,48,80,140,3
80,10,3,26,50,80,39,2
80,8,5,50,50,80,68,2
98,10,5,67,50,80,98,2
98,8,6,67,50,80,98,2
80,5,7,34,51,80,65,2
89,56,5,55,51,80,89,2
86,28,7,62,51,80,86,2
86,10,7,66,51,80,86,2
156,10,7,88,51,80,156,4
80,5,5,35,52,80,56,2
95,8,6,50,52,80,95,2
80,5,5,54,52,80,61,2
99,8,6,56,52,80,99,2
85,5,7,52,53,80,85,2
107,5,6,81,53,80,107,3
80,10,6,32,55,80,68,2
96,5,6,59,55,80,96,2
98,8,5,58,56,80,98,2
80,2,7,31,57,80,61,2
95,8,6,61,58,80,95,2
80,2,6,41,59,80,52,2
80,8,6,37,61,80,63,2
80,5,5,58,62,80,71,2
80,5,5,34,63,80,64,2
83,10,5,53,63,80,83,2
80,18,8,57,64,80,71,2
80,2,7,37,67,80,47,2
80,5,8,42,74,80,58,2
84,2,2,39,2,84,35,2
84,2,2,20,5,84,34,2
84,2,1,23,7,84,28,2
84,2,2,28,7,84,25,2
84,8,3,34,7,84,56,2
98,2,5,41,7,84,98,2
84,2,2,48,7,84,43,2
84,5,3,81,7,84,67,2
84,2,2,31,8,84,55,2
84,2,1,33,8,84,57,2
84,2,3,35,8,84,59,2
84,2,3,41,8,84,55,2
84,2,2,44,8,84,79,2
84,2,2,37,10,84,60,2
84,2,3,38,10,84,61,2
84,2,2,68,10,84,60,2
84,2,2,18,12,84,29,2
84,8,2,31,12,84,56,2
84,5,3,46,12,84,73,2
105,2,6,69,12,84,105,3
84,8,3,39,13,84,63,2
84,2,2,41,13,84,65,2
84,5,3,41,13,84,67,2
84,5,3,48,13,84,80,2
84,5,2,18,15,84,32,2
84,2,2,20,15,84,29,2
84,2,1,24,15,84,37,2
84,2,1,25,15,84,42,2
84,2,3,25,15,84,53,2
84,2,2,30,15,84,58,2
84,2,5,47,15,84,51,2
109,2,7,49,15,84,109,3
84,2,2,51,15,84,62,2
91,2,3,65,15,84,91,2
85,5,2,85,15,84,63,2
84,8,3,18,17,84,39,2
84,8,3,19,17,84,36,2
84,5,2,20,17,84,44,2
84,2,3,24,17,84,45,2
84,2,2,27,17,84,55,2
84,5,3,30,17,84,55,2
84,2,2,31,17,84,39,2
84,10,5,34,17,84,62,2
84,2,2,39,17,84,62,2
84,2,3,41,17,84,60,2
84,5,3,41,17,84,71,2
84,5,3,42,17,84,58,2
84,5,3,43,17,84,68,2
84,5,3,49,17,84,71,2
88,2,3,52,17,84,88,2
84,2,2,56,17,84,30,2
84,2,3,70,17,84,63,2
88,2,3,88,17,84,66,2
84,5,2,20,18,84,40,2
84,5,3,23,18,84,29,2
84,15,3,28,18,84,40,2
84,2,3,31,18,84,61,2
84,8,3,31,18,84,61,2
84,15,5,35,18,84,56,2
91,8,5,47,18,84,91,2
84,5,2,49,18,84,45,2
84,5,3,52,18,84,70,2
106,5,5,67,18,84,106,3
84,2,2,11,20,84,16,2
84,5,1,21,20,84,24,2
84,5,1,24,20,84,34,2
84,5,3,43,20,84,70,2
84,2,3,62,20,84,83,2
84,5,2,19,22,84,51,2
84,8,2,35,22,84,42,2
84,5,2,40,22,84,81,2
84,5,2,41,22,84,47,2
84,5,6,50,22,84,79,2
91,8,5,52,22,84,91,2
84,8,3,56,22,84,82,2
90,10,5,66,22,84,90,2
84,10,2,26,23,84,38,2
84,2,3,28,23,84,51,2
84,8,5,29,23,84,68,2
84,5,3,30,23,84,66,2
84,8,2,32,23,84,84,2
84,5,3,32,23,84,61,2
84,2,2,36,23,84,42,2
84,2,5,38,23,84,79,2
84,2,5,40,23,84,83,2
84,8,3,41,23,84,64,2
84,5,3,42,23,84,84,2
84,12,5,43,23,84,69,2
84,10,5,45,23,84,63,2
84,2,3,52,23,84,76,2
84,5,3,58,23,84,71,2
95,12,5,58,23,84,95,2
84,8,3,59,23,84,83,2
84,52,3,19,25,84,39,2
84,5,3,23,25,84,38,2
84,2,5,40,25,84,66,2
84,2,2,46,25,84,52,2
84,5,3,47,25,84,77,2
84,2,3,58,25,84,77,2
109,10,3,64,25,84,109,3
114,8,3,86,25,84,114,3
87,5,3,87,25,84,65,2
84,2,3,24,27,84,31,2
84,5,3,28,27,84,44,2
84,12,5,45,27,84,67,2
84,10,3,46,27,84,59,2
84,5,5,49,27,84,79,2
88,8,5,50,27,84,88,2
98,5,3,62,27,84,98,2
84,5,3,18,28,84,26,2
84,20,2,27,28,84,37,2
84,8,3,31,28,84,47,2
84,8,5,41,28,84,68,2
84,8,5,41,28,84,71,2
84,5,5,43,28,84,55,2
84,10,5,44,28,84,62,2
84,2,3,45,28,84,79,2
84,10,6,47,28,84,76,2
92,2,3,48,28,84,92,2
84,5,3,52,28,84,62,2
84,5,5,53,28,84,58,2
84,8,3,60,28,84,82,2
132,10,6,78,28,84,132,3
84,5,2,25,30,84,35,2
84,8,2,26,30,84,42,2
84,2,3,30,30,84,39,2
84,2,3,38,30,84,84,2
84,8,3,39,30,84,69,2
84,5,3,40,30,84,62,2
84,8,6,49,30,84,81,2
84,8,3,50,30,84,79,2
84,2,5,50,30,84,63,2
84,5,3,53,30,84,77,2
84,2,3,55,30,84,77,2
95,5,6,56,30,84,95,2
84,18,5,63,30,84,77,2
84,2,3,16,32,84,41,2
84,8,6,29,32,84,61,2
84,5,3,30,32,84,57,2
84,5,3,35,32,84,51,2
84,30,3,36,32,84,53,2
84,5,3,38,32,84,68,2
84,8,3,43,32,84,75,2
84,2,5,44,32,84,71,2
84,5,3,46,32,84,75,2
84,5,3,47,32,84,63,2
84,5,3,54,32,84,77,2
84,5,5,55,32,84,70,2
84,12,5,59,32,84,59,2
99,10,5,75,32,84,99,2
84,5,5,34,33,84,63,2
84,5,5,36,33,84,61,2
84,2,5,44,33,84,70,2
84,5,5,54,33,84,72,2
84,8,5,66,33,84,81,2
84,2,3,19,35,84,28,2
84,2,5,27,35,84,40,2
84,10,3,37,35,84,71,2
84,5,3,43,35,84,67,2
87,5,6,46,35,84,87,2
84,12,3,51,35,84,78,2
84,8,5,52,35,84,75,2
84,10,5,55,35,84,72,2
86,8,5,60,35,84,86,2
84,12,2,34,37,84,61,2
84,15,3,39,37,84,65,2
103,8,6,51,37,84,103,3
84,2,3,22,38,84,44,2
84,5,5,28,38,84,46,2
84,8,6,30,38,84,75,2
84,2,2,37,38,84,72,2
84,8,5,51,38,84,79,2
84,8,3,56,38,84,68,2
84,8,3,43,40,84,59,2
84,5,6,48,40,84,65,2
84,30,6,52,40,84,71,2
84,12,3,53,40,84,54,2
84,10,6,56,40,84,77,2
107,8,6,62,40,84,107,3
84,2,3,23,42,84,36,2
93,5,5,42,42,84,93,2
84,10,5,43,43,84,65,2
84,12,5,44,43,84,47,2
84,8,5,48,43,84,78,2
84,5,7,55,43,84,83,2
84,15,5,59,43,84,82,2
84,8,3,21,45,84,38,2
84,5,3,23,45,84,55,2
84,8,5,28,45,84,53,2
84,10,5,29,45,84,65,2
84,12,5,34,45,84,56,2
84,2,3,56,45,84,68,2
127,20,6,74,45,84,127,3
97,2,6,49,47,84,97,2
89,22,6,50,47,84,89,2
84,5,5,51,47,84,71,2
84,5,6,51,47,84,48,2
84,2,5,29,48,84,35,2
84,2,6,31,48,84,56,2
84,2,5,39,48,84,66,2
110,5,3,58,48,84,110,3
103,5,8,54,50,84,103,3
84,10,7,32,51,84,54,2
84,2,6,41,51,84,58,2
84,5,5,47,51,84,63,2
84,5,5,32,52,84,61,2
84,10,5,37,52,84,53,2
84,5,5,43,52,84,66,2
84,15,3,45,52,84,61,2
84,5,5,49,52,84,73,2
101,38,6,65,52,84,101,3
84,5,6,61,53,84,79,2
84,8,8,41,54,84,73,2
85,2,5,44,55,84,85,2
84,10,5,48,55,84,66,2
84,8,6,53,55,84,82,2
103,8,5,59,55,84,103,3
103,2,5,49,56,84,103,3
88,8,7,50,56,84,88,2
84,8,6,33,59,84,65,2
89,5,7,63,59,84,89,2
144,8,7,78,59,84,144,3
107,5,7,63,60,84,107,3
96,8,6,67,60,84,96,2
84,12,6,42,62,84,59,2
84,5,8,46,64,84,55,2
87,0,1,40,0,87,29,2
87,0,1,26,2,87,29,2
87,0,2,11,3,87,10,2
87,8,1,20,3,87,23,2
87,0,1,27,3,87,6,2
87,0,3,47,3,87,69,2
87,5,2,24,5,87,34,2
87,0,2,32,5,87,44,2
87,2,2,23,7,87,26,2
87,5,3,15,8,87,47,2
87,2,2,29,8,87,,2
87,2,2,35,8,87,60,2
87,2,1,36,8,87,37,2
87,0,2,38,8,87,58,2
87,2,3,42,8,87,56,2
87,2,2,63,8,87,57,2
87,2,2,24,10,87,26,2
87,2,2,24,10,87,54,2
87,2,2,21,12,87,46,2
87,0,1,27,12,87,53,2
87,2,2,28,12,87,41,2
87,0,3,39,12,87,51,2
87,5,2,46,12,87,65,2
91,8,3,54,12,87,91,2
106,2,3,64,12,87,106,3
87,2,1,20,13,87,31,2
87,5,2,32,13,87,65,2
87,8,3,37,13,87,67,2
87,2,3,38,13,87,63,2
87,2,3,39,13,87,74,2
87,2,3,42,13,87,83,2
87,5,2,44,13,87,63,2
87,5,2,44,13,87,38,2
138,8,6,70,13,87,138,3
87,8,2,29,15,87,59,2
87,0,2,32,15,87,40,2
87,2,2,32,15,87,65,2
87,5,3,33,15,87,59,2
87,8,2,36,15,87,52,2
87,2,3,54,15,87,76,2
87,2,5,21,17,87,56,2
87,2,2,25,17,87,51,2
87,5,3,25,17,87,31,2
87,5,3,29,17,87,55,2
87,8,3,31,17,87,46,2
87,25,3,40,17,87,71,2
87,2,2,46,17,87,62,2
87,5,3,49,17,87,76,2
87,2,3,20,18,87,44,2
87,5,3,24,18,87,32,2
87,2,2,30,18,87,39,2
87,5,3,35,18,87,73,2
87,5,3,42,18,87,73,2
87,5,3,46,18,87,84,2
87,10,5,47,18,87,67,2
87,5,3,53,18,87,63,2
88,15,3,53,18,87,88,2
87,8,3,54,18,87,83,2
87,2,3,18,20,87,34,2
87,8,2,24,20,87,45,2
87,8,2,33,20,87,48,2
87,12,2,37,20,87,43,2
87,5,2,38,20,87,67,2
87,5,3,38,20,87,46,2
87,5,5,57,20,87,78,2
87,5,2,66,20,87,76,2
140,5,5,89,20,87,140,3
87,5,2,15,22,87,30,2
87,5,1,22,22,87,30,2
87,2,3,33,22,87,48,2
87,2,3,44,22,87,76,2
87,8,6,45,22,87,58,2
87,5,5,47,22,87,72,2
87,5,3,50,22,87,73,2
87,8,3,53,22,87,82,2
129,2,6,69,22,87,129,3
90,2,3,90,22,87,67,2
87,5,2,28,23,87,42,2
87,2,3,33,23,87,64,2
87,5,3,53,23,87,76,2
89,8,6,57,23,87,89,2
87,5,2,65,23,87,56,2
125,5,6,71,23,87,125,3
87,2,3,87,23,87,62,2
87,8,3,43,25,87,56,2
103,10,6,59,25,87,103,3
106,5,5,66,25,87,106,3
87,5,2,30,27,87,35,2
87,8,5,34,27,87,76,2
87,2,2,37,27,87,59,2
87,2,3,40,27,87,57,2
87,5,3,42,27,87,78,2
87,8,3,44,27,87,81,2
87,5,5,44,27,87,61,2
87,5,5,45,27,87,84,2
87,10,5,47,27,87,61,2
87,8,3,49,27,87,76,2
87,8,6,49,27,87,71,2
87,2,3,28,28,87,39,2
87,10,5,37,28,87,58,2
87,5,3,46,28,87,68,2
93,10,9,49,28,87,93,2
87,2,3,53,28,87,73,2
113,10,6,62,28,87,113,3
87,2,5,65,28,87,48,2
154,5,6,84,28,87,154,4
87,5,5,26,30,87,47,2
87,2,3,28,30,87,41,2
87,15,5,38,30,87,58,2
87,8,3,41,30,87,61,2
87,5,3,51,30,87,65,2
87,22,5,54,30,87,79,2
93,8,3,56,30,87,93,2
87,5,5,56,30,87,71,2
87,2,3,25,32,87,55,2
87,2,3,27,32,87,36,2
87,8,2,50,32,87,75,2
87,10,3,56,32,87,59,2
105,2,5,60,32,87,105,3
119,5,6,68,32,87,119,3
107,8,5,73,32,87,107,3
87,8,2,27,33,87,54,2
87,2,5,39,33,87,74,2
87,5,3,42,33,87,70,2
87,10,3,56,33,87,83,2
87,5,6,59,33,87,78,2
87,8,5,60,33,87,79,2
87,5,3,62,33,87,84,2
92,15,3,65,33,87,92,2
108,10,5,70,33,87,108,3
87,8,5,29,35,87,54,2
87,2,5,46,35,87,68,2
87,8,2,48,35,87,53,2
100,10,5,51,35,87,100,2
87,15,3,29,38,87,58,2
87,5,3,31,38,87,61,2
87,10,5,33,38,87,56,2
87,8,3,32,40,87,36,2
87,8,3,44,40,87,59,2
118,10,6,61,40,87,118,3
96,8,7,61,40,87,96,2
87,2,5,39,42,87,61,2
87,10,6,39,42,87,80,2
93,8,6,53,42,87,93,2
112,5,5,56,42,87,112,3
87,10,6,59,42,87,84,2
113,5,5,63,42,87,113,3
87,8,6,71,42,87,83,2
87,10,3,36,43,87,69,2
87,71,5,43,43,87,80,2
87,18,6,45,43,87,81,2
87,8,5,54,43,87,63,2
93,15,6,59,43,87,93,2
122,12,6,84,43,87,122,3
87,12,2,21,45,87,46,2
87,8,5,34,45,87,61,2
87,5,5,35,45,87,52,2
87,8,6,53,48,87,82,2
87,18,5,67,48,87,86,2
87,5,6,43,50,87,71,2
92,5,5,56,50,87,92,2
90,5,6,65,50,87,90,2
87,10,5,26,51,87,53,2
87,8,7,44,51,87,74,2
87,15,7,53,51,87,83,2
87,5,3,47,52,87,75,2
87,8,6,53,52,87,66,2
87,18,3,30,53,87,61,2
98,15,6,56,53,87,98,2
132,45,7,81,54,87,132,3
87,32,6,37,55,87,81,2
87,5,7,55,55,87,79,2
87,2,7,24,56,87,51,2
87,5,6,37,60,87,76,2
87,8,7,42,61,87,78,2
87,5,6,54,64,87,71,2
87,5,8,48,67,87,66,2
90,2,3,22,3,90,37,2
90,2,2,21,5,90,36,2
90,2,3,50,5,90,62,2
90,0,2,53,5,90,59,2
90,5,2,27,7,90,39,2
90,0,2,36,7,90,73,2
90,5,3,48,7,90,68,2
90,2,2,14,8,90,32,2
90,0,1,21,8,90,50,2
90,2,2,23,8,90,34,2
90,2,1,24,8,90,34,2
90,2,3,35,8,90,55,2
90,2,2,26,10,90,30,2
90,2,3,45,10,90,73,2
94,2,3,55,10,90,94,2
93,0,5,66,10,90,93,2
90,2,3,1,12,90,7,2
90,2,3,21,12,90,44,2
90,2,1,29,12,90,31,2
90,2,1,30,12,90,34,2
90,2,2,31,12,90,41,2
90,2,2,34,12,90,32,2
90,0,3,35,12,90,79,2
90,8,2,36,12,90,60,2
90,5,3,37,12,90,53,2
90,5,3,44,12,90,88,2
90,0,2,47,12,90,55,2
90,5,2,56,12,90,47,2
90,0,1,15,15,90,28,2
90,10,2,23,15,90,34,2
90,5,1,25,15,90,32,2
90,2,2,25,15,90,45,2
90,2,3,29,15,90,62,2
90,5,3,32,15,90,74,2
90,10,5,39,15,90,65,2
90,8,3,40,15,90,56,2
90,2,3,44,15,90,61,2
90,0,1,51,15,90,37,2
90,5,2,56,15,90,62,2
90,2,2,11,17,90,19,2
90,5,2,24,17,90,46,2
90,2,5,30,17,90,68,2
90,8,3,32,17,90,59,2
90,2,2,34,17,90,55,2
90,8,3,36,17,90,63,2
90,12,1,45,17,90,44,2
90,15,5,46,17,90,82,2
90,5,3,51,17,90,69,2
90,5,2,25,18,90,53,2
90,2,2,27,18,90,52,2
90,2,3,27,18,90,54,2
90,12,2,29,18,90,53,2
90,8,3,37,18,90,56,2
90,10,2,38,18,90,61,2
90,5,3,38,18,90,68,2
90,12,3,43,18,90,66,2
90,5,3,46,18,90,67,2
90,8,3,67,18,90,77,2
90,2,1,25,20,90,45,2
90,2,2,26,20,90,48,2
90,10,3,37,20,90,52,2
90,8,5,38,20,90,55,2
90,5,3,40,20,90,83,2
90,5,5,44,20,90,79,2
90,10,3,58,20,90,84,2
90,2,2,21,22,90,38,2
90,5,3,30,22,90,62,2
90,5,3,30,22,90,49,2
90,2,3,36,22,90,52,2
90,10,2,38,22,90,53,2
90,2,3,42,22,90,75,2
90,5,5,45,22,90,73,2
90,8,5,45,22,90,67,2
90,2,5,51,22,90,80,2
90,5,3,56,22,90,67,2
90,5,3,56,22,90,72,2
90,8,5,63,22,90,69,2
90,2,3,72,22,90,86,2
90,2,3,38,23,90,74,2
90,5,3,39,23,90,60,2
90,5,1,40,23,90,46,2
90,5,5,40,23,90,62,2
90,5,2,56,23,90,48,2
90,8,3,29,25,90,56,2
98,8,5,57,25,90,98,2
92,12,3,58,25,90,92,2
109,8,3,64,25,90,109,3
90,38,5,30,27,90,54,2
90,8,3,47,27,90,77,2
90,2,3,55,27,90,71,2
90,5,6,55,27,90,72,2
113,8,5,74,27,90,113,3
90,0,3,18,28,90,29,2
90,8,2,28,28,90,41,2
90,5,2,31,28,90,46,2
90,5,3,35,28,90,60,2
90,10,5,43,28,90,64,2
90,2,2,55,28,90,55,2
90,10,3,66,28,90,73,2
90,2,3,20,30,90,34,2
90,2,3,27,30,90,42,2
90,5,3,31,30,90,40,2
90,8,3,31,30,90,57,2
90,20,5,33,30,90,68,2
90,5,6,48,30,90,74,2
90,5,3,26,32,90,39,2
90,5,5,30,32,90,56,2
90,8,5,36,32,90,67,2
90,8,5,44,32,90,84,2
104,10,6,56,32,90,104,3
91,12,6,63,32,90,91,2
90,5,2,25,33,90,57,2
90,8,3,34,33,90,63,2
90,22,6,43,33,90,79,2
90,10,5,51,33,90,75,2
90,8,5,52,33,90,83,2
90,5,3,41,35,90,52,2
90,2,5,42,35,90,68,2
90,18,3,33,37,90,63,2
90,2,3,41,37,90,64,2
90,10,5,43,37,90,61,2
90,2,3,44,37,90,76,2
90,5,5,47,37,90,63,2
109,32,6,63,37,90,109,3
90,5,3,68,37,90,80,2
90,2,5,25,38,90,46,2
90,5,3,28,38,90,31,2
90,8,5,60,38,90,59,2
90,5,5,24,40,90,38,2
90,2,2,39,40,90,67,2
90,86,3,48,40,90,65,2
90,5,5,56,40,90,70,2
93,5,6,67,40,90,93,2
130,28,6,82,40,90,130,3
137,10,5,91,40,90,137,3
90,10,6,33,42,90,61,2
90,20,6,39,42,90,61,2
90,5,5,41,42,90,69,2
90,5,5,51,42,90,74,2
90,5,6,56,42,90,81,2
91,5,5,57,42,90,91,2
125,18,7,59,42,90,125,3
90,5,3,34,43,90,58,2
90,2,3,41,43,90,38,2
121,5,7,68,45,90,121,3
146,5,8,82,45,90,146,3
90,5,5,35,47,90,49,2
90,5,6,43,47,90,77,2
90,8,5,53,47,90,90,2
101,5,7,80,47,90,101,3
90,10,7,46,48,90,72,2
90,8,5,50,48,90,66,2
90,10,5,50,50,90,79,2
90,10,5,60,50,90,75,2
90,8,5,63,51,90,84,2
90,12,5,34,52,90,69,2
90,30,7,40,52,90,90,2
90,5,6,42,52,90,77,2
90,25,5,43,52,90,78,2
93,5,6,48,54,90,93,2
90,8,6,51,55,90,88,2
90,8,6,36,56,90,52,2
90,8,5,13,57,90,36,2
90,20,2,29,58,90,58,2
90,5,6,24,59,90,38,2
90,5,6,32,60,90,60,2
90,2,5,36,60,90,62,2
105,20,5,79,61,90,105,3
106,5,9,60,64,90,106,3
90,5,8,45,68,90,63,2
93,0,1,24,2,93,12,2
93,0,2,27,5,93,24,2
93,2,2,52,7,93,79,2
93,0,5,60,7,93,84,2
93,2,3,45,8,93,91,2
93,2,3,90,8,93,80,2
93,2,2,33,12,93,48,2
93,2,2,35,12,93,68,2
93,8,2,40,12,93,74,2
93,8,3,40,12,93,57,2
93,2,2,22,13,93,44,2
93,2,5,34,13,93,55,2
93,15,2,42,13,93,54,2
93,2,3,31,15,93,48,2
93,2,2,33,15,93,52,2
93,5,2,39,15,93,68,2
93,5,2,43,15,93,62,2
93,5,2,44,15,93,54,2
93,8,2,35,17,93,43,2
93,2,2,41,17,93,55,2
93,8,2,42,17,93,62,2
93,2,2,30,18,93,54,2
93,5,3,30,18,93,56,2
93,2,5,41,18,93,67,2
93,2,3,49,18,93,78,2
93,10,2,53,18,93,63,2
93,2,3,22,20,93,52,2
93,5,2,24,20,93,33,2
93,5,2,28,20,93,44,2
93,2,1,34,20,93,34,2
93,5,3,41,20,93,66,2
93,0,3,51,20,93,72,2
93,5,2,52,20,93,79,2
93,2,2,17,22,93,31,2
93,5,2,27,22,93,32,2
93,2,3,37,22,93,62,2
93,5,3,37,22,93,61,2
93,2,3,40,22,93,64,2
93,8,3,41,22,93,58,2
93,8,2,46,22,93,59,2
93,2,5,46,22,93,78,2
93,10,3,48,22,93,75,2
93,8,5,49,22,93,68,2
93,8,2,50,22,93,72,2
93,8,3,63,22,93,79,2
93,2,3,67,22,93,68,2
151,5,6,79,22,93,151,4
93,5,2,32,23,93,53,2
93,8,3,33,23,93,57,2
93,5,3,38,23,93,53,2
93,2,5,42,23,93,68,2
93,2,3,45,23,93,72,2
93,2,3,45,23,93,55,2
93,2,3,52,23,93,91,2
98,10,3,63,23,93,98,2
98,5,5,63,23,93,98,2
93,2,5,19,25,93,24,2
93,10,2,26,25,93,56,2
93,8,3,32,25,93,54,2
93,8,3,50,25,93,92,2
93,8,5,50,25,93,90,2
93,5,5,53,25,93,77,2
93,2,5,59,25,93,82,2
93,8,3,61,25,93,83,2
112,8,6,64,25,93,112,3
126,12,5,66,25,93,126,3
93,38,2,24,27,93,38,2
93,5,3,40,27,93,57,2
93,5,3,46,27,93,75,2
93,8,5,46,27,93,78,2
94,5,5,60,27,93,94,2
105,5,3,63,27,93,105,3
93,2,5,72,27,93,57,2
93,2,3,28,28,93,44,2
93,10,5,37,28,93,56,2
93,8,3,43,28,93,81,2
93,5,5,49,28,93,79,2
104,10,6,65,28,93,104,3
93,2,3,72,28,93,77,2
93,5,3,52,30,93,60,2
93,5,5,59,30,93,57,2
93,8,3,60,30,93,67,2
93,30,2,25,32,93,42,2
93,5,3,25,32,93,49,2
93,28,5,33,32,93,54,2
93,10,6,43,32,93,72,2
93,5,5,44,32,93,71,2
93,2,3,45,32,93,80,2
93,22,5,46,32,93,70,2
93,20,5,49,32,93,78,2
110,12,5,65,32,93,110,3
93,5,5,23,35,93,40,2
93,5,5,64,35,93,90,2
93,8,3,23,37,93,48,2
93,8,3,40,37,93,54,2
93,8,6,43,37,93,78,2
93,5,5,50,37,93,60,2
93,2,6,58,37,93,93,2
93,5,3,62,37,93,66,2
93,5,5,23,38,93,48,2
93,10,2,28,38,93,41,2
93,2,3,31,38,93,43,2
93,8,3,42,38,93,62,2
93,15,3,48,38,93,71,2
93,5,5,48,38,93,81,2
93,8,5,49,38,93,85,2
101,5,6,69,38,93,101,3
93,5,5,51,40,93,80,2
93,10,5,52,40,93,82,2
93,8,5,54,40,93,89,2
93,2,5,20,42,93,40,2
93,8,5,67,42,93,62,2
115,18,6,68,42,93,115,3
93,2,5,29,43,93,52,2
93,8,6,39,43,93,74,2
118,10,6,60,43,93,118,3
93,8,5,26,47,93,28,2
93,5,7,41,50,93,77,2
109,8,6,73,50,93,109,3
97,5,6,53,51,93,97,2
93,10,6,26,52,93,54,2
93,2,5,39,52,93,69,2
93,5,7,44,52,93,68,2
93,2,7,36,53,93,56,2
110,8,7,58,57,93,110,3
93,5,6,87,57,93,76,2
93,5,7,22,62,93,64,2
97,0,1,41,2,97,37,2
97,2,2,19,3,97,33,2
97,0,2,67,3,97,61,2
97,2,2,19,7,97,31,2
97,0,2,20,7,97,34,2
97,2,2,21,7,97,46,2
97,2,2,23,7,97,34,2
97,2,2,36,7,97,66,2
111,0,5,65,7,97,111,3
97,2,2,23,10,97,34,2
97,2,3,39,10,97,66,2
97,2,3,33,12,97,67,2
97,5,2,34,12,97,44,2
97,8,3,23,13,97,41,2
97,5,2,29,13,97,53,2
97,12,2,32,13,97,49,2
97,2,3,33,13,97,65,2
97,10,2,34,13,97,48,2
97,10,3,36,13,97,60,2
97,2,3,53,13,97,75,2
97,5,2,19,15,97,31,2
97,2,2,36,15,97,48,2
97,5,5,39,15,97,81,2
97,2,2,41,15,97,73,2
97,10,3,84,15,97,92,2
97,2,2,15,17,97,26,2
97,5,3,27,17,97,53,2
97,12,3,27,17,97,53,2
97,2,2,35,17,97,,2
97,10,2,35,17,97,59,2
97,2,5,36,17,97,69,2
97,2,3,37,17,97,68,2
97,2,3,40,17,97,80,2
97,8,2,46,17,97,65,2
97,2,3,29,18,97,59,2
97,8,3,36,18,97,51,2
97,8,3,40,18,97,63,2
97,8,3,40,18,97,53,2
97,5,3,43,18,97,64,2
97,10,3,43,18,97,64,2
97,12,5,47,18,97,82,2
97,8,3,61,18,97,92,2
97,8,2,29,20,97,49,2
97,8,3,30,20,97,64,2
97,5,3,37,20,97,52,2
97,8,3,38,20,97,55,2
97,8,3,39,20,97,75,2
97,8,3,43,20,97,67,2
97,5,3,45,20,97,78,2
97,2,3,49,20,97,71,2
97,2,2,27,22,97,44,2
97,5,3,29,22,97,52,2
97,5,2,30,22,97,38,2
97,8,3,37,22,97,57,2
97,2,3,44,22,97,76,2
97,5,3,46,22,97,63,2
97,5,3,50,22,97,66,2
97,5,3,55,22,97,67,2
97,8,3,68,22,97,73,2
97,2,3,27,23,97,45,2
97,5,5,40,23,97,75,2
97,5,3,43,23,97,86,2
97,12,3,46,23,97,60,2
97,8,5,46,23,97,64,2
97,5,5,29,25,97,45,2
97,8,5,54,25,97,75,2
97,15,5,60,25,97,96,2
97,28,3,31,27,97,45,2
97,8,2,36,27,97,49,2
97,8,2,38,27,97,55,2
97,5,3,40,27,97,56,2
97,2,5,43,27,97,59,2
97,5,3,44,27,97,67,2
97,5,3,45,27,97,64,2
97,5,3,46,27,97,68,2
97,2,3,47,27,97,84,2
97,5,5,48,27,97,76,2
97,5,3,49,27,97,77,2
97,5,5,54,27,97,77,2
97,5,1,22,28,97,44,2
97,8,3,24,28,97,36,2
97,2,3,41,28,97,62,2
97,5,3,44,28,97,57,2
97,5,3,55,28,97,71,2
97,5,5,23,30,97,32,2
97,2,3,50,30,97,55,2
97,5,2,24,32,97,32,2
97,5,2,25,32,97,45,2
97,5,3,44,32,97,66,2
97,2,5,47,32,97,60,2
97,5,3,50,32,97,81,2
97,5,3,50,32,97,92,2
97,10,3,55,32,97,76,2
97,18,3,18,33,97,36,2
97,8,5,25,33,97,40,2
97,2,5,36,33,97,58,2
97,12,5,40,33,97,75,2
97,5,5,65,33,97,75,2
97,10,5,35,35,97,45,2
97,8,5,37,35,97,54,2
97,2,3,38,35,97,56,2
97,10,5,41,35,97,61,2
97,8,5,52,35,97,65,2
97,10,3,29,37,97,58,2
97,5,5,37,37,97,55,2
107,5,5,75,37,97,107,3
97,12,5,77,37,97,76,2
97,18,3,55,38,97,74,2
107,8,6,65,38,97,107,3
97,10,2,35,40,97,36,2
97,12,5,61,43,97,76,2
107,12,6,65,43,97,107,3
97,5,6,29,47,97,63,2
97,22,6,69,47,97,76,2
97,12,5,45,48,97,78,2
97,12,6,46,48,97,74,2
97,5,5,47,48,97,54,2
97,5,5,54,48,97,90,2
97,5,6,31,50,97,68,2
97,8,5,45,50,97,85,2
101,10,6,56,50,97,101,3
109,5,7,61,50,97,109,3
97,8,5,76,50,97,69,2
97,12,5,58,51,97,69,2
97,8,6,57,52,97,92,2
97,5,6,33,54,97,56,2
97,2,7,27,55,97,48,2
113,10,7,73,55,97,113,3
97,5,5,55,57,97,70,2
97,10,6,56,57,97,66,2
118,15,7,68,57,97,118,3
100,2,2,7,2,100,25,2
100,0,1,36,2,100,38,2
100,2,2,43,2,100,63,2
100,0,1,54,2,100,42,2
100,2,2,18,3,100,16,2
100,2,1,54,3,100,31,2
100,0,2,27,5,100,30,2
100,0,3,32,7,100,71,2
100,2,1,38,7,100,40,2
100,2,2,38,7,100,49,2
100,0,3,52,7,100,67,2
100,0,2,70,7,100,80,2
100,5,2,23,8,100,32,2
100,2,3,23,8,100,45,2
104,0,2,104,8,100,71,3
109,5,3,109,8,100,69,3
100,5,2,21,10,100,36,2
126,5,5,59,10,100,126,3
100,2,3,21,12,100,35,2
100,2,3,27,12,100,58,2
100,5,2,33,12,100,67,2
100,2,3,47,12,100,65,2
100,5,2,40,13,100,46,2
100,5,2,20,15,100,43,2
100,10,2,26,15,100,43,2
100,8,2,40,15,100,63,2
100,0,3,58,15,100,66,2
100,10,5,58,15,100,94,2
100,2,1,21,17,100,36,2
100,2,2,25,17,100,31,2
100,5,3,37,17,100,59,2
100,12,2,38,17,100,66,2
100,10,5,43,17,100,70,2
100,2,2,25,18,100,40,2
100,5,3,28,18,100,70,2
100,5,5,42,18,100,77,2
100,5,3,43,18,100,67,2
100,5,3,50,18,100,62,2
100,5,3,51,18,100,69,2
100,5,5,73,18,100,87,2
100,5,2,21,20,100,26,2
100,8,2,29,20,100,41,2
100,5,2,39,20,100,58,2
100,2,5,40,20,100,59,2
100,8,2,43,20,100,59,2
100,8,2,46,20,100,65,2
100,2,5,63,20,100,91,2
100,5,3,29,22,100,54,2
100,12,3,31,22,100,47,2
100,5,2,32,22,100,43,2
100,8,6,36,22,100,69,2
100,5,2,40,22,100,66,2
100,8,5,42,22,100,69,2
100,5,3,48,22,100,45,2
124,8,5,73,22,100,124,3
100,10,3,45,23,100,66,2
100,5,5,45,23,100,71,2
100,10,5,45,23,100,69,2
100,2,3,50,23,100,91,2
100,20,6,42,25,100,64,2
100,5,2,43,25,100,63,2
100,8,3,30,27,100,55,2
100,2,3,45,27,100,63,2
100,8,5,49,27,100,72,2
100,5,3,56,27,100,71,2
100,2,5,64,27,100,83,2
100,5,5,73,27,100,65,2
100,5,3,31,28,100,53,2
100,5,5,43,28,100,75,2
100,5,2,44,28,100,56,2
100,5,3,51,28,100,85,2
100,5,5,52,28,100,74,2
100,18,6,62,28,100,73,2
100,8,3,27,30,100,54,2
100,5,5,36,30,100,66,2
100,8,5,37,30,100,46,2
100,5,5,44,30,100,58,2
100,10,3,95,30,100,78,2
100,5,3,29,32,100,46,2
100,8,2,40,32,100,65,2
100,10,3,46,32,100,86,2
100,42,5,47,32,100,71,2
100,12,3,52,32,100,87,2
100,20,3,53,33,100,75,2
100,5,6,55,33,100,81,2
100,2,3,26,35,100,43,2
100,5,5,59,35,100,95,2
100,5,5,22,37,100,43,2
100,5,5,39,37,100,65,2
100,5,5,59,37,100,67,2
102,5,3,47,38,100,102,3
100,12,7,53,38,100,80,2
100,5,5,54,38,100,71,2
100,5,5,55,38,100,95,2
100,28,5,78,38,100,93,2
100,5,5,33,40,100,55,2
100,8,3,34,40,100,44,2
100,2,6,38,40,100,67,2
100,12,3,45,40,100,63,2
100,15,5,51,40,100,84,2
100,32,5,61,40,100,95,2
100,8,3,47,42,100,63,2
100,12,5,60,42,100,89,2
100,38,3,31,43,100,76,2
112,8,6,70,43,100,112,3
100,5,3,28,45,100,50,2
100,30,5,61,45,100,79,2
100,5,6,47,47,100,79,2
100,10,6,49,47,100,66,2
100,8,6,76,47,100,66,2
100,8,3,38,48,100,71,2
100,5,5,45,48,100,64,2
100,5,5,35,50,100,65,2
100,2,6,45,50,100,59,2
100,5,5,74,50,100,100,2
100,10,3,50,51,100,62,2
100,8,5,50,51,100,52,2
100,8,5,41,52,100,52,2
100,8,6,50,52,100,72,2
100,5,7,58,52,100,84,2
114,40,6,81,52,100,114,3
100,12,6,57,53,100,92,2
100,12,5,42,54,100,69,2
110,2,6,60,56,100,110,3
107,8,8,61,56,100,107,3
100,5,7,36,58,100,67,2
100,10,5,49,58,100,84,2
119,8,7,65,58,100,119,3
100,5,6,81,58,100,77,2
100,5,5,80,60,100,68,2
100,8,5,50,62,100,63,2
101,2,2,21,3,101,33,3
101,0,1,24,3,101,31,3
101,2,1,25,7,101,34,3
101,8,2,69,8,101,68,3
101,2,2,39,10,101,57,3
101,10,3,32,12,101,50,3
101,10,3,34,12,101,52,3
101,2,2,36,12,101,70,3
101,8,2,36,12,101,70,3
101,5,2,55,12,101,78,3
101,5,2,20,13,101,35,3
101,8,2,32,13,101,61,3
101,5,3,37,13,101,63,3
101,8,2,38,13,101,43,3
101,2,2,27,15,101,33,3
101,5,2,27,15,101,45,3
101,8,2,28,15,101,60,3
101,2,2,38,15,101,41,3
101,2,2,38,15,101,63,3
101,8,3,46,15,101,67,3
101,5,2,17,17,101,27,3
101,5,3,19,17,101,42,3
101,2,2,24,17,101,45,3
101,5,2,37,17,101,42,3
101,8,3,47,17,101,75,3
101,2,5,69,17,101,76,3
101,2,3,100,17,101,89,3
101,5,3,31,18,101,72,3
101,8,3,39,18,101,79,3
101,8,2,44,18,101,66,3
110,2,5,59,18,101,110,3
101,5,2,61,18,101,81,3
101,2,3,34,20,101,63,3
101,10,3,44,20,101,52,3
103,8,3,103,20,101,85,3
101,5,3,36,22,101,44,3
101,8,3,39,22,101,62,3
101,12,5,43,22,101,59,3
101,5,3,44,22,101,75,3
101,18,6,45,22,101,89,3
101,5,3,64,22,101,78,3
101,5,2,19,23,101,27,3
101,5,3,24,23,101,50,3
101,12,3,36,23,101,58,3
101,8,5,36,23,101,65,3
101,5,3,46,23,101,62,3
101,8,3,59,23,101,91,3
101,10,3,60,23,101,73,3
101,5,3,27,25,101,39,3
101,15,3,34,25,101,60,3
101,5,5,54,25,101,72,3
101,2,5,60,25,101,86,3
101,5,3,26,27,101,41,3
101,0,3,27,27,101,34,3
101,2,3,40,27,101,55,3
101,2,5,41,27,101,55,3
101,5,3,45,27,101,56,3
101,8,5,56,27,101,89,3
101,5,3,58,27,101,75,3
101,5,2,62,27,101,59,3
103,8,5,62,27,101,103,3
101,12,3,79,27,101,87,3
101,2,3,29,28,101,41,3
101,5,3,52,28,101,63,3
101,5,7,53,28,101,73,3
101,5,3,48,30,101,90,3
101,10,3,39,32,101,44,3
101,2,3,47,32,101,59,3
101,5,3,66,32,101,75,3
101,12,3,67,32,101,80,3
101,2,3,71,32,101,72,3
101,18,3,35,33,101,73,3
101,10,5,36,33,101,64,3
101,5,3,41,33,101,56,3
101,5,5,44,33,101,63,3
101,8,3,56,33,101,61,3
101,2,5,28,35,101,45,3
101,10,3,50,35,101,65,3
101,8,5,57,35,101,69,3
101,10,5,63,35,101,93,3
101,2,3,35,37,101,64,3
101,5,6,39,37,101,67,3
101,22,6,48,37,101,88,3
101,5,3,52,37,101,57,3
101,8,5,59,37,101,97,3
101,12,3,62,37,101,89,3
108,20,5,66,37,101,108,3
101,5,2,34,38,101,78,3
101,5,3,35,38,101,54,3
112,8,6,65,38,101,112,3
101,12,5,46,40,101,63,3
101,8,5,53,40,101,96,3
101,5,5,54,40,101,78,3
101,5,3,58,40,101,64,3
101,18,6,58,40,101,91,3
101,38,3,63,40,101,79,3
101,5,3,37,42,101,66,3
102,10,6,70,42,101,102,3
101,2,3,32,45,101,64,3
101,8,5,50,45,101,58,3
101,10,5,64,45,101,84,3
101,8,5,81,45,101,71,3
101,10,3,36,47,101,72,3
101,5,5,38,47,101,63,3
101,8,3,55,47,101,76,3
101,2,3,44,51,101,57,3
101,18,3,73,51,101,74,3
101,5,7,40,52,101,66,3
102,8,6,67,52,101,102,3
101,8,6,75,52,101,73,3
101,5,6,45,53,101,60,3
104,28,6,46,53,101,104,3
101,5,7,74,54,101,78,3
101,5,6,39,58,101,60,3
101,8,6,46,62,101,79,3
104,0,1,30,3,104,29,3
104,5,2,38,3,104,27,3
104,2,2,54,7,104,64,3
104,0,3,37,8,104,70,3
104,5,3,27,10,104,60,3
104,2,2,18,12,104,39,3
104,5,2,22,12,104,37,3
104,5,3,44,12,104,66,3
104,5,1,25,13,104,44,3
104,10,3,29,13,104,45,3
104,2,3,39,13,104,63,3
104,2,3,48,13,104,76,3
104,2,3,33,15,104,76,3
104,5,3,37,15,104,41,3
104,2,3,41,15,104,68,3
104,2,2,21,17,104,38,3
104,2,2,25,17,104,48,3
104,2,3,28,17,104,52,3
104,8,2,42,17,104,67,3
104,2,3,45,17,104,77,3
104,2,5,64,17,104,93,3
104,5,3,32,18,104,60,3
104,5,5,32,18,104,70,3
104,2,3,33,20,104,65,3
104,10,3,49,20,104,70,3
165,5,8,104,20,104,165,4
104,5,3,26,22,104,36,3
104,2,2,38,22,104,39,3
104,8,3,39,22,104,76,3
104,15,3,45,22,104,67,3
104,5,3,51,22,104,76,3
104,8,3,61,22,104,81,3
104,5,3,26,23,104,32,3
104,12,5,36,23,104,52,3
104,5,3,41,23,104,44,3
104,8,3,41,23,104,61,3
104,2,3,46,23,104,75,3
104,5,2,26,25,104,32,3
120,5,5,68,25,104,120,3
104,2,6,33,27,104,53,3
104,10,5,47,27,104,59,3
104,15,5,61,27,104,98,3
104,8,2,40,30,104,62,3
104,0,5,42,30,104,57,3
104,8,3,45,30,104,67,3
104,12,5,58,30,104,71,3
104,18,5,59,30,104,74,3
104,15,5,60,30,104,89,3
104,5,3,36,32,104,65,3
104,8,3,45,32,104,56,3
107,12,5,65,32,104,107,3
104,28,3,23,33,104,48,3
104,10,3,33,33,104,49,3
104,8,2,35,33,104,70,3
104,15,5,35,33,104,50,3
104,8,3,51,33,104,72,3
104,5,5,52,33,104,54,3
104,5,3,55,33,104,52,3
104,15,3,26,35,104,39,3
104,5,3,38,35,104,47,3
104,2,3,39,35,104,56,3
104,8,5,48,35,104,66,3
104,8,3,50,35,104,66,3
104,2,3,37,37,104,50,3
104,5,5,43,37,104,77,3
104,5,5,50,37,104,84,3
104,2,5,60,37,104,83,3
104,8,3,72,37,104,76,3
104,5,5,30,38,104,51,3
104,5,5,46,38,104,80,3
104,10,5,78,38,104,72,3
104,2,3,25,40,104,46,3
104,2,5,31,40,104,58,3
104,5,5,38,40,104,55,3
104,5,5,48,40,104,73,3
104,5,5,79,40,104,78,3
104,8,5,52,43,104,58,3
104,10,6,63,43,104,90,3
104,5,5,53,45,104,76,3
104,5,5,55,45,104,60,3
110,79,6,69,45,104,110,3
108,2,5,78,47,104,108,3
106,10,2,106,47,104,77,3
104,8,6,24,50,104,27,3
104,5,5,58,50,104,57,3
104,12,5,67,51,104,74,3
104,5,5,32,52,104,53,3
104,48,5,66,52,104,104,3
104,18,6,71,52,104,104,3
104,8,7,40,53,104,69,3
104,5,7,58,59,104,70,3
104,12,3,31,60,104,55,3
108,0,1,35,2,108,48,3
108,8,3,15,3,108,26,3
108,2,2,31,3,108,52,3
108,0,3,12,5,108,17,3
108,2,5,20,7,108,42,3
108,0,3,37,7,108,57,3
108,5,3,38,8,108,59,3
108,2,6,62,8,108,104,3
108,5,3,31,10,108,46,3
108,5,2,38,10,108,71,3
108,2,2,21,12,108,43,3
108,2,3,29,13,108,48,3
108,5,5,31,13,108,60,3
108,5,2,40,13,108,51,3
108,2,3,41,13,108,72,3
108,5,3,36,15,108,66,3
108,5,3,37,15,108,71,3
108,2,2,39,15,108,52,3
108,10,3,50,15,108,81,3
108,5,2,21,17,108,30,3
108,2,3,31,17,108,62,3
108,5,3,72,17,108,76,3
108,8,2,29,18,108,34,3
108,8,3,43,18,108,61,3
108,8,3,46,18,108,71,3
108,10,3,53,18,108,71,3
108,5,2,44,20,108,57,3
108,5,6,51,20,108,69,3
108,5,5,58,20,108,101,3
108,2,2,22,22,108,40,3
108,5,3,22,22,108,33,3
108,8,3,33,22,108,66,3
108,5,3,45,22,108,76,3
108,12,3,47,22,108,75,3
108,5,3,53,22,108,58,3
108,8,6,85,22,108,66,3
108,8,2,29,23,108,41,3
108,10,2,44,23,108,59,3
108,5,5,63,23,108,91,3
108,5,3,37,25,108,69,3
108,5,3,40,25,108,69,3
108,8,6,49,25,108,72,3
108,5,5,64,27,108,79,3
108,12,3,66,27,108,71,3
108,5,3,34,28,108,68,3
108,5,5,55,28,108,101,3
108,2,2,27,30,108,37,3
108,2,5,31,30,108,69,3
108,8,3,42,30,108,60,3
108,5,3,45,30,108,50,3
108,40,3,50,30,108,82,3
108,2,3,67,30,108,87,3
120,8,5,79,30,108,120,3
108,0,2,26,32,108,34,3
151,12,6,82,32,108,151,4
108,10,2,35,33,108,37,3
108,15,3,42,33,108,69,3
108,5,6,52,33,108,68,3
108,5,3,60,33,108,71,3
108,10,5,27,35,108,40,3
108,5,6,42,35,108,70,3
108,8,6,72,35,108,104,3
108,15,5,40,37,108,66,3
108,8,3,52,37,108,67,3
108,8,3,25,38,108,28,3
108,5,3,27,38,108,48,3
108,22,6,40,38,108,69,3
108,30,5,50,40,108,66,3
108,5,6,74,40,108,97,3
108,5,3,59,42,108,78,3
108,2,6,49,45,108,84,3
108,8,3,56,45,108,73,3
108,15,5,57,45,108,70,3
108,5,5,52,47,108,78,3
108,10,6,63,47,108,89,3
108,18,3,34,48,108,66,3
108,15,6,79,48,108,106,3
108,5,6,33,50,108,73,3
108,12,6,63,50,108,98,3
108,2,5,30,51,108,47,3
108,8,6,43,51,108,83,3
108,10,5,44,51,108,67,3
108,8,5,67,51,108,79,3
108,12,3,70,51,108,100,3
108,2,5,21,52,108,30,3
108,15,5,42,53,108,71,3
108,10,6,38,54,108,76,3
108,8,5,60,54,108,108,3
123,12,6,74,54,108,123,3
108,10,6,56,56,108,77,3
108,5,6,60,57,108,73,3
108,2,6,52,64,108,62,3
112,0,1,39,2,112,40,3
112,0,2,18,3,112,28,3
112,0,1,43,3,112,44,3
112,0,2,35,5,112,73,3
112,2,2,56,5,112,43,3
112,2,2,37,7,112,36,3
112,2,2,32,8,112,61,3
112,2,2,33,10,112,63,3
112,5,2,38,12,112,55,3
112,15,3,42,13,112,75,3
112,5,3,49,13,112,76,3
112,5,3,41,15,112,54,3
112,5,3,22,17,112,40,3
112,8,3,45,17,112,67,3
112,5,3,49,17,112,84,3
112,8,5,58,17,112,76,3
112,5,5,32,18,112,54,3
112,12,2,38,18,112,57,3
112,5,3,47,18,112,66,3
112,5,2,26,20,112,55,3
112,12,5,42,20,112,72,3
112,10,3,46,20,112,76,3
112,2,3,55,20,112,75,3
112,5,3,36,22,112,68,3
112,2,3,38,22,112,69,3
112,2,2,39,22,112,43,3
112,2,3,45,22,112,70,3
112,5,3,25,23,112,44,3
112,5,3,28,25,112,63,3
112,2,3,30,25,112,33,3
112,8,5,47,25,112,56,3
112,8,3,61,25,112,94,3
112,5,5,61,25,112,85,3
112,18,7,38,27,112,66,3
112,5,5,75,27,112,107,3
112,10,2,24,28,112,51,3
112,54,3,46,28,112,68,3
112,5,3,48,28,112,88,3
112,15,3,49,28,112,81,3
112,10,3,50,28,112,77,3
112,8,3,62,28,112,78,3
112,8,3,24,30,112,46,3
112,8,2,35,30,112,73,3
112,10,5,43,30,112,66,3
112,10,3,46,30,112,61,3
112,5,5,51,30,112,75,3
112,8,5,70,30,112,95,3
112,5,2,26,32,112,38,3
112,5,3,40,32,112,67,3
112,10,5,44,32,112,62,3
112,5,3,61,32,112,81,3
112,8,3,75,32,112,73,3
112,8,5,45,33,112,74,3
112,8,5,49,35,112,77,3
112,8,3,75,35,112,74,3
112,8,3,83,35,112,75,3
112,5,3,31,37,112,68,3
112,5,5,53,37,112,68,3
112,10,6,58,38,112,93,3
112,10,5,49,40,112,70,3
112,10,6,74,40,112,106,3
112,5,5,67,43,112,106,3
112,5,5,74,43,112,112,3
112,22,3,47,45,112,60,3
121,5,6,66,45,112,121,3
115,8,6,73,45,112,115,3
112,5,5,41,47,112,56,3
112,2,3,41,50,112,60,3
112,2,5,57,50,112,61,3
112,5,5,52,52,112,75,3
112,5,6,73,52,112,92,3
135,30,7,73,52,112,135,3
112,8,5,76,52,112,103,3
112,5,7,36,54,112,57,3
112,5,5,53,54,112,57,3
112,5,9,62,55,112,108,3
112,10,3,38,61,112,67,3
112,12,6,50,62,112,81,3
115,8,1,37,8,115,54,3
115,0,3,49,10,115,87,3
115,2,3,23,12,115,45,3
115,5,3,34,12,115,57,3
115,5,2,36,12,115,49,3
115,2,3,26,13,115,53,3
115,8,2,53,13,115,78,3
115,5,2,30,15,115,45,3
115,2,3,38,15,115,69,3
115,5,2,39,15,115,55,3
115,2,5,39,15,115,62,3
115,5,3,47,15,115,80,3
115,5,3,49,15,115,65,3
115,2,2,41,17,115,82,3
115,8,6,51,18,115,70,3
115,2,5,30,20,115,62,3
115,8,3,31,20,115,56,3
115,2,3,32,20,115,49,3
115,5,3,34,20,115,56,3
115,5,1,37,20,115,41,3
115,18,5,43,20,115,84,3
115,8,3,75,20,115,93,3
156,8,8,90,20,115,156,4
115,8,2,32,23,115,43,3
115,5,3,37,23,115,52,3
115,8,5,48,23,115,76,3
115,5,2,50,23,115,65,3
115,5,5,50,23,115,100,3
115,5,3,69,23,115,65,3
115,10,2,34,25,115,62,3
115,8,3,38,25,115,62,3
115,2,3,46,25,115,79,3
115,8,5,48,25,115,84,3
132,5,6,70,25,115,132,3
129,15,6,77,25,115,129,3
115,5,3,26,28,115,53,3
115,5,5,59,28,115,73,3
121,8,6,67,28,115,121,3
115,8,3,29,30,115,33,3
115,10,3,32,30,115,67,3
115,10,5,37,32,115,62,3
115,5,3,56,32,115,76,3
115,8,5,37,33,115,75,3
115,5,3,24,35,115,34,3
115,2,5,33,35,115,57,3
115,5,5,34,35,115,62,3
115,15,5,80,35,115,79,3
115,8,3,29,37,115,37,3
115,5,2,32,38,115,42,3
115,5,5,44,40,115,68,3
115,35,5,62,40,115,97,3
115,10,3,32,42,115,54,3
115,2,6,41,42,115,65,3
115,5,3,31,45,115,46,3
115,8,5,43,45,115,59,3
115,8,6,57,45,115,79,3
115,22,5,84,45,115,99,3
115,2,5,40,47,115,59,3
115,5,3,41,47,115,61,3
115,20,5,46,48,115,60,3
115,5,5,53,50,115,67,3
126,18,9,76,50,115,126,3
115,8,8,40,51,115,66,3
115,48,5,78,53,115,102,3
115,2,7,27,55,115,51,3
115,18,5,62,56,115,87,3
115,5,8,73,56,115,113,3
118,2,2,37,8,118,67,3
118,0,3,37,8,118,53,3
118,2,2,33,10,118,56,3
118,0,3,30,12,118,63,3
118,5,3,78,13,118,83,3
118,2,3,59,15,118,58,3
118,5,2,33,17,118,46,3
118,2,3,34,17,118,71,3
118,5,5,35,17,118,69,3
118,12,6,45,17,118,79,3
118,5,3,51,17,118,91,3
118,10,5,43,18,118,77,3
118,10,3,47,18,118,88,3
118,8,3,51,18,118,77,3
118,12,2,52,18,118,70,3
118,8,3,53,18,118,70,3
118,2,5,24,20,118,56,3
118,5,3,42,20,118,64,3
118,5,5,49,20,118,77,3
118,5,2,31,22,118,53,3
118,8,3,44,22,118,52,3
118,5,2,31,23,118,48,3
118,5,2,40,23,118,46,3
118,8,6,40,23,118,62,3
118,8,5,48,23,118,64,3
118,12,5,56,23,118,105,3
118,5,5,62,23,118,96,3
118,8,6,63,23,118,91,3
118,10,3,92,23,118,77,3
118,5,5,36,25,118,60,3
118,8,2,43,25,118,56,3
118,8,3,45,25,118,81,3
118,2,3,50,25,118,69,3
118,20,5,52,25,118,84,3
118,12,5,47,27,118,74,3
118,12,5,76,27,118,107,3
118,10,3,92,27,118,78,3
118,5,3,30,28,118,47,3
118,2,3,35,28,118,56,3
118,10,5,52,28,118,64,3
118,5,3,62,28,118,84,3
118,12,5,38,30,118,56,3
118,5,5,41,30,118,63,3
118,10,3,43,30,118,71,3
118,2,3,60,30,118,58,3
118,8,5,38,33,118,75,3
118,10,3,43,33,118,67,3
118,28,3,54,35,118,75,3
118,5,3,38,37,118,55,3
118,8,3,44,37,118,54,3
118,5,5,33,38,118,62,3
118,5,3,34,38,118,75,3
118,15,2,42,38,118,60,3
139,8,6,80,40,118,139,3
118,8,5,26,42,118,29,3
118,8,5,31,42,118,36,3
118,5,6,49,42,118,64,3
118,5,3,54,42,118,74,3
118,12,5,69,42,118,96,3
118,8,5,47,43,118,77,3
118,12,6,32,47,118,65,3
118,5,6,40,47,118,64,3
118,5,7,55,50,118,71,3
118,18,5,49,51,118,85,3
119,5,7,69,51,118,119,3
118,8,6,73,52,118,73,3
118,12,7,77,64,118,100,3
122,10,5,30,12,122,56,3
122,2,2,41,12,122,56,3
122,2,3,70,13,122,98,3
122,2,5,74,13,122,118,3
122,2,2,27,17,122,47,3
122,2,3,28,18,122,58,3
122,10,3,39,18,122,66,3
122,8,3,43,18,122,63,3
122,10,3,49,18,122,80,3
122,2,5,34,20,122,56,3
122,8,5,47,20,122,77,3
122,12,5,61,20,122,78,3
122,8,5,74,22,122,88,3
122,5,5,35,23,122,71,3
122,5,5,52,23,122,65,3
122,2,3,29,25,122,56,3
122,2,5,34,25,122,63,3
122,8,3,42,25,122,58,3
122,2,2,44,25,122,57,3
122,12,5,46,25,122,61,3
122,8,3,50,25,122,67,3
122,8,3,35,27,122,49,3
122,5,3,42,27,122,60,3
122,2,3,41,30,122,56,3
122,2,3,45,32,122,52,3
122,22,3,28,33,122,61,3
122,12,3,35,33,122,63,3
122,5,6,54,33,122,69,3
122,8,5,76,33,122,103,3
122,20,5,44,35,122,83,3
122,5,6,48,35,122,69,3
122,15,3,52,38,122,84,3
122,5,5,56,38,122,90,3
122,5,5,50,40,122,54,3
122,2,3,41,42,122,60,3
122,5,5,50,42,122,75,3
122,12,5,59,42,122,82,3
122,2,5,36,43,122,59,3
122,5,5,58,43,122,73,3
122,8,5,77,43,122,105,3
122,5,5,25,47,122,50,3
122,5,6,40,48,122,70,3
122,5,5,80,48,122,100,3
122,10,5,28,50,122,53,3
122,5,3,33,50,122,43,3
122,5,6,44,50,122,53,3
122,8,3,46,52,122,46,3
122,8,7,54,56,122,78,3
122,5,7,74,58,122,96,3
126,0,1,33,2,126,33,3
126,5,2,20,5,126,39,3
126,2,2,17,7,126,29,3
126,2,3,45,8,126,82,3
126,5,2,26,12,126,38,3
126,2,3,34,12,126,55,3
126,5,3,36,12,126,58,3
126,2,3,50,13,126,67,3
126,2,3,35,15,126,64,3
126,2,2,42,15,126,77,3
126,5,2,55,15,126,37,3
126,2,3,32,17,126,61,3
126,8,3,30,18,126,52,3
126,5,5,35,18,126,62,3
126,2,3,37,18,126,61,3
126,5,3,52,18,126,77,3
126,8,2,27,20,126,50,3
126,2,3,30,20,126,58,3
126,5,3,39,20,126,64,3
126,8,5,41,23,126,56,3
126,10,6,51,23,126,93,3
126,5,3,47,25,126,73,3
126,5,3,54,25,126,87,3
126,8,2,40,27,126,54,3
126,10,5,48,28,126,80,3
126,12,5,48,28,126,71,3
126,2,5,51,28,126,81,3
126,10,3,52,28,126,76,3
126,8,2,54,28,126,61,3
126,15,5,57,28,126,69,3
126,8,5,59,28,126,73,3
126,10,5,86,28,126,68,3
126,8,2,35,30,126,68,3
126,8,5,42,32,126,69,3
126,8,3,44,32,126,70,3
126,5,5,43,33,126,73,3
126,18,6,60,33,126,67,3
126,8,5,49,35,126,70,3
126,8,6,50,35,126,82,3
126,10,3,66,35,126,91,3
126,5,2,32,37,126,40,3
126,5,6,48,37,126,73,3
126,5,3,61,38,126,86,3
126,8,5,26,40,126,56,3
126,5,5,28,42,126,49,3
126,20,3,40,45,126,53,3
126,10,6,51,45,126,81,3
126,5,5,27,47,126,42,3
126,8,5,55,47,126,69,3
126,8,5,55,47,126,62,3
126,5,6,54,48,126,79,3
126,12,5,36,50,126,70,3
126,5,5,34,52,126,60,3
129,5,1,12,3,129,14,3
129,2,3,30,7,129,56,3
129,8,3,43,8,129,61,3
129,8,5,37,10,129,62,3
129,2,2,38,10,129,55,3
129,5,3,35,12,129,68,3
129,2,2,37,12,129,63,3
129,15,3,40,12,129,55,3
129,2,1,41,15,129,56,3
129,12,5,42,15,129,65,3
129,8,3,49,15,129,75,3
129,2,2,19,18,129,29,3
129,2,3,57,18,129,66,3
129,8,3,36,20,129,59,3
129,5,5,41,20,129,77,3
129,8,2,31,22,129,45,3
129,5,6,38,22,129,63,3
129,2,3,27,23,129,58,3
129,5,5,37,23,129,63,3
129,8,3,40,23,129,51,3
129,10,5,41,23,129,62,3
129,10,3,42,23,129,63,3
129,5,3,65,23,129,73,3
129,2,3,35,25,129,64,3
129,25,3,44,25,129,75,3
129,8,3,45,25,129,63,3
129,5,5,51,25,129,108,3
129,2,5,54,25,129,76,3
129,5,5,45,27,129,78,3
129,12,6,59,27,129,90,3
129,10,2,25,30,129,47,3
129,2,3,37,30,129,62,3
129,12,5,48,30,129,79,3
129,15,3,68,30,129,70,3
129,30,3,61,32,129,72,3
129,15,7,72,32,129,128,3
143,8,6,77,32,129,143,3
129,10,6,37,33,129,73,3
129,12,6,52,33,129,75,3
129,10,6,74,33,129,92,3
129,40,5,72,35,129,113,3
129,8,6,50,37,129,85,3
129,12,3,34,38,129,75,3
129,15,5,52,40,129,62,3
129,10,6,24,42,129,38,3
129,5,3,33,42,129,59,3
129,2,6,50,42,129,77,3
129,8,5,43,43,129,63,3
129,5,5,63,45,129,95,3
129,5,7,41,47,129,67,3
129,35,5,48,50,129,95,3
129,12,5,86,51,129,81,3
129,5,5,24,53,129,37,3
129,8,3,45,55,129,48,3
129,8,8,66,55,129,105,3
129,5,6,41,56,129,60,3
132,2,2,37,8,132,59,3
132,2,2,22,10,132,38,3
132,5,3,36,12,132,67,3
132,8,3,39,13,132,67,3
132,5,3,42,17,132,52,3
132,10,5,37,18,132,84,3
132,5,5,40,18,132,69,3
132,2,3,33,20,132,83,3
132,5,5,40,20,132,70,3
132,5,2,45,22,132,49,3
132,15,2,23,25,132,42,3
132,2,3,33,25,132,62,3
132,5,5,62,25,132,86,3
132,8,5,63,25,132,88,3
132,2,3,35,27,132,71,3
132,15,3,54,27,132,70,3
132,12,6,52,28,132,77,3
132,5,5,46,30,132,84,3
132,8,3,47,30,132,62,3
132,10,3,64,30,132,96,3
132,12,5,65,30,132,87,3
132,8,5,43,33,132,55,3
132,2,3,45,35,132,57,3
132,5,3,39,38,132,58,3
132,5,3,44,38,132,53,3
132,8,5,71,38,132,72,3
132,5,3,48,47,132,54,3
132,5,6,43,48,132,65,3
132,22,5,74,51,132,96,3
132,12,9,33,53,132,53,3
136,2,2,28,8,136,51,3
136,2,3,36,10,136,59,3
136,5,5,37,17,136,74,3
136,8,3,42,17,136,65,3
136,2,2,37,18,136,56,3
136,2,3,37,18,136,62,3
136,12,3,45,20,136,63,3
136,8,5,61,22,136,90,3
136,8,5,45,23,136,73,3
136,2,2,33,25,136,67,3
136,5,6,43,28,136,77,3
136,10,3,51,28,136,69,3
136,5,5,52,28,136,67,3
136,5,6,65,28,136,83,3
136,5,3,35,30,136,72,3
136,10,6,66,30,136,91,3
136,5,5,37,33,136,72,3
136,8,5,44,33,136,72,3
136,8,5,57,33,136,86,3
136,10,5,46,35,136,68,3
136,2,3,48,35,136,58,3
136,10,3,57,35,136,70,3
136,5,3,22,37,136,24,3
140,8,6,88,50,136,140,3
136,15,5,50,58,136,80,3
140,2,2,34,2,140,57,3
140,5,1,43,3,140,40,3
140,5,2,32,5,140,39,3
140,2,5,46,10,140,73,3
140,8,3,33,12,140,60,3
140,12,3,50,13,140,78,3
140,10,3,45,17,140,69,3
140,2,5,27,18,140,61,3
140,5,3,29,18,140,39,3
140,5,3,37,18,140,71,3
140,15,5,49,18,140,71,3
140,18,6,72,18,140,98,3
140,10,3,46,20,140,65,3
140,8,3,49,22,140,70,3
140,15,2,30,23,140,37,3
140,8,3,36,25,140,67,3
140,12,5,54,25,140,88,3
140,15,5,47,27,140,76,3
140,5,5,60,27,140,69,3
140,10,5,45,28,140,66,3
140,10,3,61,40,140,57,3
140,8,3,29,42,140,47,3
140,8,3,47,43,140,60,3
140,5,5,75,47,140,127,3
140,5,5,39,48,140,74,3
140,8,6,81,51,140,114,3
140,8,5,74,52,140,77,3
143,8,2,42,12,143,63,3
143,8,5,48,12,143,88,3
143,2,2,47,13,143,69,3
143,5,3,32,15,143,61,3
143,10,2,45,15,143,65,3
143,8,5,50,17,143,76,3
143,20,5,54,17,143,84,3
143,5,5,47,18,143,69,3
143,12,5,53,18,143,91,3
143,8,3,26,22,143,50,3
143,15,5,45,25,143,63,3
143,8,3,56,25,143,61,3
143,8,3,57,27,143,77,3
143,2,5,57,27,143,72,3
143,12,3,58,28,143,73,3
143,10,5,51,30,143,82,3
143,5,5,58,30,143,85,3
143,8,6,50,32,143,81,3
143,2,5,48,37,143,64,3
143,50,5,66,42,143,99,3
143,10,5,33,45,143,71,3
143,5,5,53,45,143,72,3
143,12,5,32,48,143,64,3
143,18,5,46,50,143,78,3
143,8,5,38,52,143,55,3
146,2,3,70,3,146,82,3
146,2,5,36,8,146,64,3
146,5,3,41,12,146,59,3
146,8,2,39,13,146,58,3
146,8,3,54,15,146,84,3
146,5,3,34,17,146,61,3
146,2,5,47,17,146,78,3
146,2,5,35,18,146,72,3
146,8,5,40,20,146,70,3
146,8,6,41,22,146,72,3
146,8,2,53,23,146,65,3
146,12,3,50,33,146,77,3
146,5,2,53,33,146,51,3
146,12,3,47,37,146,62,3
146,15,5,34,38,146,59,3
146,12,5,96,40,146,95,3
146,10,5,59,45,146,75,3
146,12,3,45,50,146,69,3
146,12,5,38,52,146,61,3
150,5,3,51,12,150,70,3
150,2,3,38,15,150,67,3
150,5,3,36,18,150,64,3
150,8,5,48,22,150,67,3
150,2,2,42,25,150,85,3
150,2,2,39,30,150,45,3
150,5,5,35,32,150,64,3
150,15,3,44,32,150,70,3
150,10,2,47,35,150,58,3
150,10,3,52,35,150,65,3
150,8,5,61,37,150,71,3
150,5,3,71,37,150,68,3
150,10,3,64,43,150,69,3
150,8,5,71,47,150,72,3
150,28,3,40,57,150,56,3
150,38,8,70,69,150,123,3
151,2,3,31,3,151,58,4
151,5,5,59,20,151,76,4
151,10,3,70,20,151,65,4
151,12,5,47,22,151,81,4
151,8,3,45,23,151,86,4
151,8,3,58,23,151,75,4
151,8,3,60,23,151,64,4
151,8,3,62,28,151,68,4
151,32,5,81,28,151,121,4
151,5,3,29,32,151,36,4
151,5,3,54,32,151,70,4
151,12,5,89,33,151,93,4
151,8,3,29,35,151,40,4
151,10,3,63,35,151,70,4
151,5,3,25,37,151,35,4
151,5,3,36,42,151,73,4
151,5,3,41,42,151,65,4
151,8,3,63,42,151,70,4
151,12,6,85,42,151,118,4
151,10,5,64,50,151,73,4
151,12,5,42,51,151,56,4
151,5,5,46,51,151,80,4
151,5,6,79,53,151,119,4
154,5,3,47,17,154,65,4
154,5,3,44,18,154,63,4
154,2,3,47,20,154,77,4
154,8,5,53,20,154,66,4
154,8,3,66,25,154,74,4
154,5,3,57,30,154,87,4
154,20,3,65,30,154,72,4
154,5,5,56,32,154,79,4
154,8,3,59,40,154,64,4
154,12,6,78,47,154,129,4
154,12,5,28,52,154,42,4
156,0,2,46,10,156,52,4
156,8,3,45,23,156,66,4
156,12,3,56,23,156,69,4
156,5,5,56,33,156,69,4
156,15,3,62,42,156,57,4
156,8,5,36,45,156,68,4
156,8,5,49,47,156,70,4
156,8,5,76,47,156,74,4
156,5,6,80,51,156,98,4
156,10,6,80,56,156,126,4
159,8,3,45,13,159,64,4
159,5,2,31,15,159,57,4
159,2,2,49,20,159,75,4
159,8,3,42,22,159,78,4
159,5,5,69,22,159,110,4
159,12,6,58,30,159,79,4
159,8,6,63,30,159,93,4
159,8,3,54,33,159,74,4
159,8,3,52,42,159,80,4
159,25,8,80,47,159,123,4
161,2,3,65,12,161,106,4
161,10,3,49,18,161,81,4
161,8,3,56,18,161,66,4
161,2,3,39,20,161,67,4
161,5,3,50,20,161,93,4
161,8,5,62,20,161,89,4
161,20,3,51,23,161,73,4
161,8,5,42,30,161,60,4
161,10,3,60,30,161,74,4
161,5,3,33,35,161,55,4
161,12,5,48,42,161,66,4
161,5,5,59,43,161,81,4
161,18,6,72,52,161,131,4
164,2,2,31,8,164,43,4
164,5,3,61,17,164,90,4
164,12,6,63,25,164,107,4
164,8,5,46,28,164,77,4
164,28,7,72,42,164,134,4
164,8,5,32,45,164,69,4
164,8,6,32,57,164,63,4
166,2,2,46,7,166,49,4
166,5,6,69,30,166,68,4
166,8,5,54,33,166,63,4
166,28,7,73,48,166,119,4
166,18,6,78,50,166,100,4
166,20,7,73,51,166,133,4
166,5,6,75,57,166,110,4
169,8,6,65,25,169,93,4
174,2,3,42,8,174,63,4
174,8,5,37,25,174,72,4
174,12,6,74,30,174,108,4
177,0,3,38,2,177,65,4
177,2,5,41,12,177,85,4
177,18,5,45,20,177,83,4
182,2,2,42,3,182,56,4
182,5,3,48,12,182,82,4
182,10,6,70,32,182,104,4
185,5,5,49,18,185,75,4
187,10,6,68,18,187,88,4
202,12,3,53,15,202,79,5
