pH,Cond,Turb,SS,class
7.95,401,550,535,0
8.08,2570,180,364,1
8.1,274,220,349,0
8.22,392,400,275,0
7.23,3020,210,275,1
7.23,3020,210,275,1
7.96,490,100,221,0
8.86,1490,110,128,1
9.1,472,39,116,1
9.6,1830,110,111,1
8.54,502,120,110,1
7.8,334,170,109,0
7.88,186,170,106,1
7.8,190,140,106,1
9.65,558,32,99,1
9.27,1590,100,98,1
8.5,439,110,96.2,0
8.62,455,150,94.3,1
7.92,385,180,93.3,1
8.84,423,110,91.3,1
8.1,272,85,89.4,0
8.02,1730,75,89,1
8.3,468,110,87.3,0
7.79,267,85,87,0
8.34,1230,80,83.5,1
8.7,481,130,83.3,1
7.66,240,80,81.8,0
7.9,331,150,81.6,0
8.66,448,60,80.1,1
7.4,751,50,79,1
8.2,622,70,78.2,0
9.02,1470,80,77.5,1
9.02,1470,80,77.5,1
7.82,197,160,77,0
8.98,818,80,77,1
8.04,420,110,76.7,1
7.9,824,75,72.5,1
8.4,458,100,72.4,0
8.98,1540,100,71.5,1
7.77,303,140,71.3,0
8.76,1200,60,69.5,1
8.6,2120,110,69,1
9.24,1500,75,68.5,1
9.4,1670,55,68,1
7.58,922,31,67.5,1
8.09,413,85,67.4,1
8.86,1570,110,67.3,1
9.45,2440,60,66.8,1
9.7,1200,65,66.2,1
10.28,480,100,66,1
8.4,460,85,66,0
9.32,1520,75,65.5,1
9.6,2280,60,65.2,1
7.8,307,130,64.2,0
7.8,198,120,63.7,0
8.9,459,55,63.5,1
9.82,634,80,61.2,1
7.82,162,90,60.8,0
7.82,162,90,60.8,0
8.86,1360,45,60.3,1
8.2,595,40,60,1
8.78,1230,75,59,1
9.09,690,60,58.6,1
7.88,158,100,57.6,0
7.88,158,100,57.6,0
8.5,437,50,57.4,0
7.99,404,85,56.8,1
8.54,462,65,55.8,0
8.31,464,55,55.4,0
8.8,1010,55,55.2,1
8.4,521,55,55,0
8.28,361,85,54.7,0
8.28,556,40,54.5,0
8.44,476,60,54.2,0
8.2,372,85,53.8,0
9.46,1750,70,53.5,1
8.96,2730,50,53.5,1
8.1,620,19,53.5,1
8.26,1060,38,52.8,1
8.26,1060,38,52.8,1
7.94,159,100,52.4,0
7.94,159,100,52.4,0
7.89,159,100,51.5,0
7.89,159,100,51.5,0
9.06,5750,45,51.3,1
9.06,5750,45,51.3,1
9.12,496,65,51,1
9.12,496,65,51,1
7.83,164,95,50.5,0
7.83,164,95,50.5,0
8.2,628,45,50.5,0
7.92,162,100,49.8,0
7.92,162,100,49.8,0
9.1,229,28,49.3,1
8.4,461,60,49.2,0
7.94,593,26,49,1
9.07,1100,45,48.5,1
8.5,549,20,48.4,1
8.03,926,40,48.2,1
7.5,737,26,47.2,1
7.8,343,45,46.6,0
8.06,816,45,46.5,1
8.3,648,55,46.1,1
8.02,367,55,46,0
9,886,45,46,1
8.32,357,95,45.7,0
8.62,669,55,45.7,1
9.3,1290,45,45.5,1
8.36,525,45,45.2,0
8.24,233,50,45.1,0
8.2,548,45,45,0
8.07,408,45,45,0
8.68,414,39,44,1
8.68,414,39,44,1
8.06,665,39,43.8,1
8.28,261,34,43.6,0
9,1190,50,43.5,0
8.76,449,40,43.5,1
7.53,288,65,43.3,0
8.4,527,45,42.7,0
7.66,281,50,42.2,0
8.38,557,23,42.1,1
8.46,1010,45,42,1
8.9,1410,35,42,1
8.01,240,75,41.8,0
9.53,670,21,41.6,1
9.05,658,60,41.5,1
8.54,972,40,41.2,1
8.26,172,70,41.1,0
8.41,1960,40,41,1
8.2,307,40,41,0
9,1470,39,41,1
8.31,571,35,41,1
8.31,571,35,41,1
8.36,712,28,41,1
7.6,248,36,40.9,0
9.18,905,50,40.8,1
8.37,582,38,40.7,1
9.01,1390,28,40.5,1
9.01,1390,28,40.5,1
8.25,219,65,40.4,0
8.58,4670,28,40,0
8.22,173,70,39.8,0
8.58,1510,15,39.7,0
8.4,467,50,39.6,0
7.92,353,45,39.5,0
8.5,478,50,39.4,1
8.28,560,25,39.2,1
8.47,304,40,39.1,0
8.1,375,60,39,0
7.5,390,45,39,1
8.15,404,40,39,0
8.81,1440,23,39,1
8.46,3110,40,38.8,1
8.46,3110,40,38.8,1
8.93,1430,24,38.7,1
8.14,354,45,38.6,1
8.64,906,31,38.5,1
8.4,1120,45,38,1
8.96,544,38,38,1
9.33,377,55,37.8,1
9.75,438,38,37,0
8.46,768,22,36.8,1
8.7,459,31,36.5,0
8.4,473,55,36.4,0
8.4,536,36,36.4,0
8.48,480,40,36.2,1
8.88,598,45,36,1
9.24,491,32,36,0
9,1070,35,35.8,1
8.3,583,32,35.5,1
8.62,434,31,35.5,1
9,1980,22,35.5,0
9,1390,19,35.5,0
8.58,1070,29,35.2,1
8.58,1070,29,35.2,1
8.37,178,60,35.1,0
8.72,460,40,35,1
8.72,460,40,35,1
8.32,372,38,35,0
8.2,462,33,35,1
8.2,723,24,34.9,0
9.4,972,31,34.8,0
8.28,188,60,34.6,0
9.4,1110,32,34.5,1
9.18,510,36,34.2,1
9.18,510,36,34.2,1
7.82,250,36,34.1,0
8.3,216,65,34,1
9.38,430,38,34,0
9.2,423,33,34,1
7.62,246,31,34,0
8.47,517,35,33.9,0
7.86,589,14,33.6,0
9.02,488,33,33.5,1
9.02,488,33,33.5,1
7.68,348,24,33.2,0
8.7,1470,19,33,0
8.12,1480,38,32.8,1
8.62,518,35,32.8,1
8.81,464,29,32.8,1
8.77,550,40,32.6,1
8.2,554,25,32.6,1
9.17,1240,20,32.6,0
9.17,1240,20,32.6,0
8.52,638,16,32.6,1
8.52,638,16,32.6,1
8.9,1590,16,32.5,0
8.6,549,14,32.4,1
9.63,374,37,32.2,1
8.48,1040,34,32.2,1
8.48,1040,34,32.2,1
8.32,177,55,31.7,0
8.38,183,55,31.5,0
8.61,1210,28,31.5,1
8.57,490,19,31.5,1
9.1,1260,16,31.5,0
8.4,703,12,31.5,1
7.78,618,25,31.4,1
8.8,1300,16,31.4,1
8.2,577,50,31.1,0
8.7,1420,16,31,0
8.3,460,33,30.9,0
8.3,460,33,30.9,0
9.44,462,32,30.5,1
9.44,462,32,30.5,1
8.78,474,22,30.4,1
7.96,326,37,30.2,0
8.7,658,32,30.2,1
8.6,1750,17,30.2,0
8.18,336,26,29.9,0
8.18,336,26,29.9,0
7.9,662,23,29.8,1
8.23,568,16,29.8,1
8.23,568,16,29.8,1
7.87,414,30,29.6,1
9.05,534,19,29.6,1
9.35,451,31,29.5,1
9.3,496,15,29.5,1
8.86,248,34,29.4,0
9.88,401,38,29.2,0
7.94,326,36,29.2,0
8.12,230,39,29,0
8.68,399,26,28.8,1
8.8,1540,10,28.7,0
9.4,500,36,28.5,1
8.34,694,17,28.5,1
8.9,450,17,28.5,1
8.45,387,32,28.3,1
8.45,387,32,28.3,1
8.35,519,31,28.2,0
9.13,584,27,28.2,1
9,595,18,28.2,1
8.62,636,17,28.2,1
8.62,636,17,28.2,1
7.97,284,34,28.1,0
8.3,253,31,28,0
8.08,638,28,28,1
8.08,638,28,28,1
7.6,566,27,28,0
8.8,523,26,28,1
8.92,393,26,27.8,1
8.98,1270,15,27.8,0
9.59,578,13,27.8,1
8.1,460,11,27.8,0
7.9,1100,34,27.7,0
9.12,373,30,27.7,1
7.66,916,23,27.7,1
7.78,714,22,27.7,1
8.12,225,37,27.6,0
7.49,336,19,27.5,1
7.35,143,45,27.3,0
7.99,590,20,27.3,0
8,311,45,27.2,0
9.7,637,27,27.2,1
8.84,1510,23,27.2,0
7.8,655,18,27.2,1
8.25,808,9.8,27.2,0
7.94,435,16,27.1,1
9.13,436,38,27,1
8.98,661,30,27,0
8.3,364,15,26.9,1
7.7,230,38,26.8,0
9.39,1050,34,26.8,1
8,567,29,26.8,0
9.06,1050,24,26.8,1
9.06,1050,24,26.8,1
8.15,705,24,26.8,1
9.56,448,45,26.7,1
8.58,1680,20,26.7,0
8.46,513,30,26.6,0
8.95,732,29,26.6,1
8.5,1350,19,26.6,0
9.34,570,5.8,26.6,0
8.8,976,36,26.5,1
8.33,534,29,26.5,1
8.97,425,27,26.5,1
8,1070,26,26.5,1
8.93,383,26,26.5,1
8.93,383,26,26.5,1
8,363,26,26.5,0
8.9,1130,25,26.5,1
8,506,23,26.5,1
8.36,774,32,26.4,1
9.1,782,16,26.2,1
9.07,537,16,26.2,1
8.8,664,27,26.1,0
8.95,408,27,26,1
9.04,1490,21,26,1
8.95,1200,18,26,1
8.97,7070,16,26,0
8.97,7070,16,26,0
8.16,706,16,26,1
8.51,466,19,25.9,1
8.54,461,26,25.8,1
9.1,1100,14,25.8,0
7.98,420,34,25.7,0
7.7,1100,21,25.6,1
8.94,408,30,25.5,1
8.6,352,26,25.5,1
8.6,879,16,25.5,1
8.96,360,22,25.3,1
9.09,587,27,25.2,1
8.7,466,26,25.2,1
8.42,465,25,25.2,1
8.89,1180,12,25.2,0
8.89,1180,12,25.2,0
8.53,2340,26,25.1,0
8.62,254,22,25.1,0
8.62,254,22,25.1,0
8.93,506,36,25,1
8.34,1350,30,25,1
8.1,505,29,25,0
8.74,884,27,25,1
8.9,1660,22,25,1
8.7,1790,90,24.8,1
8.27,479,27,24.8,1
9.13,581,25,24.8,1
7.8,1300,22,24.8,1
8.6,975,20,24.8,0
8.15,621,20,24.8,0
7.9,328,19,24.6,0
8.4,503,26,24.4,0
8.92,437,19,24.4,1
8.7,531,16,24.4,1
9.9,3110,12,24.4,1
8.8,462,21,24.3,0
8.58,413,18,24.1,1
8.57,584,21,24,1
8.98,1280,17,24,0
9.6,739,14,24,1
8.71,1160,11,24,0
8.71,1160,11,24,0
7.62,725,5.3,24,0
8.09,290,24,23.9,0
8.5,465,27,23.8,0
8.77,506,24,23.8,0
9.14,251,24,23.8,0
8.9,1160,23,23.8,1
8,504,22,23.8,1
9.1,438,22,23.8,0
8.3,663,15,23.8,1
8.9,1640,14,23.8,0
7.87,1130,13,23.8,1
8.48,472,28,23.7,0
8.96,468,25,23.7,1
8.1,430,22,23.7,1
9.04,569,17,23.7,0
7.53,238,28,23.6,0
8.98,1280,19,23.6,0
8.98,1280,19,23.6,0
8.4,1630,3.1,23.6,0
8.2,583,40,23.5,0
8.42,463,29,23.5,0
8.33,449,22,23.5,1
7.78,824,15,23.5,1
8.62,232,36,23.4,0
8.25,377,27,23.4,0
8.11,593,15,23.4,1
9.09,307,4.1,23.4,0
8.08,407,26,23.3,0
9.34,964,23,23.3,1
7.8,732,15,23.2,1
8.11,727,14,23.2,1
8.8,698,13,23.2,0
8.14,638,22,23.1,0
8.43,553,18,23.1,1
9.83,1270,34,23,0
7.68,343,26,23,0
8.48,751,25,23,1
8.54,690,22,23,0
8.64,1180,20,23,0
8.59,610,8.9,23,1
9.1,470,22,22.8,1
9.15,267,18,22.8,1
9.15,267,18,22.8,1
9.74,558,15,22.8,0
8.4,463,13,22.8,1
8.26,200,70,22.7,0
8.26,200,70,22.7,0
8.94,442,26,22.7,1
8.3,434,20,22.7,1
9.65,446,15,22.7,1
8.52,726,13,22.7,1
8.08,294,4.8,22.6,0
8.86,232,34,22.5,0
9.02,498,31,22.5,0
7.84,758,17,22.5,1
8.81,480,22,22.4,0
8.28,724,16,22.4,1
8.69,650,13,22.4,1
8.62,381,29,22.3,1
8.9,624,11,22.3,1
9.14,940,33,22.2,1
8.2,296,20,22.2,0
8.12,652,19,22.2,0
8.3,626,14,22.2,1
8.21,698,7.1,22.1,1
9.6,535,45,22,1
8.19,226,30,22,0
8.93,705,24,22,0
8.9,266,20,22,0
9.6,861,15,22,1
8.3,462,14,22,1
7.8,645,13,22,1
7.85,740,12,22,1
8.12,532,11,22,0
8.12,532,11,22,0
8.69,4080,10,22,0
7.48,148,40,21.9,0
7.96,580,16,21.9,1
7.88,420,15,21.9,0
8.3,364,26,21.8,0
8.07,670,20,21.8,1
9.06,628,13,21.8,1
8.7,1570,9.2,21.8,0
8.6,464,22,21.7,1
8.62,282,24,21.6,0
8.18,612,21,21.5,0
8.8,440,17,21.5,1
9.2,458,12,21.5,1
7.84,738,11,21.5,1
8.4,410,21,21.4,0
8.3,337,19,21.4,0
8.3,337,19,21.4,0
8.21,593,14,21.4,1
8.16,508,13,21.4,0
8.16,508,13,21.4,0
8.51,519,35,21.3,1
8.18,274,26,21.3,0
7.94,628,19,21.3,1
8.12,701,17,21.3,1
7.7,560,11,21.3,1
8.76,577,22,21.2,0
9.05,4090,20,21.2,1
7.97,421,19,21.2,1
8.26,698,16,21.2,1
8.26,698,16,21.2,1
8.96,1620,15,21.2,0
9.1,867,15,21.2,0
9.1,1430,10,21.2,0
9.1,253,25,21.1,1
8.92,475,23,21.1,0
8.36,503,20,21.1,0
8.36,287,18,21.1,0
9.16,620,13,21.1,1
8.54,399,28,21,0
8.92,410,26,21,1
8.92,410,26,21,1
8.9,601,21,21,1
8.48,1020,17,21,1
7.9,776,16,21,1
7.7,651,16,21,1
8.4,723,15,21,1
9.1,749,13,21,1
9.15,586,27,20.9,1
8.87,800,19,20.9,1
8.53,468,16,20.9,1
8.97,498,15,20.8,1
8.46,530,18,20.7,1
8.46,530,18,20.7,1
8.14,582,17,20.7,1
8.3,284,24,20.6,0
8.4,502,22,20.6,0
8.12,440,20,20.6,0
7.8,1100,14,20.6,1
7.6,560,10,20.6,1
9.28,229,20,20.5,1
9.38,401,19,20.5,1
8.7,1520,14,20.5,0
8.62,144,30,20.4,0
9.19,226,21,20.4,1
7.73,668,16,20.4,1
8.11,432,13,20.4,0
8.62,1780,11,20.4,0
8.46,714,8.7,20.4,1
8.27,394,20,20.3,0
9.2,604,15,20.3,1
8.14,704,8.4,20.3,1
8.9,1310,29,20.2,1
8,654,16,20.2,0
8.38,448,15,20.2,1
8.06,651,13,20.2,0
9.84,538,13,20.2,1
9,363,12,20.2,1
8.8,1760,8.7,20.2,0
9.11,828,7.1,20.2,0
7.9,625,11,20.1,1
8.3,254,25,20,0
8.39,502,20,20,0
8.21,430,20,20,0
8.21,430,20,20,0
8.08,557,15,20,1
8.28,582,12,20,1
8.28,582,12,20,1
9.54,424,12,20,1
8.6,648,6.4,20,0
8.9,1280,5.2,20,0
8.58,352,40,19.9,0
8.3,395,18,19.9,0
9.02,606,15,19.9,1
8.47,679,14,19.9,1
8.47,679,14,19.9,1
7.86,434,14,19.9,1
7.56,670,11,19.9,1
9.24,440,39,19.8,1
8.2,1010,27,19.8,0
7.06,392,26,19.8,1
8.02,418,25,19.8,0
9.16,1160,14,19.8,0
8.74,514,13,19.8,1
8.83,1000,8,19.8,0
8.83,943,16,19.7,1
7.5,677,16,19.7,1
8.9,432,15,19.7,1
7.54,672,12,19.7,1
7.98,294,18,19.6,0
7.64,917,17,19.6,1
8.6,791,30,19.5,0
9.47,603,18,19.5,0
8.91,361,16,19.5,0
8.74,654,9.4,19.5,0
8.34,315,23,19.4,0
8.96,496,22,19.4,1
8.4,463,19,19.4,0
8.3,305,19,19.4,0
8.02,446,18,19.4,1
8.2,551,6.5,19.4,0
9.46,466,18,19.3,0
9.62,555,17,19.3,1
9.36,271,3.1,19.3,0
10,366,23,19.2,1
7.35,285,22,19.2,0
7.86,386,21,19.2,1
8.34,605,16,19.2,1
7.6,682,14,19.2,1
8.42,504,13,19.2,1
8.42,504,13,19.2,1
8.64,445,13,19.2,1
8.72,617,12,19.2,0
7.8,680,11,19.2,1
8.36,448,20,19.1,0
7.92,1070,9.1,19.1,1
9.68,444,29,19,1
9.02,819,26,19,1
8.5,188,24,19,0
8.09,649,19,19,0
8.58,397,19,19,1
8.58,397,19,19,1
8.02,731,13,19,1
7.89,611,13,19,1
7.66,1090,12,19,1
9.4,600,8.9,19,1
7.71,418,20,18.9,0
8.4,351,18,18.9,0
8.1,499,17,18.9,0
8.22,584,14,18.9,1
7.93,533,20,18.8,0
7.5,391,20,18.8,1
8.7,520,19,18.8,1
8.2,326,19,18.8,0
7.6,684,15,18.8,1
8.7,568,15,18.8,1
8.3,626,13,18.8,1
8.26,444,10,18.8,0
8.26,444,10,18.8,0
8.86,836,6.2,18.8,0
8.46,219,23,18.7,0
7.94,860,17,18.7,1
7.94,593,15,18.7,1
7.94,593,15,18.7,1
7.82,749,14,18.7,1
8.72,515,13,18.7,1
8.75,1350,10,18.7,0
8.58,451,15,18.6,1
8.85,388,14,18.6,0
8.51,347,40,18.5,0
8.37,244,28,18.5,0
7.96,442,20,18.5,1
7.96,442,20,18.5,1
8.2,315,19,18.5,0
8.93,567,18,18.5,0
8.6,445,18,18.5,1
8.59,434,14,18.5,1
8.59,2460,12,18.5,0
8.14,643,12,18.5,0
8.63,1290,11,18.5,1
8.72,651,11,18.5,1
9.7,448,9.2,18.5,0
8.36,225,24,18.4,0
8.36,287,19,18.4,0
8.78,838,17,18.4,0
8.82,1170,14,18.4,0
8.47,866,12,18.4,1
8.86,500,11,18.4,1
8.98,281,9.1,18.4,0
9.2,232,4.7,18.4,1
8.68,320,2.7,18.4,0
10,350,19,18.3,0
8.22,318,19,18.3,0
9.1,500,18,18.3,1
8.04,375,18,18.3,0
8.04,375,18,18.3,0
9.54,457,17,18.3,1
8.39,442,16,18.3,1
9,637,15,18.3,1
8.06,466,14,18.3,0
8.06,466,14,18.3,0
8.52,400,23,18.2,0
8.44,470,21,18.2,0
7.4,605,17,18.2,0
8.1,432,15,18.2,1
7.34,1300,14,18.2,0
7.34,1300,14,18.2,0
8.38,612,10,18.2,0
7.9,720,8.6,18.2,1
8.66,5060,18,18.1,0
8.8,3100,16,18.1,1
7.76,590,14,18.1,1
8.56,353,29,18,0
8.4,389,24,18,0
8.27,438,18,18,0
8.27,438,18,18,0
9.51,421,14,18,0
8,743,13,18,1
8.87,503,12,18,1
8.16,591,9.7,18,0
8.9,483,21,17.9,0
8.54,449,18,17.9,0
8.47,466,16,17.9,1
8.27,571,14,17.9,1
8.27,571,14,17.9,1
7.66,752,13,17.9,1
8.73,471,13,17.9,1
8.65,438,13,17.9,0
8.82,374,13,17.9,1
9.4,388,33,17.8,0
8.07,656,23,17.8,0
9.4,483,16,17.8,0
8.31,588,15,17.8,1
8.31,588,15,17.8,1
9.4,889,12,17.8,1
7.57,692,11,17.8,1
7.97,636,11,17.8,1
8.52,734,10,17.8,1
9.14,229,10,17.8,0
8.3,1050,7.8,17.8,0
8.81,2580,6.8,17.8,0
9.16,494,5,17.8,0
9.5,518,29,17.7,1
9.5,518,29,17.7,1
8.13,653,17,17.7,0
8.24,629,13,17.7,0
9.1,676,12,17.7,1
9.09,622,26,17.6,1
7.8,374,23,17.6,0
8,447,15,17.6,0
8.8,439,15,17.6,1
8.9,1420,11,17.6,0
7.95,626,11,17.6,1
8.12,397,26,17.5,0
8.9,470,21,17.5,0
8.02,614,14,17.5,0
8.02,614,14,17.5,0
8.39,640,13,17.5,0
8.8,442,12,17.5,1
8.9,5070,11,17.5,0
8.21,677,11,17.5,0
8.76,646,9.9,17.5,1
8.71,1260,9.4,17.5,0
9.48,630,9.4,17.5,0
7.2,251,22,17.4,0
8.52,646,21,17.4,1
8.88,266,18,17.4,0
8.08,342,17,17.4,0
7.5,574,15,17.4,1
8.36,462,15,17.4,1
8.9,1310,8.3,17.4,0
7.9,622,21,17.3,0
9.11,452,19,17.3,1
9.07,256,17,17.3,0
7.69,710,15,17.3,1
8.27,570,15,17.3,0
7.81,672,13,17.3,0
9.92,419,13,17.3,0
8.28,739,5.9,17.3,1
9.06,1140,23,17.2,1
7.8,351,20,17.2,0
8.56,336,18,17.2,0
9.53,2190,14,17.2,0
8.89,851,14,17.2,1
8.89,851,14,17.2,1
7.5,557,11,17.2,1
8.47,401,11,17.2,0
8.8,3690,9.9,17.2,0
8.48,524,9.3,17.2,0
8.32,578,23,17.1,1
8.32,578,23,17.1,1
7.94,712,19,17.1,1
8.4,500,16,17.1,0
8.98,1100,12,17.1,0
8.6,580,21,17,1
9.22,7250,20,17,0
8.25,326,17,17,0
8.63,272,16,17,0
7.9,514,13,17,1
8.78,1330,11,17,0
8.81,882,9.2,17,0
8.81,882,9.2,17,0
8.77,490,5.3,17,1
8.99,236,38,16.9,0
9.04,399,23,16.9,1
8.2,469,20,16.9,0
8.2,472,16,16.9,0
8.57,402,16,16.9,0
9.06,874,15,16.9,0
9.2,560,15,16.9,0
8.13,534,18,16.8,0
9.08,1260,17,16.8,0
10.1,357,16,16.8,1
8.26,428,15,16.8,0
8.36,560,12,16.8,1
7.7,405,12,16.8,0
8.6,1830,10,16.8,0
7.94,558,10,16.8,0
7.28,478,8.6,16.8,0
8.76,315,8.3,16.8,0
8.33,493,7.4,16.8,1
8.96,1090,6.5,16.8,0
8.38,402,22,16.7,0
8.1,475,15,16.7,0
7.77,611,14,16.7,1
8.29,475,14,16.7,0
8.8,504,13,16.7,1
8.16,594,12,16.7,1
8.82,2870,9.7,16.7,0
8.36,220,23,16.6,0
8.2,470,19,16.6,0
8.86,1440,15,16.6,0
8.87,1430,12,16.6,0
8.8,1880,5.1,16.6,0
9.04,1330,33,16.5,1
9.04,1330,33,16.5,1
7.98,450,18,16.5,1
7.4,471,16,16.5,0
8.5,434,16,16.5,0
9.09,5160,15,16.5,0
8.1,630,15,16.5,0
8,581,15,16.5,1
8.58,522,15,16.5,0
9.1,513,15,16.5,1
9.4,464,15,16.5,0
8.37,314,15,16.5,0
8.9,1070,12,16.5,0
8.58,742,9.8,16.5,1
8.27,433,15,16.4,0
8.59,434,14,16.4,1
7.9,559,12,16.4,1
8.98,226,5.5,16.4,0
8.24,586,17,16.3,0
8.23,264,17,16.3,0
9.01,229,17,16.3,0
10.7,414,16,16.3,1
8.3,466,15,16.3,0
8.8,938,11,16.3,0
8.77,1090,6.5,16.3,0
8.77,1090,6.5,16.3,0
8.7,1470,4.8,16.3,0
7.7,420,19,16.2,0
7.8,437,18,16.2,0
8.38,554,17,16.2,0
8.22,438,17,16.2,0
8.74,356,17,16.2,0
8.56,585,16,16.2,1
8.12,445,16,16.2,0
7.9,384,16,16.2,0
7.6,688,15,16.2,1
7.71,821,14,16.2,1
8.6,496,13,16.2,1
8.7,648,12,16.2,1
8.7,694,11,16.2,1
8.81,1320,9.2,16.2,0
8.3,397,22,16.1,0
10.9,378,16,16.1,1
7.74,822,12,16.1,1
7.56,798,9,16.1,1
8.16,164,70,16,0
8.16,164,70,16,0
8.74,670,21,16,1
9,1130,19,16,0
8.26,235,17,16,0
8.9,692,16,16,1
8.14,651,16,16,0
9.1,239,16,16,0
8.82,1220,15,16,0
8.83,592,14,16,1
7.88,442,12,16,0
8.43,487,11,16,1
8.43,487,11,16,1
9.16,340,11,16,1
8.28,703,9.9,16,1
7.9,961,23,15.9,0
8.2,614,19,15.9,0
7.4,615,18,15.9,0
8.1,623,16,15.9,0
8.52,283,15,15.9,0
8.86,1150,14,15.9,1
9.2,808,20,15.8,1
9,553,16,15.8,0
8.83,1270,15,15.8,0
8.84,1250,15,15.8,0
9.56,2510,13,15.8,0
7.86,618,13,15.8,1
8,581,13,15.8,1
8,1710,12,15.8,0
9.04,1010,12,15.8,0
8.6,1260,11,15.8,0
9.3,303,9.4,15.8,0
7.9,665,15,15.7,1
9.36,232,15,15.7,0
7.5,443,14,15.7,1
8.51,407,12,15.7,0
7.79,690,11,15.7,1
8.41,529,11,15.7,1
8.41,529,11,15.7,1
8.21,532,8,15.7,0
8.8,4920,4.7,15.7,0
8.99,772,18,15.6,1
8.98,361,17,15.6,0
8.38,373,16,15.6,0
8,378,15,15.6,0
8.2,511,13,15.6,0
8.3,743,11,15.6,1
7.92,340,9.9,15.6,0
9.03,1310,9.5,15.6,0
8.08,504,8.6,15.6,1
7.58,1100,18,15.5,1
7.72,645,18,15.5,0
9.31,402,14,15.5,1
8.3,716,9.8,15.5,0
7.8,877,8.6,15.5,0
8.74,7750,4.5,15.5,0
7.6,577,15,15.4,0
8.8,375,15,15.4,0
9.4,365,15,15.4,1
7.83,584,14,15.4,1
7.83,584,14,15.4,1
8.06,603,11,15.4,1
8.11,476,11,15.4,1
8.1,272,23,15.3,0
8.2,270,21,15.3,0
8,442,18,15.3,1
8.78,410,16,15.3,1
7.5,547,15,15.3,0
8.72,1250,11,15.3,0
8.94,378,11,15.3,1
8.7,563,9.5,15.3,1
8.29,382,8.5,15.3,1
8.2,648,7,15.3,0
8.2,272,22,15.2,0
9.1,488,21,15.2,1
8.81,487,21,15.2,1
8.51,584,20,15.2,1
8.48,395,16,15.2,0
8,821,15,15.2,0
8.2,518,15,15.2,0
9.1,384,15,15.2,0
8.8,381,15,15.2,0
8.58,429,13,15.2,0
8.52,1010,12,15.2,1
7.65,913,12,15.2,1
9.3,902,12,15.2,0
9.12,436,12,15.2,0
8.74,434,12,15.2,1
8.9,5690,11,15.2,0
7.6,594,11,15.2,1
9.2,223,14,15.1,0
9.2,480,13,15.1,0
8,427,13,15.1,1
8.8,676,12,15.1,0
8.43,397,10,15.1,0
8.13,619,15,15,0
7.84,459,15,15,0
7.84,459,15,15,0
9.5,633,14,15,0
9.36,562,12,15,0
9.28,232,12,15,0
8.72,293,10,15,0
7.27,392,8.2,15,0
9.4,814,7.1,15,0
9.2,349,6.6,15,0
8.3,309,18,14.9,0
8,588,14,14.9,0
9.3,258,11,14.9,0
7.8,1130,6.5,14.9,1
8.84,516,33,14.8,1
9.2,391,23,14.8,1
8.3,387,20,14.8,0
8.9,1040,16,14.8,1
8.89,588,15,14.8,1
8.68,1440,14,14.8,0
8.8,514,14,14.8,1
8.04,599,13,14.8,1
8.34,554,13,14.8,0
8.89,1190,12,14.8,0
8.89,1190,12,14.8,0
8.22,652,11,14.8,1
8.1,552,11,14.8,1
7.98,630,10,14.8,1
7.98,630,10,14.8,1
7.92,628,10,14.8,1
7.89,628,10,14.8,1
7.7,595,9,14.8,1
8.9,513,7.1,14.8,1
8.03,651,14,14.7,0
8.19,516,14,14.7,0
9.17,532,13,14.7,0
8.27,461,12,14.7,0
8.27,461,12,14.7,0
8.52,434,12,14.7,0
8.24,633,9,14.7,1
8.24,633,9,14.7,1
9.02,562,8.3,14.7,0
9.8,585,6.7,14.7,0
8.9,521,5.8,14.7,0
8.08,583,16,14.6,0
7.6,386,15,14.6,1
9.09,358,14,14.6,0
7.96,608,12,14.6,0
8.94,893,10,14.6,0
8.62,528,8.3,14.6,1
8.84,547,7,14.6,0
8.6,1450,6.7,14.6,0
8.1,646,6.1,14.6,0
8.7,1090,5.2,14.6,0
8.64,574,15,14.5,1
7.8,397,14,14.5,1
8.6,462,12,14.5,1
8.9,657,11,14.5,0
7.69,649,9,14.5,0
8.55,812,7.6,14.5,0
9.07,656,4.9,14.5,0
9.8,98,4.3,14.5,0
8.4,439,20,14.4,0
8.22,427,19,14.4,0
9.09,372,16,14.4,1
9.1,256,16,14.4,0
8.2,613,15,14.4,0
7.92,624,12,14.4,1
8.03,629,9.6,14.4,1
8.03,629,9.6,14.4,1
8.23,598,9.4,14.4,0
8.43,498,5.8,14.4,0
8.02,294,15,14.3,0
8.94,610,14,14.3,1
8.34,398,14,14.3,0
8.32,462,11,14.3,1
7.73,852,10,14.3,1
8.7,421,10,14.3,1
7.6,785,9.6,14.3,1
7.62,698,7.9,14.3,1
8.6,552,5.6,14.3,0
8.36,674,5.5,14.3,0
7.92,287,17,14.2,0
8.4,479,16,14.2,0
7.8,280,16,14.2,0
9.21,237,14,14.2,0
9.5,553,13,14.2,0
8.8,436,11,14.2,1
8.55,259,11,14.2,0
9.33,239,11,14.2,0
9.6,624,8.6,14.2,0
9.8,505,8.1,14.2,1
8.3,7980,7.8,14.2,0
8.86,394,6.7,14.2,0
8.1,546,2.5,14.2,0
8.31,428,26,14.1,1
8.56,576,14,14.1,1
8.53,531,14,14.1,1
8.53,531,14,14.1,1
9.1,543,9.8,14.1,1
8.8,1080,18,14,1
8.65,521,14,14,0
7.8,1090,13,14,1
9.24,504,13,14,1
8.74,271,13,14,0
8.38,645,12,14,0
8.36,362,12,14,0
9.6,545,11,14,1
7.95,362,11,14,0
8.44,530,10,14,1
8.44,530,10,14,1
8.35,465,9.7,14,0
8.44,689,9.2,14,1
8.7,1330,8.8,14,0
8.98,687,5.9,14,1
8.41,445,5.5,14,0
8.7,2060,5.2,14,0
8,312,17,13.9,0
8.1,373,16,13.9,0
8.14,638,12,13.9,1
8.14,638,12,13.9,1
8.48,526,11,13.9,1
8.45,443,11,13.9,0
8.6,692,9.9,13.9,0
8.8,1330,7.5,13.9,0
9.1,567,7.5,13.9,0
8.3,782,6.5,13.9,0
9.31,451,21,13.8,1
8.09,612,17,13.8,0
7.8,214,16,13.8,0
8.1,445,15,13.8,0
8.14,625,14,13.8,0
8.9,601,14,13.8,0
7.88,376,13,13.8,0
8.3,325,13,13.8,0
8.3,325,13,13.8,0
9.07,225,12,13.8,0
8.36,462,11,13.8,1
8.77,440,10,13.8,1
8.6,1640,8.1,13.8,0
8.82,1160,7.5,13.8,0
8.82,1160,7.5,13.8,0
8.73,598,7.2,13.8,0
8.08,234,6.8,13.8,0
8.64,510,4.9,13.8,0
8.93,7190,4.5,13.8,0
8.5,1080,3.9,13.8,0
8.53,1100,41,13.7,1
8.09,465,15,13.7,0
8.09,465,15,13.7,0
8.39,444,12,13.7,0
8.51,430,11,13.7,0
8.74,502,8.3,13.7,1
7.58,793,8.2,13.7,1
8.04,517,7.7,13.7,0
8.04,517,7.7,13.7,0
9.01,493,5.8,13.7,0
8.38,498,3.5,13.7,0
9.14,214,28,13.6,0
7.9,272,16,13.6,0
8.06,521,12,13.6,0
7.9,404,12,13.6,0
7.86,582,10,13.6,1
8.38,1730,9.7,13.6,0
8.62,1220,9.5,13.6,1
7.6,796,9.5,13.6,1
9.1,620,9.5,13.6,0
8.91,1370,6.5,13.6,0
8.5,485,5.5,13.6,0
8.67,304,4.4,13.6,0
9.24,387,24,13.5,1
9.6,383,21,13.5,1
9.03,511,13,13.5,0
7.96,601,11,13.5,1
8.1,430,11,13.5,1
7.8,395,11,13.5,0
8.9,1180,10,13.5,0
8.25,461,10,13.5,0
8.25,461,10,13.5,0
8.12,438,8.3,13.5,0
9.32,446,8,13.5,0
7.68,346,7.5,13.5,0
7.68,346,7.5,13.5,0
8.4,1210,7.4,13.5,0
8.32,197,21,13.4,0
8.23,265,18,13.4,0
8.26,415,17,13.4,0
8.56,376,16,13.4,0
8.12,337,15,13.4,0
8.55,321,15,13.4,0
8.39,305,15,13.4,0
8.45,430,14,13.4,0
7.9,264,14,13.4,0
8.56,1300,13,13.4,0
7.8,742,13,13.4,0
8.44,355,13,13.4,0
9.16,6840,12,13.4,0
7.84,645,12,13.4,1
7.84,645,12,13.4,1
7.68,578,12,13.4,1
8.11,599,11,13.4,1
7.68,615,10,13.4,1
8.42,430,10,13.4,0
8.12,402,10,13.4,0
8.21,517,9.7,13.4,0
8.21,517,9.7,13.4,0
8.2,329,7.8,13.4,0
8.83,274,6.7,13.4,0
9.95,602,17,13.3,1
8.28,333,15,13.3,0
9.26,216,14,13.3,0
7.96,645,13,13.3,1
9.17,579,13,13.3,0
7.81,394,13,13.3,1
9.42,209,13,13.3,0
7.96,591,12,13.3,1
7.96,591,12,13.3,1
8.91,1440,11,13.3,0
9.04,617,11,13.3,0
9,173,11,13.3,0
8,525,10,13.3,0
8.23,631,9.8,13.3,1
8.23,631,9.8,13.3,1
8.48,680,7.7,13.3,1
8.83,1330,7,13.3,0
10.08,492,6.2,13.3,0
9.22,816,4.5,13.3,0
8.4,239,18,13.2,0
8.46,333,16,13.2,0
7.7,203,15,13.2,0
10.37,200,15,13.2,0
8.98,268,13,13.2,0
8.13,608,12,13.2,0
9.4,607,12,13.2,0
7.84,642,11,13.2,1
8.49,1490,10,13.2,0
8.7,1540,9.9,13.2,0
7.5,666,9.2,13.2,1
8.21,595,8,13.2,1
9.13,486,7.5,13.2,0
9.4,630,6.4,13.2,0
8.92,603,6.4,13.2,0
8.8,636,6,13.2,0
8.1,430,18,13.1,0
9.2,377,18,13.1,1
8.6,359,13,13.1,0
7.7,642,9.4,13.1,1
8.71,399,8.2,13.1,0
8.52,677,6.6,13.1,1
9.42,269,6.3,13.1,0
8.2,341,75,13,0
9.31,434,27,13,0
9.31,434,27,13,0
7.9,462,17,13,1
9.26,214,15,13,0
8.32,289,11,13,0
9,338,10,13,0
9.16,311,8,13,0
9.12,454,7.6,13,0
8.75,671,7.4,13,0
9.35,468,7.2,13,0
9.49,450,6.7,13,1
8.68,473,6.3,13,0
8.2,462,5.4,13,0
8.2,462,5.4,13,0
8.36,1200,20,12.9,0
8.3,438,14,12.9,0
9.3,229,11,12.9,0
8.2,332,9.9,12.9,0
7.76,624,9.4,12.9,1
8.5,385,8.9,12.9,0
7.89,611,8.8,12.9,1
10,549,7.1,12.9,0
8.76,482,6.3,12.9,0
8.99,412,6.2,12.9,0
9.3,361,19,12.8,1
8.1,254,18,12.8,0
10.34,201,15,12.8,0
8.64,307,14,12.8,0
8.2,441,13,12.8,0
8.5,296,13,12.8,0
8.8,849,12,12.8,0
8.2,610,12,12.8,0
8.44,378,12,12.8,0
9.18,510,11,12.8,0
9.18,510,11,12.8,0
8.42,316,11,12.8,0
7.85,269,11,12.8,0
7.85,269,11,12.8,0
9.49,509,10,12.8,1
8.9,923,9.5,12.8,0
7.98,609,9.4,12.8,1
7.7,705,8.1,12.8,1
8.76,450,8.1,12.8,0
8.76,450,8.1,12.8,0
7.68,698,7.6,12.8,1
8.7,609,7.6,12.8,0
7.5,645,5.2,12.8,0
8.7,1740,5,12.8,0
8.73,155,3.7,12.8,0
8.43,544,12,12.7,1
8.43,544,12,12.7,1
9.93,302,12,12.7,0
7.4,2810,7.5,12.7,0
9.8,442,7.5,12.7,0
7.84,563,6.6,12.7,0
9.26,421,5.6,12.7,0
9.2,533,16,12.6,1
9.23,235,14,12.6,0
8,458,13,12.6,0
8.82,1370,12,12.6,0
7.4,583,11,12.6,1
7.97,427,9.5,12.6,0
7.97,427,9.5,12.6,0
8.66,445,8.7,12.6,1
8.72,668,7.9,12.6,1
9,5120,7.3,12.6,0
8.12,332,7.2,12.6,0
9.48,486,6.5,12.6,0
8.66,428,4.7,12.6,0
8.28,202,21,12.5,0
8.88,410,20,12.5,1
7.5,556,14,12.5,0
8.3,353,12,12.5,0
7.78,622,11,12.5,1
8.1,217,10,12.5,0
9.3,583,9.5,12.5,0
8.8,462,8.1,12.5,1
9.74,356,28,12.4,1
9.14,214,26,12.4,0
8.4,293,15,12.4,0
8.04,550,14,12.4,0
8.04,550,14,12.4,0
8.02,582,13,12.4,0
8.6,306,13,12.4,0
8.92,275,12,12.4,0
7.83,564,10,12.4,1
9.06,1150,8.6,12.4,0
8.02,749,8.5,12.4,1
8.4,4440,7.7,12.4,0
8,335,7.4,12.4,0
8,335,7.4,12.4,0
8.77,157,3.4,12.4,0
8.97,520,22,12.3,1
8.3,474,16,12.3,0
8.89,1060,14,12.3,0
8.5,425,13,12.3,0
8.17,345,13,12.3,0
8.32,270,13,12.3,0
8.3,331,12,12.3,0
8.53,308,12,12.3,0
8.9,1360,8,12.3,0
8.2,2720,7.7,12.3,0
8.78,1240,6,12.3,0
11,3120,5.8,12.3,0
8.3,450,23,12.2,0
8.14,418,16,12.2,0
7.8,742,14,12.2,1
8.4,402,13,12.2,0
8.53,370,12,12.2,0
9.26,238,12,12.2,0
8.1,495,10,12.2,0
8.45,425,9.6,12.2,0
9.08,254,8.9,12.2,0
7.7,493,8,12.2,1
8.36,410,7.4,12.2,0
8.78,441,6.9,12.2,1
8.63,2040,5.8,12.2,0
8.7,1340,3.9,12.2,0
8.6,424,16,12.1,0
8.7,348,15,12.1,1
8.54,378,13,12.1,0
7.84,562,11,12.1,1
7.5,582,10,12.1,1
8.26,679,8.8,12.1,1
8.26,679,8.8,12.1,1
9.04,302,4.3,12.1,0
8.4,440,21,12,0
8.2,268,17,12,0
8.19,379,13,12,0
8.09,313,13,12,0
8.3,347,12,12,0
8.97,1050,11,12,0
8.73,241,11,12,0
8.84,6410,10,12,0
7.75,635,9.4,12,1
8.2,514,8.8,12,1
8.09,525,8.3,12,0
8.09,525,8.3,12,0
8.93,656,7.7,12,0
8.8,1350,7.6,12,0
9.4,555,7.1,12,0
8.68,528,6.6,12,0
8.05,526,14,11.9,0
8.39,475,13,11.9,0
8.2,528,11,11.9,0
8.5,475,10,11.9,1
8.36,417,10,11.9,0
8.42,466,9.1,11.9,1
9.81,294,36,11.8,0
8.36,196,21,11.8,0
7.8,480,16,11.8,0
8.66,446,15,11.8,0
8.28,426,14,11.8,0
8.58,388,12,11.8,0
8.82,1210,11,11.8,0
8.26,495,9.2,11.8,1
8.17,515,8.5,11.8,1
8,539,7.3,11.8,0
8.8,1110,7.1,11.8,0
8.99,476,6.5,11.8,0
8.6,6970,6,11.8,0
8.56,574,15,11.7,1
8.57,738,12,11.7,0
7.9,739,11,11.7,1
8.56,326,11,11.7,0
8.56,326,11,11.7,0
8.4,556,8,11.7,1
8.4,556,8,11.7,1
9.1,382,7.7,11.7,1
8.78,3690,7.4,11.7,0
8.9,1040,6.3,11.7,0
8.6,434,5.8,11.7,0
8.81,1250,5.7,11.7,0
9.2,594,20,11.6,0
8.3,250,17,11.6,0
8.5,420,15,11.6,0
8.8,408,15,11.6,0
8.41,394,15,11.6,0
7.8,496,14,11.6,0
9.15,247,13,11.6,0
8.21,295,12,11.6,0
8.94,275,12,11.6,0
7.8,575,11,11.6,0
8.87,424,11,11.6,0
7.62,632,9.3,11.6,0
7.62,632,9.3,11.6,0
8.3,717,8.7,11.6,0
8.26,327,8.7,11.6,0
9.03,1190,8.1,11.6,0
8.7,536,7.5,11.6,0
8.3,539,7.3,11.6,1
7.9,578,7,11.6,0
7.92,628,5.7,11.6,0
8.4,661,5.6,11.6,0
8.16,438,4.8,11.6,0
8.9,349,20,11.5,1
8.4,581,15,11.5,0
8.8,319,14,11.5,1
8.6,424,13,11.5,0
8.02,298,13,11.5,0
8.28,304,12,11.5,0
8.06,503,11,11.5,0
9.4,426,11,11.5,0
8.08,372,11,11.5,1
8.1,496,9.6,11.5,0
7.72,710,9.1,11.5,1
8.59,336,9.1,11.5,0
8.3,636,7.8,11.5,1
8.3,636,7.8,11.5,1
7.64,738,6.9,11.5,1
9.4,3350,6.5,11.5,0
7.84,387,5.3,11.5,1
7.84,387,5.3,11.5,1
8.9,562,18,11.4,1
8.52,463,12,11.4,0
9.2,332,12,11.4,1
8.62,329,12,11.4,0
7.86,401,11,11.4,1
8.2,263,11,11.4,0
8.1,593,10,11.4,0
9.1,294,10,11.4,1
8.21,639,9.9,11.4,0
8.48,1240,9.8,11.4,0
9.12,1080,9.8,11.4,0
8.16,615,9.6,11.4,0
8.49,404,9,11.4,0
8.92,4600,8.9,11.4,0
8.96,388,8.3,11.4,1
8.56,459,7.3,11.4,1
8.15,563,6.4,11.4,0
8.15,563,6.4,11.4,0
9.1,226,4.8,11.4,0
9,236,20,11.3,0
8.26,312,12,11.3,0
8.34,1010,11,11.3,0
8.19,589,8.9,11.3,0
8.58,416,8.1,11.3,0
8.58,416,8.1,11.3,0
8.22,322,7.3,11.3,0
7.1,273,6,11.3,0
8.8,546,5.6,11.3,0
9.3,537,4.5,11.3,0
8.54,585,4.2,11.3,0
8.4,468,13,11.2,0
8.3,382,13,11.2,0
8.16,631,12,11.2,0
8.22,583,12,11.2,0
8.28,517,12,11.2,0
8.8,616,11,11.2,1
8.6,2700,10,11.2,0
8.3,603,10,11.2,0
8.4,312,10,11.2,0
8.4,312,10,11.2,0
8.92,1150,9.6,11.2,0
8.16,278,8.8,11.2,0
8.32,296,8.5,11.2,0
8.96,652,8.1,11.2,0
9,233,7.3,11.2,0
8.26,696,6.7,11.2,1
8.42,395,6.5,11.2,0
8.6,1420,5.9,11.2,0
7.8,560,5.9,11.2,0
8.9,347,5.9,11.2,0
8.96,279,5.8,11.2,0
8.96,279,5.8,11.2,0
9.36,267,5.3,11.2,1
8.06,164,55,11.1,0
8.06,164,55,11.1,0
8.2,271,16,11.1,0
9.14,388,15,11.1,1
9.14,388,15,11.1,1
8.36,378,15,11.1,0
8.36,378,15,11.1,0
8.04,245,15,11.1,0
8.38,574,12,11.1,1
9.52,642,10,11.1,0
8.38,432,10,11.1,0
8.37,312,10,11.1,0
8.37,312,10,11.1,0
8.9,466,9.5,11.1,1
7.94,468,8.2,11.1,1
8.05,505,7.8,11.1,1
7.72,1040,7,11.1,1
9.22,276,5.3,11.1,0
9.02,388,14,11,0
9.23,508,13,11,0
9.23,508,13,11,0
8.4,277,13,11,0
9.3,248,11,11,0
8.32,371,10,11,0
8.32,371,10,11,0
8.78,320,10,11,0
8,242,10,11,0
9.13,1290,9.9,11,0
8.66,1620,9.6,11,0
9.34,197,9.5,11,0
9.34,197,9.5,11,0
8.26,611,9.1,11,0
8.2,647,8.6,11,0
7.63,595,8.1,11,1
8.77,439,7.6,11,1
8.88,398,7.3,11,0
8.7,682,5.3,11,0
8.9,542,4.7,11,0
8.62,411,17,10.9,0
9.3,673,13,10.9,0
8.2,434,12,10.9,0
8.53,335,9.7,10.9,0
8.04,601,9.5,10.9,0
8.04,601,9.5,10.9,0
8.9,974,8.3,10.9,0
8.93,518,7.9,10.9,0
7.74,564,7.5,10.9,0
7.66,859,7.4,10.9,1
7.92,704,7.1,10.9,1
8.5,685,5.7,10.9,1
8.5,685,5.7,10.9,1
9.19,210,5.7,10.9,0
9.2,585,5.2,10.9,0
8.43,482,4.6,10.9,0
8.21,169,35,10.8,0
8.21,169,35,10.8,0
10,675,15,10.8,1
7.5,690,13,10.8,0
8.33,413,12,10.8,0
8.3,412,12,10.8,0
8.49,398,12,10.8,0
8.15,382,12,10.8,0
8.28,311,12,10.8,0
8.28,311,12,10.8,0
8.3,294,12,10.8,0
7.88,738,11,10.8,1
8.51,463,11,10.8,0
8.73,410,11,10.8,1
8.52,375,11,10.8,0
7.82,354,11,10.8,0
8.15,352,10,10.8,0
8.22,747,8.9,10.8,1
7.48,306,8.8,10.8,0
8.7,1710,8.7,10.8,0
7.6,400,7.8,10.8,0
8.7,1100,7.7,10.8,0
7.68,264,7.7,10.8,0
8.88,5910,4.5,10.8,0
9.3,666,3.8,10.8,0
8.04,166,50,10.7,0
8.04,166,50,10.7,0
9.07,352,19,10.7,1
9.07,352,19,10.7,1
8.15,560,15,10.7,0
9.73,565,14,10.7,0
8.86,598,13,10.7,1
8.3,440,13,10.7,0
8.62,1070,10,10.7,0
8.2,947,10,10.7,0
8.16,580,10,10.7,0
8.13,543,10,10.7,0
9.54,268,9.8,10.7,0
8.3,806,9.4,10.7,0
8.21,443,9.2,10.7,0
8.21,443,9.2,10.7,0
8.08,257,9.2,10.7,0
8.08,257,9.2,10.7,0
8.1,590,9,10.7,0
8.54,601,8.5,10.7,0
8.92,1170,8.3,10.7,0
9.21,224,8.3,10.7,0
8.18,512,8,10.7,1
9.3,216,7.7,10.7,0
8.8,1230,7.4,10.7,0
8.4,697,6.6,10.7,1
8.4,697,6.6,10.7,1
9.2,641,5.8,10.7,0
7.52,300,3.2,10.7,0
7.95,168,45,10.6,0
7.95,168,45,10.6,0
8.08,504,14,10.6,0
8.72,417,14,10.6,0
9.18,184,14,10.6,0
8.84,270,13,10.6,0
8.31,512,12,10.6,0
8.46,398,12,10.6,0
8.35,339,11,10.6,0
8.35,339,11,10.6,0
8.78,279,11,10.6,0
8.11,203,11,10.6,0
7.92,344,9.8,10.6,0
8.6,294,9.8,10.6,0
8.57,266,8.7,10.6,0
8.66,442,7.4,10.6,1
8.82,1090,6.7,10.6,0
9,611,6.1,10.6,0
8.82,311,1.5,10.6,0
8.76,318,1.2,10.6,0
9.14,403,16,10.5,0
8.7,876,15,10.5,0
9.14,1430,13,10.5,0
7.7,1700,10,10.5,0
8.39,280,9.8,10.5,0
9.41,179,9.8,10.5,0
9.41,179,9.8,10.5,0
8.37,521,9.7,10.5,0
9.1,499,9.7,10.5,1
8.44,472,9.6,10.5,0
8.1,395,9.4,10.5,0
8.04,254,9,10.5,0
7.76,580,8.4,10.5,1
7.66,517,8.1,10.5,0
8,564,7.7,10.5,1
8.77,2600,6.6,10.5,0
8.04,698,6.4,10.5,1
9.08,592,6.3,10.5,0
8.6,733,6,10.5,0
7.6,331,5.4,10.5,0
9.1,303,4,10.5,0
8.96,337,20,10.4,0
7.8,202,17,10.4,0
7.84,272,14,10.4,0
8.03,259,12,10.4,0
8.02,508,11,10.4,0
8.66,504,11,10.4,0
8.66,442,11,10.4,0
8.32,422,11,10.4,0
8.2,351,11,10.4,0
8.52,468,9.7,10.4,0
8.4,448,9.5,10.4,0
8.26,540,9.4,10.4,0
9.26,242,9.2,10.4,0
7.93,642,8.8,10.4,1
7.88,591,8.3,10.4,1
7.88,591,8.3,10.4,1
7.8,598,8.2,10.4,1
8.56,379,8.1,10.4,0
8.13,717,7.9,10.4,0
8.21,555,6.1,10.4,1
8.67,1090,5.9,10.4,0
8.67,1090,5.9,10.4,0
7.54,786,5.7,10.4,1
7.1,284,5.7,10.4,0
8.64,610,5.3,10.4,0
8.14,441,18,10.3,0
7.6,795,16,10.3,1
8.33,487,15,10.3,0
8.74,810,14,10.3,0
8.28,443,12,10.3,0
9.13,610,11,10.3,0
7.4,814,10,10.3,0
8.33,622,10,10.3,1
8.33,622,10,10.3,1
8.4,326,9.9,10.3,0
8.16,633,9.4,10.3,0
8.22,424,8.9,10.3,0
8.4,587,8.4,10.3,0
7.47,247,8.1,10.3,0
7.47,247,8.1,10.3,0
9.1,547,6.4,10.3,1
8.8,906,6,10.3,0
7.56,642,5.7,10.3,1
7.74,182,20,10.2,0
8.24,413,15,10.2,0
8.1,565,13,10.2,0
8.58,426,13,10.2,0
7.68,260,13,10.2,0
8.1,297,12,10.2,0
8.4,296,12,10.2,0
8.19,631,11,10.2,1
8.19,631,11,10.2,1
8.21,629,11,10.2,1
8.21,629,11,10.2,1
9.08,600,11,10.2,0
8.66,422,11,10.2,0
8.56,328,11,10.2,0
8.3,601,10,10.2,0
8.69,384,10,10.2,0
8.45,305,10,10.2,0
8.3,349,9.8,10.2,0
8.22,527,9.7,10.2,0
8.15,330,9.5,10.2,0
9.26,222,9.5,10.2,0
9.4,718,9.2,10.2,0
8.11,313,9.2,10.2,0
8.07,327,9.1,10.2,0
8.45,266,9.1,10.2,0
8.32,189,8.2,10.2,0
8.15,592,8,10.2,0
8.15,592,8,10.2,0
9.02,654,7.5,10.2,0
9.02,654,7.5,10.2,0
7.54,648,6.8,10.2,1
9,1530,6.2,10.2,0
9.32,351,5.7,10.2,0
8.8,410,5.6,10.2,0
8.8,272,5.3,10.2,0
8.6,548,4.8,10.2,0
8.6,576,4.3,10.2,0
8.7,1270,3.8,10.2,0
8.7,1300,2.9,10.2,0
8,190,20,10.1,0
8.6,438,13,10.1,0
8.25,370,13,10.1,0
8.25,370,13,10.1,0
8.4,275,13,10.1,0
8.2,427,12,10.1,0
7.6,368,11,10.1,0
9.17,119,11,10.1,0
9.17,119,11,10.1,0
8.72,430,10,10.1,0
8.36,305,9.9,10.1,0
8.5,562,9.4,10.1,0
7.74,634,8.1,10.1,1
7.6,599,8.1,10.1,0
8.82,435,7.8,10.1,0
8.4,1700,7.4,10.1,0
9,710,7.3,10.1,0
7.6,774,6.7,10.1,1
7.7,775,6.4,10.1,1
8.94,364,6,10.1,0
8.94,364,6,10.1,0
8.24,303,5.9,10.1,0
8.81,909,5.4,10.1,0
8.8,1120,4.9,10.1,0
8.45,307,13,10,0
8.72,417,12,10,0
8.3,352,12,10,0
7.5,232,12,10,0
9.46,193,12,10,0
9.46,193,12,10,0
8.4,652,11,10,0
8.18,602,10,10,0
7.8,593,10,10,0
8.62,312,10,10,0
8.65,423,9.9,10,0
8.28,342,9.8,10,0
8.12,608,9.7,10,0
8.21,607,9.6,10,0
8.6,432,9.6,10,0
8.29,344,9.5,10,0
9.37,221,9.3,10,0
7.68,580,9.2,10,1
8.44,359,9,10,0
7.5,855,8.8,10,0
7.8,578,8.6,10,0
8.12,633,8.1,10,0
8.08,508,7.7,10,0
7.4,610,7.5,10,0
8.02,520,6.7,10,0
8.02,520,6.7,10,0
8.8,968,5.8,10,0
8.61,1140,5.5,10,0
8.61,1140,5.5,10,0
8.8,1540,3.9,10,0
8.43,553,3.9,10,0
8.54,325,11,9.9,0
8.52,319,11,9.9,0
8.04,296,11,9.9,0
8.4,368,10,9.9,0
8.79,1090,9.3,9.9,0
8.12,571,9,9.9,0
8.07,605,8.9,9.9,0
9.35,484,7.8,9.9,0
8.74,633,7.7,9.9,0
9.18,216,7.4,9.9,0
7.85,626,6.9,9.9,0
8.38,293,6.1,9.9,0
8.62,543,5.3,9.9,0
7.84,186,17,9.8,0
8.06,520,11,9.8,0
9.33,236,11,9.8,0
8.28,303,10,9.8,0
9.5,765,9.7,9.8,0
9.2,260,9.7,9.8,0
8,225,9.6,9.8,0
9.2,538,7.9,9.8,0
9.2,321,7.6,9.8,1
9.38,227,7.6,9.8,0
8.26,330,7.5,9.8,0
7.4,566,7.4,9.8,1
8.23,593,7.3,9.8,0
8.24,424,7.2,9.8,0
7.84,553,7.1,9.8,0
8.46,371,7,9.8,0
8.4,350,6.9,9.8,0
9.14,243,6.9,9.8,0
8.23,612,6.4,9.8,0
9,633,5.2,9.8,0
8.84,5180,4.4,9.8,0
8.84,5180,4.4,9.8,0
8.29,280,2.4,9.8,0
8,189,17,9.7,0
8.41,506,12,9.7,0
8.2,487,12,9.7,0
8.2,487,12,9.7,0
8.22,457,9.9,9.7,0
8.8,310,9.5,9.7,0
8.46,342,9,9.7,0
7.97,751,8.9,9.7,1
8.76,287,8.9,9.7,0
7.8,570,8.8,9.7,0
8.5,505,8.4,9.7,0
8.7,462,8,9.7,1
8.09,598,7.9,9.7,0
8.68,228,7.5,9.7,0
8.68,228,7.5,9.7,0
8.26,252,7.1,9.7,0
8.26,252,7.1,9.7,0
7.49,263,16,9.6,0
8.5,408,12,9.6,0
8.2,333,12,9.6,0
8.18,293,11,9.6,0
8.56,428,9.9,9.6,0
8.5,344,9.9,9.6,0
7.4,677,9.6,9.6,0
9.24,224,9.5,9.6,0
8.32,444,9.4,9.6,0
8.32,444,9.4,9.6,0
8.06,435,9.2,9.6,0
9.84,247,9.2,9.6,0
8.1,293,9.1,9.6,0
8.31,2010,9,9.6,0
9.2,207,8.9,9.6,0
7.34,102,8.8,9.6,0
7.34,102,8.8,9.6,0
8.28,428,8,9.6,0
8.58,1850,7.8,9.6,0
9.3,414,7.6,9.6,1
7.9,558,7.4,9.6,0
7.56,648,6.9,9.6,1
8.26,94,6.7,9.6,0
8.26,94,6.7,9.6,0
7.92,292,6.6,9.6,0
7.9,689,6.4,9.6,0
9.14,268,6.1,9.6,0
8.1,7600,5.6,9.6,0
8.72,4040,5.5,9.6,0
8.8,585,5.5,9.6,0
7.7,658,5.1,9.6,0
8.62,570,4.3,9.6,1
9.36,273,3.1,9.6,0
8.75,426,13,9.5,0
8.3,422,13,9.5,0
9.26,233,12,9.5,0
9.06,751,11,9.5,0
8.44,346,11,9.5,0
7.94,295,9.8,9.5,0
8.52,1160,9.7,9.5,1
8.16,258,9.6,9.5,0
7.86,553,8,9.5,0
8.9,506,6.2,9.5,0
8.9,506,6.2,9.5,0
8.9,502,6,9.5,0
9.4,598,5.4,9.5,0
8.62,242,4.2,9.5,0
7.2,654,3.5,9.5,0
9.1,230,3.2,9.5,0
7.94,286,33,9.4,0
8,191,17,9.4,0
8.44,466,12,9.4,0
8.62,301,10,9.4,0
8.2,274,9.9,9.4,0
8.39,210,9.9,9.4,0
8.39,210,9.9,9.4,0
8.65,442,9.4,9.4,0
7.73,300,9,9.4,0
8.08,306,8.6,9.4,0
8.45,712,8.4,9.4,0
7.72,578,7,9.4,1
8.29,491,6,9.4,1
7.71,710,5.7,9.4,1
8.4,214,14,9.3,0
8.47,382,12,9.3,0
8.27,458,10,9.3,0
8.27,458,10,9.3,0
9.1,314,9.7,9.3,0
7.4,237,9.3,9.3,0
8.2,581,9,9.3,0
9,234,8.7,9.3,0
8.26,454,8.2,9.3,0
7.3,674,7.4,9.3,0
8.4,758,6.6,9.3,0
9.09,362,5.4,9.3,0
8.6,635,5.3,9.3,0
9.04,2550,5.2,9.3,0
8.97,328,5.2,9.3,0
8.18,241,4.7,9.3,0
9.7,152,3.3,9.3,0
9.43,273,2.9,9.3,0
7.8,269,21,9.2,0
8,191,19,9.2,0
8.08,238,16,9.2,0
8.04,453,13,9.2,0
8.1,466,11,9.2,0
8.39,1100,10,9.2,0
8,450,10,9.2,0
8.36,427,10,9.2,0
8.6,256,10,9.2,0
8.5,484,9.7,9.2,0
8.7,228,9.1,9.2,0
9.31,242,8.6,9.2,0
8.42,352,8.4,9.2,0
8.21,342,8.3,9.2,0
8.21,342,8.3,9.2,0
8.14,456,8.1,9.2,0
8.14,420,7.9,9.2,0
7.77,583,7.6,9.2,0
8.22,294,6.8,9.2,0
7.72,234,6.7,9.2,0
8.48,1100,6.1,9.2,0
8.48,1100,6.1,9.2,0
8.62,518,4.8,9.2,0
8.26,452,4.6,9.2,0
8.26,452,4.6,9.2,0
8.9,295,4.4,9.2,0
8.99,2420,4,9.2,0
8.5,238,11,9.1,0
7.62,750,10,9.1,1
8.62,267,9.6,9.1,0
8.38,378,9.2,9.1,0
8.75,270,8.9,9.1,0
9.1,214,8.6,9.1,0
8.17,541,8.5,9.1,0
8.69,287,8.2,9.1,0
7.83,611,7.4,9.1,1
7.7,416,7.1,9.1,1
9.1,315,6.8,9.1,0
8.71,406,6.4,9.1,0
8.36,540,6.2,9.1,0
8.36,540,6.2,9.1,0
8.3,651,5.9,9.1,0
8.21,570,5.7,9.1,0
8.37,352,5.3,9.1,0
9.22,542,13,9,0
8.06,298,13,9,0
8.58,456,11,9,0
7.93,438,11,9,0
9.31,362,10,9,0
8.33,289,10,9,0
8.2,260,10,9,0
8.69,666,9.8,9,0
8,407,9.6,9,0
8.7,636,9.5,9,0
8.4,446,9.3,9,0
8.9,473,8.9,9,0
8.2,350,8.7,9,0
8.38,360,8.5,9,0
8.21,455,8.4,9,0
9.28,250,8.1,9,0
8.52,295,6.6,9,0
8.52,295,6.6,9,0
7.3,596,6.3,9,1
7.95,770,6.2,9,0
7.95,770,6.2,9,0
8.4,1810,6.1,9,0
8.6,1130,6.1,9,0
9.17,425,5.8,9,0
9.3,255,5.8,9,0
8.76,274,5.6,9,0
8.8,282,5.4,9,0
8.03,485,4.4,9,0
8.6,1360,3.2,9,0
9.04,507,3.2,9,0
8.9,245,2.2,9,0
7.1,246,12,8.9,0
8.18,371,9.8,8.9,0
8.26,555,9.2,8.9,0
8.78,332,9,8.9,0
7.82,356,8.9,8.9,0
9.19,247,8.9,8.9,0
8.46,448,8.8,8.9,0
9.6,336,8.8,8.9,0
8.5,309,8.6,8.9,0
8.32,415,8.3,8.9,0
7.81,608,8,8.9,1
8.53,453,7.7,8.9,0
8.53,453,7.7,8.9,0
9.24,212,7.6,8.9,0
7.5,540,7.5,8.9,1
8.14,564,7.4,8.9,0
8.47,95,7.3,8.9,0
8.47,95,7.3,8.9,0
8.08,692,6.3,8.9,1
8.82,684,5.7,8.9,0
8.82,684,5.7,8.9,0
7.58,687,5.5,8.9,1
8.28,520,3.8,8.9,0
7.9,189,20,8.8,0
7.85,185,15,8.8,0
8.34,376,14,8.8,0
8.14,606,11,8.8,0
8.46,505,11,8.8,0
7.9,471,11,8.8,0
8.22,365,11,8.8,0
8.5,314,11,8.8,0
8.37,458,10,8.8,0
8.37,458,10,8.8,0
7.89,394,10,8.8,0
9.1,190,9.1,8.8,0
8.3,390,9,8.8,0
8.44,413,8.7,8.8,0
8.1,550,8.6,8.8,0
8.14,545,8.4,8.8,0
8.14,545,8.4,8.8,0
9.3,210,8.4,8.8,0
8.3,424,8.3,8.8,0
9.42,200,7.9,8.8,0
8.97,986,7.8,8.8,0
8.18,568,7.8,8.8,0
8.4,312,6.9,8.8,0
8.17,581,6.8,8.8,0
7.93,618,6.6,8.8,1
8.42,370,6.6,8.8,0
8.22,405,6,8.8,0
8.92,320,5.8,8.8,1
8.7,438,5.5,8.8,0
8.64,5720,5.3,8.8,0
8.64,5720,5.3,8.8,0
8.54,367,5.2,8.8,0
8.1,831,4.9,8.8,0
7.45,531,4.5,8.8,0
9.14,687,4.3,8.8,0
8.4,1380,2.7,8.8,0
8.36,566,12,8.7,1
8.46,241,11,8.7,0
8.5,415,10,8.7,0
8.7,377,10,8.7,0
8.06,295,9.6,8.7,0
7.9,723,9.3,8.7,1
8.2,294,9.2,8.7,0
9.56,149,9.2,8.7,0
8.34,581,9.1,8.7,1
8.42,325,8.7,8.7,0
8.42,325,8.7,8.7,0
8.76,1370,7.6,8.7,0
7.6,345,7.6,8.7,0
7.76,518,6.2,8.7,0
7.88,227,5.8,8.7,0
9.2,289,5.5,8.7,0
8.87,1110,5.4,8.7,0
8.21,311,5.1,8.7,0
8.21,311,5.1,8.7,0
7.9,631,4.9,8.7,0
7.79,662,4.5,8.7,0
7.88,423,4.4,8.7,0
8.02,188,16,8.6,0
8.06,329,14,8.6,0
8.2,310,14,8.6,0
8.5,354,13,8.6,0
9.05,644,12,8.6,0
8.36,436,9.6,8.6,0
9.42,226,9.3,8.6,0
8.32,444,9,8.6,0
8.57,383,8.8,8.6,0
8.3,513,8.7,8.6,0
8.74,270,8.7,8.6,0
7.99,297,8.6,8.6,0
8.5,361,8.4,8.6,0
9.31,253,8.1,8.6,0
8.65,415,7,8.6,0
8.4,266,7,8.6,0
8.31,360,6.7,8.6,0
8.31,360,6.7,8.6,0
7.74,579,6.6,8.6,1
8,297,6.4,8.6,0
8,297,6.4,8.6,0
7.54,376,5.9,8.6,0
8.76,177,5.8,8.6,0
7.65,592,5.3,8.6,1
8.22,496,4.7,8.6,1
8.6,1630,4.2,8.6,0
8.78,212,3.7,8.6,0
8.78,212,3.7,8.6,0
8.6,1460,3.6,8.6,0
9.48,266,2.5,8.6,0
8.43,214,12,8.5,0
8.44,324,11,8.5,0
8.4,320,11,8.5,0
8.22,346,10,8.5,0
8.48,427,9.9,8.5,0
8.23,300,9.9,8.5,0
8.23,300,9.9,8.5,0
8.19,364,9.7,8.5,0
9,181,8.7,8.5,0
9.4,194,8.4,8.5,0
8.21,549,7.9,8.5,0
8.21,549,7.9,8.5,0
9,646,7.7,8.5,0
8.6,263,7.4,8.5,0
8.42,476,7,8.5,0
8.74,423,6.7,8.5,0
8.7,340,6.6,8.5,0
8.92,236,6.2,8.5,0
7.54,692,5.7,8.5,1
8.26,580,5.4,8.5,0
8.66,320,5.2,8.5,0
8.6,1820,4.9,8.5,0
9.18,1050,4.5,8.5,0
8.56,348,3.9,8.5,0
8.56,348,3.9,8.5,0
8.82,292,3.7,8.5,0
8.16,484,3.3,8.5,0
7.94,181,18,8.4,0
7.97,160,14,8.4,0
7.97,160,14,8.4,0
8.3,578,13,8.4,0
8.3,423,11,8.4,0
8.6,308,10,8.4,0
9.61,298,10,8.4,0
7.85,439,9.7,8.4,0
7.91,318,9.7,8.4,0
8.9,239,9.3,8.4,0
8.98,363,9.1,8.4,0
7.8,727,8.9,8.4,1
7.98,546,8.8,8.4,0
7.11,102,8.8,8.4,0
7.11,102,8.8,8.4,0
8.31,345,8.6,8.4,0
8.48,466,8.5,8.4,0
8.53,312,8.5,8.4,0
9.22,255,8.5,8.4,0
9.33,240,8.4,8.4,0
7.51,236,8.3,8.4,0
8.2,512,8.1,8.4,0
8.15,256,8.1,8.4,0
8.7,390,8,8.4,0
8.2,518,7.9,8.4,0
9.06,274,7.8,8.4,0
8.28,497,7.5,8.4,0
8.89,452,7.4,8.4,0
8.89,452,7.4,8.4,0
8.6,934,7.3,8.4,0
7.84,645,6.9,8.4,1
7.84,645,6.9,8.4,1
8.3,596,6.6,8.4,0
9.02,397,6.6,8.4,0
8.09,619,6.5,8.4,1
8.16,551,6.5,8.4,0
8.16,551,6.5,8.4,0
8.4,3610,5.8,8.4,0
8.18,276,5.3,8.4,0
8.62,419,4.8,8.4,0
8.68,300,4.3,8.4,0
8.7,1210,3.8,8.4,0
8.7,1210,3.8,8.4,0
9.49,266,1.6,8.4,0
8.12,286,20,8.3,0
8.32,402,11,8.3,0
8.33,360,11,8.3,0
8.52,453,10,8.3,0
8.93,332,9.8,8.3,0
8.3,429,8.9,8.3,0
8.54,288,8.5,8.3,0
8.12,549,7.4,8.3,0
8.22,670,7.3,8.3,1
8.2,369,7.1,8.3,0
9.11,583,6.6,8.3,0
8.89,432,6.6,8.3,0
8.2,320,6.6,8.3,0
8.32,318,5.9,8.3,0
8.32,318,5.9,8.3,0
7.6,812,5.6,8.3,1
9.02,528,4.8,8.3,0
9.02,528,4.8,8.3,0
8.24,396,4.4,8.3,0
8.24,396,4.4,8.3,0
8.42,222,15,8.2,0
8.4,337,12,8.2,0
8.22,462,10,8.2,0
8.22,462,10,8.2,0
8.36,260,10,8.2,0
9.1,190,9.5,8.2,0
8.8,586,9.2,8.2,0
8.38,488,8.9,8.2,0
8.3,293,8.7,8.2,0
8.52,239,8.6,8.2,0
7.62,366,8.5,8.2,0
8.24,416,8.4,8.2,0
8.08,297,8.3,8.2,0
9.06,1390,8.2,8.2,0
9.53,637,8.1,8.2,0
9.82,242,8.1,8.2,0
8.1,252,7.9,8.2,0
8.84,1220,7.7,8.2,0
8.38,299,7.4,8.2,0
8.2,444,7.1,8.2,0
7.82,641,6.9,8.2,1
8.5,261,6.4,8.2,0
8.58,320,6.2,8.2,0
7.8,633,6,8.2,1
9.08,306,6,8.2,0
8.7,2120,5.6,8.2,0
8.7,270,5.2,8.2,0
8.7,256,5.2,8.2,0
9.38,1420,25,8.1,1
7.68,161,17,8.1,0
7.6,215,12,8.1,0
8.38,344,11,8.1,0
8.5,238,9.5,8.1,0
8.95,333,9.3,8.1,0
8.43,493,8.7,8.1,0
8.14,358,8.6,8.1,0
9.13,212,8,8.1,0
8.5,366,7.9,8.1,0
8.23,248,7.5,8.1,0
9.12,234,7.3,8.1,0
8.06,511,7.2,8.1,0
7.78,261,6.5,8.1,0
8.04,582,6.4,8.1,0
8.32,725,6.1,8.1,0
7.6,873,6,8.1,0
7.5,593,6,8.1,1
8.22,538,5.8,8.1,1
8.7,2130,5.5,8.1,0
8.02,615,5,8.1,0
7.9,556,4.9,8.1,0
8.6,867,4.5,8.1,0
9.27,255,4.4,8.1,0
9.27,255,4.4,8.1,0
8.13,545,4.3,8.1,0
8.57,396,4,8.1,0
8.98,245,3.9,8.1,0
8,357,3.2,8.1,0
8.53,630,3.1,8.1,0
8.58,495,3.1,8.1,0
9,147,2.4,8.1,0
8.86,250,1.7,8.1,0
8.67,242,9.5,8,0
8.1,481,9.2,8,0
8.26,375,9.1,8,0
8.02,322,9,8,0
8.13,683,8.9,8,0
8.1,272,8.6,8,0
8.14,222,8.4,8,0
8.14,222,8.4,8,0
8.2,338,8.3,8,0
8.2,338,8.3,8,0
8.04,297,8.3,8,0
8.92,1300,8,8,0
9.78,246,7.8,8,0
8.4,580,7.7,8,1
8.2,347,7.6,8,0
8.2,347,7.6,8,0
8.24,605,7.4,8,0
7.5,181,7.4,8,0
7.46,250,7.2,8,0
7.37,1000,7.1,8,0
7.37,1000,7.1,8,0
7.6,521,6.3,8,0
7.76,641,5.5,8,1
7.76,641,5.5,8,1
8.83,592,5.5,8,0
8.54,362,4.3,8,0
8.9,692,3.8,8,0
8.54,394,11,7.9,0
8.46,251,9.9,7.9,0
8.6,400,9.5,7.9,0
8.44,458,8.8,7.9,0
7.2,652,8.1,7.9,0
8.44,346,8.1,7.9,0
8.5,456,7.9,7.9,0
8.56,420,7.7,7.9,0
8.14,593,7.6,7.9,0
8.14,593,7.6,7.9,0
8.36,355,7.6,7.9,0
8.31,325,7.6,7.9,0
8.04,294,7.6,7.9,0
8.2,272,7.6,7.9,0
8.18,264,7.4,7.9,0
8.36,428,7.1,7.9,0
8.56,223,7.1,7.9,0
8.56,223,7.1,7.9,0
8.59,480,5.2,7.9,0
8.2,388,5,7.9,0
8.94,1100,4.9,7.9,0
8.94,1100,4.9,7.9,0
8.37,364,4.4,7.9,0
8.37,364,4.4,7.9,0
8.18,3920,4,7.9,0
8.07,599,3.9,7.9,0
8.68,560,2.6,7.9,0
8.82,308,1.9,7.9,0
8.8,348,14,7.8,1
8.06,184,14,7.8,0
8.48,468,11,7.8,0
8.36,339,10,7.8,0
9.21,232,10,7.8,0
8.04,489,9.2,7.8,0
8.7,201,9.2,7.8,0
8.3,273,8.8,7.8,0
7.79,365,8.4,7.8,0
8.3,286,8,7.8,0
8.3,1580,7.8,7.8,0
9.08,189,7.7,7.8,0
8.16,484,7.6,7.8,0
8.71,426,7.6,7.8,0
7.6,577,7.3,7.8,0
8.84,318,7.3,7.8,0
8.07,273,7,7.8,0
8.07,273,7,7.8,0
7.93,580,6.9,7.8,0
7.93,580,6.9,7.8,0
8.1,514,6.9,7.8,0
8.3,543,6.8,7.8,0
7.61,924,6.7,7.8,1
7.96,648,6.7,7.8,1
7.96,648,6.7,7.8,1
8.59,419,6.6,7.8,0
8.29,408,6.6,7.8,0
8.29,408,6.6,7.8,0
7.9,366,6.6,7.8,0
8.1,602,5.9,7.8,0
8.6,1130,5.5,7.8,0
8.39,462,5.2,7.8,0
8.44,429,5.2,7.8,0
8.6,377,5.1,7.8,0
8.76,1020,4.8,7.8,0
7.78,580,4.3,7.8,1
9.12,615,4.2,7.8,0
9.08,307,4.1,7.8,0
9.22,151,3.9,7.8,0
8.56,664,3.2,7.8,0
8.08,484,2.7,7.8,0
7.92,504,11,7.7,0
8.5,417,11,7.7,0
8.6,425,10,7.7,0
8.23,345,10,7.7,0
8.34,273,9.6,7.7,0
8.52,319,8.8,7.7,0
8.38,407,8.7,7.7,0
8.07,327,8.3,7.7,0
8,288,8.1,7.7,0
8.19,331,7.7,7.7,0
8.9,227,7.4,7.7,0
8.61,412,7.3,7.7,0
8.5,455,7.2,7.7,0
8.28,516,7,7.7,0
8.28,516,7,7.7,0
8.35,525,6.7,7.7,0
8.32,288,6.7,7.7,0
7.63,757,6.5,7.7,1
8.27,317,6.3,7.7,0
8.27,317,6.3,7.7,0
7.86,222,6.1,7.7,0
7.7,288,6,7.7,0
8.81,1100,5.5,7.7,0
8.6,498,5,7.7,0
8.3,381,4.7,7.7,0
8.56,543,4.6,7.7,0
9.2,304,3.9,7.7,0
9,222,3.1,7.7,0
9.23,178,1.7,7.7,0
9.23,178,1.7,7.7,0
8.43,365,17,7.6,0
8.02,167,13,7.6,0
8.02,167,13,7.6,0
7.95,158,13,7.6,0
7.95,158,13,7.6,0
8.44,378,12,7.6,0
8.9,368,11,7.6,0
8.48,245,11,7.6,0
7.59,448,10,7.6,0
8.3,406,9.9,7.6,0
8.34,364,9.8,7.6,0
9.58,127,9.5,7.6,0
8.15,288,9,7.6,0
7.62,245,8.9,7.6,0
8.1,538,8.6,7.6,0
8.24,371,8.6,7.6,0
7.6,522,8.4,7.6,0
8.2,278,8.2,7.6,0
8.16,260,8.2,7.6,0
9.02,240,8.2,7.6,0
8.64,294,8.1,7.6,0
8.91,256,8.1,7.6,0
8.37,540,7.9,7.6,0
8.34,492,7.9,7.6,0
8.44,362,7.8,7.6,0
8.54,268,7.8,7.6,0
8.18,293,7.7,7.6,0
8.3,338,7.6,7.6,0
9.16,405,7.4,7.6,0
7.7,252,7.4,7.6,0
8.1,267,7.2,7.6,0
8.84,281,7,7.6,0
8.1,245,7,7.6,0
8.4,320,6.9,7.6,0
8.4,474,6.8,7.6,0
8.83,975,6.7,7.6,0
8.24,475,6.6,7.6,0
8.58,420,6.6,7.6,0
8.46,450,6.4,7.6,0
8.72,333,6.4,7.6,0
8.2,538,6.2,7.6,0
8.09,242,6,7.6,0
8.2,462,5.7,7.6,0
9.05,249,5.2,7.6,0
7.91,624,4.9,7.6,1
8.3,399,4.9,7.6,0
8.22,372,4.8,7.6,0
9.18,212,4.6,7.6,0
9.23,210,4.6,7.6,0
8.8,7140,4.4,7.6,0
8.8,456,4.3,7.6,0
8.5,323,4.3,7.6,0
8.5,773,3.6,7.6,0
7.86,244,3.4,7.6,0
8.58,652,3.2,7.6,0
9.17,396,2.9,7.6,0
7.75,304,2.7,7.6,0
8.21,565,2.4,7.6,0
8.46,302,24,7.5,0
7.72,294,8.3,7.5,0
8.39,410,7.9,7.5,0
8.39,339,7.9,7.5,0
8.86,222,7.9,7.5,0
8.34,409,7.8,7.5,0
8.3,460,7.6,7.5,0
8.52,392,7.4,7.5,0
8.16,329,7.3,7.5,0
8.4,413,7,7.5,0
8.36,279,6.6,7.5,0
8.36,279,6.6,7.5,0
7.2,850,6.1,7.5,0
8.44,334,6.1,7.5,0
8.44,334,6.1,7.5,0
7.7,711,5.9,7.5,0
8.81,247,5.6,7.5,0
8.81,247,5.6,7.5,0
8.6,318,5.5,7.5,0
8.4,331,4.9,7.5,0
9.34,204,4.9,7.5,0
8.92,201,4.6,7.5,0
8.92,201,4.6,7.5,0
9.26,86,4.5,7.5,0
9.14,250,3.7,7.5,0
8.8,251,2.5,7.5,0
8.54,287,27,7.4,0
7.2,837,18,7.4,0
8.1,161,13,7.4,0
8.1,161,13,7.4,0
7.92,157,13,7.4,0
7.92,157,13,7.4,0
7.92,184,12,7.4,0
8.55,310,10,7.4,0
9,242,9.7,7.4,0
8.31,433,9.4,7.4,0
8.33,382,9.4,7.4,0
8.48,430,9.1,7.4,0
8.24,331,9,7.4,0
8.48,611,8.9,7.4,0
8.2,522,8.9,7.4,0
8.26,265,8.9,7.4,0
8.35,444,8,7.4,0
8,248,7.8,7.4,0
8.1,478,7.6,7.4,0
8.3,294,7.5,7.4,0
10,265,7.5,7.4,1
8.28,460,7.4,7.4,0
7.54,123,7.3,7.4,0
8.5,346,7.1,7.4,0
8.61,1110,6.8,7.4,0
8.49,458,6.8,7.4,0
8.38,1330,6.6,7.4,0
9.4,216,6.6,7.4,0
8.8,250,6.5,7.4,0
8.12,242,6.5,7.4,0
8.16,628,6.4,7.4,0
7.99,296,6.2,7.4,0
8.8,1270,6.1,7.4,0
9.04,225,5.7,7.4,0
8.9,301,5.6,7.4,0
8.3,371,5.5,7.4,0
8.6,358,5.2,7.4,0
8.82,377,5.1,7.4,0
8.17,610,4.8,7.4,0
8.57,332,4.8,7.4,0
8.7,1260,4.6,7.4,0
8.15,430,4.6,7.4,0
8.15,430,4.6,7.4,0
8.52,399,4.6,7.4,0
8.6,1270,4.1,7.4,0
8.32,528,4.1,7.4,0
8.7,1540,3.9,7.4,0
9.6,150,3.6,7.4,0
9.4,576,3.3,7.4,0
8.26,243,8.7,7.3,0
8.53,459,8.6,7.3,0
8.2,274,8.6,7.3,0
7.86,794,8.5,7.3,0
8.49,462,8.2,7.3,0
8.49,462,8.2,7.3,0
8,251,7.8,7.3,0
8.33,497,7.7,7.3,0
8.46,376,7.6,7.3,0
8.68,422,7.5,7.3,0
8.44,278,7.5,7.3,0
8.21,430,7.4,7.3,0
8.19,536,6.8,7.3,0
8,284,6.8,7.3,0
8.85,161,6.5,7.3,0
8.96,384,6.4,7.3,0
8.43,368,6.4,7.3,0
8.1,251,6.2,7.3,0
8.94,380,6,7.3,0
8.26,511,5.8,7.3,0
8.26,511,5.8,7.3,0
7.94,491,5.6,7.3,0
8,582,5.2,7.3,0
9,936,4.9,7.3,0
8.74,1050,4.6,7.3,0
9.14,214,4.6,7.3,0
8.88,276,4,7.3,0
8.29,402,3.7,7.3,0
8.29,402,3.7,7.3,0
8.6,287,3.5,7.3,0
8.2,582,2.9,7.3,0
8.52,441,12,7.2,0
7.64,181,11,7.2,0
7.64,181,11,7.2,0
7.86,298,10,7.2,0
8.18,680,9.7,7.2,0
8.36,242,9.7,7.2,0
8.84,1520,9.2,7.2,0
8.56,337,9,7.2,0
8.1,429,8.4,7.2,0
8.18,330,8.2,7.2,0
9.04,212,8.2,7.2,0
8.09,605,7.9,7.2,0
8.3,410,7.7,7.2,0
8.7,292,7.6,7.2,0
8.72,234,7.6,7.2,0
8.35,413,7.5,7.2,0
8.49,358,7.5,7.2,0
8.11,272,7.5,7.2,0
8.11,272,7.5,7.2,0
8.26,410,7.4,7.2,0
8.2,476,7.3,7.2,0
8.3,264,7.3,7.2,0
8.38,578,7.1,7.2,1
8.52,323,7,7.2,0
8.52,323,7,7.2,0
8.4,460,6.8,7.2,0
8.19,368,6.8,7.2,0
8.72,306,6.8,7.2,0
8.3,292,6.7,7.2,0
8.62,331,6.6,7.2,0
8.3,341,6.5,7.2,0
8.5,309,6.2,7.2,0
9.04,1260,6.1,7.2,0
8.5,324,6,7.2,0
8.24,202,6,7.2,0
8.74,1420,5.8,7.2,0
9.4,766,5.8,7.2,0
8.4,545,5.7,7.2,0
9.06,1470,5.4,7.2,0
8.41,397,5.4,7.2,0
8.41,397,5.4,7.2,0
8.04,501,5.2,7.2,0
8.3,652,5,7.2,0
8.1,321,4.8,7.2,0
7.91,289,4.8,7.2,0
7.56,693,4.5,7.2,1
7.68,534,4.4,7.2,0
7.68,534,4.4,7.2,0
8.7,1100,3.7,7.2,0
8.56,358,3.7,7.2,0
8.56,358,3.7,7.2,0
8.86,274,3.5,7.2,0
9.2,252,3.4,7.2,0
8.4,406,2.9,7.2,0
8.92,235,2.8,7.2,0
7.7,268,2.6,7.2,0
7.7,268,2.6,7.2,0
8.74,251,2.2,7.2,0
8.44,382,14,7.1,0
8.16,572,8.9,7.1,0
7.83,522,8.2,7.1,0
8.2,440,7.8,7.1,0
8.8,231,7.8,7.1,0
7.69,449,7.7,7.1,0
7.69,449,7.7,7.1,0
8.98,275,7.5,7.1,0
8.19,384,7.4,7.1,0
8.19,384,7.4,7.1,0
8.78,208,6.3,7.1,0
8.46,434,6.2,7.1,0
8.4,350,6.2,7.1,0
7.94,275,6.2,7.1,0
8.2,549,5.9,7.1,0
7.92,527,5.7,7.1,0
7.92,527,5.7,7.1,0
8.2,898,5.6,7.1,0
8.86,564,4.8,7.1,0
7.65,592,4.7,7.1,1
8.47,609,4.3,7.1,0
8.8,310,4,7.1,0
8.6,1360,3.8,7.1,0
8.6,1500,3.7,7.1,0
8.36,484,3.6,7.1,0
8.08,726,3.2,7.1,0
9.26,416,2.8,7.1,0
7.93,197,14,7,0
8.51,283,10,7,0
9.18,184,10,7,0
8.28,345,9.5,7,0
7.86,284,9.3,7,0
8.4,390,8.9,7,0
8.79,264,8.5,7,0
7.91,463,8.4,7,0
8.3,447,8.4,7,0
8.14,356,8.2,7,0
8.02,251,8.2,7,0
8.3,406,8.1,7,0
8.3,406,7.9,7,0
8.4,310,7.8,7,0
7.7,726,7.5,7,1
8.51,447,7.3,7,0
9.27,225,7.3,7,0
8.75,325,6.6,7,0
8.12,333,6.4,7,0
8.1,244,6.4,7,0
8.4,394,6.3,7,0
8.12,570,6.2,7,0
8.34,324,6.2,7,0
8.3,414,6.1,7,0
8.4,391,6.1,7,0
8.4,312,6.1,7,0
9,660,5.8,7,0
8.8,2030,5.7,7,0
8.44,400,5.6,7,0
7.9,744,5.5,7,0
9.08,305,5.4,7,0
8.04,515,5.2,7,0
8.04,515,5.2,7,0
8.73,308,5.2,7,0
8.82,274,5,7,0
8.02,511,4.9,7,1
8.3,406,4.8,7,0
7.89,278,4.6,7,0
8.6,1130,4.4,7,0
7.9,580,4.4,7,0
7.9,580,4.4,7,0
9.16,259,4.4,7,0
9.16,259,4.4,7,0
9.13,283,4.2,7,0
8.65,253,4.2,7,0
9.22,678,4.1,7,0
9,220,3.6,7,0
8.36,294,3.3,7,0
8.56,284,2.8,7,0
8.87,280,2.4,7,0
8.8,259,1.6,7,0
8.44,263,1.4,7,0
8.3,210,13,6.9,0
8.4,352,9.4,6.9,0
8.02,304,9.3,6.9,0
8.21,361,9,6.9,0
8.3,280,7.6,6.9,0
8.44,292,7.2,6.9,0
8.58,330,6.9,6.9,0
8.4,324,6.8,6.9,0
8.41,282,6.7,6.9,0
7.85,218,6.7,6.9,0
8.26,342,6.6,6.9,0
7.72,580,6.5,6.9,0
8.26,713,6.4,6.9,0
8.26,713,6.4,6.9,0
8.16,418,6.3,6.9,0
8.33,324,6.3,6.9,0
8.71,330,6.1,6.9,0
8.84,300,6.1,6.9,0
8.71,310,6,6.9,0
8.06,289,6,6.9,0
9.05,304,5.9,6.9,0
8.3,283,5.9,6.9,0
9.4,600,5.6,6.9,0
8.3,662,5.3,6.9,0
8.53,319,5.3,6.9,0
8.89,275,5.3,6.9,0
7.6,376,5.2,6.9,0
8.25,332,5.2,6.9,0
7.97,631,4.3,6.9,0
9.44,275,4.3,6.9,0
8.5,1320,4.1,6.9,0
8.32,425,4.1,6.9,0
8.32,425,4.1,6.9,0
9.2,254,4.1,6.9,0
8.47,367,4,6.9,0
9.17,176,2.8,6.9,0
8.76,359,2.4,6.9,0
8.9,237,1.2,6.9,0
7.42,183,17,6.8,0
10.37,203,16,6.8,0
8.58,211,13,6.8,0
8.56,463,9,6.8,0
8.56,463,9,6.8,0
8.2,458,8.5,6.8,0
8.48,438,8.4,6.8,0
8.3,352,8.3,6.8,0
8.52,230,8.3,6.8,0
8.72,378,8,6.8,0
8.64,244,7.9,6.8,0
8.4,272,7.7,6.8,0
8.26,349,7.6,6.8,0
8.26,349,7.6,6.8,0
8.54,310,7.3,6.8,0
8.28,339,7.2,6.8,0
8.08,602,7,6.8,0
8.2,428,7,6.8,0
8.46,280,6.9,6.8,0
8.31,584,6.8,6.8,0
8.5,314,6.8,6.8,0
8.56,296,6.7,6.8,0
8.11,304,6.6,6.8,0
8.28,392,6.5,6.8,0
8.1,714,6.4,6.8,0
8.08,330,6.4,6.8,0
8.88,276,6.4,6.8,0
8.6,314,6.3,6.8,0
8.54,306,6.3,6.8,0
8.79,189,6.3,6.8,0
8.8,290,6.2,6.8,0
8.17,587,6.1,6.8,0
8.3,461,6.1,6.8,0
8.18,357,6.1,6.8,0
8.44,368,5.7,6.8,0
8.61,329,5.3,6.8,0
8.61,329,5.3,6.8,0
8.32,491,5.1,6.8,0
8.36,354,4.9,6.8,0
8.9,301,4.9,6.8,0
8.53,309,4.4,6.8,0
8.74,1200,4.2,6.8,0
8,323,3.5,6.8,0
8.61,523,3.4,6.8,0
8.38,482,3.2,6.8,0
9.16,257,2.3,6.8,0
8.44,379,8.4,6.7,0
8.39,506,7.6,6.7,0
8.72,224,7.4,6.7,0
8.9,283,7.2,6.7,0
8.1,264,7.1,6.7,0
8.36,298,6.7,6.7,0
7.79,249,6.6,6.7,0
7.79,249,6.6,6.7,0
8.52,430,6.5,6.7,0
8.36,339,6.3,6.7,0
8.36,339,6.3,6.7,0
8.62,450,6.2,6.7,0
8.62,450,6.2,6.7,0
9.5,302,5.9,6.7,0
8.3,340,5.8,6.7,0
8.14,264,5.7,6.7,0
8.75,163,5.7,6.7,0
8.59,383,5.5,6.7,0
7.96,590,5.2,6.7,1
7.96,590,5.2,6.7,1
8.85,502,4.3,6.7,0
8.78,314,4.3,6.7,0
8.83,220,4.3,6.7,0
8.5,351,4,6.7,0
8.42,337,4,6.7,0
9.08,268,3.8,6.7,0
8.8,588,3.6,6.7,0
8,579,3.5,6.7,0
7,516,3.1,6.7,1
9.16,287,3.1,6.7,0
8.71,268,1.4,6.7,0
8.85,333,1.1,6.7,0
8.08,336,14,6.6,0
8,255,11,6.6,0
8.23,517,8.8,6.6,0
7.03,79,8.5,6.6,0
8.74,225,7.4,6.6,0
8.1,288,7.1,6.6,0
8.3,427,7,6.6,0
8.38,380,7,6.6,0
8.38,342,6.9,6.6,0
8.82,224,6.9,6.6,0
8.84,262,6.8,6.6,0
8.41,343,6.7,6.6,0
8.89,254,6.7,6.6,0
8.23,413,6.6,6.6,0
8.67,411,6.6,6.6,0
8.58,364,6.6,6.6,0
8.57,309,6.5,6.6,0
8.91,189,6.5,6.6,0
8.48,488,6.4,6.6,0
8.4,284,6.4,6.6,0
8.24,299,6.3,6.6,0
8.24,299,6.3,6.6,0
8.46,379,6.2,6.6,0
8.6,272,6.2,6.6,0
8.28,299,5.9,6.6,0
8.17,286,5.9,6.6,0
8.06,508,5.7,6.6,0
8.44,410,5.6,6.6,0
8.44,410,5.6,6.6,0
8.3,480,5.4,6.6,0
7.63,221,5.3,6.6,0
9.02,239,5,6.6,0
8.03,451,4.9,6.6,0
8.03,451,4.9,6.6,0
8.7,424,4.9,6.6,0
7.34,354,4.8,6.6,0
7.82,234,4.8,6.6,0
8.66,324,4.7,6.6,0
8.3,449,4.6,6.6,0
8.3,449,4.6,6.6,0
8.44,276,4.6,6.6,0
8.16,243,4.6,6.6,0
8.74,2400,4.5,6.6,0
9.26,228,4.4,6.6,0
8.58,927,4.2,6.6,0
8.86,217,4.2,6.6,0
8.86,217,4.2,6.6,0
7.8,568,4.1,6.6,0
8.2,747,4,6.6,0
9.49,255,3.9,6.6,0
8.94,194,3.9,6.6,0
8.94,194,3.9,6.6,0
8.33,600,3.4,6.6,0
7.24,390,3.4,6.6,0
8.16,508,3.1,6.6,0
9.06,184,2.4,6.6,0
8.3,410,1.7,6.6,0
8.85,250,1.6,6.6,0
7.32,143,1.2,6.6,0
8.2,210,12,6.5,0
7.97,405,8.2,6.5,0
8.4,374,8.1,6.5,0
8.4,364,7.7,6.5,0
8.22,461,7.5,6.5,0
8.2,271,7.3,6.5,0
8.6,464,6.7,6.5,0
8.6,464,6.7,6.5,0
8.66,364,6.7,6.5,0
8.84,510,6.6,6.5,0
8.84,510,6.6,6.5,0
8.2,242,6.6,6.5,0
7.86,348,6.5,6.5,0
8.56,291,6.5,6.5,0
8.19,221,6.4,6.5,0
8.49,542,5.8,6.5,0
9.3,223,5.5,6.5,0
8.45,305,5.4,6.5,0
8.38,261,5.3,6.5,0
8.38,261,5.3,6.5,0
8.26,776,4.8,6.5,0
8.7,703,4.7,6.5,0
8.31,452,4.6,6.5,0
8.31,452,4.6,6.5,0
8.6,609,4.5,6.5,0
8.32,512,4.4,6.5,0
9.02,231,4.1,6.5,0
8.86,460,4,6.5,0
8.8,390,4,6.5,0
8.51,290,4,6.5,0
8.92,272,4,6.5,0
9,322,3.4,6.5,0
8.5,316,2.3,6.5,0
8.75,668,1.9,6.5,0
9.02,198,1.7,6.5,0
9.02,198,1.7,6.5,0
8.42,412,14,6.4,0
8.33,283,14,6.4,0
7.68,246,12,6.4,0
8.1,315,11,6.4,0
7.9,241,8,6.4,0
7.94,263,7.9,6.4,0
8.34,284,7.5,6.4,0
9.06,217,7.3,6.4,0
8.6,405,7.1,6.4,0
8.55,314,7.1,6.4,0
8.02,308,6.9,6.4,0
8.02,308,6.9,6.4,0
8.64,248,6.8,6.4,0
8.8,230,6.8,6.4,0
8.14,615,6.7,6.4,0
8.16,512,6.7,6.4,0
8.34,297,6.7,6.4,0
8.82,410,6.6,6.4,0
8.38,490,6.4,6.4,0
8.5,405,6.4,6.4,0
8.5,348,6.4,6.4,0
8.21,282,6.4,6.4,0
8.11,261,6.4,6.4,0
8,245,6.4,6.4,0
8.86,322,6.2,6.4,0
8.8,242,6.2,6.4,0
8.99,275,6,6.4,0
8.23,392,5.9,6.4,0
8.32,530,5.8,6.4,0
9.1,466,5.8,6.4,0
7.72,220,5.8,6.4,0
8.2,468,5.7,6.4,0
8.6,323,5.7,6.4,0
8.5,320,5.7,6.4,0
8.6,316,5.7,6.4,0
8.7,277,5.7,6.4,0
8.5,456,5.5,6.4,0
8.4,397,5.5,6.4,0
8.41,426,5.3,6.4,0
8.4,412,4.9,6.4,0
8.21,369,4.9,6.4,0
8.2,338,4.9,6.4,0
8.88,259,4.7,6.4,0
8.36,424,4.2,6.4,0
8.18,502,4.1,6.4,0
8.18,502,4.1,6.4,0
8.12,426,4,6.4,0
8.12,426,4,6.4,0
8.05,450,3.5,6.4,0
8.77,297,3.4,6.4,0
8.5,1040,3.1,6.4,0
8.72,561,3,6.4,0
8.7,326,3,6.4,0
8.46,187,2.9,6.4,0
8.1,600,2.8,6.4,0
9.09,245,2.8,6.4,0
8.11,315,2,6.4,0
8.11,315,2,6.4,0
9.23,178,1.6,6.4,0
9.23,178,1.6,6.4,0
8.76,262,1.3,6.4,0
8.9,390,16,6.3,0
7.92,246,9.8,6.3,0
8.48,285,8.4,6.3,0
9.22,207,7.9,6.3,0
8.6,475,7.5,6.3,0
8.16,482,7.1,6.3,0
8.49,444,6.7,6.3,0
8.62,241,6.7,6.3,0
8.62,241,6.7,6.3,0
9.04,223,6.7,6.3,0
8.2,338,6.6,6.3,0
8.2,338,6.6,6.3,0
8.49,355,6.4,6.3,0
8.3,301,6.4,6.3,0
8.3,301,6.4,6.3,0
9.06,242,6.4,6.3,0
8.24,350,6.3,6.3,0
8.49,436,5.5,6.3,0
8.03,482,5.2,6.3,0
8.7,933,5.1,6.3,0
8.74,264,5.1,6.3,0
8.6,1270,4.9,6.3,0
7.69,456,4.6,6.3,0
8.5,511,4.4,6.3,0
8.9,1080,4.1,6.3,0
8.7,345,4,6.3,0
8.7,345,4,6.3,0
9.31,190,3.6,6.3,0
9.31,190,3.6,6.3,0
8.1,1100,3.4,6.3,0
7.6,640,2.1,6.3,0
7.6,248,2,6.3,0
7.6,248,2,6.3,0
8.87,236,1.3,6.3,0
8.36,388,11,6.2,0
8.66,321,8.9,6.2,0
7.92,460,8.7,6.2,0
8.14,258,8.4,6.2,0
8.26,337,8.2,6.2,0
8.12,294,7.8,6.2,0
8.12,294,7.8,6.2,0
8.18,534,7.7,6.2,0
8.3,259,7.7,6.2,0
8.3,317,7.5,6.2,0
8.3,280,7.5,6.2,0
8.29,383,7.3,6.2,0
8.29,383,7.3,6.2,0
8.1,715,7.2,6.2,0
8.08,540,7.2,6.2,0
8.66,298,7.2,6.2,0
8.3,281,7.2,6.2,0
8.4,307,7.1,6.2,0
7.9,372,7,6.2,0
8.24,442,6.9,6.2,0
8.92,240,6.9,6.2,0
8.43,445,6.8,6.2,0
8.26,401,6.8,6.2,0
7.9,514,6.7,6.2,0
8.8,269,6.7,6.2,0
7.78,250,6.6,6.2,0
7.78,250,6.6,6.2,0
8.2,556,6.4,6.2,0
8.56,396,6.4,6.2,0
8.6,320,6.4,6.2,0
7.9,182,6.4,6.2,0
8.7,423,6.3,6.2,0
7.3,86,6.3,6.2,0
8.41,385,6.2,6.2,0
8.84,266,6.1,6.2,0
8.5,387,6,6.2,0
8.5,380,5.9,6.2,0
8.52,378,5.9,6.2,0
8.94,259,5.9,6.2,0
7.96,372,5.7,6.2,0
8.2,497,5.6,6.2,0
8.28,360,5.6,6.2,0
8.28,360,5.6,6.2,0
9.5,218,5.6,6.2,0
8.96,217,5.6,6.2,0
8.64,822,5.5,6.2,0
8.64,822,5.5,6.2,0
8.78,284,5.5,6.2,0
8.24,536,5.4,6.2,0
8.64,356,5.4,6.2,0
9.11,216,5.4,6.2,0
8.41,401,5.3,6.2,0
8.11,514,5.2,6.2,0
8.11,514,5.2,6.2,0
8.39,345,5.2,6.2,0
8.1,308,5.1,6.2,0
8.31,347,4.6,6.2,0
8.71,663,4.5,6.2,0
8.89,305,4.5,6.2,0
8.89,305,4.5,6.2,0
8.03,525,4.4,6.2,0
8.5,1440,4.3,6.2,0
8.26,528,4.3,6.2,0
9.19,210,4.2,6.2,0
8.61,372,4,6.2,0
8.32,358,4,6.2,0
8.18,298,4,6.2,0
8.28,473,3.9,6.2,0
8.57,1580,3.8,6.2,0
8.57,1580,3.8,6.2,0
8.7,303,3.3,6.2,0
7.42,403,3.1,6.2,0
7.42,403,3.1,6.2,0
8.7,292,3.1,6.2,0
8.8,580,3,6.2,1
8.46,253,3,6.2,0
8.39,298,2.6,6.2,0
8.82,254,2.6,6.2,0
8.6,1450,2.5,6.2,0
8.5,410,2.3,6.2,0
8.9,230,2.3,6.2,0
8.66,626,8,6.1,0
8.66,626,8,6.1,0
8.07,503,7.6,6.1,0
8.59,232,7.5,6.1,0
8.4,362,7.2,6.1,0
8.06,384,7.1,6.1,0
8.6,310,6.9,6.1,0
8.34,374,6.8,6.1,0
8.3,466,6.5,6.1,0
8.45,377,6.3,6.1,0
8.34,332,6.3,6.1,0
8.34,332,6.3,6.1,0
7.95,276,6.3,6.1,0
9.11,236,6.2,6.1,0
8.2,623,6.1,6.1,0
8.4,560,6.1,6.1,0
8.6,233,6.1,6.1,0
8.87,1270,6,6.1,0
8.5,422,5.6,6.1,0
8.92,270,5.6,6.1,0
8.4,605,5.3,6.1,0
8.92,248,5,6.1,0
9.01,307,4.8,6.1,0
9.23,203,4.8,6.1,0
8.32,406,4.6,6.1,0
8.33,311,4.6,6.1,0
8.1,512,4.4,6.1,0
8.1,512,4.4,6.1,0
8.82,279,4.4,6.1,0
8.12,603,4.3,6.1,1
7.66,129,4.3,6.1,0
8.49,387,4.2,6.1,0
8.18,428,4,6.1,0
8.18,428,4,6.1,0
8.15,485,3.9,6.1,0
8.18,287,3.9,6.1,0
9.02,286,3.8,6.1,0
8.16,501,3.4,6.1,0
8.16,501,3.4,6.1,0
8.76,386,3.4,6.1,0
8.2,261,3.3,6.1,0
8.68,268,3,6.1,0
9,214,3,6.1,0
8.61,280,2.5,6.1,0
8.86,240,1.9,6.1,0
8.24,333,8.8,6,0
8.02,258,8.8,6,0
8.38,409,7.3,6,0
8.32,300,7.3,6,0
8.32,300,7.3,6,0
8.3,264,7.2,6,0
8.6,311,6.9,6,0
8.2,259,6.8,6,0
8.59,259,6.7,6,0
8.5,360,6.6,6,0
7.7,631,6.5,6,0
8.7,327,6.5,6,0
8.62,296,6.5,6,0
8.4,405,6.4,6,0
8.24,354,6.2,6,0
8,258,6.2,6,0
8.44,374,6.1,6,0
8.38,312,6.1,6,0
8.38,312,6.1,6,0
8.74,277,6.1,6,0
8.18,594,6,6,0
7.5,596,5.9,6,0
8.54,426,5.9,6,0
8.54,426,5.9,6,0
8.11,568,5.8,6,0
8.13,296,5.8,6,0
8.9,1170,5.7,6,0
8.3,333,5.7,6,0
8.22,303,5.6,6,0
9.3,770,5.5,6,0
8.19,472,5.5,6,0
8.41,403,5.4,6,0
8.5,354,5.4,6,0
8.52,317,5.4,6,0
8.38,399,5.3,6,0
8.8,535,5.2,6,0
8.53,381,5.1,6,0
8.55,284,5.1,6,0
9.07,201,5.1,6,0
8.4,688,5,6,0
9.2,210,5,6,0
9,210,5,6,0
8.78,389,4.9,6,0
8.24,370,4.9,6,0
8.54,294,4.9,6,0
8.32,556,4.7,6,0
8.42,453,4.7,6,0
8.42,453,4.7,6,0
7.8,619,4.6,6,0
7.68,321,4.6,6,0
8.26,269,4.5,6,0
8.61,656,4.2,6,0
8.29,436,4.2,6,0
8.67,307,4.2,6,0
8.56,295,4.2,6,0
8.56,295,4.2,6,0
8.44,374,4.1,6,0
8.6,2030,4,6,0
8.2,526,3.9,6,0
8.5,336,3.9,6,0
8.36,264,3.8,6,0
8.7,1380,3.7,6,0
7.72,548,3.7,6,0
7.72,548,3.7,6,0
8.96,195,3.7,6,0
8.96,195,3.7,6,0
8.9,477,3.6,6,0
9.08,235,2.7,6,0
9.46,179,2.5,6,0
8.78,271,2.4,6,0
9.23,183,2.2,6,0
9.23,183,2.2,6,0
9.22,177,1.8,6,0
9.22,177,1.8,6,0
8.4,399,1.7,6,0
8.56,396,8.5,5.9,0
7.92,460,8.1,5.9,0
8.46,448,8.1,5.9,0
7.94,266,7.6,5.9,0
8.05,293,7.3,5.9,0
8.05,293,7.3,5.9,0
8.6,302,7,5.9,0
8.1,488,6.9,5.9,0
8.28,362,6.7,5.9,0
8.51,247,6.6,5.9,0
8.53,394,6.4,5.9,0
8.5,427,6.3,5.9,0
8.5,427,6.3,5.9,0
8.64,322,6.3,5.9,0
8.17,352,6,5.9,0
8.04,278,6,5.9,0
8.4,418,5.9,5.9,0
8.2,324,5.8,5.9,0
8.2,324,5.8,5.9,0
8.73,252,5.8,5.9,0
8.82,272,5.7,5.9,0
8.57,298,5.4,5.9,0
8.4,421,5.3,5.9,0
8.82,274,5.3,5.9,0
8.13,643,5.1,5.9,0
8.74,359,4.7,5.9,0
8.63,458,4.6,5.9,0
8.76,387,4.4,5.9,0
8.55,354,4.4,5.9,0
8.25,608,4.3,5.9,0
9.18,317,4,5.9,0
8.22,393,3.7,5.9,0
8.22,393,3.7,5.9,0
8.69,431,3.6,5.9,0
7.42,406,3.6,5.9,0
7.42,406,3.6,5.9,0
9.1,263,3.6,5.9,0
9.1,263,3.6,5.9,0
8.66,430,3.5,5.9,0
9.04,230,3.4,5.9,0
8.8,281,3.2,5.9,0
8.96,241,3.2,5.9,0
8.52,367,3.1,5.9,0
8.56,262,2.3,5.9,0
8.75,333,0.85,5.9,0
9.14,545,13,5.8,0
9.14,545,13,5.8,0
8.46,239,13,5.8,0
8.08,338,12,5.8,0
9.36,586,11,5.8,0
8.46,422,11,5.8,0
8,188,7.9,5.8,0
8.89,455,7.4,5.8,0
8.34,392,7.2,5.8,0
8.18,292,7,5.8,0
8.4,270,6.8,5.8,0
8.36,379,6.7,5.8,0
8.88,216,6.6,5.8,0
8.54,395,6.4,5.8,0
8.15,292,6.2,5.8,0
8.15,292,6.2,5.8,0
9.23,226,6.2,5.8,0
8.29,283,6,5.8,0
8.13,473,5.9,5.8,0
8.6,250,5.9,5.8,0
8.22,287,5.7,5.8,0
8.08,230,5.7,5.8,0
8.6,598,5.6,5.8,0
7.3,488,5.6,5.8,0
8.11,517,5.5,5.8,0
8.11,517,5.5,5.8,0
8.4,346,5.5,5.8,0
8.47,308,5.5,5.8,0
8.56,293,5.5,5.8,0
8.02,561,5.4,5.8,0
8.38,374,5.4,5.8,0
8.38,374,5.4,5.8,0
8.8,320,5.4,5.8,0
8.35,289,5.4,5.8,0
8.35,289,5.4,5.8,0
8.24,342,5.3,5.8,0
8.66,284,5.3,5.8,0
8.66,284,5.3,5.8,0
8.56,288,5.2,5.8,0
9.21,307,5.1,5.8,0
8.96,336,4.9,5.8,0
8.96,336,4.9,5.8,0
8.8,280,4.9,5.8,0
8.59,335,4.8,5.8,0
8.97,247,4.8,5.8,0
8.06,425,4.7,5.8,0
8.06,425,4.7,5.8,0
8.52,294,4.7,5.8,0
8.92,215,4.7,5.8,0
9.5,211,4.7,5.8,0
7.88,749,4.6,5.8,1
8.48,346,4.6,5.8,0
8.29,342,4.5,5.8,0
7.78,296,4.5,5.8,0
7.78,296,4.5,5.8,0
8.1,260,4.5,5.8,0
8.67,1720,4.4,5.8,0
8.67,1720,4.4,5.8,0
8,268,4.4,5.8,0
8.6,238,4.4,5.8,0
10.99,357,4.1,5.8,0
10.99,357,4.1,5.8,0
8.59,349,4.1,5.8,0
8.59,349,4.1,5.8,0
8.61,177,4.1,5.8,0
8.69,320,4,5.8,0
8.48,376,3.9,5.8,0
8.95,317,3.9,5.8,0
8.38,304,3.9,5.8,0
8.6,1180,3.6,5.8,0
7.7,640,3.6,5.8,0
8.56,252,3.6,5.8,0
8.25,214,3.6,5.8,0
8.8,236,3.5,5.8,0
8.02,630,3.4,5.8,1
8.02,630,3.4,5.8,1
8.73,419,3.4,5.8,0
9.04,289,3.4,5.8,0
8.78,277,3.4,5.8,0
8.41,355,3.3,5.8,0
8.41,355,3.3,5.8,0
8.75,211,3.3,5.8,0
8.6,1230,3.2,5.8,0
8.96,286,3.1,5.8,0
8.46,255,3,5.8,0
9.2,250,2.8,5.8,0
9.2,250,2.8,5.8,0
8.13,242,2.6,5.8,0
8.63,375,2.5,5.8,0
8.57,304,2.3,5.8,0
8.57,304,2.3,5.8,0
7.77,414,2.2,5.8,0
7.77,414,2.2,5.8,0
8.7,270,1.9,5.8,0
8.34,326,1.5,5.8,0
8.5,214,1.5,5.8,0
8.5,214,1.5,5.8,0
8.81,248,1.4,5.8,0
8.42,222,14,5.7,0
8.02,295,6.6,5.7,0
9.42,250,6.4,5.7,0
9.42,250,6.4,5.7,0
8.94,308,6.1,5.7,0
8.58,303,6.1,5.7,0
9.12,292,6,5.7,0
8.3,560,5.9,5.7,0
8.2,264,5.9,5.7,0
8.19,412,5.8,5.7,0
8.7,336,5.7,5.7,0
7.5,288,5.7,5.7,0
8.2,459,5.6,5.7,0
8.33,343,5.6,5.7,0
8.88,215,5.5,5.7,0
7.7,667,5.4,5.7,0
8.53,422,5.4,5.7,0
9.4,264,5.4,5.7,0
8.92,236,5.4,5.7,0
8.36,325,5.3,5.7,0
8.66,307,5.3,5.7,0
8.66,307,5.3,5.7,0
8.43,370,5.2,5.7,0
8.43,588,5.1,5.7,0
8.44,392,5.1,5.7,0
8.42,338,5,5.7,0
7.81,317,4.9,5.7,0
8.84,372,4.8,5.7,0
8.66,1130,4.6,5.7,0
7.74,518,4.5,5.7,0
7.74,518,4.5,5.7,0
8.36,432,4.5,5.7,0
9.14,213,4.3,5.7,0
8.42,452,4.2,5.7,0
8.42,452,4.2,5.7,0
8.38,401,4.1,5.7,0
8.38,401,4.1,5.7,0
9.4,241,4,5.7,0
8.3,553,3.5,5.7,0
7.88,243,3.5,5.7,0
8.64,618,3.4,5.7,0
8.64,618,3.4,5.7,0
8.8,556,3.4,5.7,0
8.5,326,3.4,5.7,0
8.08,494,3.3,5.7,0
8.08,494,3.3,5.7,0
9.36,187,3.2,5.7,0
9.36,187,3.2,5.7,0
8.3,265,3.1,5.7,0
8.72,327,3,5.7,0
9.14,183,3,5.7,0
7.38,88,3,5.7,0
7.38,88,3,5.7,0
8.08,432,2.8,5.7,0
8.08,432,2.8,5.7,0
8.32,391,2.5,5.7,0
8.32,391,2.5,5.7,0
8.73,1040,1.9,5.7,0
8.84,245,1.6,5.7,0
9.22,180,1.6,5.7,0
9.22,180,1.6,5.7,0
8.8,263,1.5,5.7,0
7.7,187,9.8,5.6,0
8.3,414,8.3,5.6,0
7.43,229,8.2,5.6,0
8.58,436,7.7,5.6,0
8.09,401,7.4,5.6,0
8.28,369,7.4,5.6,0
8.2,241,7.3,5.6,0
8.16,247,7.1,5.6,0
8.54,309,7,5.6,0
8.55,378,6.8,5.6,0
8.2,407,6.6,5.6,0
8.93,217,6.6,5.6,0
8.27,276,6.4,5.6,0
8.9,244,6.4,5.6,0
7.6,215,6.3,5.6,0
8.56,247,6.2,5.6,0
8.33,476,6.1,5.6,0
7.92,232,5.9,5.6,0
8.28,282,5.8,5.6,0
8.38,358,5.7,5.6,0
8.26,350,5.7,5.6,0
8.2,545,5.6,5.6,0
8.03,413,5.6,5.6,0
8.03,413,5.6,5.6,0
8.5,344,5.6,5.6,0
8.2,465,5.5,5.6,0
8.65,407,5.4,5.6,0
8.32,369,5.4,5.6,0
9.07,295,5.4,5.6,0
9.18,280,5.4,5.6,0
8.45,310,5.3,5.6,0
8.45,310,5.3,5.6,0
9.06,255,5.3,5.6,0
8.57,184,5.3,5.6,0
8.31,565,5.2,5.6,0
8.8,690,5.1,5.6,0
8.58,310,5.1,5.6,0
8.6,652,5,5.6,0
8.65,355,5,5.6,0
8.83,288,4.9,5.6,0
8.54,370,4.8,5.6,0
9.3,200,4.8,5.6,0
8.44,424,4.7,5.6,0
8.53,1130,4.6,5.6,0
8.8,250,4.5,5.6,0
8.71,390,4.4,5.6,0
9.38,205,4.4,5.6,0
8.48,187,4.4,5.6,0
7.99,294,4.3,5.6,0
8.9,978,4.2,5.6,0
7.37,293,4.1,5.6,0
9.4,243,4.1,5.6,0
8.5,357,4,5.6,0
8.1,775,3.9,5.6,0
8.91,283,3.9,5.6,0
8.91,283,3.9,5.6,0
8.23,702,3.8,5.6,0
8.16,554,3.8,5.6,0
8.65,187,3.8,5.6,0
9.08,201,3.6,5.6,0
8.39,372,3.5,5.6,0
9.04,186,3.5,5.6,0
8.37,360,3.4,5.6,0
8.83,278,3.4,5.6,0
8.25,250,3.4,5.6,0
8.25,250,3.4,5.6,0
9.08,284,3.3,5.6,0
8.16,304,3.1,5.6,0
8.94,167,3.1,5.6,0
8.5,364,2.8,5.6,0
8.8,282,2.7,5.6,0
8.2,689,2.6,5.6,0
8.7,262,2.6,5.6,0
8.6,281,2.5,5.6,0
8.6,281,2.5,5.6,0
7.8,264,2.3,5.6,0
7.8,264,2.3,5.6,0
8.3,1170,2.1,5.6,0
8.82,356,1.9,5.6,0
8.62,229,0.7,5.6,0
8.3,171,7.9,5.5,0
8.51,455,7.6,5.5,0
8.23,337,6.4,5.5,0
8.23,337,6.4,5.5,0
7.96,302,5.8,5.5,0
8.06,251,5.8,5.5,0
9.19,302,5.7,5.5,0
8.06,485,5.6,5.5,0
8.28,280,5.6,5.5,0
8.18,280,5.6,5.5,0
8.33,498,5.4,5.5,0
8.6,254,5.4,5.5,0
8.42,286,5.2,5.5,0
8.88,242,5.1,5.5,0
8.6,454,5,5.5,0
8.38,377,5,5.5,0
8.1,322,5,5.5,0
8.38,470,4.8,5.5,0
8.62,389,4.8,5.5,0
7.98,564,4.7,5.5,0
7.98,564,4.7,5.5,0
8.93,303,4.5,5.5,0
8.36,449,4.4,5.5,0
8.91,1160,4.3,5.5,0
8.16,591,4.3,5.5,0
8.16,591,4.3,5.5,0
8.24,421,4.3,5.5,0
8.3,341,4.2,5.5,0
8.6,1260,4,5.5,0
8.63,261,4,5.5,0
8.9,226,4,5.5,0
8.9,226,4,5.5,0
8.7,220,4,5.5,0
9.04,706,3.9,5.5,0
8.96,337,3.9,5.5,0
8.96,337,3.9,5.5,0
8.34,262,3.7,5.5,0
8.34,262,3.7,5.5,0
8.58,619,3.6,5.5,0
8.61,314,3.3,5.5,0
8.7,594,3,5.5,0
9.14,215,3,5.5,0
9.14,215,3,5.5,0
8.74,293,2.9,5.5,0
9.02,292,2.9,5.5,0
8.6,293,2.8,5.5,0
8.6,293,2.8,5.5,0
8.6,318,2.7,5.5,0
8.09,602,2.6,5.5,0
8.18,308,2.6,5.5,0
8.18,308,2.6,5.5,0
7.84,464,1.9,5.5,0
8.8,257,1.7,5.5,0
8.84,332,1.6,5.5,0
8.39,232,14,5.4,0
9.3,175,9.4,5.4,0
8.26,408,8.5,5.4,0
8.9,253,7.6,5.4,0
8.94,119,7.5,5.4,0
8.94,119,7.5,5.4,0
8.23,358,7.3,5.4,0
8.5,299,7.2,5.4,0
8.3,273,7,5.4,0
8.43,409,6.8,5.4,0
8.44,372,6.7,5.4,0
8.22,296,6.5,5.4,0
8.22,296,6.5,5.4,0
8.26,272,6.3,5.4,0
8.87,258,6.3,5.4,0
8.46,357,6,5.4,0
8.34,352,6,5.4,0
8.16,286,6,5.4,0
8.2,186,6,5.4,0
7.88,649,5.9,5.4,0
8.28,351,5.9,5.4,0
8.13,396,5.8,5.4,0
8.58,393,5.8,5.4,0
8.52,366,5.8,5.4,0
8.26,330,5.8,5.4,0
8.34,338,5.7,5.4,0
8.38,257,5.5,5.4,0
8.38,257,5.5,5.4,0
8.21,511,5.4,5.4,0
7.7,450,5.4,5.4,0
7.7,450,5.4,5.4,0
8.59,362,5.4,5.4,0
8.46,243,5.4,5.4,0
8.56,389,5.3,5.4,0
8.47,372,5.3,5.4,0
8.23,285,5.2,5.4,0
8.23,285,5.2,5.4,0
8.88,269,5.2,5.4,0
8.1,262,5.2,5.4,0
9.21,255,5.2,5.4,0
8.06,546,5,5.4,0
8.09,1270,4.9,5.4,0
8.66,297,4.9,5.4,0
7.99,290,4.9,5.4,0
8.39,838,4.8,5.4,0
8.46,381,4.8,5.4,0
8.37,323,4.8,5.4,0
9.06,242,4.8,5.4,0
8.2,697,4.7,5.4,0
8.17,604,4.7,5.4,0
8.14,581,4.7,5.4,0
8.57,296,4.7,5.4,0
8.99,224,4.7,5.4,0
8.1,650,4.6,5.4,0
8.7,362,4.6,5.4,0
8.12,590,4.5,5.4,0
8.12,590,4.5,5.4,0
8.3,335,4.5,5.4,0
8.94,318,4.5,5.4,0
8.09,288,4.5,5.4,0
8.92,263,4.4,5.4,0
8.92,263,4.4,5.4,0
8.21,515,4.3,5.4,0
8.36,335,4.2,5.4,0
8.34,317,4.2,5.4,0
8.66,280,4.2,5.4,0
7.4,77,4.2,5.4,0
7.4,77,4.2,5.4,0
7.9,667,4.1,5.4,0
8.53,1340,4,5.4,0
8.86,310,4,5.4,0
7.51,237,4,5.4,0
9,210,4,5.4,0
7.11,74,4,5.4,0
8.8,1310,3.9,5.4,0
8.21,536,3.8,5.4,0
8.21,536,3.8,5.4,0
8.64,360,3.7,5.4,0
8.03,568,3.6,5.4,0
8.03,568,3.6,5.4,0
8.39,635,3.5,5.4,0
8.3,299,3.5,5.4,0
8.92,272,3.5,5.4,0
8.2,672,3.4,5.4,0
8.73,295,3.4,5.4,0
8.25,313,3.1,5.4,0
8.25,313,3.1,5.4,0
8.8,227,3.1,5.4,0
8.4,637,3,5.4,0
9.02,161,3,5.4,0
9.02,161,3,5.4,0
9,227,2.8,5.4,0
7.58,178,2.6,5.4,0
8.63,375,2.4,5.4,0
8.45,289,2.4,5.4,0
8.15,314,2.2,5.4,0
8.15,314,2.2,5.4,0
8.7,267,2.2,5.4,0
8.92,266,2.2,5.4,0
8.83,254,2.1,5.4,0
7.68,268,2,5.4,0
7.68,268,2,5.4,0
9.08,218,11,5.3,1
8,189,7.7,5.3,0
8.3,464,6.8,5.3,0
8.38,382,6.7,5.3,0
8.3,464,6.6,5.3,0
7.66,162,6.3,5.3,0
7.81,650,6,5.3,1
7.81,650,6,5.3,1
8.28,216,5.7,5.3,0
8.1,442,5.6,5.3,0
9.18,288,5.6,5.3,0
7.78,642,5.5,5.3,0
7.78,642,5.5,5.3,0
8.5,406,5.5,5.3,0
9.01,275,5.5,5.3,0
8.84,256,5.5,5.3,0
8.7,411,5.4,5.3,0
8.7,411,5.4,5.3,0
8.26,280,5.4,5.3,0
7.8,905,5.3,5.3,0
8.4,302,5.3,5.3,0
9.28,197,5.3,5.3,0
8.51,322,5.2,5.3,0
8.51,322,5.2,5.3,0
8.1,276,5.1,5.3,0
7.98,253,5.1,5.3,0
7.67,414,5,5.3,0
8.72,416,4.9,5.3,0
8,268,4.8,5.3,0
7.8,634,4.7,5.3,0
8.5,368,4.7,5.3,0
8.81,304,4.6,5.3,0
8.53,417,4.5,5.3,0
8.62,390,4.4,5.3,0
8.78,363,4.4,5.3,0
8.84,228,4.4,5.3,0
8.1,442,4.3,5.3,0
8.32,284,4.3,5.3,0
8.48,322,4.2,5.3,0
8.48,322,4.2,5.3,0
9.58,255,4.2,5.3,0
9.58,255,4.2,5.3,0
8.42,283,4.1,5.3,0
9.06,207,4.1,5.3,0
8.68,362,4,5.3,0
8.53,300,4,5.3,0
7.88,300,4,5.3,0
7.88,300,4,5.3,0
8.45,472,3.5,5.3,0
8.6,257,3.5,5.3,0
9.02,252,3.3,5.3,0
9.39,139,3.3,5.3,0
8.82,884,3.1,5.3,0
8.96,318,3,5.3,0
8.8,538,2.9,5.3,0
8,245,2.8,5.3,0
8.32,299,2.7,5.3,0
8.32,299,2.7,5.3,0
8,571,2.6,5.3,0
8.84,300,2.5,5.3,0
8.68,421,2.3,5.3,0
8.7,251,2.3,5.3,0
8.78,249,2.3,5.3,0
9.3,709,2,5.3,0
8.8,256,1.9,5.3,0
8.99,236,1.5,5.3,0
9,221,1.5,5.3,0
9.22,166,8.7,5.2,0
8.01,240,7.6,5.2,0
8,223,7.4,5.2,0
8.35,582,6.7,5.2,1
8.3,222,6.7,5.2,0
8.41,409,6.6,5.2,0
8.6,300,6.6,5.2,0
8.11,251,6.5,5.2,0
8.48,438,6.4,5.2,0
8.58,392,6.4,5.2,0
8.35,379,6.4,5.2,0
8.5,241,6.3,5.2,0
8.04,339,6.1,5.2,0
8.04,339,6.1,5.2,0
8.34,345,6,5.2,0
8.6,288,6,5.2,0
8.05,610,5.9,5.2,0
8.38,310,5.9,5.2,0
8.38,310,5.9,5.2,0
7.92,292,5.9,5.2,0
9.1,256,5.9,5.2,0
8.4,321,5.8,5.2,0
8,237,5.8,5.2,0
8.2,456,5.7,5.2,0
8.24,417,5.7,5.2,0
8.38,344,5.6,5.2,0
8.5,352,5.5,5.2,0
8.47,712,5.4,5.2,0
8.2,367,5.4,5.2,0
8.39,284,5.4,5.2,0
8.39,284,5.4,5.2,0
9.08,210,5.4,5.2,0
9.2,256,5.3,5.2,0
8.66,229,5.3,5.2,0
8.1,329,5.2,5.2,0
8.61,324,5.2,5.2,0
8.4,323,5.2,5.2,0
9.18,300,5.2,5.2,0
8.7,254,5.2,5.2,0
8.25,612,5.1,5.2,0
8.58,309,5.1,5.2,0
9.17,257,5.1,5.2,0
8.94,255,5.1,5.2,0
8.72,408,5,5.2,0
8.57,301,5,5.2,0
7,132,5,5.2,0
8.6,707,4.9,5.2,0
8.28,314,4.9,5.2,0
9.54,243,4.9,5.2,0
8.6,217,4.9,5.2,0
9.16,201,4.9,5.2,0
8.68,357,4.8,5.2,0
8.84,326,4.8,5.2,0
8.64,307,4.8,5.2,0
8.16,260,4.8,5.2,0
9.52,196,4.8,5.2,0
8.12,288,4.7,5.2,0
8.27,351,4.6,5.2,0
8.8,284,4.6,5.2,0
8.38,428,4.5,5.2,0
8.1,425,4.5,5.2,0
8.38,410,4.5,5.2,0
8.53,409,4.5,5.2,0
8.42,271,4.5,5.2,0
8.69,1670,4.4,5.2,0
8.51,371,4.4,5.2,0
7.75,296,4.4,5.2,0
7.75,296,4.4,5.2,0
8.37,274,4.4,5.2,0
8.06,445,4.3,5.2,0
8.72,389,4.3,5.2,0
8.9,262,4.2,5.2,0
8.9,262,4.2,5.2,0
8.5,515,4,5.2,0
8.58,316,4,5.2,0
7.06,85,3.5,5.2,0
8.8,556,3.4,5.2,0
8.59,284,3.4,5.2,0
8.68,186,3.4,5.2,0
9.36,168,3.4,5.2,0
8.22,213,3.3,5.2,0
8.81,337,3.2,5.2,0
8.7,269,3.2,5.2,0
8.98,284,3.1,5.2,0
8.98,284,3.1,5.2,0
9.24,182,3.1,5.2,0
9.24,182,3.1,5.2,0
8.28,328,3,5.2,0
8.83,302,2.9,5.2,0
8.69,258,2.8,5.2,0
8.89,289,2.6,5.2,0
8.4,170,2.6,5.2,0
8.7,1330,2.5,5.2,0
8.94,272,2.5,5.2,0
9.06,210,2.5,5.2,0
8.85,286,2.2,5.2,0
7.4,83,2.2,5.2,0
8.88,292,2.1,5.2,0
8.82,342,2,5.2,0
8.6,466,1.8,5.2,0
7.06,137,1.7,5.2,0
8.7,321,1.6,5.2,0
7.64,186,12,5.1,0
8.53,336,10,5.1,0
8.31,250,7.9,5.1,0
8.31,250,7.9,5.1,0
8.2,248,7.6,5.1,0
8.17,271,7,5.1,0
7.74,782,6.7,5.1,0
8.1,510,6.3,5.1,0
8.66,218,5.8,5.1,0
9.17,164,5.8,5.1,0
8.57,354,5.5,5.1,0
8.14,576,5.4,5.1,0
8.68,337,5.4,5.1,0
8.24,594,5.3,5.1,0
8.6,472,5.3,5.1,0
8.34,497,5.2,5.1,0
8.82,333,5.2,5.1,0
8.64,247,5.2,5.1,0
7.88,248,5.1,5.1,0
7.9,280,4.9,5.1,0
8.44,245,4.9,5.1,0
7.91,183,4.9,5.1,0
9.3,180,4.9,5.1,0
8.38,368,4.7,5.1,0
8.54,316,4.6,5.1,0
8.06,301,4.6,5.1,0
7.71,204,4.6,5.1,0
7.71,204,4.6,5.1,0
8.23,584,4.5,5.1,0
8.2,498,4.5,5.1,0
9.01,227,4.4,5.1,0
8.4,283,4.2,5.1,0
8.68,387,4.1,5.1,0
8.68,387,4.1,5.1,0
9.07,233,4,5.1,0
8.26,524,3.5,5.1,0
8.26,524,3.5,5.1,0
8.15,524,3.4,5.1,0
8.73,256,3.4,5.1,0
7.68,199,3.4,5.1,0
7.68,199,3.4,5.1,0
8.69,422,3.3,5.1,0
7.74,298,3.3,5.1,0
7.74,298,3.3,5.1,0
8.33,350,3.2,5.1,0
9,229,3.2,5.1,0
9.08,182,3.2,5.1,0
8.62,334,3.1,5.1,0
8.82,248,3.1,5.1,0
8.98,339,3,5.1,0
8.81,270,2.9,5.1,0
8.7,999,2.8,5.1,0
8.01,307,2.8,5.1,0
8.01,307,2.8,5.1,0
9,236,2.8,5.1,0
8.4,376,2.7,5.1,0
8.73,324,2.6,5.1,0
8.5,1440,2.5,5.1,0
8.6,347,2.5,5.1,0
8.09,297,2.5,5.1,0
8.9,224,2.5,5.1,0
8.77,350,2,5.1,0
8.31,318,2,5.1,0
8.84,310,2,5.1,0
8.7,242,2,5.1,0
8.74,313,1.6,5.1,0
8.79,310,1.6,5.1,0
8.01,259,13,5,0
8.75,261,7.9,5,0
8.75,261,7.9,5,0
8.56,436,7.5,5,0
8.21,398,7.2,5,0
8.4,323,6.8,5,0
8.02,486,6.7,5,0
7.98,525,6.5,5,0
7.98,525,6.5,5,0
8.86,217,6.5,5,0
8.7,225,6.4,5,0
8.25,399,6.1,5,0
8.19,215,6.1,5,0
8.1,446,5.9,5,0
8.6,421,5.9,5,0
8.7,424,5.7,5,0
8.52,259,5.5,5,0
8.68,353,5.4,5,0
8.1,348,5.4,5,0
8.54,387,5.3,5,0
8.4,302,5.3,5,0
8.55,440,5.2,5,0
8.55,440,5.2,5,0
8.12,398,5.2,5,0
9.54,252,5.2,5,0
9.54,252,5.2,5,0
8.7,651,5.1,5,0
8.64,439,5.1,5,0
8.41,313,5,5,0
8.41,313,5,5,0
8.2,704,4.9,5,0
8.74,296,4.9,5,0
8.65,311,4.7,5,0
8.15,296,4.7,5,0
8.15,296,4.7,5,0
8.32,576,4.5,5,0
8.75,358,4.5,5,0
8.92,232,4.5,5,0
9.46,194,4.5,5,0
8.66,460,4.4,5,0
8.21,519,4.3,5,0
9.09,227,4.3,5,0
7.94,571,4.2,5,0
7.94,571,4.2,5,0
8,550,4.2,5,0
7.98,578,4.1,5,0
8.3,399,4.1,5,0
8.55,354,4.1,5,0
8.72,293,4.1,5,0
8.2,270,4.1,5,0
8.13,251,4.1,5,0
8.9,250,4.1,5,0
8.48,318,4,5,0
8.48,318,4,5,0
8.4,312,4,5,0
7.38,239,4,5,0
8.34,409,3.8,5,0
8.63,308,3.8,5,0
8.86,285,3.8,5,0
8.86,285,3.8,5,0
9,266,3.8,5,0
8.64,244,3.8,5,0
8.64,244,3.8,5,0
8.29,840,3.7,5,0
8.26,462,3.7,5,0
8.47,390,3.7,5,0
8.62,334,3.5,5,0
8.76,258,3.5,5,0
8.46,481,3.4,5,0
8.5,416,3.4,5,0
8.44,266,3.3,5,0
8.72,216,3.3,5,0
8.44,287,3.2,5,0
8.41,270,3.2,5,0
8.26,251,3.2,5,0
9.13,292,3.1,5,0
9.22,280,3.1,5,0
9.04,222,3.1,5,0
8.5,272,3,5,0
9.18,304,2.9,5,0
8,265,2.9,5,0
8.5,3180,2.8,5,0
8.91,276,2.8,5,0
8.24,268,2.8,5,0
7.8,299,2.7,5,0
8.9,266,2.7,5,0
8.64,250,2.7,5,0
8.99,211,2.7,5,0
8.06,442,2.6,5,0
8.23,303,2.6,5,0
8.74,283,2.5,5,0
8.74,283,2.5,5,0
8.9,630,2.4,5,0
8.78,277,2.4,5,0
7.5,74,2.3,5,0
7.5,74,2.3,5,0
8.5,348,2.2,5,0
8.98,274,2.2,5,0
8.98,274,2.2,5,0
8.78,360,2,5,0
8.4,295,7.7,4.9,0
8.3,171,7.7,4.9,0
8.5,451,7,4.9,0
8.42,440,6.2,4.9,0
8.36,282,5.9,4.9,0
8.72,247,5.9,4.9,0
8.78,213,5.9,4.9,0
8.78,213,5.9,4.9,0
8.46,439,5.8,4.9,0
8.18,330,5.7,4.9,0
7.7,377,5.5,4.9,0
8.35,368,5.5,4.9,0
8.08,536,5.4,4.9,0
8.6,470,5.4,4.9,0
8.56,443,5.4,4.9,0
8.61,331,5.4,4.9,0
8.6,472,5.3,4.9,0
8.95,361,5.3,4.9,0
8.44,282,5.3,4.9,0
8.5,284,5.2,4.9,0
8.4,368,5.1,4.9,0
8.36,286,5,4.9,0
8.38,287,4.9,4.9,0
8.9,232,4.9,4.9,0
8.12,486,4.8,4.9,0
8.3,372,4.8,4.9,0
8.54,292,4.8,4.9,0
8.4,877,4.7,4.9,0
8.56,305,4.7,4.9,0
8.56,305,4.7,4.9,0
7.96,420,4.6,4.9,0
8.74,360,4.6,4.9,0
8.19,212,4.6,4.9,0
8.54,306,4.5,4.9,0
8.54,306,4.5,4.9,0
9.07,236,4.3,4.9,0
8.17,401,4,4.9,0
8.3,577,3.9,4.9,0
8.1,602,3.8,4.9,0
8.3,492,3.8,4.9,0
8.63,301,3.8,4.9,0
8.52,447,3.7,4.9,0
8.64,303,3.7,4.9,0
8,605,3.5,4.9,0
9,229,3.5,4.9,0
8,528,3.3,4.9,0
7.7,387,3.2,4.9,0
8.4,230,3.2,4.9,0
7.46,128,3.2,4.9,0
9.08,247,3.1,4.9,0
9.08,247,3.1,4.9,0
8.46,396,2.9,4.9,0
8.46,396,2.9,4.9,0
9.4,571,2.7,4.9,0
8.5,1360,2.6,4.9,0
8.86,276,2.6,4.9,0
8.86,276,2.6,4.9,0
8.6,172,2.6,4.9,0
9.5,172,2.4,4.9,0
8.82,306,2.3,4.9,0
8.47,367,2,4.9,0
7.9,79,1.5,4.9,0
9.19,91,8.4,4.8,0
7.62,217,7,4.8,0
8.3,170,7,4.8,0
8.57,324,6.1,4.8,0
8.2,452,5.9,4.8,0
7.83,237,5.8,4.8,0
8.61,434,5.7,4.8,0
8.61,434,5.7,4.8,0
8.5,290,5.5,4.8,0
8.67,228,5.4,4.8,0
7.63,223,5.4,4.8,0
7.7,195,5.4,4.8,0
8.39,438,5.3,4.8,0
8.39,438,5.3,4.8,0
8.3,409,5.2,4.8,0
8.18,450,5,4.8,0
8.18,450,5,4.8,0
8.48,378,4.8,4.8,0
8.3,340,4.8,4.8,0
8.82,336,4.8,4.8,0
8.27,320,4.7,4.8,0
9,292,4.7,4.8,0
8.8,290,4.7,4.8,0
8.22,213,4.7,4.8,0
8.3,739,4.6,4.8,0
8.41,430,4.6,4.8,0
8.5,242,4.6,4.8,0
8.9,232,4.6,4.8,0
8.92,212,4.6,4.8,0
8.55,1080,4.5,4.8,0
8.58,317,4.5,4.8,0
8.44,282,4.5,4.8,0
8.92,214,4.5,4.8,0
8.33,339,4.4,4.8,0
7.99,320,4.4,4.8,0
8.34,296,4.4,4.8,0
8.22,283,4.4,4.8,0
8.22,283,4.4,4.8,0
8.9,1460,4.3,4.8,0
8.38,420,4.3,4.8,0
8.2,2000,4.2,4.8,0
8.32,716,4.2,4.8,0
8.26,584,4.2,4.8,0
8.56,386,4.2,4.8,0
9.06,295,4.2,4.8,0
8.86,283,4.1,4.8,0
8.86,283,4.1,4.8,0
7.71,368,4,4.8,0
9.06,270,4,4.8,0
9.06,270,4,4.8,0
7.95,362,3.9,4.8,0
8.5,923,3.8,4.8,0
8.72,747,3.8,4.8,0
8.13,585,3.8,4.8,0
8.49,499,3.8,4.8,0
8.39,409,3.8,4.8,0
8.94,216,3.8,4.8,0
8.94,216,3.8,4.8,0
8.12,469,3.7,4.8,0
8.88,318,3.7,4.8,0
7.3,740,3.6,4.8,0
8.86,362,3.6,4.8,0
8.08,218,3.5,4.8,0
7.9,679,3.4,4.8,0
8.04,584,3.4,4.8,0
8.39,291,3.4,4.8,0
8.55,275,3.4,4.8,0
8.73,260,3.4,4.8,0
9.1,220,3.2,4.8,0
8.24,360,3.1,4.8,0
8.7,256,3.1,4.8,0
8.6,424,3,4.8,0
8.6,290,3,4.8,0
8.38,232,3,4.8,0
8.6,376,2.9,4.8,0
8.7,372,2.9,4.8,0
8.6,256,2.8,4.8,0
8.7,1060,2.7,4.8,0
8.1,641,2.6,4.8,0
8.48,364,2.6,4.8,0
8.87,269,2.6,4.8,0
9.14,214,2.6,4.8,0
9.14,214,2.6,4.8,0
8.58,346,2.5,4.8,0
8.91,287,2.5,4.8,0
8.45,270,2.5,4.8,0
8.67,257,2.5,4.8,0
8.66,254,2.5,4.8,0
8.16,595,2.4,4.8,0
8.52,365,2.4,4.8,0
8.23,213,2.4,4.8,0
8.4,384,2.3,4.8,0
8.9,236,2.3,4.8,0
8.4,396,1.9,4.8,0
9.36,164,1.8,4.8,0
8.94,286,1.6,4.8,0
8.14,206,1.6,4.8,0
9.64,432,16,4.7,0
7.49,160,13,4.7,0
8,186,10,4.7,0
8,215,8.1,4.7,0
8.47,371,7.7,4.7,0
8.2,402,6.6,4.7,0
7.88,161,6.6,4.7,0
8.76,243,6.5,4.7,0
8.59,431,5.9,4.7,0
8.59,431,5.9,4.7,0
8.38,356,5.8,4.7,0
8.55,425,5.7,4.7,0
8.55,425,5.7,4.7,0
8.3,276,5.7,4.7,0
8.22,258,5.3,4.7,0
8.1,282,5.2,4.7,0
8.6,297,5.1,4.7,0
8.26,478,4.9,4.7,0
8.1,433,4.8,4.7,0
8.44,342,4.8,4.7,0
8.24,259,4.8,4.7,0
8,612,4.7,4.7,0
8.3,384,4.7,4.7,0
8.25,373,4.7,4.7,0
8.96,275,4.7,4.7,0
8.96,275,4.7,4.7,0
8.84,273,4.7,4.7,0
8.65,186,4.7,4.7,0
7.8,653,4.6,4.7,0
8.18,275,4.6,4.7,0
8.32,482,4.5,4.7,0
8.75,420,4.5,4.7,0
8.55,345,4.5,4.7,0
8.78,328,4.5,4.7,0
8.51,441,4.4,4.7,0
9.1,215,4.4,4.7,0
8.47,302,4.3,4.7,0
8.18,270,4.3,4.7,0
8.18,485,4.2,4.7,0
8.1,293,4.2,4.7,0
8.61,260,4.2,4.7,0
8.61,260,4.2,4.7,0
8.62,240,4.2,4.7,0
8.62,240,4.2,4.7,0
8.4,337,4.1,4.7,0
8.9,236,4,4.7,0
8.6,1050,3.9,4.7,0
8.35,352,3.9,4.7,0
8.51,295,3.9,4.7,0
8.51,295,3.9,4.7,0
8.9,249,3.9,4.7,0
8.19,234,3.9,4.7,0
8.19,234,3.9,4.7,0
8.35,584,3.8,4.7,0
8.37,580,3.8,4.7,0
8.8,227,3.8,4.7,0
8.42,279,3.7,4.7,0
8.62,1740,3.6,4.7,0
8.62,1740,3.6,4.7,0
8.9,844,3.6,4.7,0
8.2,630,3.6,4.7,0
8.32,540,3.6,4.7,0
8.76,350,3.5,4.7,0
8.76,350,3.5,4.7,0
8.1,347,3.5,4.7,0
7.4,291,3.5,4.7,0
8.3,708,3.4,4.7,0
8.86,669,3.4,4.7,0
7.8,586,3.4,4.7,0
8.3,464,3.4,4.7,0
8.16,382,3.4,4.7,0
8.19,538,3.2,4.7,0
8.6,628,3.1,4.7,0
8.82,306,3,4.7,0
9.01,209,3,4.7,0
8.96,264,2.9,4.7,0
8.94,209,2.9,4.7,0
8.6,207,2.9,4.7,0
8.3,958,2.7,4.7,0
8.7,421,2.6,4.7,0
8.6,361,2.6,4.7,0
8.8,233,2.6,4.7,0
8.7,1230,2.4,4.7,0
8.58,379,2.4,4.7,0
8.96,285,2.4,4.7,0
8.7,327,2.3,4.7,0
8.9,228,2.3,4.7,0
7.9,342,2.2,4.7,0
8.69,2550,2,4.7,0
10.32,202,15,4.6,0
7.9,178,9.8,4.6,0
7.69,255,9.6,4.6,0
8.21,283,6.6,4.6,0
8.6,357,6.2,4.6,0
8.1,428,6,4.6,0
8.58,463,5.8,4.6,0
8.38,266,5.6,4.6,0
9.13,227,5.6,4.6,0
8.64,252,5.5,4.6,0
8.44,286,5.4,4.6,0
8.3,274,5.4,4.6,0
7.79,198,5.3,4.6,0
8.73,218,5.2,4.6,0
8.54,283,5.1,4.6,0
8.64,389,5,4.6,0
8.5,358,5,4.6,0
8.27,292,5,4.6,0
8.27,292,5,4.6,0
8.8,335,4.9,4.6,0
8.59,330,4.9,4.6,0
8.26,302,4.9,4.6,0
8.57,397,4.8,4.6,0
8.84,331,4.7,4.6,0
8.4,316,4.7,4.6,0
8.8,302,4.7,4.6,0
8,282,4.7,4.6,0
8.8,1300,4.6,4.6,0
9.08,292,4.6,4.6,0
8.92,226,4.6,4.6,0
8.09,636,4.5,4.6,0
8.39,319,4.5,4.6,0
8.39,319,4.5,4.6,0
9,1520,4.4,4.6,0
8.73,451,4.4,4.6,0
8.73,451,4.4,4.6,0
8.22,363,4.4,4.6,0
8.04,277,4.4,4.6,0
9.3,201,4.4,4.6,0
8.4,304,4.3,4.6,0
8.66,386,4.2,4.6,0
8.26,322,4.2,4.6,0
8.46,305,4.2,4.6,0
8.46,305,4.2,4.6,0
8.4,387,4.1,4.6,0
8.83,379,4.1,4.6,0
8.77,307,4.1,4.6,0
8.13,513,4,4.6,0
8.13,513,4,4.6,0
8.4,420,4,4.6,0
9.76,390,4,4.6,0
8.66,334,4,4.6,0
8.86,229,4,4.6,0
8.86,229,4,4.6,0
8.3,376,3.9,4.6,0
8.3,360,3.9,4.6,0
8.58,332,3.9,4.6,0
8.58,332,3.9,4.6,0
8.64,390,3.8,4.6,0
8.54,281,3.8,4.6,0
8.17,602,3.7,4.6,0
8.26,360,3.7,4.6,0
8.78,283,3.7,4.6,0
8.28,272,3.7,4.6,0
8.28,272,3.7,4.6,0
8.74,266,3.7,4.6,0
8.58,248,3.7,4.6,0
9.02,247,3.7,4.6,0
8.08,237,3.7,4.6,0
9.14,226,3.7,4.6,0
8.73,332,3.6,4.6,0
8,296,3.6,4.6,0
8,245,3.6,4.6,0
8.44,419,3.5,4.6,0
8.2,274,3.5,4.6,0
8.5,264,3.5,4.6,0
7.68,211,3.5,4.6,0
7.68,211,3.5,4.6,0
8.14,566,3.4,4.6,0
8.09,525,3.4,4.6,0
8.36,408,3.4,4.6,0
8.76,326,3.4,4.6,0
7.55,203,3.3,4.6,0
9,202,3.3,4.6,0
9,202,3.3,4.6,0
9.33,138,3.3,4.6,0
8.6,366,3.1,4.6,0
8.55,308,3.1,4.6,0
8.55,308,3.1,4.6,0
7.88,245,3.1,4.6,0
7.65,513,3,4.6,0
8.57,399,3,4.6,0
8.93,287,3,4.6,0
8.67,285,3,4.6,0
8.38,490,2.9,4.6,0
8.2,962,2.7,4.6,0
8.38,464,2.7,4.6,0
8.97,296,2.7,4.6,0
8.78,287,2.7,4.6,0
8.68,352,2.6,4.6,0
8.58,486,2.5,4.6,0
7.95,960,2.4,4.6,0
8.29,340,2.4,4.6,0
8.71,253,2.4,4.6,0
8.61,664,2.2,4.6,0
8.56,308,2.2,4.6,0
8.4,293,2.2,4.6,0
8.52,312,2,4.6,0
8.46,262,2,4.6,0
8.88,227,1.9,4.6,0
8.83,242,1.8,4.6,0
9.27,179,1.8,4.6,0
9.27,179,1.8,4.6,0
8.82,353,1.7,4.6,0
8.84,268,1.4,4.6,0
8.84,208,1.2,4.6,0
8.84,208,1.2,4.6,0
8.15,372,0.3,4.6,0
8.7,1260,14,4.5,0
8.06,227,8.2,4.5,0
8.28,319,7,4.5,0
8.36,467,6,4.5,0
8.12,430,6,4.5,0
8.33,286,5.7,4.5,0
7.55,252,5.5,4.5,0
8.19,404,5.3,4.5,0
8.34,257,5.3,4.5,0
8.34,257,5.3,4.5,0
8.46,244,5.3,4.5,0
8.5,182,5.3,4.5,0
8.58,246,5.2,4.5,0
8.46,427,5,4.5,0
8.46,427,5,4.5,0
8.6,305,5,4.5,0
8.58,490,4.9,4.5,0
8.26,341,4.8,4.5,0
8.13,340,4.7,4.5,0
8.86,253,4.6,4.5,0
8.79,243,4.6,4.5,0
8.9,235,4.6,4.5,0
8.94,221,4.6,4.5,0
8.2,360,4.5,4.5,0
8.66,357,4.5,4.5,0
9.08,354,4.5,4.5,0
8.24,258,4.5,4.5,0
8.98,243,4.5,4.5,0
8.38,1800,4.3,4.5,0
8.16,581,4.3,4.5,0
8.16,356,4.3,4.5,0
8.56,348,4.3,4.5,0
9.04,210,4.3,4.5,0
8.96,210,4.3,4.5,0
8.16,523,4.2,4.5,0
8.9,372,4.2,4.5,0
9.09,258,4.2,4.5,0
8.52,249,4.2,4.5,0
8.4,361,4.1,4.5,0
8.92,238,4.1,4.5,0
8.06,474,4,4.5,0
8.06,474,4,4.5,0
9.1,287,4,4.5,0
8.68,930,3.9,4.5,0
8.5,440,3.9,4.5,0
8.36,416,3.9,4.5,0
8.36,416,3.9,4.5,0
9.04,316,3.9,4.5,0
8.88,301,3.8,4.5,0
7.4,461,3.7,4.5,0
10.06,357,3.7,4.5,0
10.06,357,3.7,4.5,0
9.03,276,3.7,4.5,0
8.42,605,3.6,4.5,0
8.9,160,3.6,4.5,0
8.9,160,3.6,4.5,0
8.4,414,3.5,4.5,0
8.56,271,3.5,4.5,0
8.88,269,3.5,4.5,0
8.1,568,3.4,4.5,0
8.4,382,3.4,4.5,0
8.3,783,3.2,4.5,0
8.56,566,3.2,4.5,0
8.7,313,3,4.5,0
8.52,369,2.9,4.5,0
8.6,350,2.9,4.5,0
8.73,260,2.9,4.5,0
8.69,423,2.7,4.5,0
8.7,255,2.7,4.5,0
8.26,361,2.6,4.5,0
8.54,372,2.3,4.5,0
8.54,308,2.3,4.5,0
8.4,357,2.2,4.5,0
8.9,280,2.2,4.5,0
8.9,280,2.2,4.5,0
8.2,1060,1.9,4.5,0
8.55,376,1.8,4.5,0
8.87,244,1.8,4.5,0
8.62,353,0.35,4.5,0
8.1,342,9.4,4.4,0
8.15,283,6.6,4.4,0
8.55,431,6.3,4.4,0
8.55,431,6.3,4.4,0
7.9,238,6.2,4.4,0
8.52,451,6.1,4.4,0
8.13,239,6.1,4.4,0
8.64,451,6,4.4,0
8.34,388,6,4.4,0
7.6,295,5.9,4.4,0
8.1,267,5.8,4.4,0
7.5,247,5.8,4.4,0
7.76,470,5.6,4.4,0
8.2,454,5.4,4.4,0
8.44,285,5.4,4.4,0
8.3,275,5.4,4.4,0
8.8,314,5.3,4.4,0
8.48,261,5.1,4.4,0
8.3,518,5,4.4,0
8.54,406,4.9,4.4,0
8.34,299,4.9,4.4,0
8.1,447,4.8,4.4,0
8.14,338,4.6,4.4,0
9.05,248,4.6,4.4,0
8.3,422,4.5,4.4,0
8.3,348,4.5,4.4,0
8.13,330,4.5,4.4,0
9.04,298,4.5,4.4,0
8.91,289,4.5,4.4,0
9,247,4.5,4.4,0
8.6,1390,4.4,4.4,0
7.94,254,4.4,4.4,0
8.5,224,4.4,4.4,0
7.76,207,4.4,4.4,0
7.76,207,4.4,4.4,0
8.08,468,4.3,4.4,0
8.66,364,4.3,4.4,0
8.2,284,4.3,4.4,0
7.42,118,4.3,4.4,0
7.42,118,4.3,4.4,0
9.04,243,4.2,4.4,0
9.08,238,4.2,4.4,0
8.94,218,4.2,4.4,0
8.94,218,4.2,4.4,0
8.5,267,4.1,4.4,0
9.2,202,4.1,4.4,0
8.7,454,4,4.4,0
8.5,291,4,4.4,0
8.21,226,4,4.4,0
8.43,405,3.9,4.4,0
8.3,320,3.9,4.4,0
8.8,307,3.9,4.4,0
8.02,292,3.9,4.4,0
8.52,255,3.9,4.4,0
8.52,255,3.9,4.4,0
8.56,229,3.9,4.4,0
8.32,407,3.8,4.4,0
8.53,353,3.8,4.4,0
8.62,306,3.8,4.4,0
8.23,272,3.7,4.4,0
8.8,264,3.7,4.4,0
9.1,218,3.7,4.4,0
8.61,246,3.6,4.4,0
7.14,97,3.6,4.4,0
8.9,344,3.5,4.4,0
8.86,197,3.5,4.4,0
8.36,468,3.4,4.4,0
8.34,458,3.4,4.4,0
8.21,402,3.4,4.4,0
8.7,342,3.4,4.4,0
8.46,295,3.4,4.4,0
8.46,295,3.4,4.4,0
8.6,3620,3.3,4.4,0
8.1,589,3.3,4.4,0
8.4,220,3.3,4.4,0
8.68,376,3.2,4.4,0
8.68,376,3.2,4.4,0
8.76,283,3.2,4.4,0
8.76,283,3.2,4.4,0
8.48,272,3.2,4.4,0
8,428,3.1,4.4,0
8,428,3.1,4.4,0
7.83,322,3.1,4.4,0
8.52,252,3.1,4.4,0
8.5,413,3,4.4,0
8.92,241,3,4.4,0
8.24,392,2.9,4.4,0
8.24,392,2.9,4.4,0
9.1,292,2.9,4.4,0
9,235,2.9,4.4,0
8.48,154,2.9,4.4,0
8.6,456,2.8,4.4,0
8.26,342,2.8,4.4,0
8.3,320,2.8,4.4,0
8.89,277,2.8,4.4,0
8.28,400,2.7,4.4,0
8.48,385,2.7,4.4,0
8.46,384,2.7,4.4,0
8.47,326,2.6,4.4,0
8.47,326,2.6,4.4,0
8.95,308,2.6,4.4,0
8.95,308,2.6,4.4,0
8.88,240,2.6,4.4,0
8.72,1310,2.4,4.4,0
8.38,362,2.4,4.4,0
8.71,302,2.4,4.4,0
8.15,598,2.3,4.4,0
8.39,307,2.3,4.4,0
8.98,304,2.3,4.4,0
8.98,304,2.3,4.4,0
8.83,262,2.3,4.4,0
7.2,647,2.2,4.4,0
8.34,446,2.2,4.4,0
8.34,446,2.2,4.4,0
8.68,434,2.2,4.4,0
8.65,268,2.2,4.4,0
8.1,255,2.2,4.4,0
8.97,184,2.1,4.4,0
8.5,398,1.9,4.4,0
8.5,393,1.9,4.4,0
7.72,314,1.8,4.4,0
8.51,310,1.7,4.4,0
8.51,310,1.7,4.4,0
8.5,331,1.5,4.4,0
8.76,388,1.4,4.4,0
8.28,214,1.4,4.4,0
8.28,214,1.4,4.4,0
8.78,281,1.1,4.4,0
8.12,504,7,4.3,0
8.46,213,6.4,4.3,0
7.5,139,5.9,4.3,0
8.3,395,5.6,4.3,0
8.86,614,5.5,4.3,0
8.32,479,5.4,4.3,0
8,495,5.2,4.3,0
8.5,409,5.2,4.3,0
8.3,377,5.2,4.3,0
8.28,322,5.2,4.3,0
8.55,418,5,4.3,0
8.55,418,5,4.3,0
8.5,235,5,4.3,0
8.63,388,4.8,4.3,0
8.18,276,4.6,4.3,0
8.32,318,4.5,4.3,0
9.09,269,4.5,4.3,0
7.88,442,4.4,4.3,0
8.58,339,4.4,4.3,0
7.98,270,4.4,4.3,0
8.4,237,4.4,4.3,0
8.96,222,4.4,4.3,0
8.78,365,4.3,4.3,0
8.3,713,4.2,4.3,0
8.14,262,4.2,4.3,0
8.53,345,4.1,4.3,0
8.9,304,4,4.3,0
8.47,662,3.9,4.3,0
8.47,662,3.9,4.3,0
8.6,397,3.9,4.3,0
8.56,379,3.9,4.3,0
8.52,319,3.9,4.3,0
8.4,460,3.8,4.3,0
8.65,374,3.8,4.3,0
8.1,262,3.8,4.3,0
8.56,384,3.7,4.3,0
8.48,375,3.7,4.3,0
8.35,281,3.6,4.3,0
8.64,238,3.6,4.3,0
8.64,238,3.6,4.3,0
8.08,576,3.5,4.3,0
7.71,447,3.5,4.3,0
7.71,447,3.5,4.3,0
8.94,308,3.5,4.3,0
8.27,403,3.4,4.3,0
8.28,265,3.4,4.3,0
9.05,264,3.4,4.3,0
7.92,377,3.2,4.3,0
7.92,377,3.2,4.3,0
8.75,254,3.2,4.3,0
8.14,227,3.2,4.3,0
8.3,2860,3.1,4.3,0
8.87,286,3.1,4.3,0
8.9,1550,3,4.3,0
8.58,646,3,4.3,0
8.6,310,3,4.3,0
7.9,545,2.9,4.3,0
8.96,337,2.9,4.3,0
8.8,221,2.9,4.3,0
8.3,288,2.8,4.3,0
8.44,284,2.8,4.3,0
8.51,320,2.7,4.3,0
8.51,320,2.7,4.3,0
8.4,888,2.6,4.3,0
8.02,360,2.6,4.3,0
8.02,360,2.6,4.3,0
8.19,220,2.4,4.3,0
8.5,370,2.2,4.3,0
8.36,312,2.2,4.3,0
8.44,308,2.2,4.3,0
8.84,188,2.1,4.3,0
8.8,244,2,4.3,0
9.08,205,1.9,4.3,0
9.33,186,1.9,4.3,0
9.04,224,1.7,4.3,0
7.82,254,12,4.2,0
7.97,193,9.1,4.2,0
7.6,217,8,4.2,0
8,214,8,4.2,0
8.56,462,6.5,4.2,0
8.34,300,6.3,4.2,0
8.34,300,6.3,4.2,0
8.2,291,5.6,4.2,0
7.81,200,5.6,4.2,0
8.32,718,5.5,4.2,0
8.2,348,5.5,4.2,0
8.8,243,5.3,4.2,0
8.29,314,5.2,4.2,0
8.29,314,5.2,4.2,0
7.76,235,5.2,4.2,0
8.76,247,5.1,4.2,0
8.61,310,5,4.2,0
8.61,310,5,4.2,0
8.1,437,4.9,4.2,0
8.2,360,4.8,4.2,0
8.8,523,4.7,4.2,0
8.56,413,4.7,4.2,0
9.08,272,4.7,4.2,0
9.08,272,4.7,4.2,0
8.2,257,4.7,4.2,0
8.57,387,4.6,4.2,0
8.3,250,4.6,4.2,0
8.58,402,4.5,4.2,0
8.48,369,4.5,4.2,0
8.48,369,4.5,4.2,0
8.56,298,4.5,4.2,0
8.42,281,4.5,4.2,0
8.2,400,4.3,4.2,0
8.67,334,4.3,4.2,0
8.72,310,4.3,4.2,0
7.94,275,4.3,4.2,0
8.1,505,4.2,4.2,0
7.95,256,4.2,4.2,0
8.46,379,4.1,4.2,0
8.37,302,4.1,4.2,0
8.64,305,4,4.2,0
8,285,4,4.2,0
8.4,777,3.9,4.2,0
8.9,234,3.9,4.2,0
8.72,367,3.8,4.2,0
8.3,341,3.8,4.2,0
8.22,288,3.7,4.2,0
8.34,380,3.6,4.2,0
8.16,376,3.6,4.2,0
8.4,342,3.6,4.2,0
8.73,331,3.6,4.2,0
8.59,306,3.6,4.2,0
8.59,306,3.6,4.2,0
9.08,226,3.6,4.2,0
7.71,199,3.6,4.2,0
8.42,411,3.5,4.2,0
8.58,302,3.5,4.2,0
8.7,248,3.5,4.2,0
8.45,357,3.4,4.2,0
8.47,339,3.4,4.2,0
8.47,339,3.4,4.2,0
8.6,328,3.4,4.2,0
8.36,276,3.4,4.2,0
8.74,444,3.3,4.2,0
8.15,325,3.3,4.2,0
8.54,307,3.3,4.2,0
8.54,307,3.3,4.2,0
8.36,262,3.3,4.2,0
8.86,256,3.3,4.2,0
8.1,451,3.2,4.2,0
9.15,289,3.2,4.2,0
8.4,253,3.1,4.2,0
9.04,213,3.1,4.2,0
8.28,359,3,4.2,0
8.24,274,3,4.2,0
7.81,235,3,4.2,0
8.22,442,2.9,4.2,0
8.53,374,2.9,4.2,0
8.84,300,2.9,4.2,0
8.12,234,2.8,4.2,0
7.88,236,2.7,4.2,0
8.22,484,2.6,4.2,0
8.15,288,2.6,4.2,0
8.44,1180,2.5,4.2,0
8.44,1180,2.5,4.2,0
8.8,340,2.5,4.2,0
8.47,302,2.5,4.2,0
8.99,252,2.5,4.2,0
8.8,230,2.5,4.2,0
8.82,258,2.4,4.2,0
8.2,531,2.3,4.2,0
8.32,339,2.3,4.2,0
8.37,310,2.2,4.2,0
8.59,288,2.2,4.2,0
9.18,251,2.2,4.2,0
9.18,251,2.2,4.2,0
8.62,367,2.1,4.2,0
8.84,304,2.1,4.2,0
9.1,597,2,4.2,0
8.54,374,2,4.2,0
8.71,345,1.9,4.2,0
8.29,298,1.7,4.2,0
8.29,298,1.7,4.2,0
8.72,268,1.5,4.2,0
8.72,268,1.5,4.2,0
8.5,396,1.3,4.2,0
8.92,236,1.3,4.2,0
8.86,241,1.1,4.2,0
8.82,324,1,4.2,0
8.4,281,13,4.1,0
8.1,347,10,4.1,0
8.54,700,8.9,4.1,0
8.12,229,7.3,4.1,0
7.18,73,7.2,4.1,0
8.71,299,7,4.1,0
8.71,314,6.4,4.1,0
8.28,402,5.7,4.1,0
8.26,740,5.4,4.1,0
8.3,313,5.3,4.1,0
8.2,331,5.2,4.1,0
8.07,248,5.2,4.1,0
8.8,1740,5,4.1,0
8.4,508,4.9,4.1,0
8.22,432,4.9,4.1,0
8.54,313,4.9,4.1,0
8.48,343,4.8,4.1,0
8.6,312,4.8,4.1,0
8.66,236,4.8,4.1,0
8.58,415,4.7,4.1,0
9.05,312,4.7,4.1,0
8.9,302,4.7,4.1,0
8.26,330,4.6,4.1,0
8.36,326,4.5,4.1,0
8.83,320,4.5,4.1,0
8.55,289,4.5,4.1,0
8.35,455,4.4,4.1,0
8.42,368,4.4,4.1,0
8.5,324,4.3,4.1,0
8.38,408,4.2,4.1,0
7.98,250,4.2,4.1,0
8.25,316,4.1,4.1,0
8.76,230,4,4.1,0
8.62,302,3.9,4.1,0
8.86,264,3.9,4.1,0
9.03,604,3.8,4.1,0
8.29,365,3.8,4.1,0
9.38,281,3.8,4.1,0
8.4,347,3.7,4.1,0
8.07,298,3.7,4.1,0
8.4,350,3.6,4.1,0
8.57,232,3.6,4.1,0
8.2,465,3.4,4.1,0
8.32,366,3.4,4.1,0
8.58,214,3.4,4.1,0
9.02,212,3.4,4.1,0
8.88,194,3.4,4.1,0
8.26,464,3.3,4.1,0
9.02,350,3.3,4.1,0
7.76,236,3.3,4.1,0
7.78,113,3.3,4.1,0
8.47,409,3.2,4.1,0
8.4,383,3.2,4.1,0
8.32,377,3.2,4.1,0
8.46,256,3.2,4.1,0
8.6,219,3.2,4.1,0
8.62,334,3.1,4.1,0
8.3,334,3.1,4.1,0
8.14,538,3,4.1,0
8.36,280,3,4.1,0
8.8,246,3,4.1,0
8.18,391,2.8,4.1,0
8.23,305,2.8,4.1,0
8.17,273,2.7,4.1,0
8.91,304,2.6,4.1,0
8.2,289,2.6,4.1,0
8.7,246,2.5,4.1,0
8.98,244,2.5,4.1,0
7.9,731,2.2,4.1,0
8.66,257,2.2,4.1,0
8.78,308,2.1,4.1,0
8.78,308,2.1,4.1,0
8.66,327,2,4.1,0
8.63,323,2,4.1,0
8.63,323,2,4.1,0
8.48,350,1.9,4.1,0
8.48,350,1.9,4.1,0
8.81,269,1.9,4.1,0
8.81,269,1.9,4.1,0
8.84,272,1,4.1,0
7.88,223,6.5,4,0
8.23,284,6.3,4,0
8.3,476,5.5,4,0
8.1,257,5.5,4,0
8.4,186,5.4,4,0
8.2,341,5.3,4,0
8.46,291,5.1,4,0
8.31,271,5.1,4,0
8.17,469,4.8,4,0
8.46,346,4.8,4,0
8.55,328,4.8,4,0
8.44,232,4.8,4,0
8.46,206,4.8,4,0
8.6,350,4.7,4,0
8.8,295,4.7,4,0
7.9,241,4.7,4,0
8.4,235,4.7,4,0
8.4,320,4.6,4,0
8.56,273,4.6,4,0
8.72,319,4.5,4,0
8.46,292,4.5,4,0
8.54,300,4.4,4,0
8.56,330,4.2,4,0
8.59,317,4.2,4,0
8.75,284,4.2,4,0
7.8,255,4.2,4,0
9.44,253,4.2,4,0
8.96,217,4.1,4,0
9.02,173,4.1,4,0
8.72,341,4,4,0
8.06,297,4,4,0
8.3,285,4,4,0
9.52,265,4,4,0
9.52,265,4,4,0
8.33,264,4,4,0
7.1,231,4,4,0
8.16,208,4,4,0
8.2,588,3.9,4,0
8,263,3.9,4,0
8,263,3.9,4,0
8.66,218,3.9,4,0
8.32,488,3.8,4,0
8.64,336,3.8,4,0
8.3,276,3.8,4,1
8.62,274,3.8,4,0
8.7,270,3.8,4,0
8.9,251,3.8,4,0
8.63,248,3.8,4,0
8.9,224,3.8,4,0
9.16,222,3.8,4,0
8.85,197,3.8,4,0
8.61,281,3.7,4,0
8.41,294,3.6,4,0
9.1,173,3.6,4,0
8.88,287,3.5,4,0
8.06,285,3.5,4,0
7.8,275,3.5,4,0
9.05,236,3.5,4,0
8.8,230,3.5,4,0
8.44,480,3.4,4,0
8.61,427,3.4,4,0
8.61,427,3.4,4,0
8.5,366,3.4,4,0
8.09,341,3.4,4,0
8.6,331,3.4,4,0
8.04,271,3.4,4,0
8.64,251,3.4,4,0
8.94,204,3.4,4,0
8.94,204,3.4,4,0
7.93,182,3.4,4,0
7.99,524,3.3,4,0
8.52,399,3.3,4,0
8.74,362,3.3,4,0
8.48,293,3.3,4,0
8.48,213,3.3,4,0
9.12,208,3.3,4,0
8.1,563,3.2,4,0
7.78,291,3.2,4,0
7.78,291,3.2,4,0
8.82,240,3.2,4,0
8.88,236,3.2,4,0
7.9,598,3.1,4,0
8.64,376,3.1,4,0
8.97,338,3.1,4,0
8.8,298,3.1,4,0
8.69,294,3.1,4,0
8.39,420,3,4,0
7.7,320,3,4,0
8.15,283,3,4,0
8.15,283,3,4,0
8.8,271,3,4,0
8.69,265,3,4,0
8.4,2740,2.9,4,0
8.27,384,2.9,4,0
8.27,384,2.9,4,0
8.79,268,2.9,4,0
8.62,252,2.9,4,0
8,678,2.8,4,0
8.33,421,2.8,4,0
9.11,324,2.8,4,0
8.7,227,2.7,4,0
8.5,1030,2.6,4,0
8.1,505,2.6,4,0
8.1,505,2.6,4,0
8.02,308,2.6,4,0
8.5,288,2.6,4,0
8.7,283,2.6,4,0
8.83,274,2.6,4,0
8.83,274,2.6,4,0
9,213,2.6,4,0
8.32,310,2.5,4,0
8.96,296,2.5,4,0
8.86,269,2.5,4,0
9,506,2.4,4,0
8.7,423,2.4,4,0
8.56,374,2.4,4,0
8.78,326,2.4,4,0
8.38,292,2.4,4,0
8.62,262,2.4,4,0
8.36,302,2.3,4,0
8.6,272,2.3,4,0
9,240,2.3,4,0
9,240,2.3,4,0
8.5,416,2.2,4,0
8.7,346,2.2,4,0
7,144,2.2,4,0
7.08,139,2.2,4,0
8.67,343,2.1,4,0
8.67,343,2.1,4,0
8.98,305,2.1,4,0
8.98,305,2.1,4,0
7.2,141,2.1,4,0
8.54,721,2,4,0
8.39,422,2,4,0
8.39,422,2,4,0
8.2,420,2,4,0
8.58,352,2,4,0
8.6,302,2,4,0
9.04,184,2,4,0
8.1,555,1.8,4,0
8.54,323,1.8,4,0
8.96,304,1.6,4,0
8.8,256,1.6,4,0
8.53,100,1.6,4,0
8.53,100,1.6,4,0
8.56,312,1.5,4,0
8.56,312,1.5,4,0
8.55,268,1.5,4,0
8.4,389,1.3,4,0
8.43,388,1.3,4,0
8.8,227,1.3,4,0
8.8,227,1.3,4,0
8.72,381,1.1,4,0
8.04,228,8.1,3.9,0
8.48,427,6.9,3.9,0
8.3,273,5.6,3.9,0
8.62,342,5,3.9,0
10.07,141,4.9,3.9,0
8.6,447,4.7,3.9,0
8.58,171,4.7,3.9,0
8.58,171,4.7,3.9,0
8.2,251,4.5,3.9,0
8.62,388,4.4,3.9,0
8.6,443,4.3,3.9,0
8.14,311,4.3,3.9,0
9.61,189,4.3,3.9,0
8.31,318,4.2,3.9,0
8.34,384,4.1,3.9,0
8.48,307,4.1,3.9,0
8.2,296,4.1,3.9,0
8.34,362,4,3.9,0
8.19,284,4,3.9,0
8.14,274,4,3.9,0
9.05,247,4,3.9,0
8.16,367,3.9,3.9,0
8.4,532,3.8,3.9,0
8.46,375,3.8,3.9,0
8.74,364,3.8,3.9,0
8.13,296,3.8,3.9,0
7.8,252,3.8,3.9,0
8.72,544,3.7,3.9,0
8.4,392,3.7,3.9,0
8.08,438,3.6,3.9,0
8.56,321,3.6,3.9,0
8.68,281,3.6,3.9,0
8.8,573,3.5,3.9,0
8.33,398,3.5,3.9,0
7.96,284,3.5,3.9,0
8.92,221,3.5,3.9,0
8.45,333,3.4,3.9,0
7.86,315,3.4,3.9,0
8.8,266,3.4,3.9,0
8.89,258,3.4,3.9,0
8.87,252,3.4,3.9,0
8.62,346,3.3,3.9,0
8.44,271,3.3,3.9,0
8.7,304,3.2,3.9,0
8.63,302,3.2,3.9,0
7.94,281,3.2,3.9,0
8.36,268,3.2,3.9,0
8.54,253,3.2,3.9,0
8.6,250,3.2,3.9,0
8.53,328,3.1,3.9,0
8.68,268,3.1,3.9,0
8.71,474,3,3.9,0
8.9,245,3,3.9,0
8.6,1400,2.9,3.9,0
8.23,420,2.9,3.9,0
8.66,368,2.9,3.9,0
8.08,337,2.9,3.9,0
8.6,315,2.8,3.9,0
8.62,314,2.8,3.9,0
8.98,285,2.8,3.9,0
8.8,263,2.8,3.9,0
8.6,246,2.8,3.9,0
7.3,303,2.7,3.9,0
8.6,349,2.6,3.9,0
8.16,254,2.6,3.9,0
9.1,231,2.6,3.9,0
8.6,1020,2.5,3.9,0
8.04,784,2.5,3.9,0
8.67,271,2.5,3.9,0
9.09,255,2.5,3.9,0
8.2,515,2.4,3.9,0
7.88,412,2.4,3.9,0
7.43,405,2.4,3.9,0
7.43,405,2.4,3.9,0
8.7,248,2.4,3.9,0
8.98,210,2.3,3.9,0
8.98,210,2.3,3.9,0
8.58,339,2.2,3.9,0
8.77,253,2.1,3.9,0
8.86,256,2,3.9,0
8.6,356,1.9,3.9,0
8.62,315,1.8,3.9,0
8.56,340,1.7,3.9,0
8.4,466,1.6,3.9,0
8.73,360,1.4,3.9,0
8.7,250,0.6,3.9,0
7.96,190,10,3.8,0
8.2,315,9.2,3.8,0
8.28,430,6.4,3.8,0
8.28,430,6.4,3.8,0
7.98,195,6.4,3.8,0
8.5,340,5.8,3.8,0
8.56,464,5.3,3.8,0
8.16,369,5.3,3.8,0
8.16,369,5.3,3.8,0
8.53,382,5.1,3.8,0
8.56,334,5.1,3.8,0
7.82,98,5.1,3.8,0
8.38,301,5,3.8,0
8.38,301,5,3.8,0
8.27,286,5,3.8,0
8.02,338,4.8,3.8,0
8.02,296,4.7,3.8,0
8.2,341,4.6,3.8,0
8.61,338,4.6,3.8,0
8,335,4.6,3.8,0
7.59,118,4.6,3.8,0
8.17,423,4.5,3.8,0
8.17,423,4.5,3.8,0
8.75,420,4.5,3.8,0
8.56,314,4.5,3.8,0
8.06,600,4.4,3.8,0
7.4,350,4.4,3.8,0
8.03,214,4.4,3.8,0
8.03,214,4.4,3.8,0
8.8,4000,4.2,3.8,0
8.42,383,4.2,3.8,0
8.21,276,4.2,3.8,0
8.66,437,4.1,3.8,0
8.56,308,4.1,3.8,0
8.89,231,4.1,3.8,0
8.64,207,4.1,3.8,0
7.3,171,4.1,3.8,0
8.46,364,4,3.8,0
8.45,224,4,3.8,0
9,193,4,3.8,0
8.63,445,3.9,3.8,0
8.1,320,3.9,3.8,0
8.2,266,3.9,3.8,0
10.03,137,3.9,3.8,0
8.33,425,3.8,3.8,0
8.53,345,3.8,3.8,0
7.6,324,3.8,3.8,0
7.7,235,3.8,3.8,0
8.96,175,3.8,3.8,0
8.1,461,3.7,3.8,0
8.33,430,3.7,3.8,0
8.48,392,3.7,3.8,0
8.2,318,3.7,3.8,0
8,264,3.7,3.8,0
8.2,256,3.7,3.8,0
8.24,238,3.7,3.8,0
8.96,223,3.7,3.8,0
9.08,172,3.7,3.8,0
8.08,515,3.6,3.8,0
9.4,451,3.6,3.8,0
8.72,425,3.6,3.8,0
8.75,363,3.6,3.8,0
8.52,320,3.6,3.8,0
8.61,286,3.6,3.8,0
8.16,268,3.6,3.8,0
8.94,265,3.6,3.8,0
8.67,263,3.6,3.8,0
8.5,225,3.6,3.8,0
8.34,383,3.5,3.8,0
8.34,383,3.5,3.8,0
7.97,349,3.5,3.8,0
8.7,299,3.5,3.8,0
8.66,230,3.5,3.8,0
7.77,120,3.5,3.8,0
7.77,120,3.5,3.8,0
8.34,590,3.4,3.8,0
8.6,428,3.4,3.8,0
8.6,386,3.4,3.8,0
8.42,298,3.4,3.8,0
9.34,274,3.4,3.8,0
8.52,250,3.4,3.8,0
8.56,717,3.3,3.8,0
8.29,604,3.3,3.8,0
8.26,474,3.3,3.8,0
8.56,309,3.3,3.8,0
8.56,309,3.3,3.8,0
8.2,284,3.3,3.8,0
8.78,279,3.3,3.8,0
8.88,278,3.3,3.8,0
8.06,262,3.3,3.8,0
8.3,382,3.2,3.8,0
7.7,281,3.2,3.8,0
8.31,456,3.1,3.8,0
8.7,284,3.1,3.8,0
8.43,262,3.1,3.8,0
7.74,165,3.1,3.8,0
8.52,449,3,3.8,0
8.64,336,3,3.8,0
8.64,296,3,3.8,0
9.12,181,3,3.8,0
8.28,128,3,3.8,0
8.28,128,3,3.8,0
8.83,550,2.9,3.8,0
7.96,344,2.9,3.8,0
7.96,344,2.9,3.8,0
8.2,284,2.9,3.8,0
8.56,277,2.9,3.8,0
8.94,232,2.9,3.8,0
8.06,157,2.9,3.8,0
8.53,411,2.8,3.8,0
8.38,302,2.8,3.8,0
8.6,290,2.8,3.8,0
8.44,274,2.8,3.8,0
8.44,274,2.8,3.8,0
9.14,239,2.8,3.8,0
9,161,2.8,3.8,0
9,161,2.8,3.8,0
8.6,924,2.7,3.8,0
8.43,328,2.7,3.8,0
8.43,328,2.7,3.8,0
8.48,310,2.7,3.8,0
8.48,310,2.7,3.8,0
8.96,298,2.7,3.8,0
8.96,298,2.7,3.8,0
8.6,297,2.7,3.8,0
9.06,288,2.7,3.8,0
8.01,248,2.7,3.8,0
8.09,334,2.6,3.8,0
8.8,330,2.6,3.8,0
8.12,307,2.6,3.8,0
8.65,305,2.6,3.8,0
8.54,282,2.6,3.8,0
7.81,832,2.5,3.8,0
8.95,292,2.5,3.8,0
8.54,288,2.5,3.8,0
7.94,268,2.5,3.8,0
8.9,253,2.5,3.8,0
8.3,454,2.4,3.8,0
8.65,292,2.4,3.8,0
8.3,275,2.4,3.8,0
8.9,272,2.4,3.8,0
8.84,253,2.4,3.8,0
9.02,238,2.4,3.8,0
8.84,226,2.4,3.8,0
9,211,2.4,3.8,0
8.92,146,2.4,3.8,0
8.81,228,2.3,3.8,0
8.04,152,2.3,3.8,0
8.52,403,2.2,3.8,0
8.36,248,2.2,3.8,0
8.8,178,2.2,3.8,0
8.36,366,2.1,3.8,0
8.74,330,2.1,3.8,0
7.06,332,2,3.8,0
8.42,314,2,3.8,0
8.8,267,2,3.8,0
8.76,261,2,3.8,0
8.21,468,1.9,3.8,0
8.61,291,1.9,3.8,0
8.86,239,1.9,3.8,0
7.63,192,1.9,3.8,0
8.32,366,1.7,3.8,0
8.62,300,1.7,3.8,0
8.4,367,1.6,3.8,0
9,235,1.3,3.8,0
8.47,281,0.9,3.8,0
8.92,330,0.5,3.8,0
7.42,181,7,3.7,0
8.72,122,6.7,3.7,0
8.3,270,4.9,3.7,0
8.1,549,4.8,3.7,0
8.45,543,4.8,3.7,0
8.9,200,4.8,3.7,0
8.9,200,4.8,3.7,0
8.29,676,4.6,3.7,0
7.98,267,4.6,3.7,0
8.35,333,4.5,3.7,0
7.6,72,4.5,3.7,0
8.95,331,4.4,3.7,0
7.7,276,4.4,3.7,0
8.42,335,4.3,3.7,0
8.96,266,4.3,3.7,0
8.4,503,4.2,3.7,0
8.3,314,4.2,3.7,0
8.56,442,4.1,3.7,0
8.6,314,4.1,3.7,0
8.52,408,4,3.7,0
8.44,259,4,3.7,0
9.16,749,3.9,3.7,0
8.3,356,3.9,3.7,0
8.2,284,3.9,3.7,0
8.1,275,3.8,3.7,0
8.7,238,3.8,3.7,0
8.42,390,3.7,3.7,0
7.9,278,3.7,3.7,0
8.7,232,3.7,3.7,0
7.16,74,3.7,3.7,0
8.4,332,3.6,3.7,0
8.9,258,3.6,3.7,0
8.8,225,3.6,3.7,0
7.3,691,3.5,3.7,0
8.45,375,3.5,3.7,0
8.21,331,3.5,3.7,0
8.9,249,3.5,3.7,0
8.55,591,3.4,3.7,0
8,510,3.4,3.7,0
8.26,322,3.4,3.7,0
8.1,282,3.4,3.7,0
8.23,476,3.3,3.7,0
8.23,476,3.3,3.7,0
8.5,355,3.3,3.7,0
8.73,280,3.3,3.7,0
8.4,415,3.2,3.7,0
8.22,380,3.2,3.7,0
8.68,372,3.2,3.7,0
7.92,297,3.2,3.7,0
8.86,288,3.2,3.7,0
8.86,288,3.2,3.7,0
8.54,284,3.2,3.7,0
8.8,224,3.2,3.7,0
8.28,601,3.1,3.7,0
8.2,543,3.1,3.7,0
8.05,485,3.1,3.7,0
8.78,348,3.1,3.7,0
8.36,295,3.1,3.7,0
8.36,295,3.1,3.7,0
8.43,269,3.1,3.7,0
8.6,227,3.1,3.7,0
8.48,224,3,3.7,0
8.6,426,2.9,3.7,0
8.6,426,2.9,3.7,0
8.6,418,2.9,3.7,0
7.6,287,2.9,3.7,0
8.58,261,2.9,3.7,0
8.58,261,2.9,3.7,0
8.9,213,2.9,3.7,0
8.4,416,2.8,3.7,0
8.6,322,2.8,3.7,0
8.46,261,2.8,3.7,0
9.2,186,2.8,3.7,0
8.6,326,2.7,3.7,0
9.3,200,2.7,3.7,0
8.74,273,2.6,3.7,0
8.64,322,2.5,3.7,0
8.88,270,2.5,3.7,0
8.46,480,2.4,3.7,0
7.75,297,2.4,3.7,0
8.63,289,2.4,3.7,0
8.56,258,2.4,3.7,0
8.2,251,2.4,3.7,0
9.06,240,2.4,3.7,0
8.6,139,2.4,3.7,0
8.2,75,2.4,3.7,0
8.34,416,2.3,3.7,0
8.85,275,2.3,3.7,0
8.85,275,2.3,3.7,0
7.46,197,2.3,3.7,0
7.85,588,2.2,3.7,0
8.4,315,2.2,3.7,0
8.59,279,2.2,3.7,0
8.8,267,2.2,3.7,0
8.72,237,2.2,3.7,0
8.72,237,2.2,3.7,0
8.7,380,2.1,3.7,0
8.7,380,2.1,3.7,0
8.92,226,2.1,3.7,0
8.36,404,2,3.7,0
8.36,404,2,3.7,0
8.88,298,1.9,3.7,0
8.4,398,1.6,3.7,0
8.67,376,1.6,3.7,0
8.67,376,1.6,3.7,0
8,366,1.5,3.7,0
8.7,383,1.2,3.7,0
7.53,158,1.1,3.7,0
7.99,256,0.95,3.7,0
8.63,352,0.3,3.7,0
7.64,258,9.2,3.6,0
8.12,304,7.6,3.6,0
8,220,7.1,3.6,0
8.36,216,6.3,3.6,0
8.07,307,6,3.6,0
7.88,170,5.8,3.6,0
7.88,170,5.8,3.6,0
8.8,252,5.6,3.6,0
8.3,252,5.5,3.6,0
7.93,299,5.2,3.6,0
7.84,220,5.1,3.6,0
8.08,299,5,3.6,0
8.1,258,5,3.6,0
9.25,239,5,3.6,0
8.7,709,4.9,3.6,0
8.48,350,4.9,3.6,0
8.5,236,4.9,3.6,0
8,266,4.8,3.6,0
8.37,283,4.7,3.6,0
8.1,503,4.6,3.6,0
8,264,4.6,3.6,0
8.6,251,4.6,3.6,0
8.5,275,4.5,3.6,0
8.8,262,4.5,3.6,0
8.19,275,4.4,3.6,0
8.22,270,4.4,3.6,0
7.2,255,4.4,3.6,0
8.65,449,4.1,3.6,0
8.65,449,4.1,3.6,0
8.01,340,4.1,3.6,0
9.47,248,4.1,3.6,0
8.38,305,4,3.6,0
7.98,278,4,3.6,0
8.3,262,4,3.6,0
8.68,418,3.9,3.6,0
8.68,418,3.9,3.6,0
8.6,319,3.9,3.6,0
8.1,292,3.9,3.6,0
8.1,275,3.9,3.6,0
9.01,173,3.9,3.6,0
9.08,136,3.9,3.6,0
8.6,435,3.8,3.6,0
8.49,378,3.8,3.6,0
8.64,437,3.7,3.6,0
8.44,360,3.7,3.6,0
8.4,306,3.7,3.6,0
9,247,3.7,3.6,0
8.9,700,3.6,3.6,0
8.37,413,3.6,3.6,0
8.17,363,3.6,3.6,0
8.55,315,3.6,3.6,0
8.1,277,3.6,3.6,0
8.08,270,3.6,3.6,0
8.91,257,3.6,3.6,0
9.29,137,3.6,3.6,0
8.69,411,3.5,3.6,0
8.81,389,3.5,3.6,0
8.81,389,3.5,3.6,0
8.72,300,3.5,3.6,0
8.66,299,3.5,3.6,0
8.18,274,3.5,3.6,0
8.17,221,3.5,3.6,0
8.56,185,3.5,3.6,0
8.24,558,3.4,3.6,0
8.34,344,3.4,3.6,0
8.87,304,3.4,3.6,0
9.17,269,3.4,3.6,0
8.1,570,3.3,3.6,0
8.64,296,3.3,3.6,0
8.26,290,3.3,3.6,0
8.36,254,3.3,3.6,0
9.1,221,3.3,3.6,0
7.92,183,3.3,3.6,0
8.62,276,3.2,3.6,0
8.68,252,3.2,3.6,0
8.2,245,3.2,3.6,0
9,227,3.2,3.6,0
8.2,629,3.1,3.6,0
8.31,491,3.1,3.6,0
8.07,368,3.1,3.6,0
8.54,348,3.1,3.6,0
8.6,343,3.1,3.6,0
8.4,306,3.1,3.6,0
8.12,275,3.1,3.6,0
8.69,265,3.1,3.6,0
8.37,254,3.1,3.6,0
8.37,254,3.1,3.6,0
8.09,238,3.1,3.6,0
7.35,140,3.1,3.6,0
7.35,140,3.1,3.6,0
9.22,117,3.1,3.6,0
9.22,117,3.1,3.6,0
8.2,927,3,3.6,0
8.6,311,3,3.6,0
8.6,311,3,3.6,0
8.6,282,3,3.6,0
9.12,209,3,3.6,0
9.02,208,3,3.6,0
9.05,147,3,3.6,0
7.2,445,2.9,3.6,0
8.3,385,2.9,3.6,0
8.76,290,2.9,3.6,0
8.08,282,2.9,3.6,0
8.49,273,2.9,3.6,0
8.15,283,2.8,3.6,0
8.44,224,2.8,3.6,0
9.1,180,2.8,3.6,0
8.58,344,2.7,3.6,0
8.84,274,2.7,3.6,0
8.84,274,2.7,3.6,0
8.16,268,2.7,3.6,0
7.38,78,2.7,3.6,0
8.16,838,2.6,3.6,0
7.6,521,2.6,3.6,0
8.56,478,2.6,3.6,0
8.4,362,2.6,3.6,0
8.8,325,2.6,3.6,0
8.94,320,2.6,3.6,0
9.07,216,2.6,3.6,0
9.07,216,2.6,3.6,0
8.9,213,2.6,3.6,0
9,210,2.6,3.6,0
8.4,416,2.5,3.6,0
8.7,310,2.5,3.6,0
8.46,245,2.5,3.6,0
8.7,238,2.5,3.6,0
8.84,227,2.5,3.6,0
9.32,155,2.5,3.6,0
9.32,155,2.5,3.6,0
8.29,286,2.4,3.6,0
8.9,241,2.4,3.6,0
9.6,164,2.4,3.6,0
8.34,262,2.3,3.6,0
9.1,228,2.3,3.6,0
8.38,1180,2.2,3.6,0
8.38,1180,2.2,3.6,0
8.09,416,2.2,3.6,0
8.37,400,2.2,3.6,0
8.72,378,2.2,3.6,0
8.72,378,2.2,3.6,0
8.44,344,2.2,3.6,0
8.44,326,2.2,3.6,0
8.44,326,2.2,3.6,0
8.54,295,2.2,3.6,0
8.7,426,2.1,3.6,0
8.78,267,2.1,3.6,0
8.38,266,2.1,3.6,0
8.49,214,2.1,3.6,0
8.49,214,2.1,3.6,0
8.26,444,2,3.6,0
8.62,419,2,3.6,0
8.36,347,2,3.6,0
8.68,297,2,3.6,0
8.84,256,1.9,3.6,0
9.2,201,1.9,3.6,0
8.74,630,1.8,3.6,0
8.7,398,1.8,3.6,0
9.42,164,1.8,3.6,0
8.95,295,1.7,3.6,0
8.4,259,1.7,3.6,0
8.32,366,1.6,3.6,0
8.18,314,1.5,3.6,0
8.18,314,1.5,3.6,0
8.41,635,1.4,3.6,0
8.45,402,1.4,3.6,0
8.45,402,1.4,3.6,0
9.25,181,1.3,3.6,0
9.25,181,1.3,3.6,0
8,172,1.2,3.6,0
8.12,366,1.1,3.6,0
8.33,436,5.6,3.5,0
8.16,322,4.9,3.5,0
8.64,287,4.8,3.5,0
8.12,259,4.8,3.5,0
7.98,182,4.7,3.5,0
8.75,421,4.4,3.5,0
7.94,296,4.4,3.5,0
8.42,292,4.3,3.5,0
8.51,220,4.3,3.5,0
8.1,118,4.3,3.5,0
8.5,393,4.2,3.5,0
8.64,379,4.1,3.5,0
8.64,379,4.1,3.5,0
8.54,334,4.1,3.5,0
8.8,298,4.1,3.5,0
8.44,440,3.9,3.5,0
7.94,311,3.9,3.5,0
8.28,267,3.9,3.5,0
8.5,336,3.8,3.5,0
8,290,3.8,3.5,0
8.31,297,3.7,3.5,0
8.09,277,3.7,3.5,0
7.74,79,3.7,3.5,0
8.62,482,3.6,3.5,0
8.44,446,3.6,3.5,0
8.6,406,3.6,3.5,0
8.32,268,3.6,3.5,0
8.1,264,3.6,3.5,0
8.32,362,3.5,3.5,0
9.31,266,3.5,3.5,0
9.31,266,3.5,3.5,0
8.43,262,3.5,3.5,0
8,262,3.5,3.5,0
8.17,569,3.4,3.5,0
8.53,538,3.4,3.5,0
8.47,464,3.4,3.5,0
8.58,354,3.4,3.5,0
8.62,340,3.4,3.5,0
8.8,296,3.4,3.5,0
8.88,288,3.4,3.5,0
8.88,288,3.4,3.5,0
8.6,281,3.4,3.5,0
8.58,234,3.4,3.5,0
8.9,581,3.3,3.5,0
7.96,280,3.3,3.5,0
8.04,272,3.3,3.5,0
8,250,3.3,3.5,0
8.8,238,3.3,3.5,0
8.38,410,3.2,3.5,0
8.77,330,3.2,3.5,0
8.94,320,3.2,3.5,0
8.79,252,3.2,3.5,0
8.53,248,3.2,3.5,0
8.59,427,3.1,3.5,0
8.59,427,3.1,3.5,0
8.7,255,3.1,3.5,0
9.04,232,3.1,3.5,0
8.2,426,3,3.5,0
8.66,318,3,3.5,0
8.04,298,3,3.5,0
8.04,298,3,3.5,0
8.67,289,3,3.5,0
8.07,285,3,3.5,0
8.38,277,3,3.5,0
8.88,276,3,3.5,0
8.88,276,3,3.5,0
7.98,180,3,3.5,0
7.4,118,3,3.5,0
7.4,118,3,3.5,0
8.16,566,2.9,3.5,0
8,440,2.9,3.5,0
7.94,358,2.9,3.5,0
7.7,232,2.9,3.5,0
8.06,210,2.9,3.5,0
8.73,197,2.9,3.5,0
8.73,197,2.9,3.5,0
8.76,161,2.9,3.5,0
8.76,161,2.9,3.5,0
8.4,1360,2.8,3.5,0
8.53,411,2.8,3.5,0
8.57,249,2.8,3.5,0
8.25,163,2.8,3.5,0
8.3,463,2.6,3.5,0
8.5,382,2.6,3.5,0
8.64,278,2.6,3.5,0
8.89,228,2.6,3.5,0
8.74,327,2.5,3.5,0
8.46,337,2.4,3.5,0
8.96,215,2.4,3.5,0
8.62,382,2.3,3.5,0
8.62,382,2.3,3.5,0
8.73,365,2.3,3.5,0
8.63,308,2.3,3.5,0
8.6,302,2.3,3.5,0
8.42,245,2.3,3.5,0
8.96,212,2.3,3.5,0
8.96,212,2.3,3.5,0
8.6,356,2.2,3.5,0
8.69,338,2.2,3.5,0
8.7,303,2.2,3.5,0
8.82,302,2.2,3.5,0
9.44,162,2.2,3.5,0
8.6,449,2.1,3.5,0
7.03,125,2.1,3.5,0
8.3,1040,2,3.5,0
8.95,209,2,3.5,0
8.92,206,2,3.5,0
8.6,417,1.7,3.5,0
8.5,373,1.7,3.5,0
8.5,373,1.7,3.5,0
8.34,444,1.6,3.5,0
8.6,306,1.3,3.5,0
8.2,388,1,3.5,0
8.33,410,0.5,3.5,0
7.88,263,7.6,3.4,0
8.04,236,6.9,3.4,0
8.44,372,6.1,3.4,0
8.08,302,6.1,3.4,0
8.6,296,5.2,3.4,0
7.78,301,4.7,3.4,0
8.6,440,4.6,3.4,0
8.3,264,4.6,3.4,0
8.84,123,4.6,3.4,0
8.84,123,4.6,3.4,0
8,182,4.4,3.4,0
8.4,391,4.3,3.4,0
8.42,334,4.3,3.4,0
8.28,305,4.2,3.4,0
8.28,281,4.2,3.4,0
8.48,208,4.2,3.4,0
8.56,375,4.1,3.4,0
8.7,268,4.1,3.4,0
8.34,210,4.1,3.4,0
8.3,315,4,3.4,0
8.62,416,3.9,3.4,0
8.62,416,3.9,3.4,0
8,274,3.9,3.4,0
7.2,229,3.9,3.4,0
8.57,398,3.8,3.4,0
8.4,472,3.7,3.4,0
7.68,198,3.7,3.4,0
9.04,1560,3.6,3.4,0
8.26,438,3.6,3.4,0
8.42,414,3.6,3.4,0
8.4,353,3.6,3.4,0
8.3,316,3.6,3.4,0
8.68,304,3.6,3.4,0
8.84,284,3.6,3.4,0
9.48,266,3.6,3.4,0
9.48,266,3.6,3.4,0
8.86,266,3.6,3.4,0
7.99,218,3.6,3.4,0
7.99,218,3.6,3.4,0
7.4,115,3.6,3.4,0
8.14,577,3.5,3.4,0
9,298,3.5,3.4,0
8.28,591,3.4,3.4,0
8.74,484,3.4,3.4,0
8.71,421,3.4,3.4,0
8.63,406,3.4,3.4,0
8.64,393,3.4,3.4,0
8.63,390,3.4,3.4,0
8.6,386,3.4,3.4,0
7.7,367,3.4,3.4,0
8.5,336,3.4,3.4,0
8.53,304,3.4,3.4,0
8.53,304,3.4,3.4,0
8.6,234,3.4,3.4,0
8.44,224,3.4,3.4,0
9.1,1160,3.3,3.4,0
8.51,409,3.3,3.4,0
8.55,407,3.3,3.4,0
8.2,359,3.3,3.4,0
8.2,359,3.3,3.4,0
8.56,316,3.3,3.4,0
7.9,287,3.3,3.4,0
8.6,275,3.3,3.4,0
8.8,231,3.3,3.4,0
8.26,395,3.2,3.4,0
8.22,384,3.2,3.4,0
7.7,368,3.2,3.4,0
8.53,306,3.2,3.4,0
8.68,294,3.2,3.4,0
8.7,279,3.2,3.4,0
8.18,279,3.2,3.4,0
8.4,235,3.2,3.4,0
9,232,3.2,3.4,0
8.39,456,3.1,3.4,0
8.51,446,3.1,3.4,0
8.44,403,3.1,3.4,0
8.51,375,3.1,3.4,0
8.6,369,3.1,3.4,0
8.62,360,3.1,3.4,0
8.7,317,3.1,3.4,0
8.8,310,3.1,3.4,0
8.68,280,3.1,3.4,0
8.94,247,3.1,3.4,0
8.62,241,3.1,3.4,0
9.12,227,3.1,3.4,0
8.02,454,3,3.4,0
8.6,383,3,3.4,0
8.2,352,3,3.4,0
8.52,314,3,3.4,0
8.52,314,3,3.4,0
8.48,311,3,3.4,0
8.61,297,3,3.4,0
8.61,297,3,3.4,0
7.66,242,3,3.4,0
7.66,242,3,3.4,0
8.3,241,3,3.4,0
8.15,209,3,3.4,0
7.1,647,2.9,3.4,0
8.26,413,2.9,3.4,0
8.26,413,2.9,3.4,0
8.46,412,2.9,3.4,0
8.43,383,2.9,3.4,0
8.34,365,2.9,3.4,0
7.9,342,2.9,3.4,0
8.61,296,2.9,3.4,0
8.61,296,2.9,3.4,0
8.82,243,2.9,3.4,0
8.82,243,2.9,3.4,0
8.96,215,2.9,3.4,0
8,322,2.8,3.4,0
7.82,303,2.8,3.4,0
8.42,296,2.8,3.4,0
8.82,293,2.8,3.4,0
8.8,292,2.8,3.4,0
8.32,280,2.8,3.4,0
8.78,268,2.8,3.4,0
8.12,262,2.8,3.4,0
8.12,728,2.7,3.4,0
8.42,480,2.7,3.4,0
8.7,308,2.7,3.4,0
8.7,308,2.7,3.4,0
9,208,2.7,3.4,0
7.57,131,2.7,3.4,0
7.57,131,2.7,3.4,0
8.34,432,2.6,3.4,0
8.5,289,2.6,3.4,0
8.78,271,2.6,3.4,0
8.15,269,2.6,3.4,0
8.8,266,2.6,3.4,0
9.01,260,2.6,3.4,0
7.76,131,2.6,3.4,0
7.76,131,2.6,3.4,0
8.23,578,2.5,3.4,0
8.58,305,2.5,3.4,0
8.56,303,2.5,3.4,0
8.56,303,2.5,3.4,0
8.94,298,2.5,3.4,0
8.94,298,2.5,3.4,0
8.79,291,2.5,3.4,0
8.74,280,2.5,3.4,0
8.74,280,2.5,3.4,0
8.82,244,2.5,3.4,0
8.56,165,2.5,3.4,0
7.91,121,2.5,3.4,0
8.66,390,2.4,3.4,0
8.72,248,2.4,3.4,0
8.44,226,2.4,3.4,0
9.07,215,2.4,3.4,0
9.07,215,2.4,3.4,0
8.86,215,2.4,3.4,0
8.3,971,2.3,3.4,0
7.96,446,2.3,3.4,0
8.73,292,2.3,3.4,0
8.72,271,2.3,3.4,0
7.73,196,2.3,3.4,0
8.53,337,2.2,3.4,0
8.9,328,2.2,3.4,0
8.64,266,2.2,3.4,0
7.9,265,2.2,3.4,0
7.9,265,2.2,3.4,0
8.32,264,2.2,3.4,0
8.28,254,2.2,3.4,0
8.28,254,2.2,3.4,0
8.9,244,2.2,3.4,0
8.9,244,2.2,3.4,0
8.38,236,2.2,3.4,0
8.38,236,2.2,3.4,0
9.2,202,2.2,3.4,0
8.63,377,2.1,3.4,0
8.7,327,2.1,3.4,0
8.12,304,2.1,3.4,0
8.46,235,2.1,3.4,0
8.46,235,2.1,3.4,0
9.44,163,2.1,3.4,0
8.24,994,2,3.4,0
8.06,302,2,3.4,0
8.8,280,2,3.4,0
8.85,214,2,3.4,0
9.2,174,2,3.4,0
8.45,402,1.9,3.4,0
8.45,402,1.9,3.4,0
8.36,364,1.9,3.4,0
8.7,302,1.9,3.4,0
8.62,234,1.9,3.4,0
8.62,234,1.9,3.4,0
8.96,214,1.9,3.4,0
8.25,468,1.8,3.4,0
8.77,329,1.7,3.4,0
8.92,236,1.7,3.4,0
8.92,236,1.7,3.4,0
8.96,216,1.7,3.4,0
8.39,372,1.6,3.4,0
8.73,337,1.6,3.4,0
8.64,286,1.6,3.4,0
8.97,146,1.5,3.4,0
8.11,342,1.4,3.4,0
8.86,117,1.4,3.4,0
8.67,433,1.3,3.4,0
8.72,243,1.3,3.4,0
8.42,377,1.2,3.4,0
8.41,261,1.2,3.4,0
8.9,124,1.2,3.4,0
9,229,1.1,3.4,0
8.6,444,1,3.4,0
8.62,349,0.95,3.4,0
8.44,398,0.85,3.4,0
8.79,278,0.85,3.4,0
8.82,261,0.6,3.4,0
8.02,270,11,3.3,0
7.98,260,10,3.3,0
7.96,191,9.1,3.3,0
7.94,193,8.3,3.3,0
9.01,273,5.3,3.3,0
8.1,329,4.3,3.3,0
8.22,267,4.3,3.3,0
8.9,217,4.3,3.3,0
8.03,398,4.2,3.3,0
8.8,269,4.2,3.3,0
8.65,450,4.1,3.3,0
8.95,139,4.1,3.3,0
8.54,313,4,3.3,0
8.3,251,4,3.3,0
8.07,226,4,3.3,0
9.3,187,4,3.3,0
8.58,407,3.9,3.3,0
8.64,380,3.9,3.3,0
8.64,380,3.9,3.3,0
7.6,679,3.8,3.3,0
8.6,419,3.8,3.3,0
8.52,405,3.8,3.3,0
8,695,3.6,3.3,0
8.2,449,3.6,3.3,0
8.67,444,3.6,3.3,0
8.57,336,3.6,3.3,0
8.4,238,3.6,3.3,0
8.24,341,3.5,3.3,0
8.55,299,3.5,3.3,0
8.55,299,3.5,3.3,0
9.06,271,3.5,3.3,0
8.88,248,3.5,3.3,0
9.07,245,3.5,3.3,0
8.65,437,3.4,3.3,0
8.28,389,3.4,3.3,0
8.42,263,3.4,3.3,0
7.2,70,3.4,3.3,0
8.4,412,3.3,3.3,0
8.81,343,3.3,3.3,0
8.7,294,3.3,3.3,0
8.6,294,3.3,3.3,0
8.7,280,3.3,3.3,0
8.5,413,3.2,3.3,0
8.4,396,3.2,3.3,0
8.51,359,3.2,3.3,0
8.31,348,3.2,3.3,0
8.54,319,3.2,3.3,0
9.24,255,3.2,3.3,0
8.8,226,3.2,3.3,0
8.66,539,3.1,3.3,0
8.76,367,3.1,3.3,0
8.25,315,3.1,3.3,0
8.13,300,3.1,3.3,0
8.13,300,3.1,3.3,0
8.62,284,3.1,3.3,0
8.2,251,3.1,3.3,0
7.7,829,3,3.3,0
8.56,397,3,3.3,0
8.52,367,3,3.3,0
8.98,308,3,3.3,0
8.92,256,3,3.3,0
7.02,133,3,3.3,0
8.52,366,2.9,3.3,0
8.56,361,2.9,3.3,0
9.28,350,2.9,3.3,0
9.28,350,2.9,3.3,0
8.44,259,2.9,3.3,0
8.97,216,2.9,3.3,0
8.39,452,2.8,3.3,0
8.3,334,2.8,3.3,0
8.58,331,2.8,3.3,0
8.15,323,2.8,3.3,0
8.68,304,2.8,3.3,0
8.72,288,2.8,3.3,0
8.56,286,2.8,3.3,0
8.17,272,2.8,3.3,0
8.93,267,2.8,3.3,0
8.16,232,2.8,3.3,0
8.16,232,2.8,3.3,0
8.66,590,2.7,3.3,0
8.4,464,2.7,3.3,0
8.37,454,2.7,3.3,0
8.42,427,2.7,3.3,0
8.88,300,2.7,3.3,0
8.52,300,2.7,3.3,0
9.14,273,2.7,3.3,0
7.78,159,2.7,3.3,0
8.45,469,2.6,3.3,0
7.5,289,2.6,3.3,0
8.49,273,2.6,3.3,0
8.49,258,2.6,3.3,0
8.86,254,2.6,3.3,0
9.12,216,2.6,3.3,0
8.81,213,2.6,3.3,0
7.9,158,2.6,3.3,0
8.06,357,2.5,3.3,0
8.94,332,2.5,3.3,0
8.48,319,2.5,3.3,0
8.48,319,2.5,3.3,0
8.04,491,2.4,3.3,0
7.2,391,2.4,3.3,0
8.64,339,2.4,3.3,0
8,323,2.4,3.3,0
7.8,648,2.3,3.3,0
8.64,375,2.3,3.3,0
8.68,371,2.3,3.3,0
8.74,312,2.3,3.3,0
8.22,290,2.3,3.3,0
9.08,183,2.3,3.3,0
8.88,330,2.2,3.3,0
8.7,265,2.2,3.3,0
8.7,235,2.2,3.3,0
8.73,376,2.1,3.3,0
8.38,339,2.1,3.3,0
8.12,417,2,3.3,0
8.88,278,2,3.3,0
8.88,278,2,3.3,0
8.52,257,2,3.3,0
8.5,115,2,3.3,0
8.39,424,1.9,3.3,0
8.24,364,1.9,3.3,0
8.64,249,1.9,3.3,0
8,179,1.9,3.3,0
8,179,1.9,3.3,0
8.23,420,1.8,3.3,0
8.23,420,1.8,3.3,0
7.7,261,1.8,3.3,0
8.31,332,1.6,3.3,0
9.08,209,1.6,3.3,0
7.57,138,1.6,3.3,0
7.78,422,1.5,3.3,0
7.78,422,1.5,3.3,0
8.61,293,1.4,3.3,0
8.61,293,1.4,3.3,0
8.6,373,1.3,3.3,0
8.9,235,1.3,3.3,0
8.18,373,0.85,3.3,0
8.72,436,0.65,3.3,0
8.39,348,5.8,3.2,0
8.56,509,4.9,3.2,0
8.78,446,4.3,3.2,0
8.6,302,4.1,3.2,0
8.88,235,4.1,3.2,0
8.56,325,4,3.2,0
8.46,286,3.9,3.2,0
8.84,265,3.9,3.2,0
8.9,225,3.9,3.2,0
8.64,405,3.8,3.2,0
8.4,312,3.8,3.2,0
8.44,291,3.8,3.2,0
8.68,274,3.8,3.2,0
8.1,260,3.8,3.2,0
9.1,196,3.8,3.2,0
8.99,244,3.7,3.2,0
7.96,242,3.7,3.2,0
8.57,444,3.6,3.2,0
8.4,361,3.6,3.2,0
8.5,289,3.6,3.2,0
8.2,248,3.6,3.2,0
8.82,160,3.6,3.2,0
8.82,160,3.6,3.2,0
8.64,369,3.5,3.2,0
8.4,363,3.5,3.2,0
8.35,241,3.5,3.2,0
8.3,233,3.5,3.2,0
8.36,231,3.5,3.2,0
8.5,223,3.5,3.2,0
8.53,458,3.4,3.2,0
8.4,390,3.4,3.2,0
8.7,371,3.4,3.2,0
8.3,322,3.4,3.2,0
8.86,288,3.4,3.2,0
8.86,288,3.4,3.2,0
8.88,273,3.4,3.2,0
8.64,1410,3.3,3.2,0
8.44,406,3.3,3.2,0
8.47,351,3.3,3.2,0
8.78,336,3.3,3.2,0
8.66,306,3.3,3.2,0
8.76,293,3.3,3.2,0
9.16,187,3.3,3.2,0
9.16,187,3.3,3.2,0
8.62,2400,3.2,3.2,0
8.12,480,3.2,3.2,0
8.41,369,3.2,3.2,0
8.46,365,3.2,3.2,0
8.46,365,3.2,3.2,0
8.8,229,3.2,3.2,0
8.6,215,3.2,3.2,0
9,629,3.1,3.2,0
8.19,625,3.1,3.2,0
8.29,432,3.1,3.2,0
8.86,288,3.1,3.2,0
7.92,278,3.1,3.2,0
8.9,267,3.1,3.2,0
8.9,267,3.1,3.2,0
8.54,262,3.1,3.2,0
8.09,244,3.1,3.2,0
8.3,239,3.1,3.2,0
8.21,219,3.1,3.2,0
7.7,108,3.1,3.2,0
8.34,449,3,3.2,0
8.69,412,3,3.2,0
8.29,342,3,3.2,0
8.45,284,3,3.2,0
8.48,265,3,3.2,0
8,239,3,3.2,0
8.7,157,3,3.2,0
7.48,82,3,3.2,0
8.27,488,2.9,3.2,0
8.1,358,2.9,3.2,0
8.3,328,2.9,3.2,0
8.35,317,2.9,3.2,0
8.62,308,2.9,3.2,0
7.88,308,2.9,3.2,0
8.47,283,2.9,3.2,0
8.2,243,2.9,3.2,0
7.5,235,2.9,3.2,0
9.3,224,2.9,3.2,0
8.24,217,2.9,3.2,0
8.7,183,2.9,3.2,0
8.6,158,2.9,3.2,0
8.72,388,2.8,3.2,0
8.4,353,2.8,3.2,0
8.12,306,2.8,3.2,0
8.12,306,2.8,3.2,0
7.92,278,2.8,3.2,0
8.6,184,2.8,3.2,0
8.37,347,2.7,3.2,0
8.62,306,2.7,3.2,0
8.44,302,2.7,3.2,0
8.6,281,2.7,3.2,0
8.68,270,2.7,3.2,0
8.2,266,2.7,3.2,0
8.75,241,2.7,3.2,0
7.9,411,2.6,3.2,0
8.45,408,2.6,3.2,0
8.2,376,2.6,3.2,0
9.2,375,2.6,3.2,0
8.15,342,2.6,3.2,0
8.5,331,2.6,3.2,0
7.9,290,2.6,3.2,0
8.66,266,2.6,3.2,0
8.8,245,2.6,3.2,0
8.28,490,2.5,3.2,0
8.36,461,2.5,3.2,0
8.36,421,2.5,3.2,0
8.65,407,2.5,3.2,0
8.5,386,2.5,3.2,0
8.5,386,2.5,3.2,0
8.42,386,2.5,3.2,0
8.74,374,2.5,3.2,0
8.56,374,2.5,3.2,0
8.56,374,2.5,3.2,0
8.72,275,2.5,3.2,0
7.94,272,2.5,3.2,0
8.22,235,2.5,3.2,0
8.22,235,2.5,3.2,0
7.8,231,2.5,3.2,0
8.94,220,2.5,3.2,0
8.94,220,2.5,3.2,0
8.89,212,2.5,3.2,0
7.72,128,2.5,3.2,0
8.32,435,2.4,3.2,0
8.61,296,2.4,3.2,0
8.08,295,2.4,3.2,0
8.08,295,2.4,3.2,0
8.77,280,2.4,3.2,0
8.7,280,2.4,3.2,0
8.7,276,2.4,3.2,0
8.8,271,2.4,3.2,0
8.7,271,2.4,3.2,0
8.68,263,2.4,3.2,0
8.52,256,2.4,3.2,0
8.9,208,2.4,3.2,0
8.59,928,2.3,3.2,0
8.26,399,2.3,3.2,0
8.35,397,2.3,3.2,0
8.2,326,2.3,3.2,0
8.2,326,2.3,3.2,0
8.68,272,2.3,3.2,0
8.34,264,2.3,3.2,0
8.95,206,2.3,3.2,0
8.7,172,2.3,3.2,0
9.1,79,2.3,3.2,0
8.4,1420,2.2,3.2,0
8.29,545,2.2,3.2,0
7.98,464,2.2,3.2,0
8.6,447,2.2,3.2,0
8.62,308,2.2,3.2,0
8.42,262,2.2,3.2,0
8.82,242,2.2,3.2,0
7.92,224,2.2,3.2,0
8.94,216,2.2,3.2,0
8.94,216,2.2,3.2,0
7.96,83,2.2,3.2,0
8.57,374,2.1,3.2,0
8.57,374,2.1,3.2,0
7.83,350,2.1,3.2,0
8.75,305,2.1,3.2,0
8.47,305,2.1,3.2,0
8.26,296,2.1,3.2,0
8.26,296,2.1,3.2,0
8.9,248,2.1,3.2,0
8.9,248,2.1,3.2,0
8.86,224,2.1,3.2,0
8.7,214,2.1,3.2,0
8.84,210,2.1,3.2,0
9.1,189,2.1,3.2,0
8.38,500,2,3.2,0
8.23,294,2,3.2,0
8.61,292,2,3.2,0
8.48,253,2,3.2,0
8.68,241,2,3.2,0
8.86,239,2,3.2,0
8.91,184,2,3.2,0
8.52,405,1.9,3.2,0
8.52,405,1.9,3.2,0
8.3,362,1.9,3.2,0
8.53,340,1.9,3.2,0
8.28,311,1.9,3.2,0
8.74,260,1.9,3.2,0
8.82,236,1.9,3.2,0
8.82,236,1.9,3.2,0
8.77,218,1.9,3.2,0
8.77,218,1.9,3.2,0
8.53,317,1.8,3.2,0
8.53,317,1.8,3.2,0
7.85,301,1.8,3.2,0
7.85,301,1.8,3.2,0
8.51,298,1.8,3.2,0
8.51,298,1.8,3.2,0
8.76,292,1.8,3.2,0
8.98,213,1.8,3.2,0
8.8,204,1.8,3.2,0
8.8,204,1.8,3.2,0
7.9,77,1.8,3.2,0
8.36,397,1.7,3.2,0
8.63,360,1.7,3.2,0
8.74,300,1.7,3.2,0
8.66,271,1.7,3.2,0
8.8,269,1.7,3.2,0
8.39,263,1.7,3.2,0
9.25,180,1.7,3.2,0
9.25,180,1.7,3.2,0
7.9,461,1.6,3.2,0
8.4,405,1.6,3.2,0
8.5,394,1.6,3.2,0
8.36,353,1.6,3.2,0
8.31,333,1.6,3.2,0
7.94,255,1.6,3.2,0
8.62,382,1.5,3.2,0
8.56,302,1.4,3.2,0
9.04,155,1.4,3.2,0
8.61,213,1.3,3.2,0
8.61,213,1.3,3.2,0
8.73,380,1.1,3.2,0
7.96,253,0.95,3.2,0
8.36,420,0.7,3.2,0
8.38,413,0.6,3.2,0
8.81,223,10,3.1,0
7.95,221,5.2,3.1,0
8.2,503,5.1,3.1,0
8.57,307,4.8,3.1,0
8.4,182,4.7,3.1,0
8.5,231,4.6,3.1,0
9.06,550,4.4,3.1,0
8.4,294,4.2,3.1,0
8.56,318,3.9,3.1,0
8.58,313,3.9,3.1,0
8.6,225,3.9,3.1,0
8.49,319,3.8,3.1,0
8.28,302,3.8,3.1,0
8.5,184,3.8,3.1,0
8.22,350,3.7,3.1,0
8.22,350,3.7,3.1,0
8.35,270,3.7,3.1,0
8.31,330,3.6,3.1,0
8.58,275,3.6,3.1,0
9.04,240,3.6,3.1,0
8.3,312,3.5,3.1,0
8.65,297,3.5,3.1,0
8.14,272,3.5,3.1,0
8.96,210,3.5,3.1,0
8.55,484,3.4,3.1,0
8.5,387,3.4,3.1,0
8.3,332,3.4,3.1,0
8.31,419,3.3,3.1,0
8.55,376,3.3,3.1,0
8.3,264,3.3,3.1,0
9.15,220,3.3,3.1,0
8.28,428,3.2,3.1,0
8.47,349,3.2,3.1,0
8.58,290,3.2,3.1,0
8.3,278,3.2,3.1,0
8.19,249,3.2,3.1,0
8.2,234,3.2,3.1,0
8.78,207,3.2,3.1,0
8.14,493,3.1,3.1,0
8.37,421,3.1,3.1,0
8.7,414,3.1,3.1,0
8.71,411,3.1,3.1,0
8.24,383,3.1,3.1,0
8.39,376,3.1,3.1,0
8.46,360,3.1,3.1,0
8.81,326,3.1,3.1,0
8.88,287,3.1,3.1,0
8.76,278,3.1,3.1,0
8.39,487,3,3.1,0
8.42,444,3,3.1,0
8.54,412,3,3.1,0
8.54,398,3,3.1,0
8.4,398,3,3.1,0
8.52,382,3,3.1,0
8.69,360,3,3.1,0
8.1,331,3,3.1,0
10.7,320,3,3.1,0
8.51,303,3,3.1,0
8.11,280,3,3.1,0
9,229,3,3.1,0
7.04,78,3,3.1,0
8.48,365,2.9,3.1,0
8.5,320,2.9,3.1,0
8.44,316,2.9,3.1,0
8.44,316,2.9,3.1,0
8.2,830,2.8,3.1,0
8.38,392,2.8,3.1,0
8.5,282,2.8,3.1,0
8.5,244,2.8,3.1,0
8.52,398,2.7,3.1,0
8.75,377,2.7,3.1,0
8.75,377,2.7,3.1,0
7.71,322,2.7,3.1,0
8,278,2.7,3.1,0
8.1,276,2.7,3.1,0
8.66,266,2.7,3.1,0
8.4,331,2.6,3.1,0
8.36,326,2.6,3.1,0
8.5,298,2.6,3.1,0
8.8,289,2.6,3.1,0
8.53,255,2.6,3.1,0
8.3,414,2.5,3.1,0
8.28,403,2.5,3.1,0
8.7,389,2.5,3.1,0
8.4,319,2.4,3.1,0
8.69,312,2.4,3.1,0
8.68,300,2.4,3.1,0
8.4,278,2.4,3.1,0
8.4,278,2.4,3.1,0
8.6,236,2.4,3.1,0
8.6,673,2.3,3.1,0
7.64,155,2.3,3.1,0
8.34,420,2.2,3.1,0
8.46,388,2.2,3.1,0
8.68,369,2.2,3.1,0
8.6,304,2.1,3.1,0
7.84,298,2.1,3.1,0
9.05,212,2.1,3.1,0
8.64,298,2,3.1,0
8.67,1540,1.9,3.1,0
7.8,239,1.9,3.1,0
8.47,440,1.8,3.1,0
8.28,437,1.8,3.1,0
8.73,421,1.8,3.1,0
8.81,263,1.8,3.1,0
8.42,348,1.7,3.1,0
8.3,220,1.7,3.1,0
8.3,216,1.7,3.1,0
8.48,425,1.6,3.1,0
8.45,370,1.6,3.1,0
7.99,215,1.6,3.1,0
7.99,215,1.6,3.1,0
9.1,141,1.6,3.1,0
8.2,88,1.6,3.1,0
8.4,356,1.5,3.1,0
8.2,274,1.5,3.1,0
8.8,298,1.4,3.1,0
8.58,206,1.4,3.1,0
8.42,167,1.4,3.1,0
9.06,646,1.2,3.1,0
8.54,328,1,3.1,0
7.8,302,1,3.1,0
8.88,273,0.6,3.1,0
7.7,260,8.5,3,0
8.15,430,6.6,3,0
8.15,430,6.6,3,0
7.86,221,5.3,3,0
8.88,221,5.1,3,0
8.3,474,5,3,0
8.68,247,4.9,3,0
8.08,555,4.6,3,0
8.12,262,4.5,3,0
8.44,291,4.2,3,0
8.4,236,4.2,3,0
8.37,360,4,3,0
8,263,3.9,3,0
9.02,230,3.9,3,0
8.4,381,3.8,3,0
8.4,375,3.8,3,0
8.33,303,3.8,3,0
8.59,358,3.7,3,0
8.7,229,3.7,3,0
7.76,198,3.7,3,0
8.5,412,3.6,3,0
8.86,272,3.6,3,0
8.72,375,3.5,3,0
8.72,375,3.5,3,0
8.5,282,3.5,3,0
8.86,269,3.5,3,0
7,231,3.5,3,0
8.6,397,3.4,3,0
8.1,289,3.4,3,0
8,584,3.3,3,0
7.89,322,3.3,3,0
8.2,250,3.3,3,0
8.7,244,3.3,3,0
8.5,237,3.3,3,0
8.35,564,3.2,3,0
8.44,465,3.2,3,0
8.74,400,3.2,3,0
9.79,333,3.2,3,0
8.54,320,3.2,3,0
8.7,253,3.2,3,0
7.92,240,3.2,3,0
8.81,226,3.2,3,0
9,191,3.2,3,0
8.18,378,3.1,3,0
8.32,364,3.1,3,0
8.45,355,3.1,3,0
8.14,333,3.1,3,0
8.73,227,3.1,3,0
8.2,1400,3,3,0
8.3,486,3,3,0
8.62,406,3,3,0
8.5,395,3,3,0
8,375,3,3,0
8.7,276,3,3,0
8.08,272,3,3,0
8.54,260,3,3,0
8.59,256,3,3,0
8.1,228,3,3,0
9.6,217,3,3,0
8.58,181,3,3,0
8.2,432,2.9,3,0
8.54,417,2.9,3,0
8.6,391,2.9,3,0
8.38,390,2.9,3,0
8.47,305,2.9,3,0
8.47,305,2.9,3,0
8.7,304,2.9,3,0
8.86,278,2.9,3,0
8.71,272,2.9,3,0
7.9,263,2.9,3,0
8.63,247,2.9,3,0
7.5,114,2.9,3,0
8.48,448,2.8,3,0
8.3,330,2.8,3,0
8.48,253,2.8,3,0
8.91,251,2.8,3,0
8.91,251,2.8,3,0
8.38,249,2.8,3,0
8.38,249,2.8,3,0
8.08,229,2.8,3,0
8.2,427,2.7,3,0
8.64,422,2.7,3,0
8.3,398,2.7,3,0
8.1,355,2.7,3,0
8.6,330,2.7,3,0
8.8,311,2.7,3,0
8.6,293,2.7,3,0
8.4,290,2.7,3,0
8.02,269,2.7,3,0
8.74,263,2.7,3,0
9,202,2.7,3,0
8.36,402,2.6,3,0
8.6,310,2.6,3,0
8.45,307,2.6,3,0
7.86,298,2.6,3,0
7.86,298,2.6,3,0
8.1,285,2.6,3,0
8.93,216,2.6,3,0
8.71,393,2.5,3,0
8.48,376,2.5,3,0
8.4,349,2.5,3,0
8.9,287,2.5,3,0
8.96,205,2.5,3,0
8.4,437,2.4,3,0
8.34,437,2.4,3,0
8.3,407,2.4,3,0
8.3,407,2.4,3,0
8.38,401,2.4,3,0
8.7,394,2.4,3,0
8.42,324,2.4,3,0
8.6,295,2.4,3,0
8.44,285,2.4,3,0
9.1,272,2.4,3,0
8.76,333,2.3,3,0
8.3,310,2.3,3,0
8.67,309,2.3,3,0
8.6,293,2.3,3,0
8.95,234,2.3,3,0
7.96,222,2.3,3,0
7.96,222,2.3,3,0
9.53,199,2.3,3,0
9.53,199,2.3,3,0
7.92,130,2.3,3,0
7.02,76,2.3,3,0
8.58,1030,2.2,3,0
8.58,446,2.2,3,0
8.52,310,2.2,3,0
7.93,303,2.2,3,0
7.93,303,2.2,3,0
8.06,283,2.2,3,0
8.06,283,2.2,3,0
8.84,249,2.2,3,0
9.2,208,2.2,3,0
8.94,207,2.2,3,0
7.19,128,2.2,3,0
7.19,128,2.2,3,0
8,521,2.1,3,0
8.32,433,2.1,3,0
8.33,418,2.1,3,0
8.64,387,2.1,3,0
8.31,379,2.1,3,0
8.26,325,2.1,3,0
8.26,325,2.1,3,0
8.66,322,2.1,3,0
8.12,304,2.1,3,0
8.7,284,2.1,3,0
8.5,284,2.1,3,0
8.67,276,2.1,3,0
8,2880,2,3,0
8.4,2520,2,3,0
8.71,529,2,3,0
8.54,431,2,3,0
8.5,403,2,3,0
8.5,403,2,3,0
8.49,394,2,3,0
8.78,361,2,3,0
7.97,300,2,3,0
8.9,281,2,3,0
8.64,274,2,3,0
7.96,219,2,3,0
8.21,440,1.9,3,0
8.6,311,1.9,3,0
8.6,311,1.9,3,0
8.62,301,1.9,3,0
8.22,197,1.9,3,0
7.9,4230,1.8,3,0
8.66,420,1.8,3,0
8.57,332,1.8,3,0
8.29,332,1.8,3,0
8.31,310,1.8,3,0
8.9,207,1.8,3,0
8.56,403,1.7,3,0
8.56,403,1.7,3,0
8.2,397,1.7,3,0
7.98,366,1.7,3,0
8.25,320,1.7,3,0
8.38,304,1.7,3,0
8.6,300,1.7,3,0
8.6,223,1.7,3,0
9.2,173,1.7,3,0
8.63,360,1.6,3,0
8.63,360,1.6,3,0
8.68,320,1.6,3,0
8.49,301,1.6,3,0
8.49,301,1.6,3,0
8.71,296,1.6,3,0
8.71,296,1.6,3,0
7.8,220,1.6,3,0
9.08,204,1.6,3,0
9.2,180,1.6,3,0
9.2,180,1.6,3,0
8.72,2510,1.5,3,0
8.33,398,1.5,3,0
8.68,350,1.5,3,0
8.46,294,1.5,3,0
8.46,294,1.5,3,0
8.62,241,1.5,3,0
8.8,239,1.5,3,0
7.57,126,1.5,3,0
7,85,1.5,3,0
8.51,369,1.4,3,0
8.7,283,1.4,3,0
8.86,250,1.4,3,0
8.22,214,1.4,3,0
8.22,214,1.4,3,0
8.5,356,1.3,3,0
8.9,258,1.3,3,0
8.9,258,1.3,3,0
8.69,423,1.2,3,0
8.34,364,1.2,3,0
8.75,292,1.2,3,0
9.07,211,1.2,3,0
9,224,1,3,0
8.42,425,0.6,3,0
8.45,401,0.55,3,0
8.82,260,0.25,3,0
8.22,283,6.5,2.9,0
8.18,368,6,2.9,0
8.33,317,5.8,2.9,0
8.59,410,3.9,2.9,0
8.45,237,3.8,2.9,0
8,117,3.8,2.9,0
8.2,449,3.7,2.9,0
8.54,309,3.7,2.9,0
8.66,290,3.7,2.9,0
8.28,281,3.7,2.9,0
8.24,340,3.6,2.9,0
8.24,340,3.6,2.9,0
8.5,286,3.6,2.9,0
8.64,405,3.5,2.9,0
8.27,310,3.4,2.9,0
8.94,254,3.4,2.9,0
8.84,347,3.3,2.9,0
8.12,290,3.3,2.9,0
8.68,447,3.2,2.9,0
8.68,447,3.2,2.9,0
8.04,438,3.2,2.9,0
8.19,223,3.2,2.9,0
8.27,437,3.1,2.9,0
8.5,421,3.1,2.9,0
8.36,411,3.1,2.9,0
8.42,382,3.1,2.9,0
8.65,369,3.1,2.9,0
8.58,400,3,2.9,0
8.53,362,3,2.9,0
8.46,318,3,2.9,0
8.6,308,3,2.9,0
8.68,294,3,2.9,0
8.79,251,3,2.9,0
9.1,208,3,2.9,0
7.8,341,2.9,2.9,0
8.47,303,2.9,2.9,0
8.47,303,2.9,2.9,0
8.68,273,2.9,2.9,0
8.06,244,2.9,2.9,0
8.5,234,2.9,2.9,0
9,215,2.9,2.9,0
8.55,386,2.8,2.9,0
8.67,357,2.8,2.9,0
8.64,302,2.8,2.9,0
8.69,288,2.8,2.9,0
8.42,253,2.8,2.9,0
8.42,253,2.8,2.9,0
8.66,252,2.8,2.9,0
8.5,232,2.8,2.9,0
8.36,397,2.7,2.9,0
8.36,397,2.7,2.9,0
8.26,379,2.7,2.9,0
8.26,379,2.7,2.9,0
8.57,345,2.7,2.9,0
8.2,322,2.7,2.9,0
7.93,121,2.7,2.9,0
8.6,1190,2.6,2.9,0
8.6,1190,2.6,2.9,0
8.48,439,2.6,2.9,0
8.32,438,2.6,2.9,0
8.3,428,2.6,2.9,0
8.36,403,2.6,2.9,0
8.6,390,2.6,2.9,0
8.54,350,2.6,2.9,0
8.06,321,2.6,2.9,0
8.48,316,2.6,2.9,0
8.48,316,2.6,2.9,0
8.54,315,2.6,2.9,0
8.46,263,2.6,2.9,0
8.2,254,2.6,2.9,0
8.88,253,2.6,2.9,0
8.78,240,2.6,2.9,0
8.56,374,2.5,2.9,0
8.7,355,2.5,2.9,0
8.64,342,2.5,2.9,0
8.3,283,2.5,2.9,0
8.6,279,2.5,2.9,0
8.98,227,2.5,2.9,0
8.86,215,2.5,2.9,0
8,547,2.4,2.9,1
8.19,416,2.4,2.9,0
8.81,409,2.4,2.9,0
8.44,398,2.4,2.9,0
8.6,300,2.4,2.9,0
8.6,300,2.4,2.9,0
8.14,238,2.4,2.9,0
8.88,222,2.4,2.9,0
8.95,218,2.4,2.9,0
8.95,218,2.4,2.9,0
7.73,116,2.4,2.9,0
8.3,412,2.3,2.9,0
8.56,384,2.3,2.9,0
8.56,384,2.3,2.9,0
8.68,357,2.3,2.9,0
8.5,333,2.3,2.9,0
8.08,284,2.3,2.9,0
8.48,256,2.3,2.9,0
8.92,235,2.3,2.9,0
8.92,235,2.3,2.9,0
9,79,2.3,2.9,0
8.16,762,2.2,2.9,0
8.71,393,2.2,2.9,0
8.2,384,2.2,2.9,0
8.82,281,2.2,2.9,0
8.15,271,2.2,2.9,0
8.36,442,2.1,2.9,0
8.28,433,2.1,2.9,0
8.44,393,2.1,2.9,0
8.87,291,2.1,2.9,0
8.08,246,2.1,2.9,0
8.98,214,2.1,2.9,0
8.44,404,2,2.9,0
8.54,347,2,2.9,0
8.7,280,2,2.9,0
8.54,421,1.9,2.9,0
8.38,420,1.9,2.9,0
8.32,416,1.9,2.9,0
8.64,354,1.8,2.9,0
8.75,241,1.8,2.9,0
8.3,212,1.8,2.9,0
8.5,286,1.7,2.9,0
7,73,1.7,2.9,0
8.37,332,1.6,2.9,0
8.15,464,1.5,2.9,0
8.15,464,1.5,2.9,0
8.52,388,1.5,2.9,0
8.52,388,1.5,2.9,0
7.9,268,1.5,2.9,0
7.9,268,1.5,2.9,0
8.58,400,1.4,2.9,0
8.1,267,1.3,2.9,0
8.1,267,1.3,2.9,0
8.5,73,1.3,2.9,0
8.32,307,1.2,2.9,0
8.2,76,1.2,2.9,0
8.6,448,1.1,2.9,0
8.1,82,1,2.9,0
8.65,250,0.95,2.9,0
8.48,252,0.85,2.9,0
8.28,436,0.7,2.9,0
8.78,265,0.55,2.9,0
8,346,9.7,2.8,0
8.36,213,7.2,2.8,0
8.3,427,6.4,2.8,0
8.3,427,6.4,2.8,0
8.2,653,5.5,2.8,0
8.8,1420,4.7,2.8,0
8.41,304,4.1,2.8,0
8.1,260,4.1,2.8,0
8.78,265,4,2.8,0
8.78,265,4,2.8,0
8.55,370,3.9,2.8,0
7.95,266,3.8,2.8,0
8.9,189,3.8,2.8,0
7.7,71,3.8,2.8,0
9.12,1380,3.7,2.8,0
8.27,327,3.7,2.8,0
9.08,208,3.7,2.8,0
8.95,302,3.6,2.8,0
8.4,428,3.5,2.8,0
8.9,206,3.5,2.8,0
9,189,3.5,2.8,0
9,186,3.5,2.8,0
8.51,372,3.4,2.8,0
8.44,302,3.4,2.8,0
8.6,385,3.3,2.8,0
8.67,302,3.3,2.8,0
8.2,272,3.2,2.8,0
8.53,183,3.2,2.8,0
8.6,332,3.1,2.8,0
8.05,311,3.1,2.8,0
8.5,301,3.1,2.8,0
8.78,261,3.1,2.8,0
7.22,93,3.1,2.8,0
7.22,93,3.1,2.8,0
8.42,420,3,2.8,0
7.88,349,3,2.8,0
8.59,302,3,2.8,0
9.68,186,3,2.8,0
9.1,124,3,2.8,0
7.78,78,3,2.8,0
8.46,553,2.9,2.8,0
8.48,421,2.9,2.8,0
8.39,360,2.9,2.8,0
8.4,331,2.9,2.8,0
8.24,320,2.9,2.8,0
8.36,288,2.9,2.8,0
8.61,285,2.9,2.8,0
8.6,277,2.9,2.8,0
8.38,276,2.9,2.8,0
8.4,262,2.9,2.8,0
8.36,891,2.8,2.8,0
7.8,697,2.8,2.8,0
8.14,509,2.8,2.8,0
8.72,444,2.8,2.8,0
8.57,415,2.8,2.8,0
8.6,396,2.8,2.8,0
8.49,385,2.8,2.8,0
8.49,385,2.8,2.8,0
8.52,360,2.8,2.8,0
8.52,360,2.8,2.8,0
8.22,343,2.8,2.8,0
8.57,325,2.8,2.8,0
8.66,314,2.8,2.8,0
8.09,301,2.8,2.8,0
8.09,301,2.8,2.8,0
8.61,298,2.8,2.8,0
8,278,2.8,2.8,0
7.78,248,2.8,2.8,0
7.78,248,2.8,2.8,0
8.38,246,2.8,2.8,0
8.59,244,2.8,2.8,0
7.76,228,2.8,2.8,0
9.1,177,2.8,2.8,0
7.7,156,2.8,2.8,0
7.7,152,2.8,2.8,0
7.5,87,2.8,2.8,0
8.2,574,2.7,2.8,0
8.3,447,2.7,2.8,0
8.51,412,2.7,2.8,0
8.5,408,2.7,2.8,0
8.7,375,2.7,2.8,0
8.7,375,2.7,2.8,0
8.19,349,2.7,2.8,0
8.2,337,2.7,2.8,0
9.51,329,2.7,2.8,0
9.38,300,2.7,2.8,0
8.2,226,2.7,2.8,0
8.96,161,2.7,2.8,0
8.96,161,2.7,2.8,0
7.3,138,2.7,2.8,0
8.6,397,2.6,2.8,0
8.65,375,2.6,2.8,0
8.65,375,2.6,2.8,0
8.4,361,2.6,2.8,0
8.09,320,2.6,2.8,0
8.76,307,2.6,2.8,0
8.96,284,2.6,2.8,0
8.74,267,2.6,2.8,0
8.3,252,2.6,2.8,0
8.82,250,2.6,2.8,0
8.7,224,2.6,2.8,0
8.38,224,2.6,2.8,0
8.8,222,2.6,2.8,0
8.3,447,2.5,2.8,0
8.2,429,2.5,2.8,0
8.38,402,2.5,2.8,0
8.45,360,2.5,2.8,0
8.3,323,2.5,2.8,0
8.96,284,2.5,2.8,0
8.25,282,2.5,2.8,0
8.4,242,2.5,2.8,0
8.6,239,2.5,2.8,0
8.7,222,2.5,2.8,0
8.59,445,2.4,2.8,0
8.34,406,2.4,2.8,0
8.47,392,2.4,2.8,0
8.47,392,2.4,2.8,0
8.6,389,2.4,2.8,0
8.51,385,2.4,2.8,0
8.51,385,2.4,2.8,0
7.9,371,2.4,2.8,0
8.7,308,2.4,2.8,0
8.86,288,2.4,2.8,0
8.6,272,2.4,2.8,0
8.4,272,2.4,2.8,0
8.66,262,2.4,2.8,0
8.2,232,2.4,2.8,0
8.55,182,2.4,2.8,0
8.4,417,2.3,2.8,0
8.42,375,2.3,2.8,0
8.42,375,2.3,2.8,0
8.3,373,2.3,2.8,0
8.33,363,2.3,2.8,0
8.22,358,2.3,2.8,0
8.54,306,2.3,2.8,0
8.54,306,2.3,2.8,0
8.56,305,2.3,2.8,0
8.16,276,2.3,2.8,0
8.6,272,2.3,2.8,0
8.8,267,2.3,2.8,0
8.88,233,2.3,2.8,0
8.88,233,2.3,2.8,0
8.2,233,2.3,2.8,0
8.06,210,2.3,2.8,0
8.7,648,2.2,2.8,0
8.44,412,2.2,2.8,0
8.5,306,2.2,2.8,0
8.66,253,2.2,2.8,0
8.1,252,2.2,2.8,0
8.51,236,2.2,2.8,0
8.05,209,2.2,2.8,0
7.87,169,2.2,2.8,0
7.4,515,2.1,2.8,0
8.5,403,2.1,2.8,0
8.5,403,2.1,2.8,0
8.27,387,2.1,2.8,0
8.24,344,2.1,2.8,0
9,334,2.1,2.8,0
8.36,319,2.1,2.8,0
8.6,313,2.1,2.8,0
8.4,307,2.1,2.8,0
8.4,305,2.1,2.8,0
8.47,303,2.1,2.8,0
8.47,303,2.1,2.8,0
8.5,294,2.1,2.8,0
8.5,285,2.1,2.8,0
8.84,282,2.1,2.8,0
8.6,278,2.1,2.8,0
8.62,274,2.1,2.8,0
8.52,272,2.1,2.8,0
7.93,268,2.1,2.8,0
8.16,252,2.1,2.8,0
8.1,252,2.1,2.8,0
9.03,246,2.1,2.8,0
8.3,238,2.1,2.8,0
8.87,237,2.1,2.8,0
8.79,226,2.1,2.8,0
8.9,220,2.1,2.8,0
8.9,220,2.1,2.8,0
9,213,2.1,2.8,0
9.06,184,2.1,2.8,0
8.6,176,2.1,2.8,0
8.8,129,2.1,2.8,0
8.33,390,2,2.8,0
8.5,379,2,2.8,0
9,332,2,2.8,0
8.5,308,2,2.8,0
8.7,279,2,2.8,0
8.7,265,2,2.8,0
8.33,258,2,2.8,0
8.33,258,2,2.8,0
8.15,252,2,2.8,0
9.54,201,2,2.8,0
9.54,201,2,2.8,0
8.35,452,1.9,2.8,0
8.57,371,1.9,2.8,0
8.3,357,1.9,2.8,0
8.68,276,1.9,2.8,0
8.5,264,1.9,2.8,0
9.4,163,1.9,2.8,0
8.46,144,1.9,2.8,0
8.7,434,1.8,2.8,0
8.53,381,1.8,2.8,0
8.7,361,1.8,2.8,0
8.31,361,1.8,2.8,0
8.31,361,1.8,2.8,0
8.78,360,1.8,2.8,0
8.47,298,1.8,2.8,0
8.7,280,1.8,2.8,0
8.6,242,1.8,2.8,0
8.44,230,1.8,2.8,0
8.44,230,1.8,2.8,0
8.22,204,1.8,2.8,0
8.46,466,1.7,2.8,0
8.39,396,1.7,2.8,0
8.39,396,1.7,2.8,0
8.71,389,1.7,2.8,0
8.62,309,1.7,2.8,0
8.62,309,1.7,2.8,0
8.21,307,1.7,2.8,0
8.21,307,1.7,2.8,0
8.31,268,1.7,2.8,0
8.75,260,1.7,2.8,0
8.75,260,1.7,2.8,0
8.5,244,1.7,2.8,0
8.8,241,1.7,2.8,0
8.88,221,1.7,2.8,0
8.88,221,1.7,2.8,0
8.9,210,1.7,2.8,0
8.39,122,1.7,2.8,0
8.5,1300,1.6,2.8,0
8.44,450,1.6,2.8,0
8.3,298,1.6,2.8,0
8.8,291,1.6,2.8,0
8.35,258,1.6,2.8,0
8.84,242,1.6,2.8,0
8.78,203,1.6,2.8,0
8.78,203,1.6,2.8,0
8.6,149,1.6,2.8,0
7.56,148,1.6,2.8,0
8.3,133,1.6,2.8,0
8.4,467,1.5,2.8,0
8.46,402,1.5,2.8,0
8.45,353,1.5,2.8,0
8.41,304,1.5,2.8,0
8.41,304,1.5,2.8,0
8.3,473,1.4,2.8,0
8.4,306,1.4,2.8,0
8.62,298,1.4,2.8,0
8.5,432,1.3,2.8,0
8.48,412,1.3,2.8,0
8.66,353,1.3,2.8,0
8.86,273,1.3,2.8,0
8.06,258,1.3,2.8,0
8.06,258,1.3,2.8,0
8.45,145,1.3,2.8,0
7.5,78,1.3,2.8,0
8.32,352,1.2,2.8,0
8.33,258,1.2,2.8,0
8.33,258,1.2,2.8,0
8.86,236,1.2,2.8,0
8.14,358,1.1,2.8,0
8.6,335,1.1,2.8,0
8.02,118,1.1,2.8,0
8.34,470,1,2.8,0
8.21,259,0.95,2.8,0
8.21,259,0.95,2.8,0
8.28,414,0.9,2.8,0
8.28,414,0.9,2.8,0
8.81,248,0.9,2.8,0
8.32,441,0.85,2.8,0
8.26,439,0.8,2.8,0
8.46,399,0.6,2.8,0
8.7,259,0.45,2.8,0
8.84,223,8.3,2.7,0
8.47,536,5.4,2.7,0
8.35,453,3.8,2.7,0
7.7,72,3.8,2.7,0
8.28,312,3.4,2.7,0
8.22,302,3.4,2.7,0
7.8,328,3.2,2.7,0
8.28,326,3.2,2.7,0
8.18,274,3.2,2.7,0
8.3,493,3.1,2.7,0
8.61,289,3.1,2.7,0
8.61,289,3.1,2.7,0
7.84,362,3,2.7,0
8.6,328,3,2.7,0
8.49,359,2.9,2.7,0
8.3,312,2.9,2.7,0
8.64,282,2.9,2.7,0
7.5,94,2.9,2.7,0
8.62,482,2.8,2.7,0
8.62,374,2.8,2.7,0
8.07,357,2.8,2.7,0
8.41,340,2.8,2.7,0
8.47,335,2.8,2.7,0
8.62,483,2.7,2.7,0
8.2,435,2.7,2.7,0
7.88,370,2.7,2.7,0
8.66,283,2.7,2.7,0
8,268,2.7,2.7,0
8.2,257,2.7,2.7,0
8.49,463,2.6,2.7,0
8.21,419,2.6,2.7,0
8.53,405,2.6,2.7,0
8.4,388,2.6,2.7,0
7.78,342,2.6,2.7,0
8.77,313,2.6,2.7,0
8.9,238,2.6,2.7,0
7.5,107,2.6,2.7,0
7.97,240,2.5,2.7,0
9,196,2.5,2.7,0
8.25,470,2.4,2.7,0
8.41,433,2.4,2.7,0
7.93,360,2.4,2.7,0
8.9,279,2.4,2.7,0
9.1,188,2.4,2.7,0
8.64,382,2.3,2.7,0
8.64,382,2.3,2.7,0
8.1,379,2.3,2.7,0
8.1,280,2.3,2.7,0
8.24,262,2.3,2.7,0
8.94,228,2.3,2.7,0
8.12,396,2.2,2.7,0
8.8,294,2.2,2.7,0
8.66,293,2.2,2.7,0
8.5,291,2.2,2.7,0
8.22,280,2.2,2.7,0
8.11,276,2.2,2.7,0
8.16,233,2.2,2.7,0
8.3,1010,2.1,2.7,0
8.3,449,2.1,2.7,0
8.3,449,2.1,2.7,0
8.46,438,2.1,2.7,0
8.56,434,2.1,2.7,0
8.35,410,2.1,2.7,0
8.33,407,2.1,2.7,0
8.33,407,2.1,2.7,0
8.76,356,2.1,2.7,0
8.4,277,2.1,2.7,0
7.92,270,2.1,2.7,0
8.4,258,2.1,2.7,0
8.84,241,2.1,2.7,0
8.82,234,2.1,2.7,0
8.1,92,2.1,2.7,0
7.3,74,2.1,2.7,0
8,563,2,2.7,0
8.48,449,2,2.7,0
8.39,402,2,2.7,0
8.33,360,2,2.7,0
8,357,2,2.7,0
8.25,352,2,2.7,0
8,320,2,2.7,0
8.5,290,2,2.7,0
8.61,248,2,2.7,0
8.61,248,2,2.7,0
8.8,234,2,2.7,0
8.32,414,1.9,2.7,0
8.32,414,1.9,2.7,0
8.35,371,1.9,2.7,0
8.42,368,1.9,2.7,0
8.17,354,1.9,2.7,0
8.87,304,1.9,2.7,0
8.87,302,1.9,2.7,0
8.54,288,1.9,2.7,0
8.4,269,1.9,2.7,0
8.18,250,1.9,2.7,0
8.84,232,1.9,2.7,0
8.84,232,1.9,2.7,0
9.1,79,1.9,2.7,0
8.27,469,1.8,2.7,0
8.63,414,1.8,2.7,0
8.55,327,1.8,2.7,0
8.66,321,1.8,2.7,0
8.32,255,1.8,2.7,0
7.98,222,1.8,2.7,0
8.27,426,1.7,2.7,0
8.27,426,1.7,2.7,0
8.65,400,1.7,2.7,0
8.48,387,1.7,2.7,0
8.45,387,1.7,2.7,0
8.64,282,1.7,2.7,0
7.91,268,1.7,2.7,0
7.91,268,1.7,2.7,0
8.74,245,1.7,2.7,0
8.74,245,1.7,2.7,0
9.02,198,1.7,2.7,0
8.5,316,1.6,2.7,0
8.4,258,1.6,2.7,0
8.94,216,1.6,2.7,0
8.94,216,1.6,2.7,0
8.37,462,1.5,2.7,0
7.9,363,1.5,2.7,0
8.52,320,1.5,2.7,0
8.52,320,1.5,2.7,0
8.48,434,1.4,2.7,0
7.5,295,1.4,2.7,0
9.2,77,1.4,2.7,0
8.54,390,1.2,2.7,0
8.34,356,1.2,2.7,0
7.9,82,1.2,2.7,0
8.47,376,1.1,2.7,0
8.47,376,1.1,2.7,0
8.24,438,0.8,2.7,0
8.79,267,0.4,2.7,0
8.38,408,0.3,2.7,0
7.95,223,5.7,2.6,0
8.22,337,4.5,2.6,0
9.08,229,4.4,2.6,0
8.22,362,4.2,2.6,0
8.6,442,4.1,2.6,0
8.6,249,3.8,2.6,0
8.5,382,3.7,2.6,0
8.77,337,3.7,2.6,0
8.2,536,3.6,2.6,0
8.43,305,3.6,2.6,0
9.04,230,3.5,2.6,0
7.94,218,3.4,2.6,0
7.94,218,3.4,2.6,0
8,584,3.3,2.6,0
8.12,269,3.3,2.6,0
7.2,217,3.3,2.6,0
8.53,476,3.2,2.6,0
8.8,246,3.2,2.6,0
8.98,232,3.2,2.6,0
7.3,230,3.2,2.6,0
8.26,424,3.1,2.6,0
8.24,324,3.1,2.6,0
8.13,269,3.1,2.6,0
8.38,292,3,2.6,0
8.1,286,3,2.6,0
8.1,273,3,2.6,0
8.32,492,2.9,2.6,0
8.72,425,2.9,2.6,0
8.49,403,2.9,2.6,0
8.49,403,2.9,2.6,0
8.5,326,2.9,2.6,0
8.56,308,2.9,2.6,0
8.56,308,2.9,2.6,0
8.44,277,2.9,2.6,0
8.28,271,2.9,2.6,0
8.7,264,2.9,2.6,0
8.82,222,2.9,2.6,0
8.42,406,2.8,2.6,0
8.34,403,2.8,2.6,0
8.42,399,2.8,2.6,0
8.3,396,2.8,2.6,0
8.49,380,2.8,2.6,0
8.56,366,2.8,2.6,0
8.56,366,2.8,2.6,0
8.4,326,2.8,2.6,0
8.48,304,2.8,2.6,0
7.89,298,2.8,2.6,0
8.06,290,2.8,2.6,0
8.3,277,2.8,2.6,0
9,255,2.8,2.6,0
8.92,229,2.8,2.6,0
8.28,492,2.7,2.6,0
8.54,376,2.7,2.6,0
8.57,303,2.7,2.6,0
8.7,270,2.7,2.6,0
8.84,248,2.7,2.6,0
9.22,234,2.7,2.6,0
8.08,215,2.7,2.6,0
8.08,215,2.7,2.6,0
8.08,214,2.7,2.6,0
8.08,214,2.7,2.6,0
7.56,77,2.7,2.6,0
9.02,1570,2.6,2.6,0
8,751,2.6,2.6,0
8.38,427,2.6,2.6,0
8.7,387,2.6,2.6,0
8.38,376,2.6,2.6,0
8.64,365,2.6,2.6,0
8.7,354,2.6,2.6,0
8.97,350,2.6,2.6,0
8.82,339,2.6,2.6,0
8.43,324,2.6,2.6,0
8.43,324,2.6,2.6,0
8.11,300,2.6,2.6,0
8.01,262,2.6,2.6,0
8.19,259,2.6,2.6,0
8.83,242,2.6,2.6,0
7.7,132,2.6,2.6,0
8.5,284,2.5,2.6,0
7.5,283,2.5,2.6,0
8.19,242,2.5,2.6,0
8.21,232,2.5,2.6,0
8.21,232,2.5,2.6,0
9.2,207,2.5,2.6,0
7.05,76,2.5,2.6,0
8.38,389,2.4,2.6,0
8.36,384,2.4,2.6,0
8.36,384,2.4,2.6,0
8.54,366,2.4,2.6,0
8.54,366,2.4,2.6,0
8.4,359,2.4,2.6,0
8.1,329,2.4,2.6,0
8.6,325,2.4,2.6,0
8.49,303,2.4,2.6,0
8.49,303,2.4,2.6,0
8.6,294,2.4,2.6,0
8.8,192,2.4,2.6,0
8.33,389,2.3,2.6,0
8.54,372,2.3,2.6,0
8.54,372,2.3,2.6,0
8.76,362,2.3,2.6,0
8.64,353,2.3,2.6,0
8.87,277,2.3,2.6,0
8.39,266,2.3,2.6,0
8.3,194,2.3,2.6,0
8.59,181,2.3,2.6,0
7.48,150,2.3,2.6,0
8.5,119,2.3,2.6,0
7.8,703,2.2,2.6,0
8.35,442,2.2,2.6,0
8.38,404,2.2,2.6,0
8.46,365,2.2,2.6,0
8.3,344,2.2,2.6,0
8.2,304,2.2,2.6,0
8.4,266,2.2,2.6,0
8.2,266,2.2,2.6,0
8.75,251,2.2,2.6,0
9.2,233,2.2,2.6,0
8.18,95,2.2,2.6,0
7.6,2940,2.1,2.6,0
8,450,2.1,2.6,0
8.54,437,2.1,2.6,0
8.06,432,2.1,2.6,0
8.6,399,2.1,2.6,0
8.35,381,2.1,2.6,0
8.44,293,2.1,2.6,0
8.75,292,2.1,2.6,0
8.1,284,2.1,2.6,0
8.1,284,2.1,2.6,0
8.44,276,2.1,2.6,0
8.44,276,2.1,2.6,0
8.18,206,2.1,2.6,0
9.1,186,2.1,2.6,0
8.6,2430,2,2.6,0
8.35,412,2,2.6,0
8.33,405,2,2.6,0
8.24,396,2,2.6,0
8.24,396,2,2.6,0
9.1,336,2,2.6,0
8.29,322,2,2.6,0
8.29,322,2,2.6,0
8.83,314,2,2.6,0
8.54,310,2,2.6,0
8.54,310,2,2.6,0
8.6,307,2,2.6,0
8.6,272,2,2.6,0
8.73,259,2,2.6,0
8.76,236,2,2.6,0
8.76,236,2,2.6,0
8.8,227,2,2.6,0
8.8,226,2,2.6,0
8.8,224,2,2.6,0
7.72,224,2,2.6,0
8.87,211,2,2.6,0
9.1,201,2,2.6,0
9,128,2,2.6,0
8,589,1.9,2.6,0
8.52,448,1.9,2.6,0
8.47,373,1.9,2.6,0
8.47,373,1.9,2.6,0
8.11,356,1.9,2.6,0
8.53,316,1.9,2.6,0
8.53,316,1.9,2.6,0
8.3,297,1.9,2.6,0
8.3,297,1.9,2.6,0
8.35,285,1.9,2.6,0
8.52,250,1.9,2.6,0
8.9,243,1.9,2.6,0
8.34,242,1.9,2.6,0
8.21,238,1.9,2.6,0
8.21,238,1.9,2.6,0
8.8,226,1.9,2.6,0
8.95,205,1.9,2.6,0
8.18,205,1.9,2.6,0
8.9,204,1.9,2.6,0
8.9,204,1.9,2.6,0
9.1,174,1.9,2.6,0
9.1,79,1.9,2.6,0
8.22,504,1.8,2.6,0
8.34,435,1.8,2.6,0
8.34,426,1.8,2.6,0
8.68,363,1.8,2.6,0
8.68,363,1.8,2.6,0
8.61,298,1.8,2.6,0
8.61,298,1.8,2.6,0
8.83,296,1.8,2.6,0
8.83,296,1.8,2.6,0
8.34,282,1.8,2.6,0
8.7,279,1.8,2.6,0
8.64,273,1.8,2.6,0
8.04,265,1.8,2.6,0
7.48,226,1.8,2.6,0
8.89,220,1.8,2.6,0
8.8,215,1.8,2.6,0
9.08,200,1.8,2.6,0
8.9,78,1.8,2.6,0
8.14,447,1.7,2.6,0
8.6,414,1.7,2.6,0
8.83,411,1.7,2.6,0
8.36,387,1.7,2.6,0
8.36,387,1.7,2.6,0
8.32,349,1.7,2.6,0
8.8,227,1.7,2.6,0
8.36,201,1.7,2.6,0
9.1,179,1.7,2.6,0
8.4,470,1.6,2.6,0
8.55,434,1.6,2.6,0
8.41,383,1.6,2.6,0
8.41,383,1.6,2.6,0
8.53,363,1.6,2.6,0
8.53,363,1.6,2.6,0
8.2,320,1.6,2.6,0
8.2,320,1.6,2.6,0
8.63,295,1.6,2.6,0
8.63,295,1.6,2.6,0
8.55,254,1.6,2.6,0
8.55,254,1.6,2.6,0
8.54,254,1.6,2.6,0
9.07,209,1.6,2.6,0
9.27,186,1.6,2.6,0
9.27,186,1.6,2.6,0
7.4,135,1.6,2.6,0
8.81,2000,1.5,2.6,0
7.88,494,1.5,2.6,0
7.88,494,1.5,2.6,0
8.67,326,1.5,2.6,0
8.77,297,1.5,2.6,0
8.8,241,1.5,2.6,0
8.38,195,1.5,2.6,0
7.09,124,1.5,2.6,0
7.24,117,1.5,2.6,0
7.3,75,1.5,2.6,0
8.3,408,1.4,2.6,0
8.63,403,1.4,2.6,0
8.56,385,1.4,2.6,0
8.4,353,1.4,2.6,0
8.64,298,1.4,2.6,0
7.78,126,1.4,2.6,0
8.54,398,1.3,2.6,0
8.13,366,1.3,2.6,0
8.5,315,1.3,2.6,0
8.32,262,1.3,2.6,0
7.4,75,1.3,2.6,0
8,71,1.3,2.6,0
8.36,464,1.2,2.6,0
8.6,266,1.2,2.6,0
8.06,262,1.2,2.6,0
7.3,78,1.2,2.6,0
8.36,212,1.1,2.6,0
7.99,169,1.1,2.6,0
8.62,360,1,2.6,0
8.62,360,1,2.6,0
8.5,252,1,2.6,0
8.62,351,0.95,2.6,0
8.78,275,0.9,2.6,0
8.48,397,0.8,2.6,0
8.49,377,0.7,2.6,0
8.49,377,0.7,2.6,0
8.72,89,3.9,2.5,0
8.96,321,3.4,2.5,0
8.47,360,3.3,2.5,0
8.5,429,3.2,2.5,0
8.77,331,3.2,2.5,0
8.34,301,3.2,2.5,0
8.28,512,3.1,2.5,0
8.46,312,3.1,2.5,0
8.94,233,3.1,2.5,0
8.58,417,2.9,2.5,0
8.6,397,2.9,2.5,0
8.17,310,2.9,2.5,0
8,296,2.9,2.5,0
8.48,419,2.8,2.5,0
8.61,395,2.8,2.5,0
8.31,387,2.8,2.5,0
8.31,387,2.8,2.5,0
8.3,491,2.7,2.5,0
8.74,348,2.7,2.5,0
8.68,339,2.7,2.5,0
8.4,319,2.7,2.5,0
8.4,319,2.7,2.5,0
8.7,312,2.7,2.5,0
8.7,312,2.7,2.5,0
8.1,271,2.7,2.5,0
8.34,270,2.7,2.5,0
8.8,268,2.7,2.5,0
7.3,228,2.7,2.5,0
8.09,214,2.7,2.5,0
8.09,214,2.7,2.5,0
8.54,412,2.6,2.5,0
8.35,373,2.6,2.5,0
8.4,345,2.6,2.5,0
9.36,304,2.6,2.5,0
7.52,175,2.6,2.5,0
8.5,420,2.5,2.5,0
8.26,391,2.5,2.5,0
8.38,379,2.5,2.5,0
8.48,376,2.5,2.5,0
8.4,362,2.5,2.5,0
8.07,246,2.5,2.5,0
8.52,400,2.4,2.5,0
8.6,301,2.4,2.5,0
8.6,301,2.4,2.5,0
7.4,262,2.4,2.5,0
8.2,3940,2.3,2.5,0
8.59,350,2.3,2.5,0
8.32,338,2.3,2.5,0
8.66,285,2.3,2.5,0
8.3,208,2.3,2.5,0
7.6,68,2.3,2.5,0
8.33,387,2.2,2.5,0
8.33,387,2.2,2.5,0
8.44,376,2.2,2.5,0
8.42,340,2.2,2.5,0
7.9,339,2.2,2.5,0
9.2,208,2.2,2.5,0
8.2,206,2.2,2.5,0
8.2,432,2.1,2.5,0
8.33,394,2.1,2.5,0
8.7,360,2.1,2.5,0
8.3,356,2.1,2.5,0
8.53,309,2.1,2.5,0
8.5,305,2.1,2.5,0
8.57,280,2.1,2.5,0
8.57,280,2.1,2.5,0
8.61,276,2.1,2.5,0
8.45,267,2.1,2.5,0
8.84,242,2.1,2.5,0
8.1,237,2.1,2.5,0
8.6,197,2.1,2.5,0
8.32,504,2,2.5,0
8.36,372,2,2.5,0
8.09,350,2,2.5,0
8.8,330,2,2.5,0
8,238,2,2.5,0
8.44,234,2,2.5,0
8.44,234,2,2.5,0
8.8,225,2,2.5,0
8.6,181,2,2.5,0
7.02,156,2,2.5,0
8.28,411,1.9,2.5,0
8.52,403,1.9,2.5,0
8.68,380,1.9,2.5,0
8.3,258,1.9,2.5,0
8.39,386,1.8,2.5,0
8.46,368,1.8,2.5,0
8.12,356,1.8,2.5,0
8.31,261,1.8,2.5,0
8.74,234,1.8,2.5,0
7.7,69,1.8,2.5,0
7.5,69,1.8,2.5,0
7.3,59,1.8,2.5,0
8.28,464,1.7,2.5,0
8.5,458,1.7,2.5,0
8.18,428,1.7,2.5,0
8.41,385,1.7,2.5,0
8.58,262,1.7,2.5,0
8.58,262,1.7,2.5,0
8.87,236,1.7,2.5,0
8.87,236,1.7,2.5,0
8.3,189,1.7,2.5,0
7.1,73,1.7,2.5,0
8.1,72,1.7,2.5,0
7.5,72,1.7,2.5,0
7.9,68,1.7,2.5,0
8.68,248,1.6,2.5,0
7.4,59,1.6,2.5,0
8.31,365,1.5,2.5,0
8.75,246,1.5,2.5,0
8.75,246,1.5,2.5,0
7,73,1.5,2.5,0
8,70,1.5,2.5,0
8,68,1.5,2.5,0
7.8,65,1.5,2.5,0
7.3,61,1.5,2.5,0
7.4,60,1.5,2.5,0
8.16,377,1.4,2.5,0
8.16,377,1.4,2.5,0
8.36,262,1.4,2.5,0
8.36,262,1.4,2.5,0
8.3,226,1.4,2.5,0
7.6,75,1.4,2.5,0
7.9,74,1.4,2.5,0
8.1,72,1.4,2.5,0
7.5,71,1.4,2.5,0
7.9,70,1.4,2.5,0
8.1,68,1.4,2.5,0
7.8,67,1.4,2.5,0
8.2,66,1.4,2.5,0
8,66,1.4,2.5,0
7.8,65,1.4,2.5,0
7.3,59,1.4,2.5,0
8.44,388,1.3,2.5,0
7.55,141,1.3,2.5,0
7.2,74,1.3,2.5,0
7.4,72,1.3,2.5,0
8.2,67,1.3,2.5,0
8.51,320,1.2,2.5,0
8.51,320,1.2,2.5,0
8,75,1.2,2.5,0
8.1,68,1.2,2.5,0
7.8,68,1.2,2.5,0
7.4,59,1.2,2.5,0
8.53,398,1.1,2.5,0
8.43,278,1.1,2.5,0
8.43,278,1.1,2.5,0
8.8,272,1.1,2.5,0
8.06,203,1.1,2.5,0
8.3,74,1.1,2.5,0
7.3,67,1.1,2.5,0
8.1,66,1.1,2.5,0
8,63,1.1,2.5,0
8.48,318,1,2.5,0
8.48,318,1,2.5,0
8,80,1,2.5,0
7,69,1,2.5,0
7,69,1,2.5,0
7.4,68,1,2.5,0
8,63,1,2.5,0
8.48,380,0.95,2.5,0
8.48,380,0.95,2.5,0
7.1,80,0.95,2.5,0
7.1,69,0.95,2.5,0
7.4,68,0.95,2.5,0
7.2,65,0.95,2.5,0
8.48,377,0.9,2.5,0
8.48,377,0.9,2.5,0
7.3,74,0.9,2.5,0
7,70,0.9,2.5,0
7.2,75,0.85,2.5,0
7,74,0.85,2.5,0
7.1,73,0.85,2.5,0
7.2,68,0.85,2.5,0
7.3,67,0.85,2.5,0
7.3,67,0.85,2.5,0
7.1,65,0.85,2.5,0
6.8,65,0.85,2.5,0
7.1,63,0.85,2.5,0
7.5,71,0.8,2.5,0
7.5,71,0.8,2.5,0
7.5,71,0.8,2.5,0
7.3,71,0.8,2.5,0
7.3,69,0.8,2.5,0
7,66,0.8,2.5,0
7.1,65,0.8,2.5,0
7.1,64,0.8,2.5,0
7.4,76,0.75,2.5,0
7.4,75,0.75,2.5,0
7.2,68,0.75,2.5,0
7.4,67,0.75,2.5,0
7,67,0.75,2.5,0
7.2,64,0.75,2.5,0
7,64,0.75,2.5,0
6.6,79,0.7,2.5,0
7.3,70,0.7,2.5,0
7.1,64,0.7,2.5,0
7.4,71,0.6,2.5,0
6.8,70,0.6,2.5,0
7.3,67,0.55,2.5,0
7.2,67,0.5,2.5,0
8.44,236,6.4,2.4,0
8.55,304,5.2,2.4,0
7.58,224,5.2,2.4,0
7.3,129,4.4,2.4,0
7.7,71,4.4,2.4,0
7.75,156,4.3,2.4,0
8.1,294,4.1,2.4,0
8.52,307,3.9,2.4,0
7.34,125,3.8,2.4,0
7.94,191,3.6,2.4,0
7.1,79,3.4,2.4,0
8.53,202,3.3,2.4,0
7.9,190,3.3,2.4,0
7.9,377,3.2,2.4,0
8.5,177,3.1,2.4,0
8.64,438,3,2.4,0
8.6,328,3,2.4,0
8.88,278,3,2.4,0
9.72,177,3,2.4,0
8.02,581,2.9,2.4,0
8.4,320,2.9,2.4,0
8.11,262,2.9,2.4,0
8.3,248,2.9,2.4,0
8.88,232,2.9,2.4,0
8.52,396,2.8,2.4,0
8.34,333,2.8,2.4,0
8.7,299,2.8,2.4,0
8.07,250,2.8,2.4,0
8.7,241,2.8,2.4,0
8.3,221,2.8,2.4,0
8.21,219,2.8,2.4,0
8.1,426,2.7,2.4,0
9.55,355,2.7,2.4,0
8.4,334,2.7,2.4,0
7.7,287,2.7,2.4,0
8.57,279,2.7,2.4,0
8.16,269,2.7,2.4,0
8.16,269,2.7,2.4,0
8.47,221,2.7,2.4,0
8.17,420,2.6,2.4,0
8.17,420,2.6,2.4,0
8.28,326,2.6,2.4,0
8.24,324,2.6,2.4,0
8.56,319,2.6,2.4,0
8.43,303,2.6,2.4,0
8.64,301,2.6,2.4,0
8.53,268,2.6,2.4,0
8.3,224,2.6,2.4,0
9.1,216,2.6,2.4,0
8.3,488,2.5,2.4,0
7.91,405,2.5,2.4,0
8.63,397,2.5,2.4,0
8.51,314,2.5,2.4,0
8.78,312,2.5,2.4,0
8.66,290,2.5,2.4,0
8.7,256,2.5,2.4,0
8.7,251,2.5,2.4,0
8.11,240,2.5,2.4,0
8.6,234,2.5,2.4,0
8.06,210,2.5,2.4,0
8.38,475,2.4,2.4,0
8.38,475,2.4,2.4,0
8.52,419,2.4,2.4,0
8.48,412,2.4,2.4,0
8.4,402,2.4,2.4,0
8.42,320,2.4,2.4,0
8.42,320,2.4,2.4,0
8.6,304,2.4,2.4,0
8.68,298,2.4,2.4,0
8.68,298,2.4,2.4,0
8.68,292,2.4,2.4,0
8.47,263,2.4,2.4,0
8.47,263,2.4,2.4,0
9.12,234,2.4,2.4,0
8.2,232,2.4,2.4,0
8.6,226,2.4,2.4,0
8.8,184,2.4,2.4,0
8.1,2230,2.3,2.4,0
8.24,498,2.3,2.4,0
8.66,366,2.3,2.4,0
8.52,357,2.3,2.4,0
8.78,352,2.3,2.4,0
8.6,344,2.3,2.4,0
8.2,343,2.3,2.4,0
8.54,330,2.3,2.4,0
8.77,320,2.3,2.4,0
8.7,310,2.3,2.4,0
8.8,255,2.3,2.4,0
9.03,210,2.3,2.4,0
7.32,210,2.3,2.4,0
9,78,2.3,2.4,0
8.5,685,2.2,2.4,0
8.2,417,2.2,2.4,0
8.32,415,2.2,2.4,0
8.66,408,2.2,2.4,0
8.82,313,2.2,2.4,0
8.57,312,2.2,2.4,0
8.57,312,2.2,2.4,0
8.56,304,2.2,2.4,0
8.2,226,2.2,2.4,0
9.1,189,2.2,2.4,0
7.18,153,2.2,2.4,0
8.54,138,2.2,2.4,0
8.28,440,2.1,2.4,0
8.36,402,2.1,2.4,0
8.88,324,2.1,2.4,0
8.88,324,2.1,2.4,0
8.5,320,2.1,2.4,0
8.5,320,2.1,2.4,0
8.5,308,2.1,2.4,0
8.6,294,2.1,2.4,0
8.02,279,2.1,2.4,0
8.02,279,2.1,2.4,0
8.2,272,2.1,2.4,0
7.86,271,2.1,2.4,0
7.96,245,2.1,2.4,0
7.3,87,2.1,2.4,0
8.56,421,2,2.4,0
8.33,374,2,2.4,0
8.54,371,2,2.4,0
8.62,337,2,2.4,0
8.54,328,2,2.4,0
8.4,318,2,2.4,0
8.47,292,2,2.4,0
8.47,292,2,2.4,0
8.2,258,2,2.4,0
8.92,209,2,2.4,0
8.98,206,2,2.4,0
7.64,160,2,2.4,0
8.56,152,2,2.4,0
7.8,79,2,2.4,0
8.18,522,1.9,2.4,0
8.46,454,1.9,2.4,0
8.45,403,1.9,2.4,0
8.45,403,1.9,2.4,0
8.48,357,1.9,2.4,0
8.54,326,1.9,2.4,0
7.68,297,1.9,2.4,0
8,287,1.9,2.4,0
8.77,279,1.9,2.4,0
7.62,197,1.9,2.4,0
8.18,498,1.8,2.4,0
8.47,401,1.8,2.4,0
8.5,371,1.8,2.4,0
8.6,364,1.8,2.4,0
8.6,364,1.8,2.4,0
8.5,346,1.8,2.4,0
8.2,325,1.8,2.4,0
8.2,325,1.8,2.4,0
8.75,294,1.8,2.4,0
8.75,294,1.8,2.4,0
8.8,264,1.8,2.4,0
8.8,264,1.8,2.4,0
8.64,250,1.8,2.4,0
8.42,466,1.7,2.4,0
8.12,352,1.7,2.4,0
8.45,350,1.7,2.4,0
8.58,295,1.7,2.4,0
7.97,251,1.7,2.4,0
8.95,212,1.7,2.4,0
8.38,455,1.6,2.4,0
8.32,442,1.6,2.4,0
8.32,442,1.6,2.4,0
8.4,375,1.6,2.4,0
8.44,345,1.6,2.4,0
9,215,1.6,2.4,0
9.1,143,1.6,2.4,0
8.37,115,1.6,2.4,0
8.9,79,1.6,2.4,0
8.22,527,1.5,2.4,0
8.3,386,1.5,2.4,0
8.3,386,1.5,2.4,0
8.62,283,1.5,2.4,0
8.33,283,1.5,2.4,0
9.2,179,1.5,2.4,0
9.2,179,1.5,2.4,0
8.4,75,1.5,2.4,0
8.38,408,1.4,2.4,0
8.38,408,1.4,2.4,0
8.32,403,1.4,2.4,0
8.18,365,1.4,2.4,0
8.16,365,1.4,2.4,0
8.23,346,1.4,2.4,0
8.49,280,1.4,2.4,0
8.49,280,1.4,2.4,0
8.55,206,1.4,2.4,0
8.06,202,1.4,2.4,0
8.44,118,1.4,2.4,0
7.86,110,1.4,2.4,0
8.2,942,1.3,2.4,0
8.32,411,1.3,2.4,0
8.32,411,1.3,2.4,0
8.31,264,1.3,2.4,0
7.76,261,1.3,2.4,0
9,227,1.3,2.4,0
8.47,206,1.3,2.4,0
7.65,117,1.3,2.4,0
8.32,99,1.3,2.4,0
8.32,99,1.3,2.4,0
7.7,77,1.3,2.4,0
8.34,352,1.2,2.4,0
8.72,212,1.2,2.4,0
8.33,469,1.1,2.4,0
8.42,421,1.1,2.4,0
8.32,364,1.1,2.4,0
8.01,203,1.1,2.4,0
7.9,74,1.1,2.4,0
7.48,328,4.1,2.3,0
7.94,248,3.8,2.3,0
7.94,248,3.8,2.3,0
7.8,72,3.4,2.3,0
7.93,250,3.2,2.3,0
7.93,250,3.2,2.3,0
8.38,325,3.1,2.3,0
8.42,422,3,2.3,0
8.64,297,3,2.3,0
8.64,297,3,2.3,0
8.28,459,2.9,2.3,0
9,217,2.9,2.3,0
8.6,290,2.8,2.3,0
8.4,278,2.8,2.3,0
8.8,136,2.8,2.3,0
8.47,479,2.7,2.3,0
8.69,423,2.6,2.3,0
8.4,374,2.6,2.3,0
8.82,348,2.6,2.3,0
8.3,231,2.6,2.3,0
8.3,231,2.6,2.3,0
8.56,399,2.5,2.3,0
8.59,393,2.5,2.3,0
8.66,240,2.5,2.3,0
9.02,210,2.5,2.3,0
8.72,421,2.4,2.3,0
8.5,408,2.4,2.3,0
8.59,394,2.4,2.3,0
8.52,341,2.4,2.3,0
9.16,300,2.4,2.3,0
8.68,291,2.4,2.3,0
8.08,269,2.4,2.3,0
8.08,269,2.4,2.3,0
8.14,230,2.4,2.3,0
8.54,794,2.3,2.3,0
8.3,424,2.3,2.3,0
8.5,419,2.3,2.3,0
8.52,301,2.3,2.3,0
8.52,301,2.3,2.3,0
8.8,218,2.3,2.3,0
8.4,205,2.3,2.3,0
8.45,392,2.2,2.3,0
8.45,392,2.2,2.3,0
8.2,388,2.2,2.3,0
8.2,388,2.2,2.3,0
8.32,371,2.2,2.3,0
8.51,358,2.2,2.3,0
8.54,315,2.2,2.3,0
8.8,310,2.2,2.3,0
8.8,310,2.2,2.3,0
9.1,229,2.2,2.3,0
9.08,213,2.2,2.3,0
6.4,79,2.2,2.3,0
8.14,538,2.1,2.3,0
8.47,403,2.1,2.3,0
8.46,400,2.1,2.3,0
8.32,343,2.1,2.3,0
8.65,259,2.1,2.3,0
9,175,2.1,2.3,0
8.7,173,2.1,2.3,0
8.31,469,2,2.3,0
8.52,391,2,2.3,0
8.4,378,2,2.3,0
8.59,359,2,2.3,0
8.46,324,2,2.3,0
8.64,302,2,2.3,0
8,246,2,2.3,0
8.3,233,2,2.3,0
8.3,233,2,2.3,0
8.82,228,2,2.3,0
9,214,2,2.3,0
8.28,450,1.9,2.3,0
8.59,371,1.9,2.3,0
8.59,371,1.9,2.3,0
8.02,354,1.9,2.3,0
8.75,310,1.9,2.3,0
8.75,310,1.9,2.3,0
8.65,296,1.9,2.3,0
8.65,296,1.9,2.3,0
8.06,240,1.9,2.3,0
8.72,233,1.9,2.3,0
8.3,77,1.9,2.3,0
8.3,500,1.8,2.3,0
8.12,446,1.8,2.3,0
8.15,389,1.8,2.3,0
8.16,387,1.8,2.3,0
8.4,368,1.8,2.3,0
8.8,77,1.8,2.3,0
8.63,377,1.7,2.3,0
8.63,377,1.7,2.3,0
8.48,371,1.7,2.3,0
7.74,334,1.7,2.3,0
8.59,261,1.7,2.3,0
8.59,261,1.7,2.3,0
8.7,240,1.7,2.3,0
8.78,184,1.7,2.3,0
8.48,443,1.6,2.3,0
8.5,401,1.6,2.3,0
8.52,391,1.6,2.3,0
8.52,391,1.6,2.3,0
8.46,391,1.6,2.3,0
8.46,373,1.6,2.3,0
8.46,373,1.6,2.3,0
8.43,373,1.6,2.3,0
8.92,204,1.6,2.3,0
8.92,204,1.6,2.3,0
8.1,80,1.6,2.3,0
8.9,74,1.6,2.3,0
8.7,433,1.5,2.3,0
8.3,353,1.5,2.3,0
8.55,331,1.5,2.3,0
8.55,244,1.5,2.3,0
9.09,209,1.5,2.3,0
9.04,206,1.5,2.3,0
9.04,206,1.5,2.3,0
8.38,454,1.4,2.3,0
8.52,408,1.4,2.3,0
8.35,405,1.4,2.3,0
8.35,405,1.4,2.3,0
8.53,364,1.4,2.3,0
8.6,300,1.4,2.3,0
8.51,1420,1.3,2.3,0
8.51,1420,1.3,2.3,0
8.16,422,1.3,2.3,0
8.56,352,1.3,2.3,0
8.68,237,1.3,2.3,0
7.38,130,1.3,2.3,0
7.9,70,1.3,2.3,0
8.39,462,1.2,2.3,0
8.06,370,1.2,2.3,0
8.06,370,1.2,2.3,0
8.51,144,1.2,2.3,0
6.9,73,1.1,2.3,0
7.52,137,1,2.3,0
8.44,265,0.9,2.3,0
8.2,584,0.7,2.3,0
7.27,133,4,2.2,0
8.26,322,3.4,2.2,0
7.24,86,3.2,2.2,0
8.48,361,3.1,2.2,0
7.98,191,3.1,2.2,0
9,123,3.1,2.2,0
7.92,351,3,2.2,0
8.66,295,3,2.2,0
8.47,294,3,2.2,0
8.76,265,3,2.2,0
8.52,387,2.9,2.2,0
8.9,248,2.9,2.2,0
8.4,358,2.8,2.2,0
8.86,279,2.8,2.2,0
8.16,272,2.8,2.2,0
8.84,271,2.8,2.2,0
7.93,268,2.8,2.2,0
8.9,257,2.8,2.2,0
8.92,238,2.8,2.2,0
8.34,442,2.7,2.2,0
8.64,441,2.7,2.2,0
8.25,320,2.7,2.2,0
8.76,301,2.7,2.2,0
8.22,274,2.7,2.2,0
8.5,269,2.7,2.2,0
7.1,96,2.7,2.2,0
7.97,588,2.6,2.2,0
8.17,509,2.6,2.2,0
8.45,432,2.6,2.2,0
8.1,270,2.6,2.2,0
8.01,263,2.6,2.2,0
7.35,157,2.6,2.2,0
7.8,148,2.6,2.2,0
8.5,430,2.5,2.2,0
8.49,332,2.5,2.2,0
8.58,264,2.5,2.2,0
8.04,241,2.5,2.2,0
8.21,216,2.5,2.2,0
8.06,215,2.5,2.2,0
8.06,215,2.5,2.2,0
8.95,211,2.5,2.2,0
8.8,138,2.5,2.2,0
7.9,124,2.5,2.2,0
8.16,456,2.4,2.2,0
8.4,394,2.4,2.2,0
8.2,372,2.4,2.2,0
8.72,356,2.4,2.2,0
8.5,343,2.4,2.2,0
8.68,285,2.4,2.2,0
8,266,2.4,2.2,0
8.96,247,2.4,2.2,0
8.4,239,2.4,2.2,0
8.09,222,2.4,2.2,0
8.14,793,2.3,2.2,0
7.98,430,2.3,2.2,0
8.69,408,2.3,2.2,0
8.28,324,2.3,2.2,0
8.78,314,2.3,2.2,0
8.74,252,2.3,2.2,0
7.98,218,2.3,2.2,0
8.2,217,2.3,2.2,0
9,174,2.3,2.2,0
8.28,113,2.3,2.2,0
8.46,441,2.2,2.2,0
8.25,420,2.2,2.2,0
8.8,329,2.2,2.2,0
8.74,306,2.2,2.2,0
8.09,181,2.2,2.2,0
8.14,180,2.2,2.2,0
8.38,555,2.1,2.2,0
8.38,555,2.1,2.2,0
8.26,494,2.1,2.2,0
8.28,434,2.1,2.2,0
8.24,422,2.1,2.2,0
8.3,406,2.1,2.2,0
8.55,361,2.1,2.2,0
7.75,309,2.1,2.2,0
7.75,309,2.1,2.2,0
8,276,2.1,2.2,0
8.45,267,2.1,2.2,0
8.45,267,2.1,2.2,0
9.2,199,2.1,2.2,0
8.9,185,2.1,2.2,0
7.9,139,2.1,2.2,0
7.98,460,2,2.2,0
8.4,439,2,2.2,0
8.49,434,2,2.2,0
8.64,423,2,2.2,0
8.64,423,2,2.2,0
8.5,380,2,2.2,0
8.12,374,2,2.2,0
8.12,374,2,2.2,0
8.06,367,2,2.2,0
8.85,347,2,2.2,0
8.24,336,2,2.2,0
8.6,302,2,2.2,0
8.1,276,2,2.2,0
8.62,274,2,2.2,0
8.96,215,2,2.2,0
8.54,184,2,2.2,0
7.56,792,1.9,2.2,0
8.54,618,1.9,2.2,0
8.32,447,1.9,2.2,0
8.32,447,1.9,2.2,0
8,441,1.9,2.2,0
8.36,410,1.9,2.2,0
8.33,386,1.9,2.2,0
8.08,371,1.9,2.2,0
8.7,358,1.9,2.2,0
8.12,358,1.9,2.2,0
8.65,318,1.9,2.2,0
8.4,315,1.9,2.2,0
8.2,299,1.9,2.2,0
8.63,291,1.9,2.2,0
8.1,253,1.9,2.2,0
8.28,234,1.9,2.2,0
8.28,234,1.9,2.2,0
8.2,230,1.9,2.2,0
8.2,438,1.8,2.2,0
8.5,362,1.8,2.2,0
8.7,361,1.8,2.2,0
8.58,356,1.8,2.2,0
9.01,244,1.8,2.2,0
8.5,224,1.8,2.2,0
8.1,224,1.8,2.2,0
8.16,204,1.8,2.2,0
8.2,78,1.8,2.2,0
8.86,2540,1.7,2.2,0
8.2,2540,1.7,2.2,0
8.13,533,1.7,2.2,0
8.26,468,1.7,2.2,0
8.52,437,1.7,2.2,0
8.48,312,1.7,2.2,0
8.48,312,1.7,2.2,0
8.84,223,1.7,2.2,0
9.1,198,1.7,2.2,0
8.35,447,1.6,2.2,0
8.35,447,1.6,2.2,0
8.38,420,1.6,2.2,0
8.42,372,1.6,2.2,0
8.42,372,1.6,2.2,0
8.4,354,1.6,2.2,0
8.35,337,1.6,2.2,0
8.64,272,1.6,2.2,0
8.44,183,1.6,2.2,0
9.1,175,1.6,2.2,0
8.14,375,1.5,2.2,0
8.14,375,1.5,2.2,0
8.32,370,1.5,2.2,0
8.32,370,1.5,2.2,0
8.5,359,1.5,2.2,0
8.59,275,1.5,2.2,0
8.1,240,1.5,2.2,0
8.13,224,1.5,2.2,0
8.21,202,1.5,2.2,0
9,197,1.5,2.2,0
9,197,1.5,2.2,0
8.4,196,1.5,2.2,0
8.92,180,1.5,2.2,0
8.46,464,1.4,2.2,0
7.88,275,1.4,2.2,0
8.56,257,1.4,2.2,0
9.05,204,1.4,2.2,0
8.38,116,1.4,2.2,0
8.56,341,1.3,2.2,0
8.4,281,1.3,2.2,0
8.2,266,1.3,2.2,0
8.36,262,1.3,2.2,0
8.36,262,1.3,2.2,0
8.03,205,1.3,2.2,0
7.76,130,1.3,2.2,0
8.4,445,1.2,2.2,0
8.17,318,1.2,2.2,0
8.1,314,1.2,2.2,0
8.63,296,1.2,2.2,0
8.63,296,1.2,2.2,0
8.47,392,1.1,2.2,0
8.68,389,1.1,2.2,0
8.68,389,1.1,2.2,0
7.75,271,1.1,2.2,0
8.63,244,1.1,2.2,0
8.05,215,1.1,2.2,0
8.05,215,1.1,2.2,0
8.78,208,1.1,2.2,0
8.78,208,1.1,2.2,0
8.82,206,1.1,2.2,0
8.82,206,1.1,2.2,0
8.45,262,1,2.2,0
7.98,287,0.95,2.2,0
9.46,231,4,2.1,0
9.46,231,4,2.1,0
8.62,327,3.8,2.1,0
8.62,327,3.8,2.1,0
8.23,192,3.4,2.1,0
8.34,479,3.2,2.1,0
8.98,238,3.1,2.1,0
7.7,140,3.1,2.1,0
8.89,328,3,2.1,0
8.5,123,3,2.1,0
8.91,310,2.9,2.1,0
8.92,159,2.8,2.1,0
7.4,518,2.7,2.1,0
8.36,394,2.7,2.1,0
8.5,311,2.7,2.1,0
8.12,271,2.7,2.1,0
8.12,271,2.7,2.1,0
8.2,227,2.7,2.1,0
8.48,223,2.7,2.1,0
9,174,2.7,2.1,0
7.9,370,2.6,2.1,0
8.64,267,2.6,2.1,0
8.9,309,2.5,2.1,0
8.3,246,2.5,2.1,0
8.51,430,2.4,2.1,0
8.51,421,2.4,2.1,0
8.32,411,2.4,2.1,0
8.4,361,2.4,2.1,0
8.82,325,2.4,2.1,0
8.66,310,2.4,2.1,0
8.65,301,2.4,2.1,0
8.65,301,2.4,2.1,0
8.33,471,2.3,2.1,0
8.78,348,2.3,2.1,0
8.55,400,2.2,2.1,0
8.54,337,2.2,2.1,0
8.28,323,2.2,2.1,0
8.7,278,2.2,2.1,0
8.1,235,2.2,2.1,0
8.8,228,2.2,2.1,0
7.8,590,2.1,2.1,0
8.34,451,2.1,2.1,0
8.3,390,2.1,2.1,0
8.5,388,2.1,2.1,0
8.36,442,2,2.1,0
8.52,432,2,2.1,0
8.16,354,2,2.1,0
7.92,349,2,2.1,0
8.28,271,2,2.1,0
8.6,255,2,2.1,0
8.4,402,1.9,2.1,0
8.4,383,1.9,2.1,0
8.74,376,1.9,2.1,0
8.13,333,1.9,2.1,0
8.25,331,1.9,2.1,0
8.67,298,1.9,2.1,0
8.2,277,1.9,2.1,0
8.76,273,1.9,2.1,0
8.68,228,1.9,2.1,0
8.44,118,1.9,2.1,0
7.9,99,1.9,2.1,0
8.8,76,1.9,2.1,0
8.31,486,1.8,2.1,0
8.24,413,1.8,2.1,0
8.73,375,1.8,2.1,0
8.44,368,1.8,2.1,0
8.4,349,1.8,2.1,0
8.26,269,1.8,2.1,0
8.47,434,1.7,2.1,0
8.66,342,1.7,2.1,0
8.27,333,1.7,2.1,0
8.56,315,1.7,2.1,0
8.56,315,1.7,2.1,0
8.29,283,1.7,2.1,0
9.19,233,1.7,2.1,0
8.56,421,1.6,2.1,0
8.52,389,1.6,2.1,0
8.52,389,1.6,2.1,0
8.52,378,1.6,2.1,0
8.52,378,1.6,2.1,0
8.31,264,1.6,2.1,0
8.5,225,1.6,2.1,0
8.08,225,1.6,2.1,0
7.9,219,1.6,2.1,0
8.32,197,1.6,2.1,0
8.32,419,1.5,2.1,0
8.4,399,1.5,2.1,0
8.68,373,1.5,2.1,0
8.7,365,1.5,2.1,0
8.3,351,1.5,2.1,0
8.4,311,1.5,2.1,0
8.34,307,1.5,2.1,0
8.54,290,1.5,2.1,0
8.2,264,1.5,2.1,0
8.3,484,1.4,2.1,0
8.1,350,1.4,2.1,0
8.8,293,1.4,2.1,0
8.37,276,1.4,2.1,0
8.37,276,1.4,2.1,0
8.04,274,1.4,2.1,0
7.14,126,1.4,2.1,0
8.52,394,1.3,2.1,0
8.7,361,1.3,2.1,0
8.57,352,1.3,2.1,0
8.43,346,1.3,2.1,0
8.02,312,1.3,2.1,0
8.37,460,1.2,2.1,0
8.36,442,1.2,2.1,0
8.42,410,1.2,2.1,0
8.42,410,1.2,2.1,0
7.94,322,1.2,2.1,0
7.74,263,1.2,2.1,0
8.51,372,1.1,2.1,0
8.4,363,1,2.1,0
8.36,437,0.95,2.1,0
7.2,72,0.95,2.1,0
8.02,366,0.9,2.1,0
8.02,366,0.9,2.1,0
8.47,399,0.45,2.1,0
8.57,244,15,2,0
7.63,286,6.8,2,0
8.4,313,4.9,2,0
8.1,778,4.7,2,0
7.29,140,4.2,2,0
7.7,124,3.6,2,0
8.22,282,3.4,2,0
8.3,266,3.4,2,0
8.3,282,3.2,2,0
8.32,281,3.1,2,0
8.11,281,3.1,2,0
8.88,253,2.9,2,0
8.95,322,2.8,2,0
8.54,299,2.8,2,0
9.08,221,2.8,2,0
8.51,308,2.7,2,0
8.86,218,2.7,2,0
8.16,292,2.5,2,0
8.5,281,2.5,2,0
9,174,2.5,2,0
8.47,363,2.4,2,0
8.47,363,2.4,2,0
8.51,384,2.3,2,0
8.06,384,2.3,2,0
8.66,277,2.3,2,0
8.46,268,2.3,2,0
7.95,212,2.3,2,0
7.09,132,2.3,2,0
8.8,80,2.3,2,0
8.49,442,2.2,2,0
8.3,440,2.2,2,0
8.51,437,2.2,2,0
8.5,361,2.2,2,0
8.77,355,2.2,2,0
8.7,304,2.2,2,0
8.07,254,2.2,2,0
8.94,218,2.2,2,0
8.4,206,2.2,2,0
8.3,1090,2.1,2,0
8.46,440,2.1,2,0
8.2,440,2.1,2,0
8.39,383,2.1,2,0
8.46,380,2.1,2,0
8.12,358,2.1,2,0
8.36,294,2.1,2,0
9.12,260,2.1,2,0
8.2,255,2.1,2,0
8.7,221,2.1,2,0
8.9,216,2.1,2,0
7.96,212,2.1,2,0
7.65,196,2.1,2,0
9,175,2.1,2,0
7.82,157,2.1,2,0
8.34,364,2,2,0
8.2,337,2,2,0
8.74,309,2,2,0
8.31,255,2,2,0
8.31,255,2,2,0
7.8,163,2,2,0
9,142,2,2,0
7.2,79,2,2,0
8.28,491,1.9,2,0
8.32,457,1.9,2,0
8.26,437,1.9,2,0
8.24,430,1.9,2,0
8.48,300,1.9,2,0
7.9,274,1.9,2,0
8.08,246,1.9,2,0
8,231,1.9,2,0
8.3,451,1.8,2,0
8.3,451,1.8,2,0
8.44,432,1.8,2,0
8.17,427,1.8,2,0
8.4,420,1.8,2,0
8.46,404,1.8,2,0
8.53,380,1.8,2,0
8.24,311,1.8,2,0
8.24,311,1.8,2,0
8.24,292,1.8,2,0
8.4,290,1.8,2,0
8.56,289,1.8,2,0
7.2,286,1.8,2,0
8.7,260,1.8,2,0
7.6,240,1.8,2,0
8.67,228,1.8,2,0
8.7,207,1.8,2,0
9.09,199,1.8,2,0
9.14,198,1.8,2,0
8.56,182,1.8,2,0
7.8,143,1.8,2,0
8.17,110,1.8,2,0
7.14,100,1.8,2,0
8.3,74,1.8,2,0
8.22,536,1.7,2,0
8.34,465,1.7,2,0
8.3,418,1.7,2,0
8.46,406,1.7,2,0
8.68,379,1.7,2,0
8.68,379,1.7,2,0
8.14,374,1.7,2,0
8.14,374,1.7,2,0
8.51,366,1.7,2,0
8.6,313,1.7,2,0
8.6,313,1.7,2,0
8.84,289,1.7,2,0
8.12,278,1.7,2,0
7.89,251,1.7,2,0
9.2,232,1.7,2,0
8.7,228,1.7,2,0
8.87,214,1.7,2,0
8.74,198,1.7,2,0
8.74,198,1.7,2,0
8.7,78,1.7,2,0
8.7,72,1.7,2,0
8.49,465,1.6,2,0
8.3,464,1.6,2,0
8.22,462,1.6,2,0
8.6,444,1.6,2,0
7.98,430,1.6,2,0
8.32,418,1.6,2,0
8.39,402,1.6,2,0
8.48,388,1.6,2,0
8.48,388,1.6,2,0
8.53,378,1.6,2,0
8.67,377,1.6,2,0
8.67,377,1.6,2,0
8.62,371,1.6,2,0
8.62,371,1.6,2,0
8.32,337,1.6,2,0
8.16,279,1.6,2,0
7.6,240,1.6,2,0
8,224,1.6,2,0
8.66,206,1.6,2,0
8.66,206,1.6,2,0
8.52,204,1.6,2,0
8.23,194,1.6,2,0
8.5,143,1.6,2,0
8.38,459,1.5,2,0
8.46,435,1.5,2,0
8.4,435,1.5,2,0
8.68,426,1.5,2,0
8.46,413,1.5,2,0
8.34,400,1.5,2,0
8.5,396,1.5,2,0
8.48,383,1.5,2,0
8.8,293,1.5,2,0
8.4,284,1.5,2,0
8.3,261,1.5,2,0
8.56,244,1.5,2,0
8.91,235,1.5,2,0
8.3,228,1.5,2,0
8.84,183,1.5,2,0
7.89,111,1.5,2,0
8.72,1260,1.4,2,0
8.19,526,1.4,2,0
8.25,434,1.4,2,0
8.49,398,1.4,2,0
8.46,391,1.4,2,0
8.68,388,1.4,2,0
8.5,359,1.4,2,0
8.06,312,1.4,2,0
8.56,248,1.4,2,0
8.8,209,1.4,2,0
8.8,209,1.4,2,0
8.9,183,1.4,2,0
7.28,128,1.4,2,0
8.32,412,1.3,2,0
8.32,412,1.3,2,0
8.5,396,1.3,2,0
8.31,380,1.3,2,0
8.31,380,1.3,2,0
8.36,375,1.3,2,0
8.46,261,1.3,2,0
7.96,254,1.3,2,0
7.21,193,1.3,2,0
8.24,114,1.3,2,0
7.1,73,1.3,2,0
8.4,422,1.2,2,0
8.4,422,1.2,2,0
8.9,302,1.2,2,0
8.27,262,1.2,2,0
8.27,262,1.2,2,0
8.15,254,1.2,2,0
8.46,206,1.2,2,0
8.42,195,1.2,2,0
7.96,145,1.2,2,0
8.31,393,1.1,2,0
7.89,213,1.1,2,0
8.43,467,1,2,0
8.16,289,1,2,0
8.4,260,1,2,0
8.1,200,1,2,0
8.1,85,1,2,0
8.48,378,0.95,2,0
8.48,378,0.95,2,0
8.1,267,0.85,2,0
8.56,325,0.8,2,0
8.54,349,6.5,1.9,0
9.1,215,4.1,1.9,0
7.96,191,3.8,1.9,0
8.01,191,3.4,1.9,0
8.02,331,3.1,1.9,0
8.32,242,2.9,1.9,0
8.31,275,2.8,1.9,0
8.65,1180,2.7,1.9,0
8.29,450,2.6,1.9,0
8.54,398,2.6,1.9,0
8.26,321,2.5,1.9,0
8.58,396,2.4,1.9,0
8,368,2.4,1.9,0
8.75,350,2.4,1.9,0
8.4,334,2.4,1.9,0
8.64,330,2.4,1.9,0
8.64,250,2.4,1.9,0
8.64,250,2.4,1.9,0
8.1,210,2.4,1.9,0
7.94,208,2.4,1.9,0
9,174,2.4,1.9,0
8.56,1580,2.3,1.9,0
8.5,425,2.3,1.9,0
8.48,333,2.3,1.9,0
8.58,301,2.3,1.9,0
8.02,261,2.3,1.9,0
8.5,361,2.2,1.9,0
8.48,332,2.2,1.9,0
8.8,226,2.2,1.9,0
8.77,220,2.2,1.9,0
8.72,420,2.1,1.9,0
8.6,409,2.1,1.9,0
8.4,378,2.1,1.9,0
8.48,364,2.1,1.9,0
8.48,364,2.1,1.9,0
8.3,324,2.1,1.9,0
8.19,255,2.1,1.9,0
8.11,211,2.1,1.9,0
8.79,1180,2,1.9,0
8.48,371,2,1.9,0
8.48,371,2,1.9,0
8.01,348,2,1.9,0
8.3,336,2,1.9,0
8.58,293,2,1.9,0
8.3,238,2,1.9,0
8.82,225,2,1.9,0
8.42,1030,1.9,1.9,0
8.28,434,1.9,1.9,0
8.59,399,1.9,1.9,0
8.64,328,1.9,1.9,0
8.5,80,1.9,1.9,0
7.9,77,1.9,1.9,0
7.8,75,1.9,1.9,0
8.4,454,1.8,1.9,0
8.33,437,1.8,1.9,0
8.33,421,1.8,1.9,0
8.33,421,1.8,1.9,0
8.4,408,1.8,1.9,0
8.5,391,1.8,1.9,0
8.64,378,1.8,1.9,0
8.56,288,1.8,1.9,0
7.9,273,1.8,1.9,0
8.27,230,1.8,1.9,0
8,150,1.8,1.9,0
8.3,78,1.8,1.9,0
7.6,73,1.8,1.9,0
7.8,72,1.8,1.9,0
8.36,452,1.7,1.9,0
8.34,436,1.7,1.9,0
8.48,392,1.7,1.9,0
8.48,392,1.7,1.9,0
8.2,385,1.7,1.9,0
8.1,356,1.7,1.9,0
8.67,292,1.7,1.9,0
8.69,249,1.7,1.9,0
8.69,249,1.7,1.9,0
7,99,1.7,1.9,0
8.54,388,1.6,1.9,0
8.54,378,1.6,1.9,0
7.88,367,1.6,1.9,0
8.2,357,1.6,1.9,0
8.58,342,1.6,1.9,0
7.91,340,1.6,1.9,0
7.84,279,1.6,1.9,0
8.12,266,1.6,1.9,0
7.2,70,1.6,1.9,0
8.36,466,1.5,1.9,0
8.32,454,1.5,1.9,0
8.46,416,1.5,1.9,0
8.63,413,1.5,1.9,0
8.63,413,1.5,1.9,0
8.47,391,1.5,1.9,0
8.47,391,1.5,1.9,0
8.3,366,1.5,1.9,0
8.5,362,1.5,1.9,0
8.71,312,1.5,1.9,0
8.8,270,1.5,1.9,0
7.9,217,1.5,1.9,0
7.95,212,1.5,1.9,0
8.28,475,1.4,1.9,0
8.2,382,1.4,1.9,0
8.62,381,1.4,1.9,0
8.3,293,1.4,1.9,0
8.22,270,1.4,1.9,0
8.2,257,1.4,1.9,0
8.24,239,1.4,1.9,0
7.97,460,1.3,1.9,0
8.14,424,1.3,1.9,0
8.68,388,1.3,1.9,0
8.4,375,1.3,1.9,0
8.4,333,1.3,1.9,0
8.34,250,1.3,1.9,0
8.34,448,1.2,1.9,0
8.1,392,1.2,1.9,0
8.4,280,1.2,1.9,0
8.44,418,1.1,1.9,0
8,368,1.1,1.9,0
8,368,1.1,1.9,0
8.7,348,1.1,1.9,0
7.48,182,1.1,1.9,0
7.48,182,1.1,1.9,0
8.31,447,1,1.9,0
8.38,382,1,1.9,0
8,357,1,1.9,0
7,72,1,1.9,0
8.44,387,0.95,1.9,0
8.44,387,0.95,1.9,0
8.4,281,0.95,1.9,0
7.79,257,0.95,1.9,0
7.79,257,0.95,1.9,0
7.6,75,0.95,1.9,0
8.38,432,0.9,1.9,0
8.63,359,0.9,1.9,0
8.5,251,0.85,1.9,0
7.8,73,0.8,1.9,0
8.46,258,0.65,1.9,0
8.46,258,0.65,1.9,0
7.9,745,4.6,1.8,0
7.7,100,4.6,1.8,0
8.27,268,3.4,1.8,0
8.74,370,3.3,1.8,0
7.5,256,3.2,1.8,0
8.41,339,2.8,1.8,0
8.43,218,2.8,1.8,0
9.13,180,2.8,1.8,0
8.4,637,2.7,1.8,0
8.04,212,2.6,1.8,0
8.32,464,2.5,1.8,0
8.34,462,2.5,1.8,0
8.29,448,2.5,1.8,0
8.12,210,2.5,1.8,0
7.64,406,2.4,1.8,0
7.42,115,2.4,1.8,0
8.34,436,2.3,1.8,0
8.26,355,2.3,1.8,0
7.79,312,2.3,1.8,0
7.79,312,2.3,1.8,0
8.18,269,2.3,1.8,0
8.41,365,2.2,1.8,0
8.5,341,2.2,1.8,0
9.1,213,2.2,1.8,0
8.38,449,2.1,1.8,0
8.2,347,2.1,1.8,0
8.75,342,2.1,1.8,0
8.39,338,2.1,1.8,0
8.12,331,2.1,1.8,0
8.91,311,2.1,1.8,0
8.9,231,2.1,1.8,0
8.14,179,2.1,1.8,0
9,126,2.1,1.8,0
7.43,85,2.1,1.8,0
8.06,364,2,1.8,0
8.4,347,2,1.8,0
8.05,346,2,1.8,0
8.44,336,2,1.8,0
7.58,308,2,1.8,0
8.62,231,2,1.8,0
8.16,222,2,1.8,0
8.8,187,2,1.8,0
8.39,424,1.9,1.8,0
8.7,400,1.9,1.8,0
8.46,398,1.9,1.8,0
8.4,392,1.9,1.8,0
8.5,275,1.9,1.8,0
8.18,271,1.9,1.8,0
8.2,246,1.9,1.8,0
8.56,232,1.9,1.8,0
8.72,228,1.9,1.8,0
7.97,224,1.9,1.8,0
8.26,502,1.8,1.8,0
8.39,498,1.8,1.8,0
8.5,434,1.8,1.8,0
8.44,433,1.8,1.8,0
8.32,431,1.8,1.8,0
8.2,426,1.8,1.8,0
8.42,400,1.8,1.8,0
8.2,377,1.8,1.8,0
8.37,372,1.8,1.8,0
8.58,338,1.8,1.8,0
8.28,335,1.8,1.8,0
8.28,330,1.8,1.8,0
8.5,230,1.8,1.8,0
9,213,1.8,1.8,0
8.5,143,1.8,1.8,0
8.24,469,1.7,1.8,0
8.29,437,1.7,1.8,0
8.5,426,1.7,1.8,0
8.3,418,1.7,1.8,0
8.39,407,1.7,1.8,0
8.67,395,1.7,1.8,0
8.67,395,1.7,1.8,0
8.53,358,1.7,1.8,0
8.1,357,1.7,1.8,0
8.66,326,1.7,1.8,0
8.5,294,1.7,1.8,0
8.3,278,1.7,1.8,0
8.06,232,1.7,1.8,0
8.26,224,1.7,1.8,0
8.9,213,1.7,1.8,0
7.9,186,1.7,1.8,0
7.4,151,1.7,1.8,0
8.2,146,1.7,1.8,0
8.31,464,1.6,1.8,0
8.38,460,1.6,1.8,0
8.28,456,1.6,1.8,0
8.34,449,1.6,1.8,0
8.34,449,1.6,1.8,0
8.44,437,1.6,1.8,0
7.94,436,1.6,1.8,0
8.33,415,1.6,1.8,0
8.33,415,1.6,1.8,0
8.4,388,1.6,1.8,0
8.15,361,1.6,1.8,0
8.15,361,1.6,1.8,0
8.1,324,1.6,1.8,0
8.38,321,1.6,1.8,0
8.38,321,1.6,1.8,0
8.36,290,1.6,1.8,0
8.19,270,1.6,1.8,0
8.69,246,1.6,1.8,0
8.2,243,1.6,1.8,0
8.9,184,1.6,1.8,0
7.88,126,1.6,1.8,0
7.57,125,1.6,1.8,0
8.36,465,1.5,1.8,0
8.43,462,1.5,1.8,0
8.14,438,1.5,1.8,0
8.54,414,1.5,1.8,0
8.54,414,1.5,1.8,0
8.63,413,1.5,1.8,0
8.63,413,1.5,1.8,0
8.36,401,1.5,1.8,0
8.34,375,1.5,1.8,0
8.3,359,1.5,1.8,0
8.36,355,1.5,1.8,0
7.7,335,1.5,1.8,0
8.8,304,1.5,1.8,0
8.86,271,1.5,1.8,0
8.64,262,1.5,1.8,0
8,246,1.5,1.8,0
8.49,244,1.5,1.8,0
8.73,198,1.5,1.8,0
8.73,198,1.5,1.8,0
8.97,182,1.5,1.8,0
9.1,77,1.5,1.8,0
8.5,425,1.4,1.8,0
8.1,382,1.4,1.8,0
8.31,320,1.4,1.8,0
8.31,320,1.4,1.8,0
8.66,287,1.4,1.8,0
8.29,285,1.4,1.8,0
8.37,268,1.4,1.8,0
8.2,258,1.4,1.8,0
8.18,232,1.4,1.8,0
9.06,204,1.4,1.8,0
8.8,77,1.4,1.8,0
8.46,469,1.3,1.8,0
8.37,467,1.3,1.8,0
8.42,401,1.3,1.8,0
8.2,391,1.3,1.8,0
8.9,306,1.3,1.8,0
7.96,302,1.3,1.8,0
8.74,273,1.3,1.8,0
8.88,223,1.3,1.8,0
7.9,217,1.3,1.8,0
8.74,210,1.3,1.8,0
8.74,210,1.3,1.8,0
8.9,184,1.3,1.8,0
8.1,76,1.3,1.8,0
7.1,73,1.3,1.8,0
7,73,1.3,1.8,0
8.5,424,1.2,1.8,0
8.4,422,1.2,1.8,0
8.4,395,1.2,1.8,0
7.8,292,1.2,1.8,0
8.32,246,1.2,1.8,0
7.86,244,1.2,1.8,0
8.47,207,1.2,1.8,0
8.06,200,1.2,1.8,0
8.2,197,1.2,1.8,0
7.64,115,1.2,1.8,0
8.4,445,1.1,1.8,0
8.2,391,1.1,1.8,0
8.33,371,1.1,1.8,0
8.33,371,1.1,1.8,0
8.4,337,1.1,1.8,0
8.46,263,1.1,1.8,0
8.2,256,1.1,1.8,0
8.06,224,1.1,1.8,0
8.06,224,1.1,1.8,0
7.94,194,1.1,1.8,0
8.34,397,1,1.8,0
8.35,369,1,1.8,0
8.35,369,1,1.8,0
8.5,305,1,1.8,0
8.5,305,1,1.8,0
8.34,281,1,1.8,0
8.34,281,1,1.8,0
8.3,472,0.9,1.8,0
8.32,443,0.9,1.8,0
8.92,418,0.9,1.8,0
8.92,418,0.9,1.8,0
8.7,387,0.8,1.8,0
8.7,387,0.8,1.8,0
8.3,478,2.8,1.7,0
9.2,229,2.6,1.7,0
8.48,389,2.5,1.7,0
8.88,316,2.5,1.7,0
8.3,126,2.5,1.7,0
8.34,484,2.4,1.7,0
7.68,310,2.3,1.7,0
8.54,249,2.3,1.7,0
8.54,249,2.3,1.7,0
8.68,424,2.2,1.7,0
8.9,184,2.2,1.7,0
8.52,378,2.1,1.7,0
8.16,267,2.1,1.7,0
8.52,206,2.1,1.7,0
8.1,224,2,1.7,0
8.96,203,2,1.7,0
8.28,432,1.9,1.7,0
8.2,422,1.9,1.7,0
8.64,415,1.9,1.7,0
8.64,415,1.9,1.7,0
8.3,394,1.9,1.7,0
8.52,387,1.9,1.7,0
8.4,334,1.9,1.7,0
8.51,333,1.9,1.7,0
8.02,295,1.9,1.7,0
7.92,274,1.9,1.7,0
8.42,434,1.8,1.7,0
8.1,353,1.8,1.7,0
8.4,349,1.8,1.7,0
8.6,332,1.8,1.7,0
8.24,200,1.8,1.7,0
8.46,132,1.8,1.7,0
8.5,109,1.8,1.7,0
8.42,436,1.7,1.7,0
8.34,420,1.7,1.7,0
8.4,403,1.7,1.7,0
8.74,302,1.7,1.7,0
8.73,300,1.7,1.7,0
8.11,281,1.7,1.7,0
8.98,225,1.7,1.7,0
7.1,167,1.7,1.7,0
7,142,1.7,1.7,0
8.27,446,1.6,1.7,0
8.5,440,1.6,1.7,0
8.54,399,1.6,1.7,0
8.42,398,1.6,1.7,0
8.54,340,1.6,1.7,0
8.76,221,1.6,1.7,0
8.62,189,1.6,1.7,0
8.45,467,1.5,1.7,0
8.3,457,1.5,1.7,0
8.44,436,1.5,1.7,0
8.19,430,1.5,1.7,0
8.36,397,1.5,1.7,0
8.35,373,1.5,1.7,0
8.54,357,1.5,1.7,0
8.8,328,1.5,1.7,0
8.61,262,1.5,1.7,0
8.61,262,1.5,1.7,0
8.4,458,1.4,1.7,0
8.32,455,1.4,1.7,0
8.35,424,1.4,1.7,0
8.38,412,1.4,1.7,0
8.51,344,1.4,1.7,0
7.89,282,1.4,1.7,0
8.68,276,1.4,1.7,0
7.42,141,1.4,1.7,0
8.22,101,1.4,1.7,0
8.22,101,1.4,1.7,0
8.6,74,1.4,1.7,0
8.39,447,1.3,1.7,0
8.4,432,1.3,1.7,0
8.4,430,1.3,1.7,0
8.49,412,1.3,1.7,0
8.49,412,1.3,1.7,0
8.3,396,1.3,1.7,0
8.2,388,1.3,1.7,0
8.34,295,1.3,1.7,0
8.55,274,1.3,1.7,0
8.45,133,1.3,1.7,0
8.48,423,1.2,1.7,0
8.48,423,1.2,1.7,0
8.39,419,1.2,1.7,0
8.39,419,1.2,1.7,0
8.3,409,1.2,1.7,0
8.57,406,1.2,1.7,0
8.3,406,1.2,1.7,0
8.34,373,1.2,1.7,0
8.18,321,1.2,1.7,0
8.18,321,1.2,1.7,0
8.8,307,1.2,1.7,0
6.8,76,1.2,1.7,0
8.4,368,1.1,1.7,0
8.33,445,1,1.7,0
8.25,326,1,1.7,0
7.5,85,1,1.7,0
7.8,73,1,1.7,0
8.76,414,0.95,1.7,0
8.76,414,0.95,1.7,0
7.8,74,0.9,1.7,0
8.31,443,0.8,1.7,0
8.4,441,0.8,1.7,0
8.4,441,0.8,1.7,0
8.59,349,0.8,1.7,0
7.82,270,0.6,1.7,0
8.31,254,3.9,1.6,0
8.22,362,3.4,1.6,0
7.4,170,2.9,1.6,0
8.63,124,2.9,1.6,0
8.1,257,2.8,1.6,0
8.58,375,2.5,1.6,0
7.92,224,2.4,1.6,0
7.26,81,2.4,1.6,0
8.06,212,2.3,1.6,0
8.41,396,2.2,1.6,0
8.42,334,2.2,1.6,0
8.2,334,2.2,1.6,0
8.37,298,2.2,1.6,0
8.41,221,2.2,1.6,0
7.56,196,2.2,1.6,0
8.35,378,2.1,1.6,0
8.35,378,2.1,1.6,0
8.62,344,2.1,1.6,0
8.2,325,2.1,1.6,0
8.15,276,2.1,1.6,0
9.36,183,2.1,1.6,0
8.1,348,2,1.6,0
8.2,340,2,1.6,0
8.52,204,2,1.6,0
9.18,257,1.9,1.6,0
8.46,231,1.9,1.6,0
8.18,222,1.9,1.6,0
8.9,214,1.9,1.6,0
8.54,204,1.9,1.6,0
9.18,183,1.9,1.6,0
8.38,470,1.8,1.6,0
8.32,461,1.8,1.6,0
8.27,407,1.8,1.6,0
8.27,407,1.8,1.6,0
8.24,360,1.8,1.6,0
8.01,335,1.8,1.6,0
8.22,332,1.8,1.6,0
8.7,309,1.8,1.6,0
8.2,227,1.8,1.6,0
7.58,162,1.8,1.6,0
8.38,466,1.7,1.6,0
8.34,417,1.7,1.6,0
8.34,417,1.7,1.6,0
8.68,405,1.7,1.6,0
8.36,400,1.7,1.6,0
8.12,360,1.7,1.6,0
8.26,330,1.7,1.6,0
8.2,328,1.7,1.6,0
8.46,208,1.7,1.6,0
8.98,206,1.7,1.6,0
8.32,437,1.6,1.6,0
8.52,398,1.6,1.6,0
8.5,398,1.6,1.6,0
8.4,395,1.6,1.6,0
8.4,395,1.6,1.6,0
8.74,302,1.6,1.6,0
8.26,282,1.6,1.6,0
8.2,269,1.6,1.6,0
8.4,222,1.6,1.6,0
8.4,222,1.6,1.6,0
8.98,220,1.6,1.6,0
8.91,219,1.6,1.6,0
8.29,192,1.6,1.6,0
8.7,87,1.6,1.6,0
8.6,72,1.6,1.6,0
8.5,1230,1.5,1.6,0
8.41,430,1.5,1.6,0
8.1,392,1.5,1.6,0
8.51,381,1.5,1.6,0
8.51,381,1.5,1.6,0
8.26,293,1.5,1.6,0
8.12,236,1.5,1.6,0
8.14,199,1.5,1.6,0
8.9,137,1.5,1.6,0
8.8,80,1.5,1.6,0
8.36,500,1.4,1.6,0
8.33,479,1.4,1.6,0
8.42,456,1.4,1.6,0
8.32,446,1.4,1.6,0
8.37,434,1.4,1.6,0
8.38,432,1.4,1.6,0
8.3,423,1.4,1.6,0
8.2,396,1.4,1.6,0
8.5,388,1.4,1.6,0
8.68,374,1.4,1.6,0
8.68,374,1.4,1.6,0
8.41,356,1.4,1.6,0
8.68,340,1.4,1.6,0
8.76,274,1.4,1.6,0
7.96,222,1.4,1.6,0
7.96,222,1.4,1.6,0
7.9,76,1.4,1.6,0
8.78,1120,1.3,1.6,0
8.6,723,1.3,1.6,0
8.36,499,1.3,1.6,0
8.38,450,1.3,1.6,0
8,432,1.3,1.6,0
8.43,415,1.3,1.6,0
8.32,394,1.3,1.6,0
8.3,386,1.3,1.6,0
8.1,327,1.3,1.6,0
8.2,264,1.3,1.6,0
8.2,264,1.3,1.6,0
8.7,249,1.3,1.6,0
8,222,1.3,1.6,0
8,222,1.3,1.6,0
8.8,77,1.3,1.6,0
8.3,77,1.3,1.6,0
8.2,73,1.3,1.6,0
8.38,447,1.2,1.6,0
8.32,446,1.2,1.6,0
8.48,418,1.2,1.6,0
8.48,418,1.2,1.6,0
8.67,388,1.2,1.6,0
8.2,357,1.2,1.6,0
8.62,301,1.2,1.6,0
8.2,262,1.2,1.6,0
8.08,224,1.2,1.6,0
8.08,224,1.2,1.6,0
7,73,1.2,1.6,0
8.4,442,1.1,1.6,0
8.38,433,1.1,1.6,0
8.18,422,1.1,1.6,0
8.2,409,1.1,1.6,0
8.4,402,1.1,1.6,0
8.4,362,1.1,1.6,0
8.48,351,1.1,1.6,0
8.22,198,1.1,1.6,0
8.4,435,1,1.6,0
8.41,432,1,1.6,0
8.37,403,1,1.6,0
8.41,401,1,1.6,0
8.82,349,1,1.6,0
8.44,133,1,1.6,0
7.1,73,1,1.6,0
8.44,121,0.95,1.6,0
8.2,391,0.9,1.6,0
8.5,398,0.85,1.6,0
7.9,393,0.85,1.6,0
8.36,444,0.7,1.6,0
8.46,452,0.4,1.6,0
8.46,452,0.4,1.6,0
8.27,361,3.1,1.5,0
8.6,373,2.5,1.5,0
7.96,210,2.4,1.5,0
7.35,142,2.4,1.5,0
8.34,422,2.3,1.5,0
8.5,419,2.3,1.5,0
8.18,360,2.3,1.5,0
8.06,293,2.3,1.5,0
8.41,383,2.2,1.5,0
8.41,383,2.2,1.5,0
8.02,212,2.1,1.5,0
8.58,342,1.9,1.5,0
8.1,266,1.9,1.5,0
8.28,224,1.9,1.5,0
8.6,74,1.9,1.5,0
8.37,433,1.8,1.5,0
8.2,411,1.8,1.5,0
8.2,368,1.8,1.5,0
8.48,355,1.8,1.5,0
8.58,276,1.8,1.5,0
8.46,252,1.8,1.5,0
8.46,252,1.8,1.5,0
7.94,212,1.8,1.5,0
7,155,1.8,1.5,0
8.5,134,1.8,1.5,0
8.26,337,1.7,1.5,0
8.8,74,1.7,1.5,0
8.35,494,1.6,1.5,0
8.52,413,1.6,1.5,0
8.54,380,1.6,1.5,0
8.54,380,1.6,1.5,0
8.4,352,1.6,1.5,0
8.28,198,1.6,1.5,0
8.22,113,1.6,1.5,0
8.4,430,1.5,1.5,0
8.2,355,1.5,1.5,0
8.1,266,1.5,1.5,0
8.7,254,1.5,1.5,0
8.38,442,1.4,1.5,0
8.28,422,1.4,1.5,0
8.7,393,1.4,1.5,0
8.3,364,1.4,1.5,0
8.4,363,1.4,1.5,0
8.14,356,1.4,1.5,0
8.12,355,1.4,1.5,0
7.9,343,1.4,1.5,0
8.8,288,1.4,1.5,0
8.3,268,1.4,1.5,0
7.6,83,1.4,1.5,0
8.1,340,1.3,1.5,0
8.1,262,1.3,1.5,0
8.1,450,1.2,1.5,0
8.32,436,1.2,1.5,0
8.3,432,1.2,1.5,0
8.3,432,1.2,1.5,0
8.7,410,1.2,1.5,0
8.22,404,1.2,1.5,0
8.44,397,1.2,1.5,0
8.1,338,1.2,1.5,0
8.34,265,1.2,1.5,0
8.42,262,1.2,1.5,0
8.42,262,1.2,1.5,0
8.21,262,1.2,1.5,0
7.98,224,1.2,1.5,0
7.98,224,1.2,1.5,0
8.38,498,1.1,1.5,0
8.37,481,1.1,1.5,0
8.52,394,1.1,1.5,0
8.61,373,1.1,1.5,0
8.61,373,1.1,1.5,0
8.42,453,1,1.5,0
8.42,453,1,1.5,0
8.31,445,1,1.5,0
8.31,445,1,1.5,0
8.3,428,1,1.5,0
8.48,411,1,1.5,0
8.48,411,1,1.5,0
8.6,190,1,1.5,0
7.44,132,1,1.5,0
7.44,132,1,1.5,0
7.6,70,1,1.5,0
8.59,400,0.75,1.5,0
8.59,400,0.75,1.5,0
8.4,454,0.7,1.5,0
8.15,280,0.7,1.5,0
8.15,280,0.7,1.5,0
8.29,455,0.65,1.5,0
8.29,455,0.65,1.5,0
8.41,360,7.8,1.4,0
8.41,360,7.8,1.4,0
8.22,481,4.5,1.4,0
7.1,132,3.6,1.4,0
8.36,480,3.4,1.4,0
8.28,321,3.4,1.4,0
8.1,223,2.5,1.4,0
8.92,370,2.4,1.4,0
8,78,2.4,1.4,0
8.2,398,2.3,1.4,0
8.4,396,2.3,1.4,0
8.2,232,2.3,1.4,0
7.82,507,2.2,1.4,0
8.34,485,2.2,1.4,0
8.44,318,2.2,1.4,0
8.37,223,2.2,1.4,0
9.1,215,2.2,1.4,0
8.6,318,2.1,1.4,0
8.35,415,2,1.4,0
8.35,415,2,1.4,0
8.46,388,2,1.4,0
8.21,198,2,1.4,0
8.4,394,1.9,1.4,0
8.2,293,1.9,1.4,0
8.6,276,1.9,1.4,0
8,272,1.9,1.4,0
8.6,231,1.9,1.4,0
8.8,77,1.9,1.4,0
8.54,413,1.8,1.4,0
8.66,406,1.8,1.4,0
8.38,333,1.8,1.4,0
8.36,302,1.8,1.4,0
8.91,213,1.8,1.4,0
8.28,196,1.8,1.4,0
7.82,125,1.8,1.4,0
7.9,122,1.8,1.4,0
8.32,434,1.7,1.4,0
8.2,411,1.7,1.4,0
8.57,399,1.7,1.4,0
8.3,386,1.7,1.4,0
8.44,356,1.7,1.4,0
8.24,296,1.7,1.4,0
8.1,211,1.7,1.4,0
8.4,205,1.7,1.4,0
9.09,198,1.7,1.4,0
8.58,189,1.7,1.4,0
8.39,470,1.6,1.4,0
8.3,454,1.6,1.4,0
8.5,382,1.6,1.4,0
8.5,382,1.6,1.4,0
8.24,274,1.6,1.4,0
8.4,437,1.5,1.4,0
8.28,422,1.5,1.4,0
8.3,410,1.5,1.4,0
8.34,389,1.5,1.4,0
8.67,384,1.5,1.4,0
8.3,362,1.5,1.4,0
8.51,358,1.5,1.4,0
8.51,358,1.5,1.4,0
8.42,356,1.5,1.4,0
8.32,356,1.5,1.4,0
8.6,330,1.5,1.4,0
8.76,126,1.5,1.4,0
7.3,74,1.5,1.4,0
8.3,482,1.4,1.4,0
8.34,433,1.4,1.4,0
8.17,360,1.4,1.4,0
8.5,345,1.4,1.4,0
8.5,345,1.4,1.4,0
8.2,256,1.4,1.4,0
8.2,248,1.4,1.4,0
7.8,154,1.4,1.4,0
7.7,72,1.4,1.4,0
8.15,464,1.3,1.4,0
8.37,452,1.3,1.4,0
8.43,451,1.3,1.4,0
8.43,451,1.3,1.4,0
8.52,439,1.3,1.4,0
8.3,426,1.3,1.4,0
8.3,416,1.3,1.4,0
8.4,404,1.3,1.4,0
8.53,380,1.3,1.4,0
8.53,380,1.3,1.4,0
8.52,360,1.3,1.4,0
8.4,348,1.3,1.4,0
8.33,282,1.3,1.4,0
8.4,206,1.3,1.4,0
8.32,192,1.3,1.4,0
7.8,141,1.3,1.4,0
8.4,79,1.3,1.4,0
8.1,77,1.3,1.4,0
7.1,76,1.3,1.4,0
8.56,438,1.2,1.4,0
8.54,437,1.2,1.4,0
8.4,433,1.2,1.4,0
8.16,425,1.2,1.4,0
8.52,412,1.2,1.4,0
8.52,412,1.2,1.4,0
8.37,403,1.2,1.4,0
8.37,403,1.2,1.4,0
8.4,393,1.2,1.4,0
8.2,334,1.2,1.4,0
8.8,221,1.2,1.4,0
8.16,213,1.2,1.4,0
8.16,213,1.2,1.4,0
7.3,140,1.2,1.4,0
7.2,73,1.2,1.4,0
8.37,500,1.1,1.4,0
8.49,458,1.1,1.4,0
8.41,440,1.1,1.4,0
8.4,436,1.1,1.4,0
8.4,436,1.1,1.4,0
8.4,419,1.1,1.4,0
8.4,414,1.1,1.4,0
8.4,411,1.1,1.4,0
8.69,400,1.1,1.4,0
8.5,386,1.1,1.4,0
8.32,368,1.1,1.4,0
8.32,368,1.1,1.4,0
8.3,368,1.1,1.4,0
8.5,358,1.1,1.4,0
8.4,335,1.1,1.4,0
8.46,309,1.1,1.4,0
7.45,284,1.1,1.4,0
7.45,284,1.1,1.4,0
8.39,456,1,1.4,0
8.39,456,1,1.4,0
8.5,362,1,1.4,0
8.17,324,1,1.4,0
8.63,190,1,1.4,0
6.8,73,1,1.4,0
8.4,415,0.95,1.4,0
8.58,412,0.95,1.4,0
8.58,412,0.95,1.4,0
8.1,330,0.95,1.4,0
8.4,78,0.95,1.4,0
8.44,452,0.9,1.4,0
8.44,452,0.9,1.4,0
8.32,445,0.9,1.4,0
8.4,421,0.9,1.4,0
8.4,421,0.9,1.4,0
8.39,401,0.9,1.4,0
8.23,281,0.9,1.4,0
8.23,281,0.9,1.4,0
8.3,418,0.85,1.4,0
8.35,402,0.85,1.4,0
8.35,442,0.8,1.4,0
8.35,442,0.8,1.4,0
8.35,406,0.8,1.4,0
8.35,406,0.8,1.4,0
8.69,370,0.8,1.4,0
8.69,370,0.8,1.4,0
7.92,318,0.8,1.4,0
7.92,318,0.8,1.4,0
8.4,416,0.75,1.4,0
8.1,78,0.75,1.4,0
8.41,261,0.7,1.4,0
7.6,87,0.65,1.4,0
8.47,453,0.55,1.4,0
8.47,453,0.55,1.4,0
8.39,311,3.3,1.3,0
8.4,362,2.1,1.3,0
8.3,243,2.1,1.3,0
8.31,358,2,1.3,0
8.31,358,2,1.3,0
8.94,220,1.9,1.3,0
8.46,253,1.8,1.3,0
8.46,253,1.8,1.3,0
8.2,245,1.8,1.3,0
8.38,431,1.7,1.3,0
8.4,366,1.7,1.3,0
8.36,492,1.6,1.3,0
8.28,468,1.6,1.3,0
8.25,430,1.6,1.3,0
8.3,394,1.6,1.3,0
8.3,366,1.6,1.3,0
8.8,317,1.6,1.3,0
8.52,398,1.5,1.3,0
8.3,394,1.5,1.3,0
8.3,378,1.5,1.3,0
8.4,340,1.5,1.3,0
8.5,322,1.5,1.3,0
8.25,359,1.4,1.3,0
7.99,302,1.4,1.3,0
8,255,1.4,1.3,0
7.6,72,1.4,1.3,0
9.4,570,1.3,1.3,0
8.3,434,1.3,1.3,0
8.5,418,1.3,1.3,0
8.5,418,1.3,1.3,0
8.4,405,1.3,1.3,0
8.36,396,1.3,1.3,0
8.08,357,1.3,1.3,0
8.32,256,1.3,1.3,0
8.32,256,1.3,1.3,0
8.29,225,1.3,1.3,0
7.94,116,1.3,1.3,0
8.4,76,1.3,1.3,0
8.3,74,1.3,1.3,0
8.27,336,1.2,1.3,0
7.9,87,1.2,1.3,0
8,443,1.1,1.3,0
8.46,401,1.1,1.3,0
8.42,338,1.1,1.3,0
8.51,267,1.1,1.3,0
8.25,261,1.1,1.3,0
8.25,261,1.1,1.3,0
8.1,258,1.1,1.3,0
8.1,258,1.1,1.3,0
7.7,69,1.1,1.3,0
8.34,481,1,1.3,0
8.4,402,1,1.3,0
8,352,1,1.3,0
8.4,413,0.95,1.3,0
8.1,386,0.95,1.3,0
8.14,412,0.9,1.3,0
8.3,363,0.9,1.3,0
7.98,381,0.85,1.3,0
8.39,440,0.8,1.3,0
8.39,440,0.8,1.3,0
8.41,420,0.8,1.3,0
8.41,420,0.8,1.3,0
8.47,407,0.8,1.3,0
8.47,407,0.8,1.3,0
7.6,103,0.8,1.3,0
8.45,257,0.65,1.3,0
8.45,257,0.65,1.3,0
7.4,90,0.6,1.3,0
8.1,87,0.6,1.3,0
7.4,85,0.6,1.3,0
8.5,396,0.55,1.3,0
8.5,396,0.55,1.3,0
8.37,404,0.5,1.3,0
8.37,404,0.5,1.3,0
7.3,77,0.5,1.3,0
8.7,260,0.35,1.3,0
8.3,284,3.2,1.2,0
8.5,285,2.9,1.2,0
8.21,483,2.4,1.2,0
8.42,497,2.2,1.2,0
8.16,361,2.2,1.2,0
8.3,344,2.1,1.2,0
7.9,272,2.1,1.2,0
8.2,210,2.1,1.2,0
8.05,347,1.9,1.2,0
9.16,203,1.9,1.2,0
8.34,197,1.9,1.2,0
8.53,460,1.8,1.2,0
8.28,424,1.8,1.2,0
8.2,400,1.8,1.2,0
8.98,224,1.8,1.2,0
8.52,297,1.7,1.2,0
8.27,274,1.7,1.2,0
8.3,198,1.7,1.2,0
8.31,192,1.7,1.2,0
8.8,78,1.7,1.2,0
8.43,435,1.6,1.2,0
8.2,255,1.6,1.2,0
8.24,166,1.6,1.2,0
8.74,421,1.5,1.2,0
8.3,408,1.5,1.2,0
8.7,352,1.5,1.2,0
8.6,301,1.5,1.2,0
8.2,291,1.5,1.2,0
8.4,209,1.5,1.2,0
8.02,109,1.5,1.2,0
8.6,103,1.5,1.2,0
8.31,492,1.4,1.2,0
8.36,490,1.4,1.2,0
8.4,473,1.4,1.2,0
8.25,472,1.4,1.2,0
8.33,437,1.4,1.2,0
8.56,396,1.4,1.2,0
8.45,348,1.4,1.2,0
8.89,219,1.4,1.2,0
8.8,114,1.4,1.2,0
8.68,400,1.3,1.2,0
8.68,400,1.3,1.2,0
8.3,303,1.3,1.2,0
8.1,301,1.3,1.2,0
8.35,275,1.3,1.2,0
8.8,221,1.3,1.2,0
7.28,125,1.3,1.2,0
8.7,76,1.3,1.2,0
7.7,74,1.3,1.2,0
8.6,73,1.3,1.2,0
8.4,491,1.2,1.2,0
8.5,458,1.2,1.2,0
8.34,435,1.2,1.2,0
8.3,433,1.2,1.2,0
8.7,395,1.2,1.2,0
8.7,395,1.2,1.2,0
8.52,372,1.2,1.2,0
8.5,359,1.2,1.2,0
8.13,332,1.2,1.2,0
7.98,236,1.2,1.2,0
8.2,140,1.2,1.2,0
8.5,80,1.2,1.2,0
8.9,78,1.2,1.2,0
7.3,74,1.2,1.2,0
8.35,399,1.1,1.2,0
8.35,399,1.1,1.2,0
8.1,332,1.1,1.2,0
7.2,153,1.1,1.2,0
8.3,458,1,1.2,0
8.3,414,1,1.2,0
8.3,368,1,1.2,0
8.4,360,1,1.2,0
8.08,330,1,1.2,0
7.4,74,1,1.2,0
8.48,400,0.95,1.2,0
8.48,400,0.95,1.2,0
8.4,376,0.95,1.2,0
8.05,279,0.95,1.2,0
8,71,0.95,1.2,0
8.4,395,0.9,1.2,0
8.36,468,0.85,1.2,0
8.5,412,0.85,1.2,0
8.3,366,0.85,1.2,0
8.2,382,0.8,1.2,0
8.37,480,0.75,1.2,0
8.21,443,0.75,1.2,0
8.44,407,0.75,1.2,0
8.44,407,0.75,1.2,0
8.44,441,0.7,1.2,0
8.44,441,0.7,1.2,0
8.2,387,0.7,1.2,0
8.22,262,0.7,1.2,0
8.22,262,0.7,1.2,0
7.3,74,0.7,1.2,0
8.51,454,0.65,1.2,0
8.51,454,0.65,1.2,0
8.15,421,0.6,1.2,0
8.63,397,0.55,1.2,0
8.63,397,0.55,1.2,0
8.65,354,0.55,1.2,0
8.17,115,3.1,1.1,0
8.1,212,2.7,1.1,0
7.2,122,2.7,1.1,0
8.68,118,2.5,1.1,0
8.9,99,2.2,1.1,0
7.3,83,2.1,1.1,0
8.2,336,2,1.1,0
8.2,383,1.9,1.1,0
8.18,198,1.9,1.1,0
7.8,76,1.9,1.1,0
8,454,1.8,1.1,0
8.72,424,1.8,1.1,0
8.4,96,1.8,1.1,0
8.1,75,1.8,1.1,0
8.41,413,1.7,1.1,0
8.3,423,1.6,1.1,0
8.54,399,1.6,1.1,0
8.4,349,1.6,1.1,0
8.4,231,1.6,1.1,0
8.22,199,1.6,1.1,0
9,76,1.6,1.1,0
8.3,361,1.5,1.1,0
8.3,1370,1.4,1.1,0
8.32,364,1.4,1.1,0
8.74,197,1.4,1.1,0
8.74,197,1.4,1.1,0
8.16,101,1.4,1.1,0
8.16,101,1.4,1.1,0
7.4,74,1.4,1.1,0
8.3,428,1.3,1.1,0
8.26,328,1.3,1.1,0
7.82,264,1.3,1.1,0
7.2,75,1.3,1.1,0
7.2,73,1.3,1.1,0
8.3,70,1.3,1.1,0
8.36,495,1.2,1.1,0
8.3,441,1.2,1.1,0
8.5,432,1.2,1.1,0
8.4,418,1.2,1.1,0
8.38,369,1.2,1.1,0
8.24,362,1.2,1.1,0
8.78,324,1.2,1.1,0
7.26,125,1.2,1.1,0
8.6,72,1.2,1.1,0
8.52,397,1.1,1.1,0
8.4,393,1.1,1.1,0
8.37,376,1.1,1.1,0
8.06,281,1.1,1.1,0
7,73,1.1,1.1,0
8.14,522,1,1.1,0
8.36,456,1,1.1,0
8.36,456,1,1.1,0
8.45,396,1,1.1,0
8.45,396,1,1.1,0
8.45,386,1,1.1,0
8.03,363,1,1.1,0
8.64,290,1,1.1,0
8.4,76,1,1.1,0
7.4,75,1,1.1,0
7,74,1,1.1,0
6.8,74,1,1.1,0
6.9,70,0.95,1.1,0
8.46,407,0.9,1.1,0
8.1,397,0.85,1.1,0
8.4,387,0.85,1.1,0
7.3,73,0.85,1.1,0
8.56,401,0.8,1.1,0
8.56,401,0.8,1.1,0
8.18,281,0.8,1.1,0
8.18,281,0.8,1.1,0
7.3,75,0.8,1.1,0
8.38,428,0.75,1.1,0
8.38,428,0.75,1.1,0
8.3,409,0.75,1.1,0
7.6,84,0.7,1.1,0
7.4,72,0.7,1.1,0
7.6,66,0.7,1.1,0
7.4,91,0.6,1.1,0
8.34,257,0.5,1.1,0
8.34,257,0.5,1.1,0
7,72,13,1,0
6.9,73,6.3,1,0
6.9,70,4.2,1,0
7.8,97,3.6,1,0
7,73,3.5,1,0
6.9,70,3.5,1,0
6.9,71,3.3,1,0
8.16,208,2.8,1,0
9.2,82,2.8,1,0
8.18,120,2.7,1,0
8.4,85,2.6,1,0
7.9,80,2.6,1,0
7.5,98,2.5,1,0
8.7,275,2.4,1,0
7.8,90,2.3,1,0
9.3,83,2.3,1,0
8.8,80,2.3,1,0
7.9,109,2.2,1,0
8.4,81,2,1,0
8.7,79,2,1,0
8.46,461,1.9,1,0
9.14,187,1.9,1,0
8.6,80,1.9,1,0
8.69,392,1.8,1,0
8.23,358,1.8,1,0
9.16,187,1.8,1,0
8.8,86,1.8,1,0
8.8,74,1.8,1,0
9.2,183,1.7,1,0
8.9,102,1.7,1,0
8.7,77,1.7,1,0
7.9,77,1.7,1,0
6.8,75,1.7,1,0
8.32,197,1.6,1,0
8.61,189,1.6,1,0
8.4,81,1.6,1,0
7.9,75,1.6,1,0
8.8,72,1.6,1,0
7.9,72,1.6,1,0
7.9,71,1.6,1,0
7.1,70,1.6,1,0
6.9,68,1.6,1,0
8.46,360,1.5,1,0
8.46,360,1.5,1,0
8.78,336,1.5,1,0
8.2,334,1.5,1,0
8.16,224,1.5,1,0
8.2,83,1.5,1,0
8.1,81,1.5,1,0
8.7,78,1.5,1,0
8.7,75,1.5,1,0
7.7,75,1.5,1,0
7.9,71,1.5,1,0
8.36,444,1.4,1,0
8.36,444,1.4,1,0
8.48,358,1.4,1,0
8.48,358,1.4,1,0
8.4,279,1.4,1,0
7.8,115,1.4,1,0
7.8,107,1.4,1,0
7.2,76,1.4,1,0
7.1,72,1.4,1,0
7.2,71,1.4,1,0
7,69,1.4,1,0
8.6,320,1.3,1,0
8.84,196,1.3,1,0
8.84,196,1.3,1,0
8.9,90,1.3,1,0
8.6,80,1.3,1,0
8.4,80,1.3,1,0
7.4,72,1.3,1,0
6.6,72,1.3,1,0
8.6,70,1.3,1,0
8.5,70,1.3,1,0
8.37,443,1.2,1,0
8.4,429,1.2,1,0
8.36,417,1.2,1,0
8.36,417,1.2,1,0
8.38,412,1.2,1,0
8.33,410,1.2,1,0
8.36,397,1.2,1,0
8.4,375,1.2,1,0
8.1,266,1.2,1,0
8.9,140,1.2,1,0
7.72,136,1.2,1,0
7.6,108,1.2,1,0
7.7,87,1.2,1,0
7.4,87,1.2,1,0
7.9,79,1.2,1,0
6.6,76,1.2,1,0
7.7,75,1.2,1,0
7.2,75,1.2,1,0
7.4,73,1.2,1,0
8.5,71,1.2,1,0
8.5,71,1.2,1,0
6.9,69,1.2,1,0
8.4,434,1.1,1,0
8.51,398,1.1,1,0
8.47,396,1.1,1,0
8.46,369,1.1,1,0
8.4,324,1.1,1,0
7.2,108,1.1,1,0
7.5,107,1.1,1,0
7.7,92,1.1,1,0
8.4,81,1.1,1,0
7.8,72,1.1,1,0
7,71,1.1,1,0
6.9,69,1.1,1,0
8.41,462,1,1,0
8.32,420,1,1,0
8.32,420,1,1,0
8.62,381,1,1,0
8.62,381,1,1,0
8.62,292,1,1,0
8.5,246,1,1,0
8,117,1,1,0
7.5,108,1,1,0
7.8,107,1,1,0
7.6,101,1,1,0
7.7,95,1,1,0
7.6,92,1,1,0
7.8,86,1,1,0
7,84,1,1,0
7.9,73,1,1,0
7.3,72,1,1,0
7.8,70,1,1,0
7.3,70,1,1,0
8.26,259,0.95,1,0
8.26,259,0.95,1,0
7.3,142,0.95,1,0
7.7,83,0.95,1,0
7.2,73,0.95,1,0
7.9,71,0.95,1,0
7.1,68,0.95,1,0
7,68,0.95,1,0
8.3,395,0.9,1,0
8.2,390,0.9,1,0
8.4,380,0.9,1,0
8.22,267,0.9,1,0
7.4,119,0.9,1,0
7.6,93,0.9,1,0
8.2,92,0.9,1,0
7.8,83,0.9,1,0
7.8,78,0.9,1,0
7.2,77,0.9,1,0
7.8,75,0.9,1,0
7.4,72,0.9,1,0
6.7,70,0.9,1,0
7.1,69,0.9,1,0
7,68,0.9,1,0
8.41,423,0.85,1,0
8.41,423,0.85,1,0
8.2,394,0.85,1,0
8.4,375,0.85,1,0
7.4,120,0.85,1,0
7.5,101,0.85,1,0
7.7,97,0.85,1,0
8.2,94,0.85,1,0
7.8,86,0.85,1,0
7.8,76,0.85,1,0
7.7,76,0.85,1,0
7.4,72,0.85,1,0
7.3,72,0.85,1,0
7.3,72,0.85,1,0
7.1,72,0.85,1,0
7.9,71,0.85,1,0
7.3,71,0.85,1,0
7.3,69,0.85,1,0
7.1,69,0.85,1,0
6.8,68,0.85,1,0
8.44,399,0.8,1,0
8.1,391,0.8,1,0
8.2,245,0.8,1,0
7.8,100,0.8,1,0
8.4,85,0.8,1,0
7.2,73,0.8,1,0
7.4,71,0.8,1,0
7.8,100,0.75,1,0
7.2,86,0.75,1,0
7.9,75,0.75,1,0
7,72,0.75,1,0
7.4,71,0.75,1,0
7.2,105,0.7,1,0
7.2,88,0.7,1,0
7.8,77,0.7,1,0
7.7,68,0.7,1,0
7.3,68,0.7,1,0
7.2,96,0.65,1,0
7.8,89,0.65,1,0
7.2,85,0.65,1,0
7,74,0.65,1,0
7.3,72,0.65,1,0
7,71,0.65,1,0
7.3,70,0.65,1,0
7.3,69,0.65,1,0
7.2,69,0.65,1,0
8.64,228,0.6,1,0
7.4,87,0.6,1,0
7.6,84,0.6,1,0
8.1,75,0.6,1,0
7.4,68,0.6,1,0
7.3,68,0.6,1,0
8,103,0.55,1,0
8.2,85,0.55,1,0
7.4,76,0.55,1,0
7.2,68,0.55,1,0
7,74,0.5,1,0
7.6,70,0.5,1,0
7.7,67,0.3,1,0
8.6,1360,190,298,1
8,295,290,286,0
8.3,476,220,194,0
8.9,299,150,161,0
7.2,401,83.1,144,1
8.2,674,15,142,1
9,1130,80,124,0
8.1,692,36,120,1
9.4,945,120,114,1
9.8,1290,100,106,1
9,1390,85,104,1
8.2,316,95,99.1,0
8.4,459,120,86.7,0
7.8,380,120,83.6,0
8.6,499,110,82,1
7.5,670,36.5,77,1
9.2,257,110,76.5,1
9,1240,75,76.2,1
8.5,466,95,76.2,0
8.5,486,95,70.6,0
8.2,442,110,70.5,0
8.2,472,75,69,0
8.4,572,100,66.8,0
8.9,713,37,66.5,1
8.3,470,100,65.8,0
7.9,375,130,62,0
8.4,1040,60,57.6,0
8.3,518,85,56.3,1
7.5,587,46,55.2,1
6.8,601,31,54.8,1
8.4,4650,26,54.2,0
8.5,509,85,54,0
8.9,1670,32,51.7,1
7.8,682,19,51.3,1
9,1050,51.2,51,1
8.4,475,65,50.4,0
8.7,597,14,49.9,1
8.6,705,16.1,49.5,1
7.3,271,55,49.4,0
8.3,446,75,49.4,0
8.1,286,62.5,49,1
8.9,498,40,48,1
7.9,550,22,46.6,1
8.2,492,65,46.6,0
8.7,1520,23,46,0
9.4,620,14,45.2,1
8.2,499,65,44.8,0
8.8,1020,32,44,0
7.7,472,38,42.7,1
7.8,350,80,42.4,0
8.3,357,29,42,0
9.4,958,34,40.5,0
8.6,1300,35,40.2,1
8.3,770,37.8,40,1
8.7,1420,38,39.5,1
8.6,1120,37.9,39.2,1
8.4,734,45,39,0
7.3,256,37,38.8,1
7.4,524,34,38.6,1
8.6,1080,20,38.5,0
9.4,1320,35,38.5,0
8.8,1180,39,38,1
8.3,1670,17,37.2,0
8.1,750,19,36.5,0
9.2,1150,36,36.2,1
7.2,805,38.5,36,1
8.1,370,48.7,35.8,1
8.6,484,30,35.5,1
7.4,276,80,35.4,0
9.5,687,30,35.2,1
8.6,1200,42.6,34.7,1
8.3,1210,36,34.5,1
8,263,100,34.2,0
9,423,17,33.8,0
8.7,436,35,33.2,0
8,624,38,32.6,1
8.9,431,30,32.6,0
7.9,301,40,32.5,0
7.4,581,21,32.2,1
7.9,279,50,32.2,0
8.5,2550,23,32,0
10.2,559,41.6,31.8,1
8.1,982,35.8,31.5,1
8,272,100,31.4,1
9.5,497,34.4,31,1
8,446,26,31,1
7.4,660,9.2,30.8,1
8.2,925,31,30.4,0
8.6,3330,16,30.3,0
8.1,570,35,30.2,0
8.1,682,17,29.8,1
7.6,459,22,29.7,1
8.1,243,45,29.7,0
6.5,840,26.5,29.5,1
7.7,188,47.5,29.4,1
8.2,991,50,29.2,1
9.4,799,19.5,29,1
8.8,718,41.5,29,1
7.5,406,50,29,1
7.6,1050,29.8,29,1
6.9,707,21,29,1
7.8,897,26,29,0
7.7,249,29,29,0
8.2,533,9.4,29,0
8.6,627,18,28.8,1
7.5,637,26.9,28.5,1
9.2,486,24.9,28.2,1
7.2,407,20.8,28,1
8.8,1050,18,28,1
8.4,1180,21.1,28,1
8.5,281,22,27.9,0
8.8,1180,22,27.8,0
10,541,34.9,27.5,1
8.4,1110,27,27.5,0
8.9,174,40,27.5,0
8.8,767,23,27.5,0
5.2,304,24,27.3,0
8.9,1010,25,27.2,1
8.2,539,26,27.1,0
8.7,916,24.5,27,1
7.9,298,27,27,0
8.1,291,23,26.9,0
8.4,807,23,26.8,1
8.8,523,25.9,26.8,1
8.1,656,32,26.5,1
8.4,333,30.6,26.4,1
7.6,551,25,26.3,1
8.1,582,31.7,26.2,1
8.2,801,16,26,0
8.4,757,22.7,26,0
9.1,325,12,26,0
8.9,1040,16,25.8,1
7.9,242,95,25.7,0
8.2,639,24.1,25.5,1
9.2,654,7.8,25.5,1
7.9,242,45,25.5,0
8.2,829,7.3,25.5,0
8.9,438,26,25.4,0
9,438,23,25.2,0
8.8,375,15.6,25,1
7.9,819,16,25,1
8.5,1140,26,25,0
8,265,65,24.9,1
9,872,20,24.5,1
8.8,959,9.4,24.4,0
9.1,378,29,24.2,1
8,733,26.5,24.2,0
7.8,241,45,24.2,0
7.9,160,44,24.1,0
9.3,379,27.4,24,1
8.6,1000,14,24,0
7.9,851,19.8,23.7,0
7.9,447,22,23.5,0
9,539,28.4,23.5,0
9.2,1150,13,23.5,0
9.1,1020,15,23.2,1
8.4,364,25.6,23,1
7.7,427,22,22.9,1
8,704,20,22.8,0
8.3,649,7.6,22.8,0
8.2,1510,24,22.8,0
8.9,267,35,22.8,0
8.5,977,25.1,22.6,1
8.1,162,35,22.6,0
8.2,262,25,22.6,0
8.1,158,55,22.6,0
8.1,160,45,22.6,0
9.6,598,14.7,22.5,0
8.7,174,36,22.5,0
7.8,430,24,22.3,1
7.9,272,90,22.3,0
8.1,581,21,22.3,0
9.3,758,10,22.2,0
7.6,436,20,22.2,0
8.6,1110,12,22.2,0
7.6,439,21,22.1,1
8.1,429,20,22,0
8.3,397,27,22,0
9,720,21,21.8,1
9.5,992,13,21.8,0
8.9,431,19,21.8,0
7.4,579,14,21.5,1
8.1,721,13,21.5,1
8.1,903,24.9,21.5,1
9.2,364,22.7,21.5,0
9.3,619,9.7,21.5,0
8.6,760,9.3,21.5,0
7.8,215,25.1,21.4,0
8.1,995,13,21.2,0
8.6,628,32,21.2,0
7.7,404,20.8,21,1
8.8,698,13.7,21,1
8.8,592,23.8,21,1
9.2,756,22,21,0
8.8,1060,11,21,0
8.9,682,19.4,21,0
8.8,936,24.3,20.8,1
8.5,787,19,20.7,0
9,358,21.7,20.5,1
7.4,222,25,20.5,0
8.5,634,9.2,20.5,0
8.6,1020,8.8,20.5,0
8.4,392,23,20.5,0
8.6,1110,13,20.4,0
7.9,238,90,20.4,0
8.5,677,27.7,20.3,1
7.8,807,6,20.2,0
8.9,193,42,20.2,0
8.2,810,20,20.2,0
8.3,855,26,20,1
9.1,1110,20,20,0
9.2,224,35,20,0
8.1,470,19,20,0
8.9,887,10.7,20,0
8.6,719,7.3,20,0
8.1,509,18,20,0
8.5,865,11.2,20,0
8,186,45,19.9,0
8.3,428,30,19.8,1
7.8,440,14,19.8,0
7.5,386,21.6,19.8,0
8.1,167,37,19.7,0
7.9,748,9.7,19.5,1
8.4,432,16.1,19.5,1
8.1,1000,10,19.5,1
8.9,420,16,19.5,1
8.9,788,18.9,19.5,0
8.7,651,15.3,19.4,0
7,200,22.2,19.4,0
8.3,268,11,19.2,0
7.8,1000,14,19.1,0
8.9,223,16.6,19,0
8.5,1220,13,19,0
8.3,272,18,19,0
7.5,631,20,18.9,1
8.3,311,27,18.8,1
7.8,334,22.5,18.8,1
7.4,656,8.7,18.6,1
7.8,428,20,18.6,1
8.6,995,11,18.6,0
7.8,362,6.3,18.6,0
9.2,365,27.5,18.5,0
8.8,415,17,18.5,0
9.2,584,7.8,18.5,0
8.1,333,17,18.4,0
8.7,387,25,18.2,0
8.7,226,17,18.2,0
9.6,543,13,18.2,0
8.2,261,22,18.2,0
7.4,670,12,18,1
8.8,414,17,18,1
8.7,371,23.8,18,0
9,249,11,18,0
7.7,209,25.5,17.8,0
8.9,221,18,17.8,0
7.3,688,13.5,17.8,0
9.3,686,20.4,17.8,0
8.2,577,15,17.8,0
7.8,452,19,17.8,0
8.5,1380,15,17.8,0
8.2,515,13,17.6,0
8.7,831,6.5,17.6,0
9.3,332,23.8,17.5,1
8.8,467,16.1,17.5,0
9,316,22.5,17.5,0
7.3,228,20.3,17.5,0
8.9,585,12.5,17.5,0
8.5,207,23.5,17.5,0
7.7,690,15,17.3,1
8.4,422,26,17.2,1
7.7,694,18.1,17.2,1
8.9,656,9.2,17.2,0
8.8,1010,10,17.2,0
9.2,380,18,17,1
8.5,494,14.4,17,0
9.2,639,17.9,17,0
7.9,651,17.2,17,0
8.4,468,19,17,0
8.4,787,17,16.9,0
7.6,695,12,16.8,1
9.1,713,15,16.7,0
7.3,1400,16.8,16.7,0
8.8,536,8,16.6,0
8.7,527,10.7,16.5,1
9,563,12.6,16.5,0
7.2,314,22,16.5,0
8.6,1000,12,16.4,0
8.3,260,18,16.4,0
8.5,577,7.1,16.3,1
7.9,394,17,16.2,0
7.9,652,8.9,16.2,0
8,508,16,16.2,0
8.3,284,12,16.2,0
7.5,865,10,16.1,1
9.8,623,13,16.1,1
7.5,553,15,16.1,0
7.4,166,15,16.1,0
8.2,432,15,16,0
8.2,736,16,16,0
8.7,1350,8.6,16,0
9.1,707,10.3,16,0
8.5,980,15,15.9,0
8.1,579,14,15.9,0
8.6,1230,9.6,15.8,0
8.1,265,2.3,15.8,0
7.4,632,9.4,15.7,1
7.5,631,24,15.7,0
8,203,65,15.7,0
7.6,450,15,15.6,0
8,444,16,15.6,0
8.6,932,8.1,15.6,0
7.9,655,12,15.6,0
8.6,1110,6.8,15.6,0
8,717,20.2,15.5,1
8.3,858,11.8,15.5,0
8.2,648,10.3,15.5,0
8.4,685,8.6,15.5,0
7.5,784,11,15.4,1
7.5,643,11,15.4,1
9,390,14,15.4,0
8.4,452,19,15.4,0
9.2,673,7.6,15.3,0
8.4,478,12,15.3,0
8.7,423,21.1,15.2,1
8.7,904,10,15.2,0
8.5,1330,21,15.2,0
8.6,1670,9.4,15.2,0
8.5,640,8.6,15.1,0
8.3,412,12,15.1,0
8.9,555,15.1,15,1
7.4,311,23.2,15,1
7.2,325,12.8,15,0
9,770,13.1,15,0
8,440,15.3,15,0
8.8,609,17,14.9,0
9,617,18,14.8,0
8.7,1420,9.9,14.8,0
7.9,816,20.6,14.8,0
8.8,571,14.5,14.7,0
7.4,625,14,14.6,1
7.7,424,16,14.6,0
9.3,551,7.9,14.6,0
8.8,736,15,14.6,0
8.9,643,23.1,14.5,0
8.4,477,14,14.5,0
8.2,315,21,14.5,0
7.6,694,11,14.4,1
8.7,814,7.2,14.4,0
9,308,19.9,14.3,0
8.6,373,14.7,14.3,0
8.5,2140,11,14.3,0
8,190,40,14.3,0
8.4,664,20.3,14.2,1
8.6,1420,27.6,14.2,1
8.9,403,14,14.2,0
8.3,471,17,14.2,0
8.7,1160,4.3,14.2,0
7.6,550,9.8,14.1,1
8.7,250,26,14.1,0
8.2,2180,13.3,14.1,0
7.6,735,7.7,14,1
9.2,754,14.2,14,1
9.5,718,18.2,14,1
7.2,527,14.6,14,1
8.4,977,15,14,0
8.5,743,13,14,0
8.9,346,18.4,14,0
9.1,858,7.5,14,0
7.7,707,11.9,14,0
7.7,306,20,14,0
8.4,293,14,14,0
8.8,277,11,13.9,0
8.3,449,17,13.9,0
7.6,782,13,13.8,1
8,799,16,13.8,0
8.1,471,14,13.8,0
7.9,721,5.8,13.8,0
9,359,27.3,13.7,0
8.3,1040,5.9,13.7,0
7.6,519,10,13.6,1
8.3,946,9.4,13.6,0
9.4,527,12.3,13.5,0
8.2,314,6.7,13.5,0
8.8,1010,11.5,13.5,0
8.5,798,5.7,13.5,0
8.4,1880,9.9,13.5,0
7.8,696,6.6,13.5,0
8,209,65,13.5,0
7.5,616,12,13.4,1
8.1,603,10,13.4,1
8.4,1450,6.9,13.4,0
9.1,229,6.5,13.4,0
8.5,538,5.7,13.3,0
8.2,535,11,13.3,0
8,192,36,13.3,0
7.8,669,12,13.2,0
8,199,38,13.2,0
7.4,250,55,13.2,0
8.4,928,9.3,13.1,0
7.9,513,13,13.1,0
7.5,722,17.1,13,1
7.6,642,12.5,13,0
7.5,341,18.3,13,0
7.5,643,9.9,13,0
8.9,562,9.1,13,0
7.5,1000,15.6,13,0
8.7,658,10.3,13,0
8.4,643,10,13,0
9.2,618,11.8,13,0
8.2,410,12,12.9,0
7.3,564,6.9,12.8,1
7.6,625,11,12.7,0
7.4,511,13,12.7,0
8.2,418,5.5,12.7,0
7.5,519,8.4,12.6,1
8,576,6.3,12.6,0
8.6,2000,9.2,12.6,0
7.8,505,9.2,12.6,0
8.2,182,18,12.6,0
8,281,5.9,12.6,0
9.3,574,16.3,12.5,0
9.3,671,13.8,12.5,0
7.8,803,8.4,12.5,0
8.4,684,6.9,12.5,0
7.5,520,11,12.4,1
8.1,762,4.9,12.4,1
8.6,675,13.2,12.4,0
9.4,730,4.5,12.4,0
9.2,664,10.2,12.4,0
8.2,476,15,12.4,0
8.4,781,13,12.4,0
8.4,1460,13,12.4,0
8.2,765,11.1,12.3,0
8.1,555,4.8,12.3,0
7.2,265,30,12.3,0
8.4,358,7,12.3,0
8.3,260,16,12.3,0
8.5,732,6.3,12.2,0
9.3,679,12.2,12.2,0
8.6,983,7.1,12.2,0
8.6,915,4.7,12.2,0
8.1,400,17,12.2,0
8.6,244,26,12.1,0
8.2,949,9.8,12.1,0
8.1,313,11,12.1,0
8.7,1110,8.8,12.1,0
6.9,180,19.3,12,0
8.8,472,12.4,12,0
8.3,858,14,12,0
8.6,1020,6.1,12,0
8.6,692,3.5,12,0
8.1,459,14,12,0
8.2,413,9.2,12,0
8,379,17,11.9,0
7.4,931,5.8,11.8,1
9.3,646,6.7,11.8,0
8.5,601,7,11.8,0
8,599,9.7,11.7,1
8.1,669,7.4,11.7,0
8.4,945,9.8,11.7,0
8.1,661,6.4,11.7,0
8,502,10,11.7,0
8.1,460,13,11.7,0
8.2,414,9.6,11.7,0
7.9,1020,12,11.6,0
8.3,831,11.4,11.6,0
9.5,848,7.5,11.6,0
7.9,534,7.8,11.6,0
8.5,1610,9.3,11.6,0
8.5,186,16,11.6,0
7.4,387,12.3,11.5,1
8.8,439,17,11.5,0
8.1,518,10,11.5,0
8.2,408,5.7,11.5,0
8.4,519,9.5,11.5,0
8.7,567,5.9,11.4,0
8.3,368,8.2,11.4,0
8.4,312,13,11.4,0
9.2,253,7.4,11.3,0
8,396,16,11.3,0
8,408,11,11.3,0
8.2,765,19.5,11.2,1
9.6,477,12.8,11.2,1
9,848,9.6,11.2,0
8.5,1560,7.9,11.2,0
8.3,558,9.4,11.1,1
7.4,479,15,11.1,0
8.7,546,12,11.1,0
8.3,773,6.3,11.1,0
7.5,547,7.5,11,1
9.6,681,6.1,11,1
8.8,390,15.3,11,0
7.4,513,13,11,0
8.1,554,7.8,11,0
8.2,645,7.1,11,0
8.7,805,11.6,11,0
9.3,743,9.8,11,0
7.8,733,7.4,11,0
9.2,122,17,11,0
8,269,8,11,0
8.3,651,10.2,10.9,0
8.5,413,38.1,10.8,1
7.8,597,13.5,10.8,0
8.4,687,5.6,10.8,0
8.3,815,8.6,10.8,0
8.4,470,13,10.8,0
8.6,1030,5.6,10.8,0
7.6,188,17,10.8,0
9,227,5.6,10.8,0
8.2,661,6.1,10.7,0
7.4,512,14,10.7,0
8.7,655,6.2,10.7,0
7.5,648,9.5,10.6,1
8.7,699,10,10.6,0
8.2,334,12,10.6,0
8.7,558,6.3,10.6,0
8.1,453,11,10.6,0
8.2,194,8.2,10.6,0
8.2,422,13,10.6,0
7.4,665,6.9,10.5,1
7.9,773,15.9,10.5,0
8.5,1950,9.2,10.5,0
9.1,166,5.7,10.5,0
9,342,19.5,10.4,0
7.4,323,60,10.4,0
9.3,1190,4.3,10.4,0
8.3,267,16,10.4,0
8.6,254,3.8,10.4,0
7.6,838,6.5,10.3,0
8.7,555,12.5,10.3,0
8.2,671,7.1,10.3,0
8.3,757,7.1,10.3,0
8.5,886,6.5,10.3,0
8.4,275,13,10.3,0
8.6,874,4.2,10.3,0
7.5,544,6.2,10.2,1
7.4,586,5.6,10.2,1
7.4,727,8.9,10.2,1
7.3,502,12,10.2,1
7.6,709,10.1,10.2,1
9.1,664,11.2,10.2,0
9,632,5.2,10.2,0
8.6,398,14,10.2,0
8.7,928,6.3,10.2,0
8,471,9.2,10.2,0
8.6,868,3.1,10.2,0
7.9,486,9.5,10.2,0
8.2,382,8.5,10.2,0
7.5,628,6.3,10.1,1
9.3,225,24.8,10.1,0
7.1,317,8.1,10.1,0
7.5,235,17,10.1,0
7.6,182,15,10.1,0
8.4,379,9.7,10.1,0
9.2,561,13.9,10,0
9,742,6.5,10,0
8.2,697,7.3,10,0
8.2,374,10,10,0
8.3,259,15,10,0
8.5,329,10,9.9,0
8.2,409,16,9.9,0
8.5,871,5.8,9.8,0
8.5,703,5.4,9.8,0
8.1,516,8.3,9.8,0
8,982,11.1,9.8,0
8.1,448,9.1,9.8,0
8.9,625,12,9.7,0
8.6,1030,6.8,9.7,0
9.6,525,3.8,9.7,0
7.7,267,8.8,9.7,0
8.3,298,13,9.7,0
8,193,32,9.7,0
8.2,323,8.8,9.7,0
7.5,631,9.7,9.6,1
6.7,979,9.1,9.6,0
8.3,277,16,9.6,0
8.8,1410,4.3,9.6,0
7.9,218,5,9.6,0
8.4,341,11,9.6,0
8.2,599,5.9,9.5,1
7.5,480,16,9.5,1
8.4,713,7.3,9.5,0
8.4,957,5.7,9.5,0
8.2,552,9.4,9.5,0
9.3,172,4.8,9.5,0
8.1,637,7.1,9.4,1
7.5,627,9.6,9.4,1
7.4,473,9.8,9.4,0
9.1,359,14,9.4,0
8.5,748,6.8,9.4,0
9.1,818,7.8,9.4,0
8.5,936,6.3,9.4,0
8.1,285,13,9.4,0
7.4,931,5.4,9.3,1
8.8,397,9.1,9.3,0
6.7,695,6.4,9.3,0
7.3,893,7.8,9.3,0
8.3,758,5.7,9.3,0
8.9,671,5,9.3,0
7.8,531,8.3,9.3,0
8.3,329,8.3,9.2,0
8.9,698,8.5,9.2,0
9.5,233,8,9.2,0
8.4,702,7.9,9.2,0
8.7,908,2.7,9.2,0
8.4,518,9.1,9.2,0
7.4,519,8.3,9.1,1
9.2,344,8.9,9.1,0
8.4,838,6.5,9.1,0
7.9,974,5.5,9.1,0
8.2,194,9.6,9.1,0
7.8,496,6.2,9.1,0
8.8,718,6,9,0
8.7,1070,6.2,9,0
8.4,693,7,9,0
8.6,414,7.5,9,0
8.8,225,8.9,9,0
8.2,225,7.9,9,0
8.7,975,3.8,9,0
7.1,251,9.6,8.9,0
8.4,390,12,8.9,0
8.5,220,5.9,8.9,0
8.6,249,8,8.9,0
8.6,713,6.5,8.8,0
8.1,196,11,8.8,0
7.8,356,5.3,8.8,0
8.5,262,13,8.8,0
8.6,440,8.4,8.8,0
8.6,235,7.3,8.8,0
8.2,572,9.3,8.8,0
9.5,183,5.3,8.8,0
8.3,360,8.6,8.8,0
8,217,10,8.8,0
7.4,761,9.7,8.7,0
8.4,631,9,8.7,0
8.2,472,6,8.7,0
8.7,781,8.9,8.6,0
8.8,591,8.4,8.6,0
7,201,9,8.6,0
8.3,359,8.7,8.6,0
8.5,350,3.4,8.6,0
8.3,312,9.5,8.6,0
7.8,362,9.2,8.6,0
8.2,467,25.2,8.5,1
7.5,520,8.9,8.5,1
8.4,638,4.8,8.5,0
9.2,621,8.6,8.5,0
8.7,607,4.4,8.5,0
8.7,514,4.8,8.5,0
8.2,273,5.1,8.5,0
6.4,837,7.9,8.5,0
8.6,203,10,8.5,0
8.4,271,3.3,8.5,0
9.2,539,7.4,8.4,0
8.2,943,8.4,8.4,0
8.6,265,13,8.4,0
9.5,181,5.1,8.4,0
9.1,754,8,8.4,0
8,445,8.1,8.4,0
8.4,258,9,8.4,0
8.4,340,9.7,8.4,0
8.2,325,7.7,8.4,0
7.2,99,9.5,8.4,0
7.4,754,7.6,8.3,0
7.8,869,5.8,8.3,0
8.4,268,13,8.3,0
8,762,7.2,8.3,0
8.6,249,10,8.3,0
8.7,617,7.6,8.2,0
9.1,577,4.2,8.2,0
8.7,748,10.2,8.2,0
8.6,611,10,8.2,0
8.7,940,6.1,8.2,0
8.2,399,13,8.2,0
8.2,413,8.1,8.2,0
8,319,8.5,8.2,0
8.6,270,8.3,8.2,0
8.1,430,7.8,8.2,0
8.1,422,9,8.2,0
8.1,318,4.3,8.2,0
9.1,338,5,8.1,0
8.3,712,3.4,8.1,0
7.4,201,8.2,8.1,0
9.2,527,11.8,8.1,0
8,907,7.1,8.1,0
9.1,301,4.3,8.1,0
8.2,269,3.1,8.1,0
8.3,799,6.4,8,0
8.3,598,7.9,8,0
8.1,917,6.1,8,0
7.4,769,7.4,8,0
8.8,823,5.2,8,0
7.1,726,8.8,8,0
8.9,644,4.6,8,0
8.2,534,7.7,8,0
8.1,195,7,8,0
8.6,317,7.1,8,0
8.4,308,11,8,0
8.5,363,13,8,0
8.7,745,11,7.9,0
8.6,813,5.8,7.9,0
8.6,958,5.6,7.9,0
8.4,873,5.8,7.9,0
9.3,181,3.9,7.9,0
8.1,323,5.7,7.9,0
8.5,1100,7.1,7.8,0
7.5,599,3.6,7.8,0
9.1,626,7,7.8,0
8.5,1260,5.5,7.8,0
8.4,467,8.5,7.8,0
8.1,448,8.1,7.8,0
7.5,334,7.2,7.8,0
8.2,230,6.8,7.8,0
8.7,416,5.6,7.8,0
8,369,6.1,7.8,0
8.4,274,9.3,7.8,0
7.5,940,3.8,7.7,1
9.2,639,6.9,7.7,0
8.3,470,5.9,7.7,0
8.6,184,15,7.7,0
7.6,627,6.4,7.6,0
8.4,668,6.3,7.6,0
8.8,226,4.4,7.6,0
9.5,213,8.1,7.6,0
8.4,470,8,7.6,0
8.1,457,8.2,7.6,0
8.3,492,9.1,7.6,0
9.1,304,3.4,7.6,0
8.6,437,4.9,7.6,0
9,164,4.5,7.6,0
7.6,715,4.5,7.5,0
8.2,714,6.3,7.5,0
8,477,7,7.5,0
8.3,259,8.1,7.5,0
8.5,375,3.5,7.5,0
9.4,548,13.1,7.4,1
8.2,207,2.3,7.4,0
9.2,177,3.9,7.4,0
8.4,358,8.5,7.4,0
9.1,303,3.4,7.4,0
8.8,410,7.3,7.4,0
8.2,549,6.2,7.3,0
8.7,657,8.8,7.3,0
8.5,377,5.1,7.3,0
8.2,352,4.9,7.3,0
7.6,607,9.2,7.2,0
8.3,632,3.8,7.2,0
8,343,13.9,7.2,0
8.3,278,5.9,7.2,0
8.3,786,7.7,7.2,0
7.8,695,9.1,7.2,0
8.1,192,7.3,7.2,0
8.3,270,9.2,7.2,0
8.2,213,9.4,7.2,0
8.3,695,4.9,7.1,0
8.3,646,5.7,7.1,0
8.2,794,11.8,7.1,0
9.1,190,5.6,7.1,0
7.5,503,6.1,7.1,0
9,218,4.7,7.1,0
8.5,422,4,7.1,0
8.3,273,5.1,7.1,0
8.2,364,4.8,7.1,0
8,773,7,7,0
8.3,804,6.1,7,0
8.9,831,4,7,0
7.7,705,7.2,7,0
8.7,407,6.1,7,0
8.5,607,5.1,7,0
8.4,635,4.8,7,0
8.5,390,11,7,0
8.3,392,11,7,0
9.1,177,2.8,7,0
8.4,466,4.8,7,0
8.4,230,8.2,7,0
8.4,1060,4.5,7,0
8.5,206,5.4,7,0
8.3,341,7.5,7,0
8.5,305,4.2,7,0
8.2,328,7,6.9,0
7.5,613,14.2,6.9,0
9.5,232,4.5,6.9,0
8.2,988,4.6,6.9,0
8.1,459,8.1,6.9,0
8.9,251,2.6,6.9,0
8.8,406,4.7,6.9,0
8.3,227,2.7,6.9,0
8.4,203,5,6.9,0
10.2,631,10.6,6.8,1
8.8,298,6.2,6.8,0
9,241,2.9,6.8,0
8,526,6.3,6.8,0
9.3,281,6.6,6.8,0
8.1,239,7.5,6.8,0
7.9,501,6.3,6.8,0
8.1,431,7.8,6.8,0
8.4,339,6.3,6.8,0
8,238,8.5,6.8,0
7.6,498,5.9,6.8,0
7.4,652,7.9,6.7,1
9.4,356,4,6.7,0
7.7,808,6.6,6.7,0
8.9,644,6.5,6.7,0
8.4,308,2.7,6.7,0
8.2,284,5.6,6.7,0
9,301,3.3,6.6,0
8.6,501,5.4,6.6,0
8.8,556,13,6.6,0
9,778,6.2,6.6,0
8.4,362,6.6,6.6,0
8.4,375,8.2,6.6,0
8.4,336,4.8,6.6,0
8.5,137,3.6,6.6,0
8.5,272,4.2,6.6,0
8.5,2660,1.8,6.6,0
8.5,290,6,6.6,0
8,496,4.7,6.6,0
8.4,250,9,6.6,0
9.4,650,5.6,6.5,0
8.1,1070,4.1,6.5,0
8.1,689,5.1,6.5,0
8.1,658,5.1,6.5,0
8,786,6.8,6.5,0
9.1,632,5.8,6.5,0
7.4,455,6.3,6.5,0
8.7,1440,5.4,6.5,0
8.6,816,4.5,6.5,0
8.1,554,5.7,6.5,0
8.4,375,8.8,6.5,0
7.4,624,6.9,6.4,0
9.1,629,10.9,6.4,0
9.1,617,4.2,6.4,0
8.6,952,5.1,6.4,0
8,268,12,6.4,0
8.4,295,8.4,6.4,0
8.3,480,7.9,6.4,0
8.3,237,5.1,6.4,0
8.3,425,5,6.4,0
8.4,265,9.5,6.4,0
8,505,7.6,6.4,0
8.8,407,5.9,6.4,0
8,465,7.6,6.4,0
7.8,263,7,6.4,0
8.3,273,5.4,6.4,0
8.4,268,8,6.4,0
7.9,377,6.9,6.3,0
9.3,567,3.1,6.3,0
8.9,662,7.4,6.3,0
7.8,631,4.2,6.3,0
8.8,209,4.6,6.3,0
9,789,4.8,6.3,0
8.7,461,5.3,6.3,0
8.2,284,4.6,6.3,0
9.3,179,3.6,6.3,0
8.8,217,9.2,6.3,0
8.2,562,4.8,6.3,0
7.2,714,6.6,6.2,0
8.3,637,4.9,6.2,0
9.1,182,4.2,6.2,0
8.2,301,5.7,6.2,0
8.3,246,6.5,6.2,0
8.7,218,6.9,6.2,0
8.1,234,2.8,6.2,0
8.5,340,3.5,6.2,0
8.7,1700,4.6,6.2,0
8.4,312,10,6.2,0
8.7,971,6.8,6.2,0
8.4,317,7.4,6.2,0
8.1,824,4,6.1,0
8.4,223,7.3,6.1,0
8.2,280,4.3,6.1,0
8.2,298,6.5,6.1,0
8.2,312,7.5,6.1,0
8.2,862,11.5,6,1
8.9,537,6,6,1
8.2,606,6,6,0
8.5,522,4.9,6,0
8.6,527,3.6,6,0
7.3,866,4.7,6,0
9.1,182,3.7,6,0
9,593,5.7,6,0
8.3,341,8,6,0
8.6,222,4.7,6,0
8.9,137,2.8,6,0
8.1,237,8,6,0
8.4,356,6.5,6,0
9.1,227,4.2,6,0
7.5,555,7.6,5.9,0
8.6,523,3.3,5.9,0
8.6,745,4.6,5.9,0
8.3,337,5.3,5.9,0
8.3,248,7.3,5.9,0
8.6,404,4.5,5.9,0
9.7,583,13,5.8,0
8.4,501,4.7,5.8,0
7.4,323,4.4,5.8,0
7.9,711,4.2,5.8,0
7.8,713,5.9,5.8,0
8.2,456,5.8,5.8,0
9,210,6,5.8,0
8.5,378,7.7,5.8,0
8.2,884,3.7,5.8,0
8.4,627,3.3,5.8,0
7.8,810,5.2,5.8,0
8.4,463,3.9,5.8,0
8.4,453,6.6,5.8,0
8.1,196,7.6,5.8,0
7.4,333,4.4,5.8,0
8.8,303,1.6,5.8,0
8.1,211,6.8,5.8,0
9.2,1140,25,5.7,1
9.1,572,10.8,5.7,0
9,635,5.8,5.7,0
8.5,465,3.3,5.7,0
7.2,228,5.3,5.7,0
7.9,649,3.1,5.7,0
8.6,254,2.8,5.7,0
8.1,522,5.7,5.7,0
8,483,6,5.7,0
8.6,195,2.5,5.7,0
7.9,629,4.2,5.7,0
8.6,251,18.7,5.6,0
8.2,366,6,5.6,0
8.6,777,5.1,5.6,0
8.9,222,4,5.6,0
8.2,603,3.9,5.6,0
8.5,257,2,5.6,0
8.2,203,3.8,5.6,0
8.9,258,3.1,5.6,0
8.8,84,3.3,5.6,0
8.1,467,5.1,5.6,0
8.7,1100,4.4,5.6,0
8.3,362,8.9,5.6,0
7,90,2.5,5.6,0
7.5,849,3.8,5.5,0
8.4,562,6.2,5.5,0
8.8,211,4,5.5,0
8.1,700,4,5.5,0
8.6,224,5.4,5.5,0
8,220,4.4,5.5,0
8.6,337,1.9,5.5,0
8.2,312,7.8,5.5,0
8.2,327,5.4,5.5,0
8.4,1620,4.3,5.4,0
8.3,896,5,5.4,0
8.3,274,4.6,5.4,0
8.3,318,2.6,5.4,0
8.6,370,3.3,5.4,0
8.6,373,5,5.4,0
8.7,392,1.9,5.4,0
8.7,183,2.7,5.4,0
8.5,335,5.1,5.4,0
8.2,464,8.3,5.4,0
8.6,399,3.3,5.4,0
8.2,472,6,5.4,0
8,236,2.2,5.4,0
8,618,7.7,5.3,0
9.3,873,3.4,5.3,0
9.1,598,5.4,5.3,0
8.5,258,2.4,5.3,0
8.3,476,7.1,5.3,0
8.4,846,3,5.3,0
8,462,6,5.3,0
8.9,832,2.7,5.3,0
8.7,258,4,5.3,0
8.3,448,8,5.3,0
8.2,326,5.4,5.3,0
9,205,2.4,5.3,0
8,257,2.9,5.3,0
9.6,554,15.8,5.2,0
7.2,235,7.4,5.2,0
8.6,493,4.7,5.2,0
8.8,350,6.2,5.2,0
9.2,256,3.2,5.2,0
8.5,277,3.8,5.2,0
8,619,4.3,5.2,0
8.3,526,4.7,5.2,0
8.2,735,4.3,5.2,0
8.7,317,3.3,5.2,0
8.5,184,3.7,5.2,0
8.4,302,6.7,5.2,0
8.3,332,4.3,5.2,0
8.1,468,4.8,5.2,0
8,385,5.9,5.2,0
8.1,533,4.8,5.2,0
8.4,1830,3.8,5.2,0
8.4,502,5.1,5.2,0
8.1,474,6.3,5.2,0
8.5,290,6,5.2,0
9.9,173,4.8,5.2,0
7.6,276,3.9,5.2,0
8.3,300,2.9,5.2,0
7.7,624,4.1,5.1,0
8.4,263,2,5.1,0
9,319,2.9,5.1,0
8.8,294,2.9,5.1,0
8.1,534,5.2,5.1,0
8.2,211,6.8,5.1,0
7.9,258,4.9,5.1,0
8.2,412,5.3,5.1,0
8.5,341,4.7,5.1,0
8.1,452,5.9,5.1,0
7.6,571,3.7,5.1,0
8.6,252,4.5,5.1,0
8.6,467,4.4,5.1,0
8.4,450,5.5,5.1,0
8,239,6.7,5.1,0
9.1,201,2.9,5.1,0
8.3,396,2.8,5.1,0
8.3,344,4.2,5,0
7.3,256,3.8,5,0
8.3,910,4.7,5,0
7.5,795,4.6,5,0
9.3,217,3.6,5,0
8.7,667,4.2,5,0
8.6,302,1.8,5,0
8.6,333,3.5,5,0
7.9,258,4.6,5,0
8.3,242,6.6,5,0
9.1,262,2.9,5,0
8.4,371,4.8,5,0
9.3,126,5.3,5,0
7.9,529,5.7,5,0
8.2,547,5.5,5,0
9,227,4.3,5,0
8.6,439,4.4,5,0
8.2,493,3.5,5,0
7.9,288,4.3,5,0
8,485,5.3,5,0
7.9,399,3.8,4.9,0
8.8,296,2.6,4.9,0
8.3,696,2.9,4.9,0
7.6,528,4.5,4.9,0
8.5,229,3.9,4.9,0
8.3,307,4.6,4.9,0
8.1,811,3.1,4.8,0
7.4,651,3.1,4.8,0
8.2,365,5.6,4.8,0
9.4,164,2.7,4.8,0
8.7,902,4.5,4.8,0
9.3,220,3.7,4.8,0
7.6,419,3.3,4.8,0
8.8,209,6.6,4.8,0
8.7,209,5.4,4.8,0
8.2,251,3.8,4.8,0
8.9,203,2.8,4.8,0
7.6,241,3.1,4.8,0
8,503,3.8,4.8,0
8.7,369,4.2,4.8,0
7.8,377,6.3,4.8,0
7.6,337,5.6,4.8,0
8.5,360,6.1,4.8,0
8.2,286,3.5,4.8,0
8.1,329,4.3,4.8,0
8.8,305,2,4.8,0
8.4,1200,4.6,4.8,0
7.8,283,3.9,4.8,0
8.4,324,3.6,4.8,0
8.1,80,3,4.8,0
8.4,361,2.6,4.8,0
7.9,768,3.3,4.7,0
9,237,3.6,4.7,0
8.6,1300,2.9,4.7,0
8.6,583,6.5,4.7,0
9.3,196,4.6,4.7,0
9,244,2.3,4.7,0
8.6,376,4,4.7,0
8.4,491,4.8,4.7,0
8.3,293,3.7,4.7,0
9.1,193,2.6,4.7,0
7.9,285,2.9,4.7,0
7.9,280,4.4,4.7,0
8.5,275,3.2,4.7,0
8.1,211,4.5,4.7,0
8.7,307,4.1,4.6,0
7.7,762,6.7,4.6,0
8.8,218,3.8,4.6,0
7.9,368,3.5,4.6,0
8.5,222,3.4,4.6,0
8.6,255,3.9,4.6,0
8,521,4.1,4.6,0
8.2,778,3.6,4.6,0
8.6,242,2.8,4.6,0
8.7,156,2.7,4.6,0
8.5,277,4.6,4.6,0
7.8,202,7.1,4.6,0
8.7,157,2.6,4.6,0
8.5,245,2.8,4.6,0
7.7,260,5.5,4.6,0
8.6,288,6,4.6,0
8.2,308,4.4,4.6,0
8.9,224,3.2,4.6,0
8.1,331,3.4,4.6,0
8,279,5.4,4.6,0
8.7,441,3,4.6,0
8.2,281,2.7,4.6,0
7.9,287,4.5,4.6,0
8.2,257,5.7,4.6,0
8.2,314,4.7,4.6,0
8.3,401,3.5,4.6,0
7.4,518,4.8,4.5,0
8.5,250,3,4.5,0
7.5,765,4,4.5,0
8.3,259,5,4.5,0
8.3,315,5.4,4.5,0
8.4,309,4.8,4.5,0
8.5,273,5.3,4.5,0
8.2,362,4.2,4.5,0
8.1,305,2,4.5,0
8.6,586,4.3,4.5,0
6.6,71,4.6,4.5,0
9.3,786,7.2,4.4,1
8.8,301,2.6,4.4,0
8.2,353,4.5,4.4,0
8.9,635,4.5,4.4,0
8.3,319,3.4,4.4,0
7.6,211,6,4.4,0
8.7,239,5.1,4.4,0
8.3,1880,3.6,4.4,0
8.7,341,2.7,4.4,0
9.1,262,2.4,4.4,0
8.4,295,2.9,4.4,0
8.4,404,6.8,4.4,0
8.7,211,3.6,4.4,0
8.1,517,3.1,4.4,0
8.3,473,7,4.4,0
8.6,179,2.5,4.4,0
8.3,412,4.6,4.4,0
7.9,505,3.4,4.4,0
8.3,210,6.9,4.4,0
8.2,277,5,4.4,0
7.9,387,4.8,4.4,0
8.4,362,7.9,4.4,0
9.9,177,4,4.4,0
8.4,332,4,4.4,0
8.3,398,3.6,4.4,0
7.9,215,4.4,4.4,0
8.9,257,3.1,4.3,0
8.2,502,2.8,4.3,0
8.2,253,4.7,4.3,0
9.3,199,3.9,4.3,0
8.3,318,3.8,4.3,0
8.6,333,5,4.3,0
8.3,222,4.6,4.3,0
8.5,343,2.4,4.3,0
8.4,334,5.4,4.3,0
8.6,297,1.3,4.3,0
8.5,249,3.1,4.3,0
8.8,955,7.8,4.2,0
8.1,352,4.4,4.2,0
8.9,246,2,4.2,0
8.1,704,4.7,4.2,0
7.2,120,3.4,4.2,0
8.7,348,2.9,4.2,0
8,1530,5.7,4.2,0
9.2,620,6,4.2,0
8.9,295,4.9,4.2,0
8.5,960,2.5,4.2,0
8.2,320,5.1,4.2,0
8.3,410,3.9,4.2,0
8.2,210,4.8,4.2,0
9.3,132,4.5,4.2,0
8.5,942,3.7,4.2,0
8.6,211,3.2,4.2,0
8.9,139,2.8,4.2,0
8.2,473,6,4.2,0
8.9,141,6.3,4.2,0
9.3,198,4.7,4.2,0
8.9,264,3.5,4.2,0
8.5,230,3.2,4.2,0
8,214,3.2,4.2,0
8.5,301,4.2,4.2,0
6.6,582,3.3,4.2,0
7.5,371,4,4.2,0
8.2,212,6.3,4.2,0
9.1,183,4.1,4.2,0
8.4,256,4.2,4.2,0
8.4,286,4.3,4.2,0
8.4,415,15.7,4.1,0
8.8,302,3.4,4.1,0
8.4,684,4.4,4.1,0
7.3,526,2.2,4.1,0
9.2,702,2.4,4.1,0
7.4,683,4.2,4.1,0
8.8,295,2.6,4.1,0
8.1,291,3,4.1,0
9.3,198,4.3,4.1,0
8.2,265,4.5,4.1,0
9.1,200,2.4,4.1,0
9.1,200,2.1,4.1,0
7.2,158,4,4.1,0
8.3,141,4.9,4.1,0
8.2,314,5,4.1,0
8.1,410,3.6,4.1,0
6.7,65,8.2,4.1,0
8.4,308,3.5,4.1,0
7.2,68,4.5,4.1,0
7,71,5.5,4.1,0
8.1,236,4.9,4.1,0
7.9,220,3.7,4.1,0
7.6,242,5.5,4.1,0
8.1,745,2.7,4,0
9,550,4,4,0
8.9,243,1.6,4,0
8.3,452,6.5,4,0
8.7,330,2.8,4,0
8.1,212,5.8,4,0
8.7,332,3.6,4,0
8.2,205,6.5,4,0
8.9,312,2.2,4,0
8.4,376,5.5,4,0
8.4,443,4.2,4,0
8.4,310,2.6,4,0
8.7,438,2.3,4,0
8.4,250,5.7,4,0
8.3,543,1.9,4,0
8,485,4.5,4,0
8,216,4.1,4,0
6.9,151,2.3,4,0
6.9,149,2.5,4,0
8,814,4.2,3.9,0
8.8,318,3.4,3.9,0
8.2,316,4.1,3.9,0
8.6,270,3,3.9,0
8.2,230,2.8,3.9,0
9,318,4.1,3.9,0
8.8,78,3.8,3.9,0
8.9,80,2.1,3.9,0
9.1,219,3.5,3.9,0
8.2,311,3.8,3.9,0
8.1,332,3.8,3.9,0
8,151,2.5,3.9,0
9.2,260,1.8,3.9,0
8.5,339,2.5,3.9,0
8.1,345,3.4,3.9,0
8.2,1340,3.3,3.8,0
8.2,323,3.6,3.8,0
7.8,363,3.6,3.8,0
7.7,382,3.1,3.8,0
8.7,365,2.9,3.8,0
9.1,261,2.7,3.8,0
9,190,1.3,3.8,0
8.4,370,4.5,3.8,0
8.1,252,3.9,3.8,0
8.4,358,4.7,3.8,0
8.8,353,2.7,3.8,0
8.1,250,3.1,3.8,0
8.9,163,3.6,3.8,0
8.4,344,4.2,3.8,0
8.7,289,1.2,3.8,0
8.8,438,3.1,3.8,0
8.3,356,3,3.8,0
8.4,359,3.5,3.8,0
8.3,210,3,3.8,0
7.8,280,4.8,3.8,0
8.3,296,2.5,3.8,0
7.8,292,1.3,3.8,0
7,144,3.4,3.8,0
7.8,431,3.4,3.8,0
8.5,279,3.7,3.8,0
8.8,566,3.3,3.7,0
8.1,522,2.6,3.7,0
8.2,210,6.6,3.7,0
8.1,288,3.1,3.7,0
8.2,250,2.8,3.7,0
9,248,1.6,3.7,0
8.1,688,1.9,3.7,0
8.4,298,3.1,3.7,0
8.4,257,3.4,3.7,0
8.6,83,3.7,3.7,0
8.4,358,4.4,3.7,0
9.1,118,2.5,3.7,0
8.2,207,5.6,3.7,0
8.2,357,2.7,3.7,0
7.7,85,2.1,3.7,0
8,210,5.8,3.7,0
7.6,680,2.5,3.6,0
9.2,596,3.5,3.6,0
8.5,273,3.3,3.6,0
8.9,328,5.6,3.6,0
7.5,296,3.9,3.6,0
8.2,383,2.8,3.6,0
8.9,245,2.2,3.6,0
8.3,997,3,3.6,0
8.5,1400,3.8,3.6,0
8.7,300,2.6,3.6,0
8.1,435,3.4,3.6,0
8.4,181,2.6,3.6,0
9,216,3.6,3.6,0
8.3,235,5.2,3.6,0
8.5,1050,2.7,3.6,0
7.4,652,3.2,3.6,0
8.1,449,4.7,3.6,0
8,281,5.1,3.6,0
8.3,324,2.5,3.6,0
8.3,305,3.4,3.6,0
7.9,504,2.7,3.6,0
7.7,297,4.7,3.6,0
8.6,354,1,3.6,0
8.4,255,3.4,3.6,0
8.1,238,2.6,3.6,0
7.3,153,3,3.6,0
9,677,5.6,3.5,0
8.4,721,3.1,3.5,0
8.1,342,4,3.5,0
8.2,209,2.3,3.5,0
9,217,3.7,3.5,0
7.8,261,4.4,3.5,0
8.2,233,2.6,3.5,0
8.1,339,4.4,3.5,0
7.3,71,6.2,3.5,0
8.9,325,3.6,3.5,0
8.3,304,2.6,3.5,0
8.8,308,3.1,3.5,0
9.2,263,1.9,3.5,0
8.6,382,3.3,3.5,0
7.3,70,5.4,3.5,0
8.3,313,3.8,3.5,0
8.6,633,5.3,3.4,0
8.8,218,3.3,3.4,0
8.9,186,3.3,3.4,0
8.2,1210,1.8,3.4,0
8.3,243,4.8,3.4,0
8.8,72,2.3,3.4,0
8.1,216,6.1,3.4,0
8.3,291,3.3,3.4,0
7.7,89,2.1,3.4,0
8.8,333,2.7,3.4,0
9.1,216,3.2,3.4,0
8.1,341,4,3.4,0
8.5,345,5.4,3.4,0
8.1,450,4.2,3.4,0
9.2,259,2.4,3.4,0
9,269,2.6,3.4,0
8.2,235,3.6,3.4,0
8.2,337,2.9,3.4,0
8.1,202,8.2,3.4,0
7,67,5.6,3.4,0
8.7,364,2.9,3.4,0
8.7,86,3.7,3.4,0
8.4,370,3.6,3.4,0
8.3,295,5.9,3.4,0
8.3,446,3.6,3.4,0
8.4,350,3.1,3.4,0
7.7,298,3.6,3.4,0
8.3,318,3.3,3.4,0
8,362,4,3.4,0
7.8,242,5.1,3.4,0
9.1,181,3.4,3.4,0
8.4,914,2.9,3.4,0
8.3,299,2.6,3.4,0
8.1,209,8.5,3.4,0
8,305,2.8,3.4,0
7.9,321,4.8,3.3,0
7.2,633,3.4,3.3,0
8.7,257,1.9,3.3,0
8.5,265,2.4,3.3,0
8.6,255,2.3,3.3,0
9.2,175,2.3,3.3,0
6.2,68,4.5,3.3,0
8.6,257,2.8,3.3,0
8.6,255,3,3.3,0
8,214,1.9,3.3,0
8.2,420,5.5,3.3,0
8.4,347,1.8,3.3,0
8.3,236,3,3.3,0
8.4,429,2.7,3.3,0
7.3,83,4.6,3.3,0
8.5,350,3.3,3.3,0
8.2,317,1.6,3.3,0
7.2,85,4.6,3.3,0
8.6,345,1.5,3.3,0
7.9,217,2.8,3.3,0
8.2,368,4.8,3.2,0
8.6,1640,16,3.2,0
9.2,938,1.6,3.2,0
8.1,869,4,3.2,0
8,321,4.4,3.2,0
8.9,257,3.3,3.2,0
7.6,237,3.3,3.2,0
9.1,162,3.1,3.2,0
8.4,576,2.8,3.2,0
7.8,673,2.3,3.2,0
8.6,256,2.8,3.2,0
8.8,324,3,3.2,0
9.2,198,2.9,3.2,0
8.6,1050,1.5,3.2,0
6.8,73,1,3.2,0
6.5,83,3.2,3.2,0
8.1,274,3,3.2,0
8.9,286,2.2,3.2,0
8.8,306,1.8,3.2,0
9.2,191,2.6,3.2,0
8.5,228,2.9,3.2,0
8.6,381,4,3.2,0
8.9,221,2.9,3.2,0
8,440,3.7,3.2,0
8.8,735,3,3.2,0
7.4,153,2.6,3.2,0
7.1,198,3.5,3.2,0
8,342,2.4,3.2,0
8.6,289,2.8,3.2,0
8.4,427,1.8,3.2,0
8.7,245,1.5,3.2,0
8.4,154,2.4,3.2,0
8.3,359,3.4,3.2,0
7.8,299,3.5,3.2,0
8.1,93,2.5,3.2,0
8.2,298,3.2,3.2,0
8.3,302,2.3,3.2,0
8.4,308,3.2,3.2,0
8.7,291,1.1,3.2,0
8.8,219,3.5,3.2,0
7.9,217,3.8,3.2,0
7.6,216,2.8,3.1,0
8.1,835,4,3.1,0
8.3,261,1.9,3.1,0
8.7,207,2.4,3.1,0
8.7,84,2,3.1,0
8.9,243,1.6,3.1,0
8.9,315,2.2,3.1,0
8.6,408,3.7,3.1,0
8.3,238,2.6,3.1,0
7.9,199,3.9,3.1,0
8.7,271,3.5,3.1,0
8.7,303,1.8,3.1,0
6.9,68,5.5,3.1,0
7.7,419,4.8,3.1,0
8.4,363,2.8,3.1,0
8.4,314,4.2,3.1,0
8.5,242,3.1,3.1,0
8.7,307,2.1,3.1,0
8.2,421,5.5,3.1,0
8.1,388,1.7,3.1,0
7.8,219,2.8,3.1,0
8.5,1010,2.4,3,0
8.5,372,2.2,3,0
7.5,308,0.8,3,0
8.9,220,2.5,3,0
8.6,251,3.1,3,0
8.8,233,2.9,3,0
8.7,341,2.6,3,0
9,167,2.5,3,0
7.9,397,2.9,3,0
7.9,247,3.1,3,0
8.9,216,4.1,3,0
8.9,827,3.6,3,0
8.9,218,3.3,3,0
8.8,321,2.8,3,0
8.1,581,1.2,3,0
8.5,348,3.4,3,0
9.1,220,2.8,3,0
9,306,2.9,3,0
8.5,734,1.9,3,0
8.9,92,3.6,3,0
7.9,81,2.4,3,0
8.8,326,2.3,3,0
8.9,224,2.9,3,0
8.5,419,3.5,3,0
8.3,413,2.2,3,0
8.2,87,1.8,3,0
8.7,302,1.7,3,0
8.7,84,3.1,3,0
7.9,209,4.1,3,0
8.3,214,2.8,3,0
8.1,255,2.9,3,0
7,90,3.4,3,0
8.8,217,2.7,3,0
8.5,393,2.5,3,0
8.3,230,3.6,3,0
8,315,3,3,0
8.3,258,2,3,0
8.2,355,2.6,3,0
8,233,4.4,3,0
8.5,278,3.5,3,0
8.3,399,4,3,0
6.9,538,1.8,2.9,0
8.5,835,2.3,2.9,0
8.7,248,3.2,2.9,0
8.1,235,2.3,2.9,0
8.1,501,3.3,2.9,0
8.1,302,3.4,2.9,0
7.6,292,3.5,2.9,0
8.1,224,3.6,2.9,0
6.2,67,3.6,2.9,0
8.6,298,2.9,2.9,0
8.4,305,2.4,2.9,0
8.1,84,2.3,2.9,0
8.3,352,3.2,2.9,0
8.6,352,1.3,2.9,0
8.2,439,2.1,2.9,0
8.1,256,3.8,2.9,0
8.6,291,2.4,2.9,0
7,75,3.4,2.9,0
8.2,400,2.5,2.9,0
8,209,4.3,2.9,0
8.1,318,2.4,2.9,0
9.1,588,2.4,2.8,0
8.7,349,2.2,2.8,0
7.9,268,2.6,2.8,0
8.3,1520,2.6,2.8,0
6.8,138,2.1,2.8,0
8.4,598,2.6,2.8,0
8.5,252,2.4,2.8,0
8.4,332,3.9,2.8,0
8.2,224,3,2.8,0
7.9,283,1.8,2.8,0
7.6,236,3.2,2.8,0
8.3,211,4.2,2.8,0
9,174,2.2,2.8,0
8.8,270,1.2,2.8,0
8.7,248,3.3,2.8,0
8.6,256,2.5,2.8,0
9.1,222,3.2,2.8,0
8.8,271,1.3,2.8,0
8.6,249,2.4,2.8,0
9,98,2.4,2.8,0
8.1,381,2.4,2.8,0
7.9,279,1.7,2.8,0
8.6,249,2.5,2.8,0
8.9,219,3.2,2.8,0
8.7,218,2.7,2.8,0
8.2,257,4.6,2.8,0
8.6,313,2.3,2.8,0
8.5,292,2.3,2.8,0
8.3,223,3.7,2.8,0
8.4,346,3.5,2.8,0
8.2,216,2.7,2.8,0
8.6,407,3.4,2.8,0
8.9,231,2.4,2.8,0
8,254,2.5,2.8,0
7.7,76,2.2,2.8,0
7.6,74,2.6,2.8,0
8.4,234,3.7,2.8,0
8.2,71,2,2.8,0
9.1,187,2.6,2.8,0
8.7,290,1.3,2.8,0
8.2,384,2,2.8,0
7.8,251,3.2,2.8,0
8,318,1.9,2.8,0
8.4,254,2.4,2.8,0
7.2,95,2.3,2.8,0
8.3,398,2.6,2.8,0
7.8,613,2.9,2.7,0
7.3,83,1.7,2.7,0
8.5,643,2.9,2.7,0
6.8,147,2.4,2.7,0
8.8,83,1.5,2.7,0
8.9,83,2.1,2.7,0
8.8,192,1.1,2.7,0
8.9,324,3.2,2.7,0
7.3,349,1.3,2.7,0
7.7,80,1.6,2.7,0
9.3,270,2.5,2.7,0
8.2,348,2.7,2.7,0
6.6,76,2.7,2.7,0
7.1,85,3.6,2.7,0
8,375,1.3,2.7,0
7.9,351,2.1,2.7,0
7.9,71,2.6,2.7,0
8.6,210,2.1,2.7,0
8.4,446,3,2.7,0
8.4,250,2.8,2.7,0
7.9,528,2.2,2.7,0
8.5,246,2.9,2.7,0
8.4,295,2.6,2.7,0
7.8,209,4.6,2.7,0
8.4,281,2.5,2.7,0
8,315,2.8,2.7,0
8.2,290,2.3,2.7,0
8.4,396,2.6,2.7,0
8.3,398,2.7,2.7,0
7.9,1020,3.2,2.6,0
7.3,216,2.3,2.6,0
9,179,2.1,2.6,0
7.6,615,2.6,2.6,0
9.1,177,2.2,2.6,0
8.2,1090,2.5,2.6,0
8.3,304,0.8,2.6,0
9,175,2.6,2.6,0
9,189,1.2,2.6,0
8,305,0.8,2.6,0
8.4,1180,2.3,2.6,0
8.5,206,1.4,2.6,0
8,199,3.8,2.6,0
9.1,192,1.7,2.6,0
8.8,240,2.3,2.6,0
8.8,322,1.9,2.6,0
8.3,220,2.4,2.6,0
8.8,653,2.1,2.6,0
8.6,278,4,2.6,0
6.8,147,2.4,2.6,0
8.3,234,2.4,2.6,0
8,198,3.9,2.6,0
8.2,192,1.6,2.6,0
9,191,1.2,2.6,0
7.8,114,1.8,2.6,0
8,198,4.2,2.6,0
7.4,248,2.4,2.6,0
8.9,254,1.5,2.6,0
8.6,381,3.1,2.6,0
9.2,192,2.5,2.6,0
9.1,192,2.5,2.6,0
8.3,234,2.2,2.6,0
8.3,330,2.2,2.6,0
8.3,307,1.5,2.6,0
8.3,375,2,2.6,0
8.6,240,3.8,2.6,0
7.9,251,2.6,2.6,0
8.8,305,2.2,2.6,0
8.3,225,2.4,2.6,0
8.1,280,2.3,2.6,0
8.2,253,3,2.6,0
8.1,421,1.5,2.6,0
7,78,1.4,2.6,0
8.3,223,1.5,2.6,0
8.3,314,2.7,2.6,0
7.7,218,3.1,2.6,0
8.3,310,2.5,2.6,0
7.9,763,4.1,2.5,0
7.7,318,2.9,2.5,0
8.4,231,1.8,2.5,0
7.7,242,4.2,2.5,0
8.4,234,3.8,2.5,0
8.6,397,2.6,2.5,0
8.3,311,2.3,2.5,0
7.3,88,2.3,2.5,0
7.3,324,2.1,2.5,0
8.4,431,2.4,2.5,0
8.5,289,2.3,2.5,0
7.6,226,3.8,2.5,0
8.5,76,2.7,2.5,0
8.3,236,2.4,2.5,0
8.3,332,2,2.5,0
8.4,381,3.4,2.5,0
8.4,232,2,2.5,0
7.4,73,2.1,2.5,0
8,391,1.7,2.5,0
8.5,961,1.8,2.5,0
8.1,429,1.7,2.5,0
8.4,390,1.6,2.5,0
7.2,74,2.6,2.5,0
8.2,325,3.4,2.5,0
7.4,71,2.3,2.5,0
6.7,117,2.3,2.4,0
8.4,304,0.8,2.4,0
8.6,358,2.1,2.4,0
8.2,193,2.3,2.4,0
8.4,1030,2.1,2.4,0
7.2,609,1.8,2.4,0
8.1,291,2.2,2.4,0
9,217,2.8,2.4,0
8.2,264,3,2.4,0
7.9,318,3,2.4,0
7.5,83,3.3,2.4,0
8.6,380,2.9,2.4,0
8.1,220,2.3,2.4,0
8.1,247,2.4,2.4,0
8.6,248,2.1,2.4,0
8.8,152,2.4,2.4,0
8.6,392,2.2,2.4,0
8.4,153,2.6,2.4,0
8.5,392,2.1,2.4,0
8.3,388,1.8,2.4,0
8.3,388,1.9,2.4,0
8.1,421,1.5,2.4,0
8.6,354,1,2.4,0
8.3,293,2.8,2.4,0
8.3,440,2.3,2.4,0
7.6,289,2.6,2.3,0
9,275,3.9,2.3,0
9.2,178,3.5,2.3,0
7.8,368,1.4,2.3,0
7.3,84,2,2.3,0
7.7,297,2.9,2.3,0
8.3,237,3.3,2.3,0
8.1,233,1.9,2.3,0
8.9,302,1.5,2.3,0
7.6,73,1.7,2.3,0
7.6,76,2.1,2.3,0
8.5,202,1.8,2.3,0
8,199,3.6,2.3,0
8.1,358,1.2,2.3,0
8.1,260,2.4,2.3,0
8.3,408,1.6,2.3,0
7.1,82,2.4,2.3,0
8.4,372,2.3,2.3,0
7,84,3.8,2.3,0
8.2,251,1.7,2.3,0
8.3,326,0.8,2.3,0
7.4,106,2.9,2.3,0
7.5,293,2.3,2.2,0
8.3,688,1.7,2.2,0
8.6,256,2.1,2.2,0
8.8,206,1.7,2.2,0
7.8,321,1.8,2.2,0
8.3,231,2.2,2.2,0
8.1,264,2.6,2.2,0
9,216,3.1,2.2,0
9,224,2.5,2.2,0
9,245,2.1,2.2,0
8.9,232,2.4,2.2,0
8.8,306,3.5,2.2,0
7.7,112,1.7,2.2,0
8.1,300,2.1,2.2,0
9,220,3,2.2,0
8.3,234,2.2,2.2,0
8.7,206,1.5,2.2,0
8.2,388,2.2,2.2,0
6.3,76,3.4,2.2,0
8.6,279,2.3,2.2,0
7.1,705,1.3,2.2,0
8.9,232,2.1,2.2,0
8.1,349,3,2.2,0
8.1,350,2.8,2.2,0
7.9,346,1.6,2.2,0
7,163,2.2,2.2,0
8.3,231,1.6,2.2,0
7.8,321,1.8,2.2,0
8.7,1190,1.8,2.2,0
8.4,238,1.6,2.2,0
7.2,166,1.9,2.2,0
8.1,75,2,2.2,0
8.3,350,2.4,2.2,0
9,211,1.6,2.2,0
7.1,76,2.8,2.2,0
8.2,331,1.6,2.2,0
8.2,426,1.5,2.2,0
8,340,1.5,2.2,0
8.3,388,2,2.2,0
8.3,449,1,2.2,0
8.3,402,2.2,2.2,0
8.3,278,2.9,2.2,0
8.3,225,2.5,2.2,0
8.4,396,2.5,2.2,0
8.5,725,2.2,2.1,0
9.1,176,4.3,2.1,0
8.8,153,1.7,2.1,0
7,139,2.4,2.1,0
8.4,210,2.1,2.1,0
8.7,81,1.6,2.1,0
9.2,262,1.8,2.1,0
7.2,69,3.6,2.1,0
9.3,269,1.7,2.1,0
8.2,73,2.2,2.1,0
8.2,292,2.2,2.1,0
8.4,324,1.9,2.1,0
8.1,426,1.3,2.1,0
8,75,1.9,2.1,0
8.1,78,1.9,2.1,0
8.3,262,1.3,2.1,0
8.5,213,1.1,2.1,0
8.4,222,2.6,2.1,0
7.6,342,2,2.1,0
8.3,350,2.1,2.1,0
8.1,366,0.8,2.1,0
8.1,354,0.75,2.1,0
7.4,600,3.1,2,0
8.4,403,1.8,2,0
7.4,86,1.3,2,0
8,387,1.3,2,0
8.9,83,1.9,2,0
7.7,699,1.1,2,0
8.5,210,2.2,2,0
8.2,368,1.3,2,0
8,300,2,2,0
7.8,259,2,2,0
8.8,240,2.8,2,0
8.9,322,2.3,2,0
8.1,376,2,2,0
8.2,264,2.4,2,0
8.1,234,1.3,2,0
8.2,232,1.3,2,0
8.4,296,1.9,2,0
8.2,227,2.4,2,0
8.8,151,1.9,2,0
7.3,75,1.4,2,0
8.4,268,2,2,0
8.4,310,1.4,2,0
6.9,82,1.9,2,0
8.1,783,1.4,2,0
8.8,202,1.5,2,0
8.4,82,1.7,2,0
8,76,1.2,2,0
8.4,342,2.1,2,0
8.4,388,1.5,2,0
9,213,1.5,2,0
7.4,70,1.4,2,0
8.4,325,1.3,2,0
8.4,399,2,2,0
7.7,342,1.9,2,0
8.4,323,2.2,2,0
8.2,423,1.4,2,0
8.4,398,2.2,2,0
8.4,374,2.1,2,0
8.2,400,1.7,2,0
8.3,398,2,2,0
6.4,106,1.4,2,0
8.2,248,1.4,2,0
8.2,427,1.7,2,0
8.4,394,1.3,2,0
7.7,78,2,2,0
8.2,341,1.6,2,0
8.3,383,1.4,2,0
7.7,78,2.1,2,0
7.5,189,2.6,2,0
8.3,381,2,2,0
7.6,79,2,2,0
8.3,577,1.3,1.9,0
8.4,259,1.9,1.9,0
8.5,257,2,1.9,0
8.1,906,2.8,1.9,0
7.8,233,2.6,1.9,0
7.6,229,4,1.9,0
8.5,397,2.2,1.9,0
8.3,408,2.2,1.9,0
7.8,80,1.1,1.9,0
7.4,80,2.1,1.9,0
7.5,73,0.7,1.9,0
8.2,252,2,1.9,0
8.3,314,2.8,1.9,0
8.5,342,1.7,1.9,0
8.7,260,1.9,1.9,0
8.6,357,1.6,1.9,0
8.2,249,2,1.9,0
7.8,89,1,1.9,0
7.1,74,3.5,1.9,0
8.4,414,0.9,1.9,0
8.6,358,1,1.9,0
7.2,75,5.3,1.9,0
8.2,779,1.8,1.8,0
8.3,303,2.2,1.8,0
8.5,206,1.7,1.8,0
8.4,476,3.9,1.8,0
8.9,296,4.2,1.8,0
7.1,70,1.1,1.8,0
8.7,79,1.6,1.8,0
7.4,231,2.2,1.8,0
7.8,129,2.2,1.8,0
8.4,393,2,1.8,0
8.2,226,1.8,1.8,0
7.9,317,1.4,1.8,0
8.1,194,2.4,1.8,0
7.4,320,1.8,1.8,0
7.9,315,1.5,1.8,0
7.8,331,2.7,1.8,0
8.4,286,2,1.8,0
8.4,79,2.1,1.8,0
8.7,357,1.9,1.8,0
8.1,265,2.3,1.8,0
7.4,71,1.9,1.8,0
8.3,86,1.3,1.8,0
8.2,347,1.2,1.8,0
8.3,331,1.4,1.8,0
8.3,344,2,1.8,0
7.6,102,2,1.8,0
8,282,1.1,1.8,0
8.3,453,1.8,1.8,0
9.1,179,4.4,1.7,0
8.3,373,2.7,1.7,0
6.9,140,2.8,1.7,0
8,344,1.5,1.7,0
8.1,350,2.6,1.7,0
8.8,140,1.1,1.7,0
7.9,265,1.7,1.7,0
7.7,256,1.8,1.7,0
8,214,1.7,1.7,0
7.4,75,0.8,1.7,0
8.1,76,1.5,1.7,0
7.2,327,1.2,1.7,0
7.5,76,1.8,1.7,0
7.2,84,2.1,1.7,0
8.3,346,1.9,1.7,0
8.1,427,0.5,1.7,0
8.1,582,0.6,1.7,0
8.2,247,1.2,1.7,0
8.3,344,2,1.7,0
8.2,400,1.8,1.7,0
8.4,328,0.85,1.7,0
9,277,3.2,1.6,0
8.6,270,3.3,1.6,0
6.8,533,2,1.6,0
6.8,165,1.7,1.6,0
8.9,184,1.2,1.6,0
8.8,77,1.9,1.6,0
8.8,272,1.1,1.6,0
7.1,71,1.5,1.6,0
9.1,183,2.5,1.6,0
8.7,274,1.5,1.6,0
7.8,914,1.5,1.6,0
8.6,204,1.2,1.6,0
8.6,210,1.4,1.6,0
8.6,248,3.5,1.6,0
8.3,705,1.1,1.6,0
8,366,3.3,1.6,0
7.8,308,1.8,1.6,0
8.4,401,1.7,1.6,0
8.4,80,1.9,1.6,0
7.7,290,1.8,1.6,0
7.8,290,1.6,1.6,0
9,245,1.5,1.6,0
8.1,220,1.4,1.6,0
7.7,160,1.3,1.6,0
8,436,0.9,1.6,0
8.9,267,1.2,1.6,0
7.8,326,1.6,1.6,0
7.3,75,1.7,1.6,0
8.1,408,0.85,1.6,0
8.1,257,1.9,1.6,0
8.2,279,1.8,1.6,0
8.1,76,1.1,1.6,0
8.3,400,1.6,1.6,0
8.7,316,1.1,1.6,0
8.1,419,1.8,1.6,0
8.1,502,0.85,1.6,0
8.2,350,1,1.6,0
8.2,425,1.9,1.6,0
7.3,73,3.1,1.6,0
8.1,354,2.8,1.6,0
8.3,479,2.7,1.6,0
8.6,318,2.5,1.6,0
8.4,419,1.2,1.6,0
8.2,382,1.4,1.5,0
8.3,2310,3.1,1.5,0
7.7,232,1.9,1.5,0
7.6,556,1.4,1.5,0
8.2,331,2.8,1.5,0
8.5,398,1.7,1.5,0
8.1,233,1.5,1.5,0
8.4,211,1.5,1.5,0
8.4,284,1.4,1.5,0
7,153,1,1.5,0
8.4,389,1.6,1.5,0
8.4,377,2.5,1.5,0
8.4,284,1.6,1.5,0
8.3,213,1.6,1.5,0
7,154,1.2,1.5,0
8,400,1.7,1.5,0
8.4,387,1.9,1.5,0
8.2,327,1.2,1.5,0
8.4,398,1.7,1.5,0
8.4,364,1.1,1.5,0
8.3,417,1.2,1.5,0
7.6,83,1.8,1.5,0
8.4,389,1.4,1.5,0
8.2,320,2.9,1.5,0
8.3,479,1.8,1.5,0
8.5,421,1.7,1.5,0
8.4,346,2.2,1.5,0
8.5,320,2.4,1.5,0
8.4,384,2.1,1.5,0
8.3,382,1.7,1.5,0
8.3,436,1.2,1.5,0
9,281,3.6,1.4,0
7.7,231,2,1.4,0
8.8,189,1.4,1.4,0
8.3,218,2,1.4,0
8.3,198,2.2,1.4,0
6.9,93,1.7,1.4,0
7.9,335,1.8,1.4,0
8.1,393,2.1,1.4,0
7.4,216,1.8,1.4,0
8.5,296,2,1.4,0
8.4,212,1.5,1.4,0
7.9,400,1.3,1.4,0
8.4,322,2,1.4,0
8.7,177,1.4,1.4,0
6.6,85,1.2,1.4,0
8.3,316,2.5,1.4,0
8.1,218,1.6,1.4,0
7.4,81,0.6,1.4,0
8.4,390,1.7,1.4,0
8.5,281,2,1.4,0
8.1,256,3.4,1.4,0
8.3,284,1.1,1.4,0
8.7,310,1.1,1.4,0
8.1,335,1.8,1.4,0
7.9,79,1.4,1.4,0
8.5,333,0.85,1.4,0
8.5,333,0.95,1.4,0
8.1,383,0.8,1.4,0
7.7,342,1.6,1.4,0
7.4,214,2.3,1.4,0
6.4,128,1.8,1.4,0
8.4,395,1.5,1.4,0
8.4,259,1.8,1.4,0
7.6,79,1.1,1.4,0
7.8,454,1.5,1.4,0
8.3,330,0.7,1.4,0
8.3,325,0.65,1.4,0
8.3,439,1.6,1.4,0
8.4,400,1.8,1.4,0
8.3,418,2.2,1.4,0
8.3,377,1.8,1.4,0
8.3,440,1.4,1.4,0
8.3,440,1.4,1.4,0
6.8,164,1.8,1.3,0
7.5,243,1.4,1.3,0
8.2,381,1.2,1.3,0
7,80,1.3,1.3,0
7.4,360,1.6,1.3,0
8.5,386,1.8,1.3,0
7.6,72,0.85,1.3,0
6.9,75,1.1,1.3,0
8.6,268,1.3,1.3,0
6.9,70,0.95,1.3,0
7.3,70,1.3,1.3,0
8.4,450,1.4,1.3,0
8.4,358,1.5,1.3,0
8.1,258,1.9,1.3,0
8.4,386,1.3,1.3,0
8.1,404,1.7,1.3,0
8.2,436,1.7,1.3,0
8.2,345,1.3,1.3,0
7.6,88,1.9,1.3,0
6.7,68,1.1,1.3,0
8,242,1.7,1.3,0
8.4,320,0.65,1.3,0
8.4,382,1.9,1.3,0
7.8,273,1.7,1.3,0
7.5,71,2.2,1.3,0
7.9,141,3.6,1.2,0
8.8,183,1.5,1.2,0
7.5,130,2,1.2,0
8,648,2.3,1.2,0
8.5,849,1.2,1.2,0
8,289,1.6,1.2,0
7.2,75,1.1,1.2,0
7.3,69,1.5,1.2,0
8.2,433,1.1,1.2,0
8.7,180,0.6,1.2,0
7.8,77,0.9,1.2,0
8.7,311,1,1.2,0
8.4,397,1.5,1.2,0
8.5,394,1,1.2,0
8.3,400,1.4,1.2,0
8.7,330,1.8,1.2,0
8.2,76,1.1,1.2,0
8.4,452,1.3,1.2,0
8.3,454,1.5,1.2,0
8.2,436,1.3,1.2,0
7.5,75,1.1,1.2,0
8.4,437,1.2,1.2,0
8.3,479,1.3,1.2,0
8.8,271,0.8,1.1,0
8.3,194,2.1,1.1,0
7.2,76,0.9,1.1,0
8.2,252,0.9,1.1,0
7.3,69,1.1,1.1,0
7.2,78,1.2,1.1,0
8,383,0.75,1.1,0
8.2,426,1.7,1.1,0
8.2,424,1.8,1.1,0
8,350,1.8,1.1,0
8.5,373,0.85,1.1,0
8.2,417,1,1.1,0
8.4,424,1.4,1.1,0
8.9,248,0.6,1.1,0
8.9,253,0.8,1.1,0
8.4,450,1.4,1.1,0
8.3,436,1.2,1.1,0
8.3,808,2.8,1,0
7,69,0.9,1,0
8.2,262,3.9,1,0
8,343,1.3,1,0
8.6,332,1.9,1,0
8.4,355,1.7,1,0
7.4,69,1.2,1,0
7,140,2.4,1,0
8.4,280,1.8,1,0
8.4,378,1.5,1,0
8.3,394,1,1,0
8.1,242,2,1,0
8.4,186,0.8,1,0
8.7,252,0.95,1,0
8.2,248,1.9,1,0
8.2,284,0.55,1,0
6.6,69,1.1,1,0
8,416,1.5,1,0
8.9,246,0.45,1,0
8,348,0.85,1,0
8.1,272,1.3,1,0
