aqi,so2,co,no2,pm25,class
18,0,0,0,12,0
28,0,0,0,21,0
30,0,0,0,26,0
43,0,0,0,42,0
17,2,0,0,9,0
18,2,0,0,17,0
20,2,0,0,10,0
22,2,0,0,18,0
26,2,0,0,18,0
38,2,0,0,11,0
19,0,1,0,3,0
26,0,1,0,6,0
28,0,1,0,28,0
34,0,1,0,26,0
36,0,1,0,35,0
38,0,1,0,19,0
40,0,1,0,1,0
43,0,1,0,13,0
44,0,1,0,29,0
45,0,1,0,0,0
45,0,1,0,5,0
48,0,1,0,42,0
48,0,1,0,46,0
48,0,1,0,48,0
50,0,1,0,28,0
51,0,1,0,30,0
55,0,1,0,50,0
55,0,1,0,55,0
60,0,1,0,37,0
67,0,1,0,14,0
87,0,1,0,29,0
33,2,1,0,6,0
34,2,1,0,1,0
37,2,1,0,11,0
42,2,1,0,5,0
42,2,1,0,21,0
43,2,1,0,36,0
44,2,1,0,1,0
46,2,1,0,12,0
46,2,1,0,19,0
48,2,1,0,29,0
49,2,1,0,33,0
67,2,1,0,19,0
45,5,1,0,33,0
37,0,2,0,21,0
44,0,2,0,26,0
74,0,2,0,29,0
38,2,2,0,21,0
41,2,2,0,6,0
80,2,2,0,24,0
77,5,2,0,29,0
13,0,0,2,7,0
14,0,0,2,2,0
14,0,0,2,5,0
14,0,0,2,8,0
14,0,0,2,11,0
15,0,0,2,11,0
15,0,0,2,12,0
16,0,0,2,8,0
16,0,0,2,9,0
16,0,0,2,9,0
17,0,0,2,8,0
17,0,0,2,13,0
18,0,0,2,9,0
18,0,0,2,9,0
18,0,0,2,12,0
18,0,0,2,12,0
19,0,0,2,11,0
20,0,0,2,6,0
20,0,0,2,13,0
21,0,0,2,10,0
21,0,0,2,15,0
21,0,0,2,16,0
21,0,0,2,20,0
22,0,0,2,12,0
22,0,0,2,13,0
22,0,0,2,22,0
23,0,0,2,11,0
23,0,0,2,15,0
23,0,0,2,19,0
24,0,0,2,1,0
24,0,0,2,11,0
24,0,0,2,16,0
24,0,0,2,21,0
25,0,0,2,8,0
25,0,0,2,8,0
27,0,0,2,9,0
28,0,0,2,14,0
31,0,0,2,13,0
41,0,0,2,12,0
44,0,0,2,33,0
45,0,0,2,31,0
52,0,0,2,52,0
13,2,0,2,8,0
14,2,0,2,4,0
17,2,0,2,17,0
18,2,0,2,6,0
18,2,0,2,11,0
19,2,0,2,11,0
19,2,0,2,12,0
19,2,0,2,12,0
19,2,0,2,19,0
20,2,0,2,2,0
20,2,0,2,9,0
21,2,0,2,12,0
21,2,0,2,19,0
22,2,0,2,3,0
22,2,0,2,11,0
22,2,0,2,12,0
23,2,0,2,9,0
23,2,0,2,10,0
23,2,0,2,21,0
23,2,0,2,23,0
24,2,0,2,24,0
25,2,0,2,19,0
26,2,0,2,21,0
27,2,0,2,26,0
28,2,0,2,19,0
30,2,0,2,25,0
31,2,0,2,6,0
31,2,0,2,20,0
17,5,0,2,2,0
21,5,0,2,20,0
15,0,1,2,13,0
20,0,1,2,11,0
20,0,1,2,12,0
23,0,1,2,10,0
24,0,1,2,23,0
26,0,1,2,10,0
26,0,1,2,11,0
27,0,1,2,6,0
27,0,1,2,16,0
29,0,1,2,29,0
31,0,1,2,6,0
31,0,1,2,9,0
31,0,1,2,11,0
31,0,1,2,19,0
31,0,1,2,20,0
32,0,1,2,17,0
32,0,1,2,27,0
32,0,1,2,29,0
33,0,1,2,18,0
34,0,1,2,10,0
34,0,1,2,20,0
34,0,1,2,24,0
35,0,1,2,17,0
35,0,1,2,27,0
35,0,1,2,27,0
36,0,1,2,5,0
36,0,1,2,15,0
37,0,1,2,1,0
37,0,1,2,5,0
37,0,1,2,17,0
37,0,1,2,18,0
37,0,1,2,21,0
37,0,1,2,37,0
38,0,1,2,28,0
38,0,1,2,34,0
39,0,1,2,2,0
39,0,1,2,32,0
40,0,1,2,3,0
40,0,1,2,23,0
41,0,1,2,2,0
41,0,1,2,11,0
42,0,1,2,15,0
42,0,1,2,36,0
43,0,1,2,1,0
44,0,1,2,1,0
44,0,1,2,2,0
44,0,1,2,11,0
44,0,1,2,20,0
44,0,1,2,22,0
45,0,1,2,13,0
45,0,1,2,17,0
45,0,1,2,27,0
45,0,1,2,31,0
46,0,1,2,12,0
46,0,1,2,19,0
46,0,1,2,23,0
46,0,1,2,32,0
47,0,1,2,19,0
47,0,1,2,23,0
48,0,1,2,36,0
49,0,1,2,32,0
49,0,1,2,40,0
49,0,1,2,45,0
50,0,1,2,8,0
50,0,1,2,13,0
50,0,1,2,44,0
51,0,1,2,25,0
51,0,1,2,36,0
51,0,1,2,36,0
51,0,1,2,51,0
61,0,1,2,40,0
61,0,1,2,47,0
71,0,1,2,66,0
74,0,1,2,39,0
80,0,1,2,45,0
80,0,1,2,46,0
87,0,1,2,29,0
93,0,1,2,12,0
97,0,1,2,37,0
100,0,1,2,38,0
100,0,1,2,42,0
108,0,1,2,48,1
112,0,1,2,40,1
126,0,1,2,33,1
18,2,1,2,10,0
19,2,1,2,9,0
20,2,1,2,3,0
20,2,1,2,14,0
21,2,1,2,6,0
24,2,1,2,4,0
24,2,1,2,9,0
24,2,1,2,10,0
25,2,1,2,20,0
26,2,1,2,3,0
26,2,1,2,11,0
26,2,1,2,16,0
26,2,1,2,19,0
27,2,1,2,11,0
27,2,1,2,15,0
28,2,1,2,15,0
28,2,1,2,16,0
29,2,1,2,8,0
29,2,1,2,17,0
29,2,1,2,19,0
31,2,1,2,3,0
31,2,1,2,7,0
31,2,1,2,30,0
32,2,1,2,5,0
32,2,1,2,20,0
33,2,1,2,17,0
33,2,1,2,19,0
33,2,1,2,24,0
34,2,1,2,12,0
34,2,1,2,14,0
34,2,1,2,21,0
35,2,1,2,26,0
35,2,1,2,27,0
36,2,1,2,26,0
37,2,1,2,13,0
37,2,1,2,17,0
37,2,1,2,36,0
38,2,1,2,0,0
38,2,1,2,7,0
38,2,1,2,12,0
38,2,1,2,12,0
38,2,1,2,14,0
39,2,1,2,16,0
39,2,1,2,17,0
39,2,1,2,18,0
39,2,1,2,24,0
40,2,1,2,4,0
40,2,1,2,12,0
40,2,1,2,16,0
40,2,1,2,19,0
41,2,1,2,0,0
41,2,1,2,1,0
41,2,1,2,3,0
41,2,1,2,7,0
41,2,1,2,12,0
41,2,1,2,25,0
42,2,1,2,1,0
42,2,1,2,12,0
42,2,1,2,19,0
42,2,1,2,26,0
43,2,1,2,2,0
43,2,1,2,13,0
43,2,1,2,16,0
43,2,1,2,18,0
43,2,1,2,18,0
43,2,1,2,27,0
43,2,1,2,40,0
44,2,1,2,5,0
44,2,1,2,10,0
44,2,1,2,12,0
44,2,1,2,16,0
44,2,1,2,16,0
44,2,1,2,17,0
44,2,1,2,18,0
44,2,1,2,23,0
44,2,1,2,35,0
45,2,1,2,19,0
45,2,1,2,26,0
45,2,1,2,28,0
45,2,1,2,39,0
45,2,1,2,45,0
46,2,1,2,6,0
46,2,1,2,30,0
47,2,1,2,18,0
48,2,1,2,23,0
48,2,1,2,25,0
49,2,1,2,21,0
49,2,1,2,27,0
50,2,1,2,29,0
54,2,1,2,23,0
58,2,1,2,58,0
61,2,1,2,31,0
67,2,1,2,15,0
74,2,1,2,4,0
75,2,1,2,61,0
77,2,1,2,18,0
23,5,1,2,6,0
39,5,1,2,20,0
39,5,1,2,37,0
46,5,1,2,22,0
46,5,1,2,35,0
47,5,1,2,37,0
54,5,1,2,43,0
37,8,1,2,30,0
65,8,1,2,65,0
22,10,1,2,10,0
34,0,2,2,31,0
36,0,2,2,11,0
36,0,2,2,28,0
44,0,2,2,18,0
45,0,2,2,7,0
45,0,2,2,17,0
47,0,2,2,14,0
47,0,2,2,19,0
48,0,2,2,18,0
49,0,2,2,8,0
50,0,2,2,19,0
61,0,2,2,4,0
61,0,2,2,6,0
67,0,2,2,6,0
77,0,2,2,57,0
38,2,2,2,7,0
38,2,2,2,8,0
38,2,2,2,12,0
39,2,2,2,11,0
42,2,2,2,14,0
43,2,2,2,1,0
43,2,2,2,16,0
43,2,2,2,19,0
43,2,2,2,26,0
44,2,2,2,6,0
44,2,2,2,6,0
44,2,2,2,7,0
44,2,2,2,12,0
44,2,2,2,14,0
45,2,2,2,2,0
45,2,2,2,8,0
45,2,2,2,34,0
46,2,2,2,8,0
46,2,2,2,15,0
46,2,2,2,40,0
47,2,2,2,18,0
47,2,2,2,28,0
47,2,2,2,32,0
48,2,2,2,16,0
48,2,2,2,21,0
48,2,2,2,24,0
49,2,2,2,18,0
50,2,2,2,26,0
51,2,2,2,10,0
54,2,2,2,43,0
58,2,2,2,43,0
58,2,2,2,46,0
61,2,2,2,24,0
61,2,2,2,37,0
61,2,2,2,44,0
64,2,2,2,42,0
67,2,2,2,40,0
74,2,2,2,27,0
84,2,2,2,35,0
100,2,2,2,25,0
100,2,2,2,63,0
140,2,2,2,57,1
49,5,2,2,38,0
64,5,2,2,53,0
71,5,2,2,28,0
40,0,3,2,10,0
44,0,3,2,6,0
44,0,3,2,35,0
64,0,3,2,11,0
177,0,3,2,65,1
35,2,3,2,12,0
40,2,3,2,11,0
42,2,3,2,11,0
43,2,3,2,9,0
44,2,3,2,8,0
74,2,3,2,59,0
13,0,0,3,4,0
13,0,0,3,9,0
15,0,0,3,11,0
16,0,0,3,11,0
16,0,0,3,13,0
17,0,0,3,11,0
17,0,0,3,14,0
19,0,0,3,6,0
19,0,0,3,7,0
19,0,0,3,13,0
20,0,0,3,4,0
21,0,0,3,11,0
22,0,0,3,8,0
22,0,0,3,13,0
30,0,0,3,18,0
30,0,0,3,22,0
31,0,0,3,31,0
37,0,0,3,2,0
44,0,0,3,18,0
13,2,0,3,8,0
16,2,0,3,14,0
17,2,0,3,7,0
18,2,0,3,11,0
19,2,0,3,4,0
20,2,0,3,10,0
20,2,0,3,13,0
23,2,0,3,13,0
26,2,0,3,19,0
33,2,0,3,31,0
37,2,0,3,4,0
37,2,0,3,6,0
39,2,0,3,24,0
44,2,0,3,22,0
45,2,0,3,39,0
17,8,0,3,6,0
15,0,1,3,6,0
20,0,1,3,15,0
22,0,1,3,14,0
23,0,1,3,1,0
24,0,1,3,15,0
25,0,1,3,11,0
25,0,1,3,13,0
26,0,1,3,5,0
28,0,1,3,26,0
29,0,1,3,13,0
29,0,1,3,16,0
30,0,1,3,6,0
30,0,1,3,8,0
30,0,1,3,17,0
31,0,1,3,4,0
31,0,1,3,15,0
31,0,1,3,19,0
32,0,1,3,11,0
33,0,1,3,12,0
33,0,1,3,13,0
34,0,1,3,10,0
34,0,1,3,21,0
35,0,1,3,19,0
36,0,1,3,0,0
36,0,1,3,12,0
36,0,1,3,34,0
36,0,1,3,36,0
36,0,1,3,36,0
37,0,1,3,26,0
37,0,1,3,31,0
38,0,1,3,6,0
38,0,1,3,6,0
39,0,1,3,6,0
39,0,1,3,15,0
39,0,1,3,22,0
40,0,1,3,34,0
41,0,1,3,3,0
41,0,1,3,3,0
42,0,1,3,5,0
42,0,1,3,23,0
42,0,1,3,42,0
43,0,1,3,28,0
43,0,1,3,31,0
44,0,1,3,12,0
44,0,1,3,15,0
44,0,1,3,16,0
45,0,1,3,29,0
45,0,1,3,32,0
46,0,1,3,23,0
46,0,1,3,30,0
47,0,1,3,13,0
47,0,1,3,17,0
47,0,1,3,30,0
47,0,1,3,41,0
49,0,1,3,31,0
49,0,1,3,35,0
49,0,1,3,46,0
50,0,1,3,30,0
50,0,1,3,36,0
54,0,1,3,26,0
54,0,1,3,28,0
54,0,1,3,30,0
58,0,1,3,30,0
58,0,1,3,37,0
64,0,1,3,49,0
65,0,1,3,44,0
67,0,1,3,37,0
71,0,1,3,36,0
71,0,1,3,43,0
74,0,1,3,31,0
74,0,1,3,34,0
74,0,1,3,36,0
80,0,1,3,28,0
87,0,1,3,6,0
101,0,1,3,31,1
104,0,1,3,29,1
112,0,1,3,44,1
14,2,1,3,10,0
15,2,1,3,9,0
16,2,1,3,6,0
16,2,1,3,9,0
16,2,1,3,10,0
17,2,1,3,9,0
17,2,1,3,10,0
19,2,1,3,6,0
19,2,1,3,12,0
19,2,1,3,12,0
21,2,1,3,7,0
21,2,1,3,15,0
21,2,1,3,15,0
21,2,1,3,21,0
22,2,1,3,3,0
22,2,1,3,3,0
22,2,1,3,11,0
24,2,1,3,19,0
24,2,1,3,21,0
24,2,1,3,24,0
25,2,1,3,5,0
26,2,1,3,11,0
26,2,1,3,15,0
26,2,1,3,22,0
28,2,1,3,10,0
29,2,1,3,26,0
30,2,1,3,13,0
30,2,1,3,16,0
30,2,1,3,23,0
30,2,1,3,26,0
31,2,1,3,6,0
31,2,1,3,9,0
31,2,1,3,13,0
31,2,1,3,13,0
31,2,1,3,14,0
31,2,1,3,27,0
32,2,1,3,8,0
32,2,1,3,11,0
32,2,1,3,19,0
32,2,1,3,32,0
33,2,1,3,33,0
34,2,1,3,11,0
34,2,1,3,14,0
34,2,1,3,17,0
34,2,1,3,19,0
35,2,1,3,11,0
35,2,1,3,20,0
37,2,1,3,30,0
39,2,1,3,12,0
40,2,1,3,23,0
40,2,1,3,40,0
41,2,1,3,3,0
41,2,1,3,8,0
41,2,1,3,18,0
41,2,1,3,19,0
41,2,1,3,28,0
41,2,1,3,32,0
42,2,1,3,10,0
42,2,1,3,16,0
42,2,1,3,25,0
43,2,1,3,13,0
43,2,1,3,43,0
44,2,1,3,10,0
44,2,1,3,23,0
44,2,1,3,28,0
44,2,1,3,32,0
45,2,1,3,22,0
45,2,1,3,25,0
45,2,1,3,27,0
46,2,1,3,25,0
46,2,1,3,26,0
47,2,1,3,6,0
47,2,1,3,26,0
48,2,1,3,18,0
49,2,1,3,36,0
50,2,1,3,23,0
50,2,1,3,23,0
50,2,1,3,28,0
50,2,1,3,36,0
54,2,1,3,37,0
56,2,1,3,56,0
58,2,1,3,38,0
61,2,1,3,20,0
61,2,1,3,22,0
61,2,1,3,61,0
64,2,1,3,28,0
64,2,1,3,64,0
65,2,1,3,65,0
67,2,1,3,6,0
71,2,1,3,22,0
80,2,1,3,42,0
100,2,1,3,31,0
18,5,1,3,8,0
27,5,1,3,5,0
33,5,1,3,9,0
34,5,1,3,21,0
43,5,1,3,36,0
44,5,1,3,13,0
45,5,1,3,45,0
48,5,1,3,20,0
48,5,1,3,22,0
48,5,1,3,40,0
61,5,1,3,19,0
129,5,1,3,14,1
140,5,1,3,40,1
28,8,1,3,4,0
87,8,1,3,23,0
38,10,1,3,10,0
17,15,1,3,8,0
37,0,2,3,24,0
38,0,2,3,7,0
38,0,2,3,11,0
44,0,2,3,28,0
45,0,2,3,18,0
46,0,2,3,8,0
46,0,2,3,8,0
47,0,2,3,0,0
50,0,2,3,30,0
51,0,2,3,35,0
51,0,2,3,44,0
51,0,2,3,51,0
54,0,2,3,32,0
54,0,2,3,44,0
57,0,2,3,37,0
61,0,2,3,61,0
67,0,2,3,37,0
74,0,2,3,70,0
77,0,2,3,65,0
87,0,2,3,10,0
97,0,2,3,61,0
112,0,2,3,28,1
36,2,2,3,23,0
37,2,2,3,5,0
37,2,2,3,37,0
38,2,2,3,2,0
39,2,2,3,6,0
40,2,2,3,11,0
41,2,2,3,22,0
43,2,2,3,20,0
44,2,2,3,9,0
44,2,2,3,19,0
47,2,2,3,24,0
47,2,2,3,45,0
48,2,2,3,27,0
50,2,2,3,26,0
51,2,2,3,24,0
51,2,2,3,34,0
53,2,2,3,53,0
54,2,2,3,26,0
54,2,2,3,28,0
61,2,2,3,30,0
67,2,2,3,6,0
67,2,2,3,32,0
67,2,2,3,38,0
67,2,2,3,48,0
77,2,2,3,12,0
77,2,2,3,55,0
80,2,2,3,10,0
80,2,2,3,25,0
97,2,2,3,33,0
100,2,2,3,16,0
101,2,2,3,33,1
108,2,2,3,52,1
182,2,2,3,56,1
44,5,2,3,31,0
64,5,2,3,17,0
104,5,2,3,27,1
41,8,2,3,27,0
39,0,3,3,3,0
43,0,3,3,10,0
43,0,3,3,29,0
44,0,3,3,31,0
48,0,3,3,4,0
48,0,3,3,40,0
56,0,3,3,56,0
87,0,3,3,69,0
38,2,3,3,10,0
38,2,3,3,21,0
39,2,3,3,7,0
40,2,3,3,10,0
42,2,3,3,36,0
43,2,3,3,16,0
44,2,3,3,15,0
46,2,3,3,5,0
47,2,3,3,40,0
48,2,3,3,25,0
50,2,3,3,8,0
51,2,3,3,47,0
55,2,3,3,55,0
58,2,3,3,13,0
90,2,3,3,37,0
146,2,3,3,82,1
151,2,3,3,58,1
50,8,3,3,31,0
108,8,3,3,26,1
42,42,3,3,15,0
38,2,5,3,9,0
61,2,5,3,17,0
62,2,5,3,62,0
15,0,0,5,6,0
15,0,0,5,9,0
16,0,0,5,6,0
16,0,0,5,7,0
17,0,0,5,9,0
17,0,0,5,10,0
20,0,0,5,11,0
20,0,0,5,20,0
21,0,0,5,10,0
22,0,0,5,9,0
22,0,0,5,14,0
23,0,0,5,19,0
24,0,0,5,16,0
24,0,0,5,23,0
24,0,0,5,24,0
26,0,0,5,15,0
31,0,0,5,10,0
31,0,0,5,12,0
34,0,0,5,27,0
41,0,0,5,12,0
41,0,0,5,15,0
49,0,0,5,8,0
50,0,0,5,41,0
13,2,0,5,7,0
14,2,0,5,5,0
14,2,0,5,6,0
14,2,0,5,8,0
14,2,0,5,11,0
14,2,0,5,11,0
15,2,0,5,6,0
15,2,0,5,9,0
16,2,0,5,2,0
16,2,0,5,6,0
16,2,0,5,9,0
16,2,0,5,13,0
16,2,0,5,15,0
18,2,0,5,2,0
19,2,0,5,6,0
19,2,0,5,6,0
19,2,0,5,12,0
19,2,0,5,12,0
19,2,0,5,14,0
20,2,0,5,7,0
20,2,0,5,9,0
20,2,0,5,9,0
21,2,0,5,7,0
24,2,0,5,12,0
24,2,0,5,20,0
25,2,0,5,6,0
25,2,0,5,14,0
26,2,0,5,14,0
27,2,0,5,18,0
27,2,0,5,23,0
28,2,0,5,15,0
30,2,0,5,23,0
30,2,0,5,27,0
31,2,0,5,20,0
35,2,0,5,22,0
37,2,0,5,10,0
41,2,0,5,11,0
19,5,0,5,4,0
42,5,0,5,19,0
17,0,1,5,3,0
18,0,1,5,12,0
19,0,1,5,6,0
19,0,1,5,10,0
19,0,1,5,15,0
19,0,1,5,16,0
19,0,1,5,17,0
19,0,1,5,18,0
21,0,1,5,12,0
21,0,1,5,19,0
21,0,1,5,21,0
22,0,1,5,16,0
22,0,1,5,16,0
23,0,1,5,16,0
24,0,1,5,3,0
24,0,1,5,7,0
24,0,1,5,12,0
24,0,1,5,12,0
25,0,1,5,5,0
25,0,1,5,16,0
25,0,1,5,18,0
25,0,1,5,18,0
26,0,1,5,15,0
27,0,1,5,7,0
27,0,1,5,13,0
27,0,1,5,15,0
28,0,1,5,17,0
28,0,1,5,28,0
29,0,1,5,6,0
29,0,1,5,18,0
29,0,1,5,22,0
29,0,1,5,29,0
30,0,1,5,13,0
31,0,1,5,13,0
31,0,1,5,17,0
31,0,1,5,19,0
31,0,1,5,20,0
31,0,1,5,27,0
31,0,1,5,31,0
32,0,1,5,10,0
32,0,1,5,15,0
32,0,1,5,19,0
33,0,1,5,2,0
33,0,1,5,7,0
33,0,1,5,22,0
33,0,1,5,27,0
33,0,1,5,33,0
34,0,1,5,16,0
34,0,1,5,20,0
34,0,1,5,25,0
35,0,1,5,24,0
35,0,1,5,28,0
35,0,1,5,34,0
35,0,1,5,35,0
35,0,1,5,35,0
36,0,1,5,2,0
36,0,1,5,19,0
36,0,1,5,27,0
37,0,1,5,9,0
39,0,1,5,20,0
39,0,1,5,20,0
40,0,1,5,9,0
41,0,1,5,11,0
41,0,1,5,24,0
41,0,1,5,33,0
42,0,1,5,3,0
42,0,1,5,16,0
42,0,1,5,21,0
42,0,1,5,23,0
42,0,1,5,42,0
43,0,1,5,43,0
44,0,1,5,15,0
44,0,1,5,19,0
44,0,1,5,32,0
44,0,1,5,39,0
45,0,1,5,15,0
45,0,1,5,17,0
45,0,1,5,21,0
45,0,1,5,33,0
48,0,1,5,48,0
49,0,1,5,9,0
49,0,1,5,19,0
49,0,1,5,37,0
49,0,1,5,49,0
50,0,1,5,19,0
51,0,1,5,26,0
58,0,1,5,23,0
61,0,1,5,39,0
61,0,1,5,39,0
64,0,1,5,19,0
74,0,1,5,49,0
77,0,1,5,62,0
12,2,1,5,6,0
14,2,1,5,2,0
16,2,1,5,6,0
16,2,1,5,8,0
16,2,1,5,9,0
17,2,1,5,6,0
17,2,1,5,6,0
17,2,1,5,10,0
17,2,1,5,16,0
18,2,1,5,3,0
18,2,1,5,4,0
18,2,1,5,4,0
18,2,1,5,5,0
18,2,1,5,9,0
18,2,1,5,12,0
18,2,1,5,16,0
18,2,1,5,17,0
19,2,1,5,6,0
19,2,1,5,8,0
19,2,1,5,10,0
19,2,1,5,10,0
19,2,1,5,10,0
19,2,1,5,12,0
19,2,1,5,14,0
19,2,1,5,14,0
19,2,1,5,17,0
19,2,1,5,18,0
20,2,1,5,1,0
20,2,1,5,5,0
20,2,1,5,5,0
20,2,1,5,7,0
20,2,1,5,17,0
21,2,1,5,10,0
21,2,1,5,11,0
21,2,1,5,11,0
21,2,1,5,16,0
21,2,1,5,19,0
22,2,1,5,16,0
22,2,1,5,19,0
23,2,1,5,13,0
24,2,1,5,10,0
24,2,1,5,14,0
24,2,1,5,24,0
25,2,1,5,6,0
25,2,1,5,15,0
25,2,1,5,18,0
25,2,1,5,22,0
26,2,1,5,9,0
26,2,1,5,9,0
26,2,1,5,15,0
26,2,1,5,16,0
26,2,1,5,20,0
27,2,1,5,3,0
27,2,1,5,10,0
27,2,1,5,12,0
27,2,1,5,14,0
27,2,1,5,17,0
27,2,1,5,18,0
27,2,1,5,21,0
27,2,1,5,25,0
28,2,1,5,4,0
28,2,1,5,4,0
28,2,1,5,5,0
28,2,1,5,22,0
29,2,1,5,9,0
29,2,1,5,12,0
29,2,1,5,15,0
29,2,1,5,21,0
29,2,1,5,28,0
29,2,1,5,28,0
30,2,1,5,19,0
30,2,1,5,30,0
31,2,1,5,9,0
31,2,1,5,9,0
31,2,1,5,22,0
31,2,1,5,26,0
32,2,1,5,7,0
32,2,1,5,14,0
32,2,1,5,29,0
33,2,1,5,15,0
34,2,1,5,14,0
34,2,1,5,17,0
34,2,1,5,17,0
34,2,1,5,20,0
34,2,1,5,22,0
34,2,1,5,30,0
35,2,1,5,9,0
35,2,1,5,27,0
35,2,1,5,29,0
36,2,1,5,2,0
36,2,1,5,6,0
36,2,1,5,14,0
36,2,1,5,17,0
36,2,1,5,26,0
36,2,1,5,29,0
37,2,1,5,31,0
37,2,1,5,32,0
38,2,1,5,4,0
38,2,1,5,14,0
38,2,1,5,31,0
39,2,1,5,13,0
39,2,1,5,16,0
39,2,1,5,16,0
40,2,1,5,7,0
40,2,1,5,10,0
40,2,1,5,10,0
40,2,1,5,15,0
40,2,1,5,27,0
40,2,1,5,29,0
41,2,1,5,14,0
41,2,1,5,15,0
41,2,1,5,18,0
41,2,1,5,22,0
41,2,1,5,35,0
42,2,1,5,8,0
42,2,1,5,17,0
43,2,1,5,6,0
43,2,1,5,10,0
43,2,1,5,26,0
43,2,1,5,27,0
43,2,1,5,33,0
44,2,1,5,5,0
44,2,1,5,13,0
44,2,1,5,14,0
44,2,1,5,19,0
44,2,1,5,24,0
44,2,1,5,31,0
45,2,1,5,15,0
45,2,1,5,25,0
45,2,1,5,28,0
45,2,1,5,32,0
46,2,1,5,20,0
47,2,1,5,35,0
48,2,1,5,19,0
48,2,1,5,22,0
48,2,1,5,28,0
50,2,1,5,10,0
50,2,1,5,27,0
50,2,1,5,32,0
51,2,1,5,51,0
61,2,1,5,39,0
64,2,1,5,24,0
64,2,1,5,26,0
67,2,1,5,6,0
80,2,1,5,35,0
16,5,1,5,8,0
26,5,1,5,26,0
27,5,1,5,9,0
28,5,1,5,14,0
31,5,1,5,12,0
34,5,1,5,27,0
35,5,1,5,17,0
37,5,1,5,12,0
38,5,1,5,27,0
39,5,1,5,11,0
39,5,1,5,24,0
41,5,1,5,23,0
44,5,1,5,0,0
44,5,1,5,9,0
44,5,1,5,23,0
44,5,1,5,44,0
45,5,1,5,17,0
45,5,1,5,45,0
15,8,1,5,15,0
16,8,1,5,7,0
28,8,1,5,13,0
39,8,1,5,6,0
42,8,1,5,26,0
43,8,1,5,21,0
45,8,1,5,21,0
29,10,1,5,25,0
31,10,1,5,24,0
15,12,1,5,6,0
25,0,2,5,25,0
34,0,2,5,31,0
35,0,2,5,9,0
36,0,2,5,15,0
38,0,2,5,18,0
40,0,2,5,7,0
40,0,2,5,31,0
41,0,2,5,41,0
42,0,2,5,31,0
42,0,2,5,40,0
43,0,2,5,27,0
45,0,2,5,21,0
45,0,2,5,34,0
47,0,2,5,25,0
48,0,2,5,42,0
50,0,2,5,15,0
54,0,2,5,51,0
56,0,2,5,56,0
58,0,2,5,28,0
64,0,2,5,64,0
74,0,2,5,41,0
74,0,2,5,53,0
74,0,2,5,59,0
77,0,2,5,28,0
79,0,2,5,58,0
80,0,2,5,61,0
87,0,2,5,44,0
90,0,2,5,59,0
93,0,2,5,24,0
100,0,2,5,30,0
112,0,2,5,73,1
28,2,2,5,28,0
30,2,2,5,25,0
34,2,2,5,20,0
36,2,2,5,22,0
36,2,2,5,22,0
36,2,2,5,24,0
37,2,2,5,19,0
38,2,2,5,19,0
39,2,2,5,15,0
39,2,2,5,20,0
39,2,2,5,28,0
42,2,2,5,12,0
42,2,2,5,29,0
43,2,2,5,41,0
44,2,2,5,26,0
44,2,2,5,33,0
44,2,2,5,34,0
45,2,2,5,32,0
45,2,2,5,45,0
47,2,2,5,40,0
48,2,2,5,14,0
48,2,2,5,47,0
49,2,2,5,32,0
49,2,2,5,42,0
50,2,2,5,10,0
51,2,2,5,41,0
54,2,2,5,44,0
55,2,2,5,55,0
61,2,2,5,44,0
64,2,2,5,40,0
64,2,2,5,47,0
71,2,2,5,66,0
77,2,2,5,65,0
80,2,2,5,31,0
80,2,2,5,42,0
84,2,2,5,34,0
90,2,2,5,36,0
102,2,2,5,23,1
112,2,2,5,43,1
32,5,2,5,19,0
40,5,2,5,22,0
43,5,2,5,42,0
47,5,2,5,25,0
51,5,2,5,41,0
52,5,2,5,52,0
54,5,2,5,49,0
58,5,2,5,29,0
71,5,2,5,48,0
87,5,2,5,34,0
126,5,2,5,39,1
140,5,2,5,39,1
42,8,2,5,40,0
48,8,2,5,36,0
64,8,2,5,46,0
24,10,2,5,19,0
44,0,3,5,10,0
44,0,3,5,40,0
54,0,3,5,41,0
58,0,3,5,40,0
70,0,3,5,17,0
73,0,3,5,73,0
79,0,3,5,63,0
80,0,3,5,48,0
108,0,3,5,17,1
31,2,3,5,9,0
32,2,3,5,30,0
37,2,3,5,24,0
44,2,3,5,10,0
44,2,3,5,29,0
44,2,3,5,32,0
44,2,3,5,34,0
45,2,3,5,32,0
46,2,3,5,34,0
64,2,3,5,61,0
90,2,3,5,62,0
42,5,3,5,28,0
44,5,3,5,41,0
46,5,3,5,46,0
61,8,3,5,59,0
59,10,3,5,59,0
32,0,5,5,14,0
29,2,5,5,12,0
59,2,5,5,59,0
61,2,6,5,26,0
13,0,0,7,5,0
16,0,0,7,8,0
17,0,0,7,6,0
19,0,0,7,5,0
19,0,0,7,10,0
19,0,0,7,16,0
21,0,0,7,13,0
22,0,0,7,4,0
22,0,0,7,13,0
22,0,0,7,16,0
22,0,0,7,16,0
25,0,0,7,7,0
27,0,0,7,13,0
29,0,0,7,13,0
29,0,0,7,17,0
30,0,0,7,21,0
31,0,0,7,24,0
32,0,0,7,29,0
19,2,0,7,5,0
20,2,0,7,6,0
20,2,0,7,12,0
23,2,0,7,14,0
25,2,0,7,7,0
25,2,0,7,10,0
26,2,0,7,6,0
26,2,0,7,9,0
26,2,0,7,19,0
27,2,0,7,16,0
31,2,0,7,16,0
31,2,0,7,19,0
37,2,0,7,13,0
37,2,0,7,15,0
37,2,0,7,37,0
42,2,0,7,22,0
43,2,0,7,43,0
48,2,0,7,21,0
50,2,0,7,40,0
17,5,0,7,6,0
18,5,0,7,12,0
29,5,0,7,23,0
15,0,1,7,7,0
16,0,1,7,8,0
17,0,1,7,8,0
17,0,1,7,8,0
17,0,1,7,8,0
18,0,1,7,7,0
18,0,1,7,10,0
19,0,1,7,6,0
19,0,1,7,7,0
19,0,1,7,10,0
20,0,1,7,11,0
20,0,1,7,15,0
20,0,1,7,20,0
21,0,1,7,7,0
21,0,1,7,20,0
21,0,1,7,20,0
22,0,1,7,7,0
22,0,1,7,9,0
22,0,1,7,9,0
22,0,1,7,13,0
22,0,1,7,14,0
22,0,1,7,16,0
22,0,1,7,16,0
23,0,1,7,16,0
23,0,1,7,19,0
23,0,1,7,19,0
24,0,1,7,20,0
25,0,1,7,17,0
25,0,1,7,20,0
25,0,1,7,21,0
26,0,1,7,4,0
26,0,1,7,9,0
26,0,1,7,9,0
26,0,1,7,11,0
26,0,1,7,12,0
26,0,1,7,13,0
26,0,1,7,14,0
27,0,1,7,8,0
27,0,1,7,10,0
27,0,1,7,10,0
27,0,1,7,12,0
27,0,1,7,20,0
27,0,1,7,20,0
28,0,1,7,7,0
28,0,1,7,12,0
28,0,1,7,23,0
29,0,1,7,18,0
29,0,1,7,21,0
29,0,1,7,25,0
29,0,1,7,29,0
31,0,1,7,6,0
31,0,1,7,12,0
31,0,1,7,16,0
31,0,1,7,17,0
31,0,1,7,19,0
31,0,1,7,20,0
31,0,1,7,29,0
32,0,1,7,2,0
32,0,1,7,19,0
32,0,1,7,24,0
33,0,1,7,2,0
33,0,1,7,9,0
33,0,1,7,14,0
33,0,1,7,25,0
34,0,1,7,7,0
34,0,1,7,14,0
34,0,1,7,17,0
35,0,1,7,16,0
35,0,1,7,22,0
35,0,1,7,24,0
36,0,1,7,10,0
36,0,1,7,24,0
36,0,1,7,28,0
36,0,1,7,30,0
37,0,1,7,19,0
37,0,1,7,22,0
37,0,1,7,31,0
38,0,1,7,31,0
38,0,1,7,38,0
39,0,1,7,9,0
39,0,1,7,18,0
39,0,1,7,19,0
39,0,1,7,22,0
40,0,1,7,8,0
40,0,1,7,9,0
40,0,1,7,23,0
40,0,1,7,30,0
41,0,1,7,1,0
41,0,1,7,8,0
41,0,1,7,19,0
41,0,1,7,20,0
41,0,1,7,22,0
41,0,1,7,29,0
41,0,1,7,30,0
42,0,1,7,11,0
43,0,1,7,3,0
43,0,1,7,5,0
43,0,1,7,11,0
43,0,1,7,27,0
46,0,1,7,2,0
46,0,1,7,12,0
46,0,1,7,16,0
46,0,1,7,22,0
47,0,1,7,14,0
47,0,1,7,19,0
47,0,1,7,26,0
47,0,1,7,26,0
48,0,1,7,20,0
48,0,1,7,41,0
49,0,1,7,7,0
50,0,1,7,13,0
50,0,1,7,29,0
53,0,1,7,53,0
54,0,1,7,54,0
58,0,1,7,34,0
61,0,1,7,26,0
73,0,1,7,73,0
9,2,1,7,3,0
13,2,1,7,5,0
13,2,1,7,11,0
14,2,1,7,6,0
14,2,1,7,7,0
15,2,1,7,9,0
16,2,1,7,10,0
17,2,1,7,5,0
17,2,1,7,7,0
17,2,1,7,9,0
18,2,1,7,12,0
19,2,1,7,1,0
19,2,1,7,6,0
19,2,1,7,7,0
19,2,1,7,8,0
19,2,1,7,8,0
19,2,1,7,9,0
19,2,1,7,14,0
19,2,1,7,18,0
20,2,1,7,6,0
20,2,1,7,6,0
20,2,1,7,7,0
20,2,1,7,7,0
20,2,1,7,9,0
20,2,1,7,11,0
20,2,1,7,12,0
20,2,1,7,15,0
20,2,1,7,15,0
21,2,1,7,9,0
21,2,1,7,10,0
21,2,1,7,18,0
21,2,1,7,19,0
22,2,1,7,2,0
22,2,1,7,4,0
22,2,1,7,6,0
22,2,1,7,15,0
22,2,1,7,18,0
22,2,1,7,20,0
23,2,1,7,1,0
23,2,1,7,8,0
23,2,1,7,11,0
23,2,1,7,11,0
23,2,1,7,13,0
23,2,1,7,14,0
23,2,1,7,18,0
23,2,1,7,21,0
24,2,1,7,8,0
24,2,1,7,16,0
24,2,1,7,24,0
25,2,1,7,10,0
25,2,1,7,12,0
25,2,1,7,14,0
25,2,1,7,16,0
25,2,1,7,16,0
25,2,1,7,18,0
25,2,1,7,18,0
25,2,1,7,19,0
25,2,1,7,25,0
26,2,1,7,14,0
26,2,1,7,15,0
26,2,1,7,25,0
26,2,1,7,26,0
27,2,1,7,9,0
27,2,1,7,11,0
27,2,1,7,11,0
27,2,1,7,12,0
27,2,1,7,16,0
27,2,1,7,18,0
27,2,1,7,19,0
27,2,1,7,20,0
27,2,1,7,25,0
27,2,1,7,27,0
28,2,1,7,3,0
28,2,1,7,9,0
28,2,1,7,10,0
28,2,1,7,12,0
28,2,1,7,13,0
28,2,1,7,16,0
28,2,1,7,17,0
28,2,1,7,19,0
28,2,1,7,23,0
28,2,1,7,28,0
29,2,1,7,6,0
29,2,1,7,6,0
29,2,1,7,8,0
29,2,1,7,9,0
29,2,1,7,11,0
29,2,1,7,17,0
29,2,1,7,20,0
29,2,1,7,28,0
29,2,1,7,29,0
29,2,1,7,29,0
29,2,1,7,29,0
29,2,1,7,29,0
30,2,1,7,4,0
30,2,1,7,13,0
30,2,1,7,13,0
30,2,1,7,13,0
30,2,1,7,18,0
30,2,1,7,22,0
30,2,1,7,26,0
31,2,1,7,8,0
31,2,1,7,9,0
31,2,1,7,9,0
31,2,1,7,11,0
31,2,1,7,11,0
31,2,1,7,14,0
31,2,1,7,15,0
31,2,1,7,16,0
31,2,1,7,16,0
31,2,1,7,17,0
31,2,1,7,18,0
31,2,1,7,19,0
31,2,1,7,20,0
31,2,1,7,23,0
31,2,1,7,23,0
31,2,1,7,24,0
31,2,1,7,26,0
31,2,1,7,29,0
31,2,1,7,31,0
31,2,1,7,31,0
32,2,1,7,7,0
32,2,1,7,11,0
32,2,1,7,13,0
32,2,1,7,14,0
32,2,1,7,15,0
32,2,1,7,16,0
32,2,1,7,20,0
32,2,1,7,20,0
32,2,1,7,26,0
32,2,1,7,31,0
32,2,1,7,32,0
33,2,1,7,6,0
33,2,1,7,7,0
33,2,1,7,12,0
33,2,1,7,15,0
33,2,1,7,18,0
33,2,1,7,20,0
33,2,1,7,25,0
33,2,1,7,28,0
34,2,1,7,12,0
34,2,1,7,24,0
34,2,1,7,30,0
35,2,1,7,7,0
35,2,1,7,12,0
35,2,1,7,18,0
35,2,1,7,20,0
35,2,1,7,24,0
35,2,1,7,29,0
35,2,1,7,31,0
36,2,1,7,3,0
36,2,1,7,4,0
36,2,1,7,18,0
36,2,1,7,18,0
36,2,1,7,36,0
36,2,1,7,36,0
36,2,1,7,36,0
37,2,1,7,11,0
37,2,1,7,13,0
37,2,1,7,13,0
37,2,1,7,13,0
37,2,1,7,14,0
37,2,1,7,20,0
37,2,1,7,37,0
38,2,1,7,9,0
38,2,1,7,23,0
38,2,1,7,38,0
38,2,1,7,38,0
39,2,1,7,8,0
39,2,1,7,22,0
39,2,1,7,26,0
40,2,1,7,2,0
40,2,1,7,14,0
40,2,1,7,20,0
40,2,1,7,23,0
40,2,1,7,28,0
40,2,1,7,33,0
40,2,1,7,35,0
40,2,1,7,40,0
41,2,1,7,9,0
41,2,1,7,11,0
41,2,1,7,18,0
42,2,1,7,27,0
42,2,1,7,34,0
42,2,1,7,42,0
43,2,1,7,13,0
44,2,1,7,12,0
44,2,1,7,15,0
44,2,1,7,20,0
44,2,1,7,21,0
44,2,1,7,23,0
44,2,1,7,44,0
45,2,1,7,4,0
45,2,1,7,19,0
45,2,1,7,19,0
45,2,1,7,24,0
45,2,1,7,25,0
45,2,1,7,28,0
45,2,1,7,37,0
46,2,1,7,18,0
46,2,1,7,20,0
46,2,1,7,28,0
46,2,1,7,42,0
46,2,1,7,46,0
46,2,1,7,46,0
46,2,1,7,46,0
47,2,1,7,26,0
47,2,1,7,35,0
47,2,1,7,35,0
47,2,1,7,47,0
48,2,1,7,15,0
49,2,1,7,10,0
49,2,1,7,17,0
49,2,1,7,37,0
49,2,1,7,44,0
49,2,1,7,49,0
49,2,1,7,49,0
50,2,1,7,27,0
50,2,1,7,30,0
50,2,1,7,33,0
50,2,1,7,34,0
51,2,1,7,31,0
51,2,1,7,39,0
53,2,1,7,29,0
54,2,1,7,32,0
54,2,1,7,34,0
54,2,1,7,44,0
56,2,1,7,56,0
58,2,1,7,23,0
61,2,1,7,42,0
61,2,1,7,53,0
63,2,1,7,63,0
66,2,1,7,18,0
67,2,1,7,46,0
67,2,1,7,47,0
74,2,1,7,34,0
77,2,1,7,30,0
84,2,1,7,28,0
100,2,1,7,40,0
101,2,1,7,34,1
13,5,1,7,8,0
20,5,1,7,9,0
21,5,1,7,4,0
22,5,1,7,12,0
24,5,1,7,10,0
24,5,1,7,12,0
25,5,1,7,8,0
26,5,1,7,14,0
26,5,1,7,16,0
26,5,1,7,21,0
27,5,1,7,13,0
29,5,1,7,15,0
30,5,1,7,14,0
31,5,1,7,8,0
31,5,1,7,15,0
31,5,1,7,16,0
31,5,1,7,23,0
32,5,1,7,10,0
33,5,1,7,30,0
35,5,1,7,9,0
36,5,1,7,34,0
37,5,1,7,11,0
40,5,1,7,17,0
41,5,1,7,21,0
42,5,1,7,22,0
43,5,1,7,37,0
45,5,1,7,39,0
47,5,1,7,37,0
47,5,1,7,42,0
54,5,1,7,28,0
71,5,1,7,38,0
19,8,1,7,4,0
20,8,1,7,16,0
29,8,1,7,17,0
38,8,1,7,16,0
31,12,1,7,11,0
19,15,1,7,8,0
28,15,1,7,23,0
45,45,1,7,5,0
20,0,2,7,12,0
28,0,2,7,5,0
30,0,2,7,30,0
31,0,2,7,14,0
31,0,2,7,14,0
33,0,2,7,14,0
34,0,2,7,14,0
35,0,2,7,14,0
36,0,2,7,23,0
37,0,2,7,10,0
39,0,2,7,18,0
39,0,2,7,20,0
39,0,2,7,23,0
39,0,2,7,39,0
40,0,2,7,13,0
40,0,2,7,21,0
40,0,2,7,30,0
41,0,2,7,5,0
41,0,2,7,12,0
41,0,2,7,20,0
41,0,2,7,21,0
41,0,2,7,32,0
41,0,2,7,38,0
42,0,2,7,16,0
42,0,2,7,20,0
42,0,2,7,31,0
44,0,2,7,19,0
44,0,2,7,27,0
44,0,2,7,30,0
44,0,2,7,32,0
45,0,2,7,18,0
46,0,2,7,16,0
46,0,2,7,25,0
46,0,2,7,43,0
47,0,2,7,15,0
47,0,2,7,25,0
47,0,2,7,43,0
49,0,2,7,26,0
49,0,2,7,34,0
51,0,2,7,38,0
54,0,2,7,45,0
55,0,2,7,55,0
58,0,2,7,32,0
58,0,2,7,40,0
58,0,2,7,56,0
61,0,2,7,45,0
61,0,2,7,55,0
62,0,2,7,62,0
64,0,2,7,42,0
64,0,2,7,64,0
67,0,2,7,35,0
67,0,2,7,67,0
90,0,2,7,73,0
97,0,2,7,34,0
100,0,2,7,80,0
25,2,2,7,25,0
27,2,2,7,10,0
28,2,2,7,15,0
28,2,2,7,17,0
30,2,2,7,15,0
33,2,2,7,8,0
34,2,2,7,18,0
34,2,2,7,30,0
34,2,2,7,34,0
34,2,2,7,34,0
35,2,2,7,28,0
35,2,2,7,35,0
36,2,2,7,7,0
36,2,2,7,11,0
36,2,2,7,15,0
36,2,2,7,18,0
36,2,2,7,20,0
36,2,2,7,27,0
36,2,2,7,31,0
37,2,2,7,10,0
37,2,2,7,21,0
37,2,2,7,22,0
38,2,2,7,12,0
38,2,2,7,33,0
39,2,2,7,14,0
39,2,2,7,18,0
39,2,2,7,31,0
39,2,2,7,38,0
39,2,2,7,38,0
40,2,2,7,13,0
40,2,2,7,24,0
40,2,2,7,24,0
41,2,2,7,11,0
41,2,2,7,22,0
41,2,2,7,31,0
41,2,2,7,39,0
42,2,2,7,16,0
42,2,2,7,17,0
42,2,2,7,21,0
43,2,2,7,20,0
43,2,2,7,24,0
43,2,2,7,27,0
44,2,2,7,13,0
44,2,2,7,23,0
44,2,2,7,27,0
44,2,2,7,27,0
44,2,2,7,30,0
44,2,2,7,36,0
44,2,2,7,41,0
45,2,2,7,14,0
45,2,2,7,29,0
45,2,2,7,35,0
45,2,2,7,45,0
46,2,2,7,12,0
46,2,2,7,15,0
47,2,2,7,20,0
47,2,2,7,21,0
47,2,2,7,26,0
47,2,2,7,29,0
47,2,2,7,30,0
47,2,2,7,30,0
47,2,2,7,32,0
47,2,2,7,34,0
47,2,2,7,39,0
47,2,2,7,41,0
47,2,2,7,41,0
48,2,2,7,13,0
49,2,2,7,36,0
50,2,2,7,50,0
51,2,2,7,51,0
54,2,2,7,31,0
54,2,2,7,54,0
56,2,2,7,56,0
58,2,2,7,58,0
58,2,2,7,58,0
61,2,2,7,29,0
61,2,2,7,37,0
61,2,2,7,61,0
62,2,2,7,62,0
63,2,2,7,52,0
64,2,2,7,41,0
64,2,2,7,43,0
65,2,2,7,65,0
71,2,2,7,17,0
84,2,2,7,25,0
84,2,2,7,43,0
87,2,2,7,26,0
93,2,2,7,79,0
97,2,2,7,31,0
97,2,2,7,34,0
97,2,2,7,46,0
97,2,2,7,66,0
100,2,2,7,49,0
104,2,2,7,64,1
108,2,2,7,53,1
112,2,2,7,36,1
126,2,2,7,29,1
166,2,2,7,49,1
39,5,2,7,22,0
43,5,2,7,22,0
44,5,2,7,33,0
49,5,2,7,28,0
49,5,2,7,49,0
49,5,2,7,49,0
50,5,2,7,27,0
53,5,2,7,53,0
54,5,2,7,30,0
64,5,2,7,34,0
64,5,2,7,64,0
67,5,2,7,37,0
71,5,2,7,53,0
71,5,2,7,60,0
80,5,2,7,64,0
90,5,2,7,39,0
45,8,2,7,45,0
58,10,2,7,58,0
34,12,2,7,8,0
35,0,3,7,18,0
40,0,3,7,31,0
44,0,3,7,17,0
44,0,3,7,23,0
44,0,3,7,23,0
48,0,3,7,48,0
49,0,3,7,34,0
55,0,3,7,55,0
56,0,3,7,43,0
61,0,3,7,55,0
62,0,3,7,62,0
63,0,3,7,55,0
66,0,3,7,66,0
67,0,3,7,67,0
77,0,3,7,41,0
100,0,3,7,67,0
100,0,3,7,71,0
108,0,3,7,57,1
23,2,3,7,13,0
29,2,3,7,9,0
33,2,3,7,8,0
36,2,3,7,29,0
37,2,3,7,13,0
37,2,3,7,36,0
41,2,3,7,28,0
42,2,3,7,16,0
42,2,3,7,16,0
42,2,3,7,35,0
42,2,3,7,36,0
44,2,3,7,21,0
44,2,3,7,29,0
44,2,3,7,35,0
45,2,3,7,30,0
46,2,3,7,31,0
46,2,3,7,46,0
47,2,3,7,40,0
48,2,3,7,41,0
50,2,3,7,50,0
55,2,3,7,55,0
57,2,3,7,57,0
58,2,3,7,58,0
61,2,3,7,33,0
66,2,3,7,66,0
69,2,3,7,69,0
70,2,3,7,66,0
71,2,3,7,58,0
71,2,3,7,71,0
80,2,3,7,65,0
129,2,3,7,56,1
36,5,3,7,26,0
37,5,3,7,20,0
39,5,3,7,37,0
47,5,3,7,39,0
58,5,3,7,24,0
72,5,3,7,72,0
80,5,3,7,62,0
84,5,3,7,67,0
90,5,3,7,68,0
84,8,3,7,56,0
50,0,5,7,49,0
93,0,5,7,84,0
111,0,5,7,111,1
55,2,5,7,47,0
82,2,5,7,82,0
98,2,5,7,98,0
108,2,5,7,42,1
95,5,5,7,95,0
80,2,6,7,75,0
96,2,6,7,96,0
54,2,17,7,23,0
18,0,0,8,10,0
26,0,0,8,26,0
27,0,0,8,19,0
30,0,0,8,21,0
31,0,0,8,13,0
38,0,0,8,35,0
16,2,0,8,6,0
16,2,0,8,9,0
16,2,0,8,11,0
17,2,0,8,6,0
19,2,0,8,8,0
21,2,0,8,19,0
24,2,0,8,6,0
24,2,0,8,22,0
34,2,0,8,15,0
34,2,0,8,19,0
36,2,0,8,16,0
38,2,0,8,22,0
38,2,0,8,27,0
19,5,0,8,12,0
19,5,0,8,14,0
20,5,0,8,8,0
23,5,0,8,12,0
25,5,0,8,16,0
26,5,0,8,23,0
29,5,0,8,14,0
35,8,0,8,31,0
28,18,0,8,20,0
13,0,1,8,5,0
13,0,1,8,10,0
14,0,1,8,4,0
14,0,1,8,5,0
14,0,1,8,7,0
15,0,1,8,5,0
18,0,1,8,9,0
19,0,1,8,8,0
19,0,1,8,12,0
19,0,1,8,19,0
20,0,1,8,11,0
20,0,1,8,20,0
21,0,1,8,4,0
21,0,1,8,5,0
22,0,1,8,14,0
22,0,1,8,14,0
22,0,1,8,16,0
22,0,1,8,19,0
22,0,1,8,19,0
23,0,1,8,12,0
23,0,1,8,14,0
23,0,1,8,19,0
24,0,1,8,6,0
24,0,1,8,9,0
24,0,1,8,21,0
24,0,1,8,24,0
25,0,1,8,6,0
25,0,1,8,14,0
26,0,1,8,9,0
26,0,1,8,10,0
26,0,1,8,15,0
26,0,1,8,17,0
26,0,1,8,19,0
26,0,1,8,26,0
27,0,1,8,7,0
27,0,1,8,16,0
27,0,1,8,27,0
28,0,1,8,23,0
28,0,1,8,24,0
28,0,1,8,28,0
29,0,1,8,0,0
29,0,1,8,24,0
29,0,1,8,25,0
30,0,1,8,11,0
30,0,1,8,16,0
30,0,1,8,19,0
30,0,1,8,29,0
31,0,1,8,9,0
31,0,1,8,16,0
31,0,1,8,21,0
31,0,1,8,22,0
31,0,1,8,24,0
31,0,1,8,25,0
31,0,1,8,29,0
32,0,1,8,11,0
32,0,1,8,23,0
33,0,1,8,28,0
33,0,1,8,33,0
34,0,1,8,7,0
34,0,1,8,14,0
34,0,1,8,23,0
34,0,1,8,27,0
35,0,1,8,14,0
35,0,1,8,23,0
35,0,1,8,24,0
35,0,1,8,35,0
36,0,1,8,3,0
36,0,1,8,10,0
36,0,1,8,33,0
37,0,1,8,4,0
37,0,1,8,19,0
37,0,1,8,20,0
37,0,1,8,23,0
37,0,1,8,31,0
38,0,1,8,13,0
39,0,1,8,4,0
39,0,1,8,10,0
39,0,1,8,14,0
39,0,1,8,36,0
39,0,1,8,39,0
40,0,1,8,5,0
40,0,1,8,19,0
40,0,1,8,26,0
40,0,1,8,26,0
40,0,1,8,32,0
40,0,1,8,40,0
41,0,1,8,11,0
41,0,1,8,11,0
41,0,1,8,24,0
42,0,1,8,14,0
43,0,1,8,2,0
43,0,1,8,3,0
43,0,1,8,18,0
43,0,1,8,26,0
43,0,1,8,27,0
43,0,1,8,33,0
44,0,1,8,21,0
44,0,1,8,22,0
44,0,1,8,23,0
44,0,1,8,29,0
44,0,1,8,37,0
45,0,1,8,20,0
46,0,1,8,5,0
46,0,1,8,34,0
46,0,1,8,46,0
47,0,1,8,40,0
50,0,1,8,50,0
58,0,1,8,56,0
67,0,1,8,25,0
67,0,1,8,36,0
71,0,1,8,58,0
90,0,1,8,50,0
13,2,1,8,2,0
13,2,1,8,9,0
14,2,1,8,10,0
14,2,1,8,10,0
15,2,1,8,3,0
15,2,1,8,4,0
15,2,1,8,14,0
16,2,1,8,7,0
17,2,1,8,3,0
17,2,1,8,6,0
17,2,1,8,9,0
18,2,1,8,4,0
18,2,1,8,5,0
18,2,1,8,9,0
18,2,1,8,12,0
18,2,1,8,12,0
18,2,1,8,18,0
18,2,1,8,18,0
19,2,1,8,1,0
19,2,1,8,4,0
19,2,1,8,9,0
19,2,1,8,10,0
19,2,1,8,11,0
19,2,1,8,12,0
19,2,1,8,12,0
19,2,1,8,14,0
19,2,1,8,17,0
20,2,1,8,7,0
20,2,1,8,10,0
20,2,1,8,14,0
20,2,1,8,14,0
20,2,1,8,18,0
20,2,1,8,20,0
21,2,1,8,4,0
21,2,1,8,6,0
21,2,1,8,11,0
21,2,1,8,11,0
21,2,1,8,12,0
21,2,1,8,15,0
21,2,1,8,17,0
21,2,1,8,18,0
21,2,1,8,19,0
21,2,1,8,19,0
22,2,1,8,1,0
22,2,1,8,4,0
22,2,1,8,4,0
22,2,1,8,7,0
22,2,1,8,8,0
22,2,1,8,11,0
22,2,1,8,13,0
22,2,1,8,13,0
22,2,1,8,15,0
22,2,1,8,15,0
22,2,1,8,18,0
22,2,1,8,18,0
22,2,1,8,22,0
22,2,1,8,22,0
23,2,1,8,10,0
23,2,1,8,10,0
23,2,1,8,12,0
23,2,1,8,14,0
23,2,1,8,14,0
23,2,1,8,22,0
23,2,1,8,23,0
24,2,1,8,4,0
24,2,1,8,5,0
24,2,1,8,10,0
24,2,1,8,17,0
24,2,1,8,19,0
24,2,1,8,20,0
24,2,1,8,24,0
25,2,1,8,10,0
25,2,1,8,12,0
25,2,1,8,18,0
25,2,1,8,18,0
25,2,1,8,18,0
25,2,1,8,21,0
26,2,1,8,4,0
26,2,1,8,8,0
26,2,1,8,14,0
26,2,1,8,17,0
26,2,1,8,19,0
26,2,1,8,21,0
26,2,1,8,21,0
26,2,1,8,23,0
27,2,1,8,3,0
27,2,1,8,4,0
27,2,1,8,8,0
27,2,1,8,9,0
27,2,1,8,15,0
27,2,1,8,15,0
27,2,1,8,16,0
27,2,1,8,18,0
27,2,1,8,19,0
27,2,1,8,20,0
27,2,1,8,20,0
27,2,1,8,21,0
27,2,1,8,27,0
27,2,1,8,27,0
27,2,1,8,27,0
28,2,1,8,4,0
28,2,1,8,8,0
28,2,1,8,10,0
28,2,1,8,13,0
28,2,1,8,16,0
28,2,1,8,17,0
28,2,1,8,19,0
28,2,1,8,20,0
28,2,1,8,23,0
28,2,1,8,25,0
28,2,1,8,27,0
29,2,1,8,4,0
29,2,1,8,7,0
29,2,1,8,15,0
29,2,1,8,16,0
29,2,1,8,17,0
29,2,1,8,19,0
30,2,1,8,10,0
30,2,1,8,10,0
30,2,1,8,14,0
30,2,1,8,19,0
30,2,1,8,23,0
30,2,1,8,27,0
30,2,1,8,30,0
30,2,1,8,30,0
31,2,1,8,8,0
31,2,1,8,11,0
31,2,1,8,15,0
31,2,1,8,17,0
31,2,1,8,18,0
31,2,1,8,20,0
31,2,1,8,20,0
31,2,1,8,25,0
31,2,1,8,31,0
31,2,1,8,31,0
32,2,1,8,10,0
32,2,1,8,12,0
32,2,1,8,12,0
32,2,1,8,17,0
32,2,1,8,21,0
32,2,1,8,22,0
32,2,1,8,32,0
32,2,1,8,32,0
33,2,1,8,10,0
33,2,1,8,13,0
33,2,1,8,16,0
33,2,1,8,16,0
33,2,1,8,17,0
33,2,1,8,21,0
33,2,1,8,21,0
33,2,1,8,21,0
33,2,1,8,24,0
33,2,1,8,25,0
33,2,1,8,32,0
33,2,1,8,33,0
33,2,1,8,33,0
33,2,1,8,33,0
34,2,1,8,9,0
34,2,1,8,14,0
34,2,1,8,14,0
34,2,1,8,19,0
34,2,1,8,21,0
34,2,1,8,23,0
34,2,1,8,24,0
34,2,1,8,34,0
34,2,1,8,34,0
35,2,1,8,8,0
35,2,1,8,9,0
35,2,1,8,15,0
35,2,1,8,15,0
35,2,1,8,20,0
35,2,1,8,22,0
35,2,1,8,23,0
35,2,1,8,25,0
35,2,1,8,31,0
36,2,1,8,15,0
36,2,1,8,16,0
36,2,1,8,22,0
36,2,1,8,36,0
36,2,1,8,36,0
37,2,1,8,2,0
37,2,1,8,18,0
37,2,1,8,20,0
37,2,1,8,25,0
37,2,1,8,25,0
37,2,1,8,25,0
37,2,1,8,28,0
37,2,1,8,30,0
37,2,1,8,37,0
37,2,1,8,37,0
38,2,1,8,3,0
38,2,1,8,7,0
38,2,1,8,20,0
38,2,1,8,22,0
38,2,1,8,22,0
38,2,1,8,28,0
38,2,1,8,31,0
38,2,1,8,38,0
39,2,1,8,7,0
39,2,1,8,13,0
39,2,1,8,20,0
39,2,1,8,21,0
39,2,1,8,22,0
39,2,1,8,25,0
39,2,1,8,39,0
40,2,1,8,5,0
40,2,1,8,12,0
40,2,1,8,14,0
40,2,1,8,17,0
40,2,1,8,18,0
40,2,1,8,21,0
40,2,1,8,26,0
40,2,1,8,27,0
40,2,1,8,31,0
40,2,1,8,33,0
40,2,1,8,40,0
41,2,1,8,10,0
41,2,1,8,23,0
41,2,1,8,23,0
41,2,1,8,25,0
41,2,1,8,31,0
41,2,1,8,34,0
41,2,1,8,41,0
41,2,1,8,41,0
42,2,1,8,9,0
42,2,1,8,17,0
42,2,1,8,32,0
42,2,1,8,33,0
42,2,1,8,36,0
42,2,1,8,42,0
42,2,1,8,42,0
43,2,1,8,7,0
43,2,1,8,11,0
43,2,1,8,14,0
43,2,1,8,27,0
43,2,1,8,29,0
43,2,1,8,41,0
44,2,1,8,17,0
44,2,1,8,28,0
44,2,1,8,29,0
44,2,1,8,33,0
44,2,1,8,36,0
44,2,1,8,44,0
45,2,1,8,33,0
45,2,1,8,34,0
46,2,1,8,16,0
46,2,1,8,25,0
46,2,1,8,38,0
46,2,1,8,42,0
46,2,1,8,45,0
47,2,1,8,28,0
47,2,1,8,38,0
47,2,1,8,39,0
48,2,1,8,27,0
48,2,1,8,32,0
48,2,1,8,32,0
48,2,1,8,41,0
48,2,1,8,48,0
49,2,1,8,28,0
49,2,1,8,31,0
49,2,1,8,40,0
49,2,1,8,40,0
50,2,1,8,18,0
50,2,1,8,21,0
50,2,1,8,36,0
51,2,1,8,35,0
51,2,1,8,36,0
54,2,1,8,54,0
58,2,1,8,27,0
58,2,1,8,31,0
58,2,1,8,36,0
58,2,1,8,57,0
63,2,1,8,63,0
66,2,1,8,66,0
71,2,1,8,34,0
74,2,1,8,27,0
84,2,1,8,57,0
87,2,1,8,37,0
90,2,1,8,34,0
17,5,1,8,10,0
18,5,1,8,6,0
19,5,1,8,3,0
22,5,1,8,8,0
22,5,1,8,20,0
25,5,1,8,21,0
25,5,1,8,23,0
26,5,1,8,24,0
27,5,1,8,19,0
27,5,1,8,26,0
28,5,1,8,19,0
28,5,1,8,22,0
29,5,1,8,10,0
29,5,1,8,29,0
30,5,1,8,19,0
30,5,1,8,19,0
30,5,1,8,23,0
31,5,1,8,11,0
31,5,1,8,15,0
31,5,1,8,17,0
31,5,1,8,28,0
32,5,1,8,11,0
32,5,1,8,28,0
35,5,1,8,16,0
36,5,1,8,23,0
37,5,1,8,21,0
37,5,1,8,22,0
37,5,1,8,25,0
38,5,1,8,27,0
39,5,1,8,23,0
39,5,1,8,31,0
39,5,1,8,34,0
39,5,1,8,36,0
40,5,1,8,17,0
40,5,1,8,24,0
41,5,1,8,15,0
41,5,1,8,20,0
42,5,1,8,10,0
42,5,1,8,23,0
42,5,1,8,31,0
42,5,1,8,40,0
43,5,1,8,28,0
46,5,1,8,28,0
50,5,1,8,30,0
51,5,1,8,38,0
61,5,1,8,47,0
64,5,1,8,36,0
71,5,1,8,36,0
18,8,1,8,14,0
29,8,1,8,17,0
29,8,1,8,18,0
31,8,1,8,23,0
36,8,1,8,16,0
37,8,1,8,31,0
38,8,1,8,18,0
47,8,1,8,33,0
67,8,1,8,41,0
77,8,1,8,77,0
115,8,1,8,54,1
21,10,1,8,21,0
27,10,1,8,19,0
31,10,1,8,25,0
35,10,1,8,25,0
38,10,1,8,38,0
41,10,1,8,41,0
45,10,1,8,32,0
21,12,1,8,6,0
31,12,1,8,22,0
32,15,1,8,32,0
36,15,1,8,23,0
13,0,2,8,8,0
21,0,2,8,19,0
22,0,2,8,22,0
26,0,2,8,15,0
27,0,2,8,14,0
29,0,2,8,8,0
29,0,2,8,23,0
31,0,2,8,6,0
31,0,2,8,16,0
31,0,2,8,23,0
32,0,2,8,15,0
32,0,2,8,20,0
33,0,2,8,21,0
33,0,2,8,28,0
33,0,2,8,33,0
34,0,2,8,34,0
36,0,2,8,15,0
37,0,2,8,11,0
38,0,2,8,25,0
38,0,2,8,38,0
38,0,2,8,38,0
39,0,2,8,15,0
39,0,2,8,15,0
40,0,2,8,16,0
40,0,2,8,21,0
41,0,2,8,11,0
41,0,2,8,23,0
41,0,2,8,32,0
42,0,2,8,21,0
42,0,2,8,42,0
43,0,2,8,9,0
43,0,2,8,17,0
44,0,2,8,15,0
44,0,2,8,20,0
44,0,2,8,22,0
44,0,2,8,30,0
44,0,2,8,31,0
44,0,2,8,41,0
45,0,2,8,13,0
45,0,2,8,33,0
45,0,2,8,41,0
46,0,2,8,35,0
46,0,2,8,39,0
47,0,2,8,30,0
47,0,2,8,43,0
51,0,2,8,31,0
52,0,2,8,52,0
55,0,2,8,28,0
57,0,2,8,31,0
58,0,2,8,28,0
63,0,2,8,63,0
71,0,2,8,50,0
76,0,2,8,76,0
87,0,2,8,58,0
104,0,2,8,71,1
22,2,2,8,13,0
24,2,2,8,12,0
27,2,2,8,12,0
28,2,2,8,13,0
29,2,2,8,23,0
30,2,2,8,4,0
30,2,2,8,12,0
30,2,2,8,13,0
30,2,2,8,15,0
30,2,2,8,17,0
30,2,2,8,26,0
31,2,2,8,8,0
31,2,2,8,17,0
31,2,2,8,19,0
31,2,2,8,21,0
32,2,2,8,12,0
32,2,2,8,12,0
32,2,2,8,13,0
32,2,2,8,16,0
32,2,2,8,32,0
32,2,2,8,32,0
33,2,2,8,21,0
33,2,2,8,31,0
33,2,2,8,33,0
34,2,2,8,19,0
34,2,2,8,23,0
35,2,2,8,17,0
35,2,2,8,17,0
35,2,2,8,24,0
35,2,2,8,26,0
35,2,2,8,31,0
35,2,2,8,35,0
35,2,2,8,35,0
36,2,2,8,9,0
36,2,2,8,10,0
36,2,2,8,11,0
36,2,2,8,19,0
36,2,2,8,19,0
36,2,2,8,21,0
36,2,2,8,23,0
37,2,2,8,9,0
37,2,2,8,10,0
37,2,2,8,14,0
37,2,2,8,19,0
37,2,2,8,26,0
37,2,2,8,31,0
38,2,2,8,2,0
38,2,2,8,10,0
38,2,2,8,21,0
38,2,2,8,31,0
38,2,2,8,32,0
38,2,2,8,38,0
39,2,2,8,3,0
39,2,2,8,26,0
39,2,2,8,28,0
39,2,2,8,29,0
39,2,2,8,32,0
40,2,2,8,5,0
40,2,2,8,11,0
40,2,2,8,14,0
40,2,2,8,14,0
40,2,2,8,21,0
40,2,2,8,26,0
40,2,2,8,40,0
41,2,2,8,8,0
41,2,2,8,10,0
41,2,2,8,26,0
41,2,2,8,41,0
41,2,2,8,41,0
42,2,2,8,8,0
42,2,2,8,12,0
42,2,2,8,18,0
42,2,2,8,18,0
42,2,2,8,19,0
42,2,2,8,20,0
42,2,2,8,25,0
42,2,2,8,35,0
42,2,2,8,42,0
43,2,2,8,9,0
43,2,2,8,14,0
43,2,2,8,19,0
43,2,2,8,26,0
43,2,2,8,28,0
43,2,2,8,35,0
43,2,2,8,38,0
43,2,2,8,39,0
43,2,2,8,40,0
44,2,2,8,17,0
44,2,2,8,19,0
44,2,2,8,20,0
44,2,2,8,21,0
44,2,2,8,27,0
44,2,2,8,27,0
44,2,2,8,28,0
44,2,2,8,31,0
44,2,2,8,33,0
44,2,2,8,44,0
44,2,2,8,44,0
44,2,2,8,44,0
44,2,2,8,44,0
44,2,2,8,44,0
45,2,2,8,15,0
45,2,2,8,17,0
45,2,2,8,37,0
46,2,2,8,10,0
46,2,2,8,19,0
46,2,2,8,21,0
46,2,2,8,32,0
46,2,2,8,37,0
46,2,2,8,41,0
47,2,2,8,11,0
47,2,2,8,19,0
47,2,2,8,28,0
48,2,2,8,13,0
48,2,2,8,21,0
48,2,2,8,22,0
48,2,2,8,30,0
48,2,2,8,34,0
48,2,2,8,48,0
49,2,2,8,19,0
49,2,2,8,33,0
49,2,2,8,44,0
49,2,2,8,45,0
49,2,2,8,49,0
50,2,2,8,16,0
50,2,2,8,28,0
50,2,2,8,42,0
50,2,2,8,43,0
51,2,2,8,34,0
51,2,2,8,43,0
51,2,2,8,51,0
51,2,2,8,51,0
51,2,2,8,51,0
51,2,2,8,51,0
51,2,2,8,51,0
52,2,2,8,52,0
53,2,2,8,53,0
53,2,2,8,53,0
54,2,2,8,44,0
55,2,2,8,55,0
58,2,2,8,49,0
58,2,2,8,52,0
58,2,2,8,58,0
59,2,2,8,59,0
61,2,2,8,30,0
61,2,2,8,32,0
64,2,2,8,14,0
64,2,2,8,24,0
64,2,2,8,27,0
64,2,2,8,48,0
64,2,2,8,56,0
67,2,2,8,28,0
71,2,2,8,25,0
71,2,2,8,38,0
71,2,2,8,52,0
71,2,2,8,68,0
73,2,2,8,73,0
74,2,2,8,51,0
77,2,2,8,42,0
80,2,2,8,35,0
80,2,2,8,37,0
80,2,2,8,65,0
81,2,2,8,81,0
84,2,2,8,55,0
84,2,2,8,79,0
87,2,2,8,57,0
87,2,2,8,60,0
90,2,2,8,32,0
90,2,2,8,34,0
112,2,2,8,61,1
118,2,2,8,67,1
132,2,2,8,59,1
136,2,2,8,51,1
164,2,2,8,43,1
24,5,2,8,11,0
32,5,2,8,32,0
34,5,2,8,27,0
34,5,2,8,32,0
36,5,2,8,18,0
36,5,2,8,23,0
38,5,2,8,16,0
40,5,2,8,2,0
41,5,2,8,23,0
46,5,2,8,37,0
48,5,2,8,45,0
51,5,2,8,30,0
51,5,2,8,47,0
56,5,2,8,56,0
61,5,2,8,61,0
71,5,2,8,31,0
71,5,2,8,52,0
80,5,2,8,52,0
100,5,2,8,32,0
32,8,2,8,7,0
33,8,2,8,21,0
35,8,2,8,24,0
35,8,2,8,32,0
37,8,2,8,34,0
39,8,2,8,31,0
43,8,2,8,35,0
44,8,2,8,44,0
48,8,2,8,41,0
51,8,2,8,37,0
54,8,2,8,27,0
67,8,2,8,43,0
71,8,2,8,60,0
101,8,2,8,68,1
43,10,2,8,19,0
61,12,2,8,33,0
61,15,2,8,35,0
32,18,2,8,15,0
41,18,2,8,33,0
44,18,2,8,31,0
30,0,3,8,19,0
32,0,3,8,24,0
33,0,3,8,24,0
35,0,3,8,34,0
42,0,3,8,23,0
44,0,3,8,44,0
46,0,3,8,13,0
47,0,3,8,25,0
47,0,3,8,47,0
48,0,3,8,8,0
50,0,3,8,45,0
64,0,3,8,63,0
73,0,3,8,73,0
104,0,3,8,70,1
118,0,3,8,53,1
127,0,3,8,127,1
32,2,3,8,19,0
33,2,3,8,5,0
34,2,3,8,14,0
34,2,3,8,18,0
34,2,3,8,34,0
35,2,3,8,24,0
36,2,3,8,36,0
38,2,3,8,25,0
38,2,3,8,31,0
38,2,3,8,33,0
39,2,3,8,17,0
39,2,3,8,23,0
40,2,3,8,19,0
41,2,3,8,19,0
41,2,3,8,41,0
43,2,3,8,18,0
44,2,3,8,18,0
44,2,3,8,25,0
46,2,3,8,30,0
48,2,3,8,29,0
49,2,3,8,49,0
51,2,3,8,51,0
53,2,3,8,53,0
54,2,3,8,54,0
56,2,3,8,56,0
60,2,3,8,60,0
64,2,3,8,59,0
67,2,3,8,65,0
68,2,3,8,68,0
69,2,3,8,69,0
71,2,3,8,63,0
73,2,3,8,73,0
80,2,3,8,65,0
80,2,3,8,77,0
80,2,3,8,79,0
80,2,3,8,80,0
84,2,3,8,55,0
84,2,3,8,59,0
87,2,3,8,56,0
90,2,3,8,55,0
93,2,3,8,80,0
93,2,3,8,91,0
100,2,3,8,45,0
126,2,3,8,82,1
174,2,3,8,63,1
40,5,3,8,40,0
47,5,3,8,47,0
53,5,3,8,53,0
71,5,3,8,52,0
72,5,3,8,72,0
79,5,3,8,79,0
87,5,3,8,47,0
108,5,3,8,59,1
109,5,3,8,69,1
32,8,3,8,18,0
39,8,3,8,23,0
129,8,3,8,61,1
50,10,3,8,45,0
40,2,5,8,35,0
42,2,5,8,42,0
46,2,5,8,46,0
55,2,5,8,55,0
67,2,5,8,60,0
70,2,5,8,70,0
74,2,5,8,23,0
99,2,5,8,99,0
121,2,5,8,121,1
146,2,5,8,64,1
38,5,5,8,38,0
61,5,5,8,61,0
46,2,6,8,44,0
108,2,6,8,104,1
21,0,0,10,19,0
26,0,0,10,25,0
29,0,0,10,12,0
30,0,0,10,23,0
33,0,0,10,29,0
40,0,0,10,40,0
44,0,0,10,19,0
24,2,0,10,14,0
26,2,0,10,23,0
27,2,0,10,6,0
29,2,0,10,14,0
31,2,0,10,31,0
37,2,0,10,16,0
41,2,0,10,15,0
27,5,0,10,27,0
33,5,0,10,24,0
42,5,0,10,16,0
30,8,0,10,13,0
14,0,1,10,12,0
15,0,1,10,10,0
16,0,1,10,7,0
16,0,1,10,16,0
17,0,1,10,11,0
18,0,1,10,2,0
18,0,1,10,8,0
19,0,1,10,10,0
19,0,1,10,15,0
20,0,1,10,8,0
20,0,1,10,8,0
20,0,1,10,12,0
20,0,1,10,16,0
21,0,1,10,13,0
21,0,1,10,15,0
21,0,1,10,19,0
22,0,1,10,11,0
22,0,1,10,19,0
23,0,1,10,3,0
23,0,1,10,7,0
23,0,1,10,15,0
23,0,1,10,22,0
24,0,1,10,24,0
25,0,1,10,15,0
26,0,1,10,17,0
27,0,1,10,2,0
27,0,1,10,24,0
28,0,1,10,20,0
28,0,1,10,22,0
29,0,1,10,13,0
29,0,1,10,21,0
30,0,1,10,24,0
31,0,1,10,6,0
31,0,1,10,12,0
31,0,1,10,17,0
31,0,1,10,18,0
31,0,1,10,22,0
31,0,1,10,31,0
32,0,1,10,10,0
32,0,1,10,19,0
32,0,1,10,20,0
33,0,1,10,16,0
33,0,1,10,17,0
33,0,1,10,26,0
33,0,1,10,28,0
33,0,1,10,28,0
34,0,1,10,6,0
34,0,1,10,14,0
34,0,1,10,27,0
34,0,1,10,27,0
34,0,1,10,34,0
34,0,1,10,34,0
36,0,1,10,16,0
36,0,1,10,19,0
36,0,1,10,28,0
36,0,1,10,31,0
36,0,1,10,35,0
37,0,1,10,37,0
37,0,1,10,37,0
39,0,1,10,20,0
40,0,1,10,21,0
40,0,1,10,40,0
41,0,1,10,29,0
41,0,1,10,41,0
42,0,1,10,15,0
42,0,1,10,15,0
44,0,1,10,11,0
44,0,1,10,16,0
46,0,1,10,38,0
47,0,1,10,32,0
47,0,1,10,32,0
48,0,1,10,23,0
49,0,1,10,42,0
57,0,1,10,57,0
12,2,1,10,5,0
13,2,1,10,4,0
13,2,1,10,11,0
14,2,1,10,1,0
16,2,1,10,16,0
17,2,1,10,9,0
17,2,1,10,10,0
18,2,1,10,10,0
18,2,1,10,13,0
18,2,1,10,15,0
18,2,1,10,17,0
19,2,1,10,4,0
19,2,1,10,4,0
19,2,1,10,5,0
19,2,1,10,8,0
19,2,1,10,9,0
19,2,1,10,9,0
19,2,1,10,10,0
19,2,1,10,12,0
19,2,1,10,13,0
19,2,1,10,17,0
20,2,1,10,5,0
20,2,1,10,6,0
20,2,1,10,6,0
20,2,1,10,15,0
21,2,1,10,3,0
21,2,1,10,11,0
21,2,1,10,15,0
21,2,1,10,21,0
22,2,1,10,2,0
22,2,1,10,10,0
22,2,1,10,10,0
22,2,1,10,10,0
22,2,1,10,11,0
22,2,1,10,11,0
22,2,1,10,18,0
22,2,1,10,22,0
23,2,1,10,3,0
23,2,1,10,5,0
23,2,1,10,10,0
23,2,1,10,13,0
23,2,1,10,13,0
23,2,1,10,17,0
23,2,1,10,18,0
23,2,1,10,23,0
24,2,1,10,3,0
24,2,1,10,3,0
24,2,1,10,8,0
24,2,1,10,9,0
24,2,1,10,9,0
24,2,1,10,10,0
24,2,1,10,11,0
24,2,1,10,13,0
24,2,1,10,19,0
24,2,1,10,23,0
24,2,1,10,24,0
24,2,1,10,24,0
24,2,1,10,24,0
25,2,1,10,4,0
25,2,1,10,11,0
25,2,1,10,13,0
25,2,1,10,17,0
25,2,1,10,22,0
25,2,1,10,23,0
25,2,1,10,23,0
25,2,1,10,23,0
25,2,1,10,25,0
25,2,1,10,25,0
26,2,1,10,5,0
26,2,1,10,7,0
26,2,1,10,11,0
26,2,1,10,14,0
26,2,1,10,15,0
26,2,1,10,16,0
26,2,1,10,17,0
26,2,1,10,20,0
26,2,1,10,21,0
26,2,1,10,22,0
26,2,1,10,26,0
27,2,1,10,9,0
27,2,1,10,11,0
27,2,1,10,12,0
27,2,1,10,13,0
27,2,1,10,13,0
27,2,1,10,15,0
27,2,1,10,16,0
27,2,1,10,16,0
27,2,1,10,19,0
27,2,1,10,19,0
27,2,1,10,23,0
27,2,1,10,24,0
27,2,1,10,25,0
27,2,1,10,27,0
27,2,1,10,27,0
28,2,1,10,10,0
28,2,1,10,10,0
28,2,1,10,11,0
28,2,1,10,12,0
28,2,1,10,18,0
28,2,1,10,18,0
28,2,1,10,18,0
28,2,1,10,18,0
28,2,1,10,19,0
28,2,1,10,20,0
28,2,1,10,25,0
28,2,1,10,27,0
28,2,1,10,27,0
28,2,1,10,28,0
29,2,1,10,11,0
29,2,1,10,11,0
29,2,1,10,14,0
29,2,1,10,17,0
29,2,1,10,18,0
29,2,1,10,19,0
29,2,1,10,29,0
30,2,1,10,6,0
30,2,1,10,8,0
30,2,1,10,12,0
30,2,1,10,13,0
30,2,1,10,15,0
30,2,1,10,15,0
30,2,1,10,17,0
30,2,1,10,17,0
30,2,1,10,18,0
30,2,1,10,21,0
30,2,1,10,22,0
30,2,1,10,25,0
30,2,1,10,30,0
30,2,1,10,30,0
30,2,1,10,30,0
30,2,1,10,30,0
31,2,1,10,9,0
31,2,1,10,11,0
31,2,1,10,11,0
31,2,1,10,12,0
31,2,1,10,14,0
31,2,1,10,17,0
31,2,1,10,18,0
31,2,1,10,18,0
31,2,1,10,18,0
31,2,1,10,20,0
31,2,1,10,20,0
31,2,1,10,20,0
31,2,1,10,22,0
31,2,1,10,26,0
31,2,1,10,27,0
31,2,1,10,28,0
31,2,1,10,29,0
31,2,1,10,31,0
31,2,1,10,31,0
32,2,1,10,15,0
32,2,1,10,21,0
32,2,1,10,22,0
32,2,1,10,23,0
32,2,1,10,27,0
32,2,1,10,28,0
32,2,1,10,28,0
33,2,1,10,10,0
33,2,1,10,22,0
33,2,1,10,23,0
33,2,1,10,24,0
33,2,1,10,26,0
33,2,1,10,26,0
33,2,1,10,30,0
33,2,1,10,33,0
33,2,1,10,33,0
33,2,1,10,33,0
34,2,1,10,3,0
34,2,1,10,12,0
34,2,1,10,12,0
34,2,1,10,16,0
34,2,1,10,17,0
34,2,1,10,17,0
34,2,1,10,19,0
34,2,1,10,34,0
34,2,1,10,34,0
35,2,1,10,10,0
35,2,1,10,10,0
35,2,1,10,13,0
35,2,1,10,14,0
35,2,1,10,19,0
35,2,1,10,20,0
35,2,1,10,25,0
35,2,1,10,33,0
35,2,1,10,35,0
35,2,1,10,35,0
35,2,1,10,35,0
36,2,1,10,14,0
36,2,1,10,14,0
36,2,1,10,18,0
36,2,1,10,19,0
36,2,1,10,21,0
36,2,1,10,23,0
36,2,1,10,23,0
36,2,1,10,24,0
36,2,1,10,27,0
36,2,1,10,28,0
36,2,1,10,36,0
37,2,1,10,8,0
37,2,1,10,9,0
37,2,1,10,9,0
37,2,1,10,17,0
37,2,1,10,17,0
37,2,1,10,23,0
37,2,1,10,25,0
37,2,1,10,25,0
37,2,1,10,27,0
37,2,1,10,37,0
37,2,1,10,37,0
38,2,1,10,6,0
38,2,1,10,15,0
38,2,1,10,19,0
38,2,1,10,20,0
38,2,1,10,27,0
38,2,1,10,30,0
38,2,1,10,38,0
39,2,1,10,5,0
39,2,1,10,8,0
39,2,1,10,14,0
39,2,1,10,19,0
39,2,1,10,21,0
40,2,1,10,20,0
40,2,1,10,21,0
40,2,1,10,27,0
40,2,1,10,40,0
41,2,1,10,3,0
41,2,1,10,18,0
41,2,1,10,22,0
41,2,1,10,27,0
41,2,1,10,31,0
41,2,1,10,32,0
41,2,1,10,37,0
41,2,1,10,38,0
42,2,1,10,18,0
42,2,1,10,25,0
42,2,1,10,25,0
42,2,1,10,39,0
42,2,1,10,42,0
43,2,1,10,18,0
43,2,1,10,21,0
43,2,1,10,21,0
43,2,1,10,23,0
43,2,1,10,24,0
43,2,1,10,24,0
43,2,1,10,26,0
43,2,1,10,29,0
43,2,1,10,32,0
43,2,1,10,32,0
43,2,1,10,37,0
43,2,1,10,43,0
44,2,1,10,8,0
44,2,1,10,18,0
44,2,1,10,19,0
44,2,1,10,20,0
44,2,1,10,30,0
44,2,1,10,31,0
45,2,1,10,13,0
45,2,1,10,26,0
45,2,1,10,45,0
46,2,1,10,23,0
46,2,1,10,46,0
47,2,1,10,27,0
47,2,1,10,47,0
50,2,1,10,33,0
51,2,1,10,38,0
52,2,1,10,52,0
58,2,1,10,28,0
66,2,1,10,66,0
66,2,1,10,66,0
71,2,1,10,28,0
71,2,1,10,34,0
92,2,1,10,46,0
19,5,1,10,5,0
19,5,1,10,13,0
21,5,1,10,7,0
22,5,1,10,8,0
23,5,1,10,6,0
23,5,1,10,23,0
24,5,1,10,18,0
25,5,1,10,2,0
25,5,1,10,13,0
25,5,1,10,18,0
25,5,1,10,22,0
25,5,1,10,25,0
26,5,1,10,13,0
26,5,1,10,17,0
26,5,1,10,22,0
27,5,1,10,12,0
27,5,1,10,12,0
27,5,1,10,13,0
28,5,1,10,19,0
28,5,1,10,25,0
29,5,1,10,7,0
29,5,1,10,23,0
30,5,1,10,15,0
30,5,1,10,18,0
30,5,1,10,19,0
30,5,1,10,22,0
31,5,1,10,12,0
31,5,1,10,19,0
31,5,1,10,22,0
31,5,1,10,23,0
31,5,1,10,23,0
31,5,1,10,25,0
31,5,1,10,29,0
32,5,1,10,9,0
32,5,1,10,13,0
32,5,1,10,15,0
32,5,1,10,20,0
32,5,1,10,32,0
33,5,1,10,7,0
33,5,1,10,9,0
33,5,1,10,12,0
33,5,1,10,19,0
33,5,1,10,22,0
34,5,1,10,27,0
35,5,1,10,15,0
35,5,1,10,23,0
36,5,1,10,12,0
36,5,1,10,15,0
36,5,1,10,21,0
37,5,1,10,21,0
37,5,1,10,21,0
37,5,1,10,22,0
37,5,1,10,25,0
38,5,1,10,16,0
38,5,1,10,23,0
38,5,1,10,24,0
39,5,1,10,17,0
40,5,1,10,16,0
40,5,1,10,20,0
40,5,1,10,22,0
40,5,1,10,33,0
41,5,1,10,25,0
42,5,1,10,32,0
44,5,1,10,19,0
44,5,1,10,21,0
44,5,1,10,26,0
44,5,1,10,36,0
45,5,1,10,18,0
45,5,1,10,25,0
45,5,1,10,32,0
46,5,1,10,15,0
46,5,1,10,28,0
46,5,1,10,38,0
47,5,1,10,41,0
48,5,1,10,18,0
48,5,1,10,28,0
48,5,1,10,30,0
48,5,1,10,44,0
49,5,1,10,49,0
50,5,1,10,50,0
52,5,1,10,52,0
54,5,1,10,54,0
58,5,1,10,33,0
58,5,1,10,58,0
61,5,1,10,41,0
64,5,1,10,54,0
80,5,1,10,43,0
21,8,1,10,15,0
25,8,1,10,11,0
29,8,1,10,23,0
29,8,1,10,29,0
30,8,1,10,7,0
33,8,1,10,33,0
36,8,1,10,17,0
38,8,1,10,29,0
39,8,1,10,19,0
40,8,1,10,40,0
46,8,1,10,24,0
46,8,1,10,45,0
47,8,1,10,14,0
49,8,1,10,38,0
51,8,1,10,32,0
58,8,1,10,29,0
68,8,1,10,68,0
74,8,1,10,74,0
24,10,1,10,16,0
31,10,1,10,12,0
31,10,1,10,16,0
33,10,1,10,16,0
47,10,1,10,24,0
33,12,1,10,32,0
39,12,1,10,39,0
22,15,1,10,9,0
35,15,1,10,19,0
82,15,1,10,82,0
30,30,1,10,12,0
38,30,1,10,21,0
19,0,2,10,15,0
19,0,2,10,16,0
21,0,2,10,20,0
22,0,2,10,11,0
24,0,2,10,23,0
27,0,2,10,8,0
27,0,2,10,14,0
28,0,2,10,4,0
30,0,2,10,23,0
31,0,2,10,31,0
32,0,2,10,17,0
32,0,2,10,32,0
33,0,2,10,16,0
33,0,2,10,29,0
34,0,2,10,11,0
34,0,2,10,23,0
34,0,2,10,30,0
34,0,2,10,34,0
35,0,2,10,20,0
35,0,2,10,26,0
38,0,2,10,12,0
38,0,2,10,38,0
38,0,2,10,38,0
39,0,2,10,6,0
39,0,2,10,23,0
39,0,2,10,25,0
39,0,2,10,28,0
39,0,2,10,36,0
40,0,2,10,3,0
41,0,2,10,23,0
43,0,2,10,24,0
44,0,2,10,19,0
44,0,2,10,20,0
44,0,2,10,28,0
44,0,2,10,42,0
45,0,2,10,20,0
45,0,2,10,45,0
48,0,2,10,19,0
48,0,2,10,48,0
49,0,2,10,49,0
50,0,2,10,35,0
55,0,2,10,55,0
57,0,2,10,57,0
58,0,2,10,35,0
67,0,2,10,46,0
67,0,2,10,67,0
71,0,2,10,20,0
71,0,2,10,57,0
156,0,2,10,52,1
15,2,2,10,15,0
17,2,2,10,15,0
19,2,2,10,14,0
21,2,2,10,15,0
21,2,2,10,21,0
23,2,2,10,14,0
23,2,2,10,16,0
23,2,2,10,23,0
24,2,2,10,21,0
26,2,2,10,25,0
26,2,2,10,26,0
27,2,2,10,5,0
28,2,2,10,16,0
29,2,2,10,10,0
29,2,2,10,16,0
29,2,2,10,21,0
29,2,2,10,29,0
29,2,2,10,29,0
30,2,2,10,6,0
30,2,2,10,30,0
31,2,2,10,7,0
31,2,2,10,12,0
31,2,2,10,12,0
31,2,2,10,14,0
31,2,2,10,21,0
31,2,2,10,23,0
31,2,2,10,27,0
31,2,2,10,28,0
32,2,2,10,13,0
32,2,2,10,15,0
32,2,2,10,15,0
32,2,2,10,19,0
32,2,2,10,24,0
32,2,2,10,32,0
33,2,2,10,15,0
33,2,2,10,18,0
33,2,2,10,21,0
33,2,2,10,33,0
33,2,2,10,33,0
34,2,2,10,5,0
34,2,2,10,6,0
34,2,2,10,9,0
34,2,2,10,10,0
34,2,2,10,14,0
34,2,2,10,22,0
34,2,2,10,34,0
35,2,2,10,11,0
35,2,2,10,12,0
35,2,2,10,23,0
35,2,2,10,24,0
35,2,2,10,35,0
36,2,2,10,23,0
36,2,2,10,32,0
36,2,2,10,36,0
36,2,2,10,36,0
37,2,2,10,21,0
37,2,2,10,24,0
37,2,2,10,28,0
37,2,2,10,31,0
37,2,2,10,37,0
38,2,2,10,2,0
38,2,2,10,3,0
38,2,2,10,9,0
38,2,2,10,17,0
38,2,2,10,19,0
38,2,2,10,20,0
38,2,2,10,20,0
38,2,2,10,21,0
38,2,2,10,38,0
39,2,2,10,5,0
39,2,2,10,10,0
39,2,2,10,10,0
39,2,2,10,15,0
39,2,2,10,16,0
39,2,2,10,19,0
39,2,2,10,19,0
39,2,2,10,28,0
39,2,2,10,31,0
39,2,2,10,37,0
40,2,2,10,12,0
40,2,2,10,22,0
40,2,2,10,22,0
40,2,2,10,28,0
41,2,2,10,13,0
41,2,2,10,17,0
41,2,2,10,19,0
41,2,2,10,22,0
41,2,2,10,28,0
41,2,2,10,30,0
41,2,2,10,32,0
42,2,2,10,23,0
42,2,2,10,25,0
42,2,2,10,30,0
42,2,2,10,32,0
42,2,2,10,38,0
42,2,2,10,39,0
43,2,2,10,24,0
43,2,2,10,35,0
43,2,2,10,35,0
43,2,2,10,36,0
44,2,2,10,15,0
44,2,2,10,20,0
44,2,2,10,25,0
44,2,2,10,28,0
44,2,2,10,29,0
44,2,2,10,31,0
44,2,2,10,35,0
44,2,2,10,39,0
44,2,2,10,39,0
44,2,2,10,40,0
45,2,2,10,21,0
45,2,2,10,26,0
45,2,2,10,30,0
45,2,2,10,31,0
45,2,2,10,32,0
45,2,2,10,35,0
45,2,2,10,38,0
45,2,2,10,38,0
45,2,2,10,45,0
45,2,2,10,45,0
46,2,2,10,17,0
46,2,2,10,41,0
46,2,2,10,44,0
46,2,2,10,46,0
46,2,2,10,46,0
46,2,2,10,46,0
47,2,2,10,27,0
47,2,2,10,30,0
47,2,2,10,40,0
47,2,2,10,40,0
47,2,2,10,47,0
48,2,2,10,24,0
48,2,2,10,34,0
48,2,2,10,35,0
49,2,2,10,10,0
49,2,2,10,17,0
49,2,2,10,24,0
49,2,2,10,28,0
49,2,2,10,39,0
49,2,2,10,39,0
49,2,2,10,47,0
50,2,2,10,4,0
50,2,2,10,38,0
50,2,2,10,45,0
50,2,2,10,50,0
51,2,2,10,30,0
51,2,2,10,43,0
51,2,2,10,43,0
51,2,2,10,48,0
51,2,2,10,50,0
51,2,2,10,51,0
51,2,2,10,51,0
51,2,2,10,51,0
52,2,2,10,52,0
52,2,2,10,52,0
53,2,2,10,53,0
54,2,2,10,32,0
54,2,2,10,33,0
54,2,2,10,39,0
54,2,2,10,54,0
55,2,2,10,55,0
57,2,2,10,57,0
58,2,2,10,27,0
58,2,2,10,36,0
59,2,2,10,59,0
59,2,2,10,59,0
62,2,2,10,62,0
64,2,2,10,27,0
64,2,2,10,47,0
64,2,2,10,57,0
64,2,2,10,59,0
67,2,2,10,47,0
67,2,2,10,48,0
67,2,2,10,59,0
67,2,2,10,59,0
67,2,2,10,67,0
71,2,2,10,44,0
71,2,2,10,62,0
74,2,2,10,31,0
77,2,2,10,22,0
77,2,2,10,30,0
77,2,2,10,34,0
77,2,2,10,72,0
80,2,2,10,24,0
80,2,2,10,28,0
84,2,2,10,60,0
84,2,2,10,60,0
87,2,2,10,26,0
87,2,2,10,54,0
90,2,2,10,30,0
91,2,2,10,91,0
97,2,2,10,34,0
97,2,2,10,44,0
101,2,2,10,57,1
112,2,2,10,63,1
118,2,2,10,56,1
129,2,2,10,55,1
132,2,2,10,38,1
15,5,2,10,5,0
23,5,2,10,12,0
25,5,2,10,6,0
28,5,2,10,14,0
28,5,2,10,22,0
31,5,2,10,19,0
31,5,2,10,31,0
32,5,2,10,18,0
35,5,2,10,20,0
35,5,2,10,35,0
37,5,2,10,13,0
37,5,2,10,15,0
38,5,2,10,16,0
39,5,2,10,15,0
40,5,2,10,15,0
41,5,2,10,24,0
41,5,2,10,35,0
42,5,2,10,19,0
42,5,2,10,29,0
42,5,2,10,40,0
44,5,2,10,17,0
44,5,2,10,40,0
44,5,2,10,42,0
45,5,2,10,14,0
45,5,2,10,30,0
46,5,2,10,10,0
46,5,2,10,32,0
47,5,2,10,35,0
47,5,2,10,47,0
48,5,2,10,26,0
48,5,2,10,35,0
49,5,2,10,12,0
49,5,2,10,19,0
49,5,2,10,26,0
50,5,2,10,43,0
53,5,2,10,53,0
54,5,2,10,43,0
54,5,2,10,45,0
58,5,2,10,27,0
58,5,2,10,58,0
59,5,2,10,59,0
61,5,2,10,38,0
61,5,2,10,56,0
63,5,2,10,63,0
64,5,2,10,31,0
64,5,2,10,54,0
69,5,2,10,69,0
71,5,2,10,35,0
74,5,2,10,40,0
74,5,2,10,52,0
74,5,2,10,67,0
75,5,2,10,75,0
77,5,2,10,37,0
77,5,2,10,57,0
100,5,2,10,36,0
108,5,2,10,71,1
14,8,2,10,12,0
28,8,2,10,8,0
29,8,2,10,20,0
32,8,2,10,19,0
32,8,2,10,32,0
36,8,2,10,22,0
36,8,2,10,31,0
41,8,2,10,5,0
43,8,2,10,28,0
49,8,2,10,30,0
59,8,2,10,59,0
60,8,2,10,60,0
61,8,2,10,34,0
64,8,2,10,43,0
64,8,2,10,46,0
80,8,2,10,59,0
80,8,2,10,67,0
44,10,2,10,31,0
64,10,2,10,25,0
39,12,2,10,17,0
44,12,2,10,40,0
71,12,2,10,27,0
50,15,2,10,27,0
55,22,2,10,55,0
72,32,2,10,72,0
31,0,3,10,29,0
33,0,3,10,13,0
33,0,3,10,17,0
34,0,3,10,27,0
35,0,3,10,14,0
36,0,3,10,29,0
37,0,3,10,15,0
41,0,3,10,20,0
42,0,3,10,42,0
44,0,3,10,41,0
58,0,3,10,36,0
60,0,3,10,60,0
62,0,3,10,53,0
70,0,3,10,57,0
71,0,3,10,65,0
74,0,3,10,74,0
115,0,3,10,87,1
15,2,3,10,12,0
28,2,3,10,8,0
30,2,3,10,5,0
31,2,3,10,9,0
31,2,3,10,14,0
32,2,3,10,32,0
34,2,3,10,15,0
36,2,3,10,19,0
36,2,3,10,28,0
37,2,3,10,19,0
37,2,3,10,25,0
38,2,3,10,3,0
38,2,3,10,26,0
38,2,3,10,35,0
40,2,3,10,40,0
41,2,3,10,15,0
41,2,3,10,32,0
41,2,3,10,35,0
41,2,3,10,41,0
42,2,3,10,16,0
44,2,3,10,35,0
45,2,3,10,45,0
46,2,3,10,38,0
48,2,3,10,48,0
53,2,3,10,53,0
54,2,3,10,54,0
58,2,3,10,31,0
58,2,3,10,46,0
58,2,3,10,58,0
58,2,3,10,58,0
58,2,3,10,58,0
58,2,3,10,58,0
59,2,3,10,54,0
60,2,3,10,60,0
61,2,3,10,61,0
63,2,3,10,63,0
63,2,3,10,63,0
64,2,3,10,23,0
67,2,3,10,67,0
68,2,3,10,66,0
68,2,3,10,68,0
70,2,3,10,70,0
70,2,3,10,70,0
71,2,3,10,65,0
77,2,3,10,57,0
77,2,3,10,77,0
84,2,3,10,61,0
90,2,3,10,73,0
94,2,3,10,94,0
97,2,3,10,66,0
136,2,3,10,59,1
31,5,3,10,21,0
34,5,3,10,22,0
38,5,3,10,17,0
45,5,3,10,43,0
46,5,3,10,46,0
50,5,3,10,49,0
57,5,3,10,57,0
64,5,3,10,64,0
74,5,3,10,55,0
104,5,3,10,60,1
108,5,3,10,46,1
71,8,3,10,65,0
73,8,3,10,73,0
61,10,3,10,61,0
32,0,5,10,20,0
41,0,5,10,41,0
93,0,5,10,93,0
33,2,5,10,33,0
44,2,5,10,30,0
48,2,5,10,48,0
52,2,5,10,52,0
54,2,5,10,54,0
59,2,5,10,59,0
65,2,5,10,65,0
67,2,5,10,57,0
71,2,5,10,71,0
84,2,5,10,84,0
140,2,5,10,73,1
27,5,5,10,25,0
58,5,5,10,58,0
126,5,5,10,126,1
129,8,5,10,62,1
44,2,6,10,37,0
80,2,6,10,80,0
89,5,6,10,89,0
17,2,0,12,10,0
18,2,0,12,10,0
18,2,0,12,13,0
22,2,0,12,9,0
24,2,0,12,15,0
26,2,0,12,4,0
27,2,0,12,22,0
27,2,0,12,24,0
29,2,0,12,12,0
29,2,0,12,14,0
35,2,0,12,21,0
45,2,0,12,37,0
47,2,0,12,24,0
27,5,0,12,15,0
32,5,0,12,22,0
42,5,0,12,42,0
17,8,0,12,7,0
14,0,1,12,6,0
14,0,1,12,7,0
14,0,1,12,12,0
17,0,1,12,10,0
17,0,1,12,12,0
17,0,1,12,15,0
18,0,1,12,7,0
19,0,1,12,9,0
19,0,1,12,11,0
19,0,1,12,18,0
20,0,1,12,13,0
20,0,1,12,17,0
20,0,1,12,17,0
20,0,1,12,20,0
21,0,1,12,3,0
21,0,1,12,6,0
21,0,1,12,15,0
22,0,1,12,6,0
22,0,1,12,11,0
23,0,1,12,1,0
23,0,1,12,23,0
24,0,1,12,11,0
24,0,1,12,12,0
24,0,1,12,12,0
25,0,1,12,23,0
25,0,1,12,25,0
26,0,1,12,4,0
26,0,1,12,11,0
26,0,1,12,12,0
27,0,1,12,15,0
28,0,1,12,7,0
28,0,1,12,12,0
28,0,1,12,19,0
29,0,1,12,3,0
29,0,1,12,4,0
29,0,1,12,13,0
30,0,1,12,30,0
31,0,1,12,12,0
31,0,1,12,14,0
31,0,1,12,20,0
31,0,1,12,26,0
31,0,1,12,26,0
31,0,1,12,28,0
32,0,1,12,11,0
32,0,1,12,16,0
33,0,1,12,7,0
33,0,1,12,29,0
35,0,1,12,22,0
35,0,1,12,22,0
35,0,1,12,24,0
35,0,1,12,35,0
36,0,1,12,7,0
36,0,1,12,32,0
36,0,1,12,36,0
37,0,1,12,37,0
37,0,1,12,37,0
38,0,1,12,20,0
39,0,1,12,17,0
40,0,1,12,12,0
40,0,1,12,25,0
40,0,1,12,27,0
40,0,1,12,27,0
40,0,1,12,30,0
40,0,1,12,38,0
41,0,1,12,16,0
43,0,1,12,25,0
43,0,1,12,29,0
44,0,1,12,21,0
44,0,1,12,28,0
45,0,1,12,31,0
45,0,1,12,37,0
46,0,1,12,27,0
48,0,1,12,16,0
67,0,1,12,13,0
80,0,1,12,20,0
87,0,1,12,53,0
99,0,1,12,23,0
12,2,1,12,6,0
13,2,1,12,3,0
14,2,1,12,12,0
15,2,1,12,5,0
15,2,1,12,11,0
15,2,1,12,15,0
17,2,1,12,1,0
17,2,1,12,5,0
17,2,1,12,11,0
17,2,1,12,11,0
17,2,1,12,14,0
18,2,1,12,8,0
19,2,1,12,7,0
19,2,1,12,8,0
19,2,1,12,8,0
19,2,1,12,10,0
19,2,1,12,12,0
19,2,1,12,12,0
19,2,1,12,14,0
19,2,1,12,15,0
19,2,1,12,16,0
19,2,1,12,16,0
19,2,1,12,19,0
20,2,1,12,12,0
20,2,1,12,19,0
21,2,1,12,4,0
21,2,1,12,14,0
21,2,1,12,17,0
21,2,1,12,17,0
21,2,1,12,21,0
22,2,1,12,8,0
22,2,1,12,10,0
22,2,1,12,13,0
22,2,1,12,15,0
22,2,1,12,17,0
23,2,1,12,6,0
23,2,1,12,8,0
23,2,1,12,11,0
23,2,1,12,12,0
23,2,1,12,12,0
23,2,1,12,15,0
23,2,1,12,15,0
23,2,1,12,18,0
23,2,1,12,19,0
23,2,1,12,21,0
23,2,1,12,23,0
23,2,1,12,23,0
23,2,1,12,23,0
24,2,1,12,16,0
24,2,1,12,17,0
25,2,1,12,15,0
25,2,1,12,19,0
25,2,1,12,19,0
25,2,1,12,25,0
25,2,1,12,25,0
26,2,1,12,8,0
26,2,1,12,10,0
26,2,1,12,10,0
26,2,1,12,11,0
26,2,1,12,13,0
26,2,1,12,13,0
26,2,1,12,14,0
26,2,1,12,15,0
26,2,1,12,16,0
26,2,1,12,17,0
26,2,1,12,17,0
26,2,1,12,21,0
26,2,1,12,22,0
26,2,1,12,24,0
26,2,1,12,26,0
26,2,1,12,26,0
27,2,1,12,6,0
27,2,1,12,7,0
27,2,1,12,13,0
27,2,1,12,13,0
27,2,1,12,16,0
27,2,1,12,21,0
27,2,1,12,21,0
27,2,1,12,25,0
27,2,1,12,25,0
27,2,1,12,26,0
27,2,1,12,27,0
28,2,1,12,8,0
28,2,1,12,12,0
28,2,1,12,12,0
28,2,1,12,14,0
28,2,1,12,16,0
28,2,1,12,18,0
28,2,1,12,18,0
28,2,1,12,19,0
28,2,1,12,21,0
28,2,1,12,28,0
28,2,1,12,28,0
28,2,1,12,28,0
29,2,1,12,9,0
29,2,1,12,10,0
29,2,1,12,15,0
29,2,1,12,15,0
29,2,1,12,18,0
29,2,1,12,22,0
29,2,1,12,23,0
29,2,1,12,23,0
29,2,1,12,29,0
30,2,1,12,14,0
30,2,1,12,18,0
30,2,1,12,18,0
30,2,1,12,18,0
30,2,1,12,19,0
30,2,1,12,21,0
30,2,1,12,22,0
30,2,1,12,26,0
30,2,1,12,28,0
30,2,1,12,28,0
30,2,1,12,29,0
31,2,1,12,10,0
31,2,1,12,11,0
31,2,1,12,11,0
31,2,1,12,12,0
31,2,1,12,15,0
31,2,1,12,16,0
31,2,1,12,16,0
31,2,1,12,18,0
31,2,1,12,19,0
31,2,1,12,20,0
31,2,1,12,20,0
31,2,1,12,21,0
31,2,1,12,22,0
31,2,1,12,23,0
31,2,1,12,28,0
31,2,1,12,28,0
31,2,1,12,29,0
31,2,1,12,31,0
31,2,1,12,31,0
31,2,1,12,31,0
31,2,1,12,31,0
31,2,1,12,31,0
31,2,1,12,31,0
32,2,1,12,8,0
32,2,1,12,9,0
32,2,1,12,13,0
32,2,1,12,16,0
32,2,1,12,17,0
32,2,1,12,18,0
32,2,1,12,25,0
32,2,1,12,26,0
32,2,1,12,31,0
32,2,1,12,32,0
32,2,1,12,32,0
32,2,1,12,32,0
32,2,1,12,32,0
32,2,1,12,32,0
32,2,1,12,32,0
33,2,1,12,3,0
33,2,1,12,17,0
33,2,1,12,28,0
33,2,1,12,28,0
33,2,1,12,33,0
33,2,1,12,33,0
34,2,1,12,3,0
34,2,1,12,24,0
34,2,1,12,34,0
34,2,1,12,34,0
34,2,1,12,34,0
34,2,1,12,34,0
35,2,1,12,19,0
35,2,1,12,25,0
35,2,1,12,35,0
35,2,1,12,35,0
35,2,1,12,35,0
36,2,1,12,7,0
36,2,1,12,10,0
36,2,1,12,13,0
36,2,1,12,16,0
36,2,1,12,21,0
36,2,1,12,24,0
36,2,1,12,26,0
36,2,1,12,26,0
36,2,1,12,33,0
36,2,1,12,36,0
37,2,1,12,9,0
37,2,1,12,15,0
37,2,1,12,15,0
37,2,1,12,17,0
37,2,1,12,17,0
37,2,1,12,18,0
37,2,1,12,19,0
37,2,1,12,20,0
37,2,1,12,26,0
37,2,1,12,26,0
37,2,1,12,29,0
38,2,1,12,19,0
38,2,1,12,20,0
38,2,1,12,26,0
38,2,1,12,28,0
38,2,1,12,38,0
38,2,1,12,38,0
39,2,1,12,15,0
39,2,1,12,21,0
39,2,1,12,23,0
39,2,1,12,24,0
39,2,1,12,25,0
39,2,1,12,31,0
40,2,1,12,12,0
40,2,1,12,24,0
40,2,1,12,26,0
40,2,1,12,40,0
40,2,1,12,40,0
40,2,1,12,40,0
41,2,1,12,16,0
41,2,1,12,20,0
41,2,1,12,30,0
41,2,1,12,35,0
41,2,1,12,41,0
41,2,1,12,41,0
42,2,1,12,26,0
42,2,1,12,29,0
42,2,1,12,34,0
42,2,1,12,42,0
42,2,1,12,42,0
42,2,1,12,42,0
42,2,1,12,42,0
43,2,1,12,12,0
43,2,1,12,24,0
43,2,1,12,30,0
43,2,1,12,32,0
43,2,1,12,34,0
43,2,1,12,43,0
44,2,1,12,8,0
44,2,1,12,14,0
44,2,1,12,17,0
44,2,1,12,23,0
44,2,1,12,32,0
45,2,1,12,15,0
45,2,1,12,19,0
45,2,1,12,23,0
45,2,1,12,29,0
45,2,1,12,32,0
45,2,1,12,35,0
45,2,1,12,45,0
46,2,1,12,46,0
47,2,1,12,22,0
47,2,1,12,26,0
48,2,1,12,29,0
48,2,1,12,37,0
48,2,1,12,48,0
49,2,1,12,33,0
50,2,1,12,12,0
50,2,1,12,18,0
50,2,1,12,25,0
50,2,1,12,25,0
50,2,1,12,45,0
53,2,1,12,53,0
54,2,1,12,23,0
54,2,1,12,41,0
56,2,1,12,56,0
57,2,1,12,52,0
58,2,1,12,23,0
58,2,1,12,36,0
58,2,1,12,58,0
64,2,1,12,15,0
67,2,1,12,21,0
67,2,1,12,36,0
71,2,1,12,42,0
71,2,1,12,58,0
74,2,1,12,51,0
80,2,1,12,34,0
90,2,1,12,31,0
90,2,1,12,34,0
16,5,1,12,8,0
18,5,1,12,6,0
19,5,1,12,4,0
19,5,1,12,10,0
20,5,1,12,16,0
23,5,1,12,13,0
26,5,1,12,11,0
26,5,1,12,22,0
26,5,1,12,23,0
27,5,1,12,18,0
27,5,1,12,21,0
27,5,1,12,27,0
28,5,1,12,17,0
28,5,1,12,21,0
28,5,1,12,24,0
28,5,1,12,24,0
28,5,1,12,28,0
29,5,1,12,28,0
29,5,1,12,29,0
30,5,1,12,19,0
31,5,1,12,15,0
31,5,1,12,19,0
31,5,1,12,22,0
31,5,1,12,28,0
32,5,1,12,8,0
32,5,1,12,11,0
32,5,1,12,27,0
32,5,1,12,32,0
33,5,1,12,14,0
33,5,1,12,19,0
33,5,1,12,23,0
33,5,1,12,24,0
33,5,1,12,26,0
34,5,1,12,34,0
35,5,1,12,27,0
36,5,1,12,15,0
36,5,1,12,31,0
36,5,1,12,36,0
36,5,1,12,36,0
37,5,1,12,19,0
37,5,1,12,19,0
37,5,1,12,24,0
37,5,1,12,34,0
37,5,1,12,37,0
37,5,1,12,37,0
37,5,1,12,37,0
38,5,1,12,9,0
38,5,1,12,19,0
38,5,1,12,25,0
38,5,1,12,25,0
38,5,1,12,27,0
38,5,1,12,33,0
39,5,1,12,16,0
39,5,1,12,25,0
39,5,1,12,35,0
39,5,1,12,39,0
40,5,1,12,11,0
40,5,1,12,27,0
40,5,1,12,28,0
40,5,1,12,31,0
41,5,1,12,14,0
41,5,1,12,19,0
41,5,1,12,27,0
41,5,1,12,28,0
41,5,1,12,28,0
41,5,1,12,28,0
41,5,1,12,32,0
41,5,1,12,34,0
42,5,1,12,19,0
42,5,1,12,26,0
42,5,1,12,28,0
43,5,1,12,22,0
43,5,1,12,43,0
44,5,1,12,30,0
44,5,1,12,30,0
44,5,1,12,34,0
44,5,1,12,44,0
45,5,1,12,16,0
45,5,1,12,31,0
47,5,1,12,14,0
47,5,1,12,31,0
47,5,1,12,47,0
48,5,1,12,33,0
48,5,1,12,48,0
50,5,1,12,27,0
50,5,1,12,29,0
50,5,1,12,30,0
50,5,1,12,43,0
51,5,1,12,27,0
54,5,1,12,38,0
54,5,1,12,54,0
56,5,1,12,56,0
58,5,1,12,18,0
61,5,1,12,40,0
68,5,1,12,43,0
23,8,1,12,10,0
29,8,1,12,9,0
29,8,1,12,23,0
32,8,1,12,16,0
32,8,1,12,26,0
32,8,1,12,32,0
34,8,1,12,31,0
34,8,1,12,33,0
35,8,1,12,35,0
36,8,1,12,10,0
36,8,1,12,32,0
38,8,1,12,20,0
39,8,1,12,16,0
40,8,1,12,34,0
41,8,1,12,27,0
41,8,1,12,37,0
42,8,1,12,42,0
43,8,1,12,26,0
44,8,1,12,35,0
45,8,1,12,16,0
45,8,1,12,22,0
47,8,1,12,31,0
51,8,1,12,38,0
71,8,1,12,46,0
24,10,1,12,15,0
26,10,1,12,10,0
31,10,1,12,8,0
37,10,1,12,27,0
38,10,1,12,19,0
39,10,1,12,21,0
40,10,1,12,16,0
42,10,1,12,42,0
45,10,1,12,23,0
61,10,1,12,31,0
22,12,1,12,6,0
35,12,1,12,21,0
36,18,1,12,9,0
36,18,1,12,16,0
29,20,1,12,19,0
45,20,1,12,27,0
64,20,1,12,64,0
22,22,1,12,14,0
15,0,2,12,7,0
19,0,2,12,6,0
20,0,2,12,0,0
20,0,2,12,12,0
21,0,2,12,16,0
23,0,2,12,5,0
24,0,2,12,14,0
24,0,2,12,16,0
24,0,2,12,17,0
25,0,2,12,19,0
26,0,2,12,19,0
27,0,2,12,3,0
27,0,2,12,27,0
30,0,2,12,15,0
30,0,2,12,28,0
31,0,2,12,17,0
31,0,2,12,23,0
32,0,2,12,7,0
32,0,2,12,19,0
34,0,2,12,24,0
35,0,2,12,29,0
35,0,2,12,35,0
36,0,2,12,21,0
36,0,2,12,25,0
38,0,2,12,12,0
38,0,2,12,36,0
38,0,2,12,38,0
39,0,2,12,12,0
39,0,2,12,29,0
39,0,2,12,39,0
40,0,2,12,12,0
40,0,2,12,22,0
40,0,2,12,23,0
41,0,2,12,14,0
41,0,2,12,16,0
41,0,2,12,17,0
41,0,2,12,21,0
41,0,2,12,41,0
43,0,2,12,27,0
44,0,2,12,31,0
44,0,2,12,32,0
44,0,2,12,37,0
44,0,2,12,44,0
44,0,2,12,44,0
46,0,2,12,32,0
46,0,2,12,37,0
46,0,2,12,44,0
47,0,2,12,28,0
47,0,2,12,46,0
48,0,2,12,19,0
49,0,2,12,49,0
50,0,2,12,50,0
51,0,2,12,28,0
63,0,2,12,63,0
71,0,2,12,62,0
90,0,2,12,55,0
20,2,2,12,14,0
20,2,2,12,15,0
20,2,2,12,18,0
21,2,2,12,7,0
21,2,2,12,10,0
23,2,2,12,11,0
23,2,2,12,19,0
23,2,2,12,23,0
25,2,2,12,6,0
25,2,2,12,14,0
25,2,2,12,18,0
26,2,2,12,11,0
26,2,2,12,12,0
26,2,2,12,16,0
26,2,2,12,19,0
26,2,2,12,22,0
27,2,2,12,5,0
27,2,2,12,23,0
28,2,2,12,16,0
28,2,2,12,28,0
29,2,2,12,14,0
30,2,2,12,10,0
30,2,2,12,16,0
30,2,2,12,19,0
30,2,2,12,23,0
30,2,2,12,29,0
30,2,2,12,29,0
30,2,2,12,30,0
31,2,2,12,2,0
31,2,2,12,9,0
31,2,2,12,11,0
31,2,2,12,12,0
31,2,2,12,14,0
31,2,2,12,14,0
31,2,2,12,16,0
31,2,2,12,16,0
31,2,2,12,22,0
31,2,2,12,27,0
31,2,2,12,28,0
31,2,2,12,30,0
32,2,2,12,23,0
32,2,2,12,27,0
32,2,2,12,28,0
32,2,2,12,30,0
32,2,2,12,32,0
33,2,2,12,15,0
33,2,2,12,18,0
33,2,2,12,18,0
33,2,2,12,21,0
33,2,2,12,22,0
33,2,2,12,28,0
33,2,2,12,31,0
33,2,2,12,33,0
33,2,2,12,33,0
34,2,2,12,15,0
34,2,2,12,26,0
34,2,2,12,27,0
34,2,2,12,29,0
34,2,2,12,34,0
34,2,2,12,34,0
34,2,2,12,34,0
34,2,2,12,34,0
35,2,2,12,8,0
35,2,2,12,21,0
35,2,2,12,26,0
35,2,2,12,27,0
35,2,2,12,35,0
36,2,2,12,6,0
36,2,2,12,9,0
36,2,2,12,13,0
36,2,2,12,19,0
36,2,2,12,19,0
36,2,2,12,22,0
36,2,2,12,23,0
36,2,2,12,23,0
37,2,2,12,7,0
37,2,2,12,8,0
37,2,2,12,9,0
37,2,2,12,9,0
37,2,2,12,11,0
37,2,2,12,12,0
37,2,2,12,12,0
37,2,2,12,13,0
37,2,2,12,15,0
37,2,2,12,16,0
37,2,2,12,29,0
37,2,2,12,31,0
37,2,2,12,37,0
37,2,2,12,37,0
38,2,2,12,13,0
38,2,2,12,19,0
38,2,2,12,24,0
38,2,2,12,27,0
38,2,2,12,30,0
38,2,2,12,33,0
39,2,2,12,10,0
39,2,2,12,17,0
39,2,2,12,22,0
39,2,2,12,29,0
39,2,2,12,29,0
39,2,2,12,30,0
39,2,2,12,32,0
40,2,2,12,8,0
40,2,2,12,14,0
40,2,2,12,18,0
40,2,2,12,21,0
40,2,2,12,23,0
40,2,2,12,26,0
40,2,2,12,27,0
40,2,2,12,30,0
40,2,2,12,32,0
41,2,2,12,23,0
41,2,2,12,24,0
41,2,2,12,35,0
41,2,2,12,41,0
41,2,2,12,41,0
42,2,2,12,19,0
42,2,2,12,22,0
42,2,2,12,23,0
42,2,2,12,27,0
42,2,2,12,27,0
42,2,2,12,30,0
42,2,2,12,30,0
42,2,2,12,42,0
42,2,2,12,42,0
43,2,2,12,25,0
43,2,2,12,30,0
43,2,2,12,31,0
43,2,2,12,34,0
43,2,2,12,39,0
43,2,2,12,43,0
44,2,2,12,18,0
44,2,2,12,19,0
44,2,2,12,25,0
44,2,2,12,26,0
44,2,2,12,27,0
44,2,2,12,28,0
44,2,2,12,28,0
44,2,2,12,29,0
44,2,2,12,34,0
44,2,2,12,42,0
44,2,2,12,44,0
44,2,2,12,44,0
45,2,2,12,11,0
45,2,2,12,15,0
45,2,2,12,24,0
45,2,2,12,25,0
45,2,2,12,31,0
45,2,2,12,40,0
45,2,2,12,44,0
46,2,2,12,26,0
46,2,2,12,27,0
46,2,2,12,28,0
46,2,2,12,29,0
46,2,2,12,29,0
46,2,2,12,29,0
46,2,2,12,32,0
46,2,2,12,43,0
46,2,2,12,45,0
46,2,2,12,46,0
46,2,2,12,46,0
47,2,2,12,14,0
47,2,2,12,24,0
47,2,2,12,47,0
48,2,2,12,13,0
48,2,2,12,28,0
48,2,2,12,31,0
48,2,2,12,42,0
48,2,2,12,43,0
48,2,2,12,48,0
48,2,2,12,48,0
48,2,2,12,48,0
49,2,2,12,24,0
49,2,2,12,31,0
49,2,2,12,35,0
49,2,2,12,38,0
49,2,2,12,49,0
49,2,2,12,49,0
50,2,2,12,6,0
50,2,2,12,28,0
50,2,2,12,34,0
50,2,2,12,46,0
50,2,2,12,47,0
51,2,2,12,27,0
51,2,2,12,51,0
52,2,2,12,52,0
52,2,2,12,52,0
52,2,2,12,52,0
53,2,2,12,53,0
53,2,2,12,53,0
54,2,2,12,35,0
54,2,2,12,41,0
54,2,2,12,54,0
54,2,2,12,54,0
56,2,2,12,56,0
56,2,2,12,56,0
57,2,2,12,48,0
58,2,2,12,26,0
58,2,2,12,38,0
58,2,2,12,58,0
60,2,2,12,60,0
60,2,2,12,60,0
60,2,2,12,60,0
61,2,2,12,20,0
61,2,2,12,30,0
61,2,2,12,41,0
61,2,2,12,43,0
61,2,2,12,61,0
63,2,2,12,63,0
63,2,2,12,63,0
63,2,2,12,63,0
64,2,2,12,18,0
64,2,2,12,60,0
67,2,2,12,34,0
67,2,2,12,46,0
69,2,2,12,69,0
69,2,2,12,69,0
69,2,2,12,69,0
71,2,2,12,29,0
71,2,2,12,30,0
71,2,2,12,61,0
71,2,2,12,68,0
74,2,2,12,29,0
74,2,2,12,31,0
74,2,2,12,33,0
77,2,2,12,37,0
80,2,2,12,26,0
80,2,2,12,28,0
80,2,2,12,43,0
80,2,2,12,45,0
80,2,2,12,52,0
81,2,2,12,59,0
84,2,2,12,29,0
84,2,2,12,62,0
87,2,2,12,41,0
87,2,2,12,46,0
90,2,2,12,32,0
90,2,2,12,41,0
93,2,2,12,48,0
93,2,2,12,68,0
101,2,2,12,70,1
104,2,2,12,39,1
108,2,2,12,43,1
122,2,2,12,56,1
129,2,2,12,63,1
21,5,2,12,12,0
23,5,2,12,16,0
24,5,2,12,17,0
25,5,2,12,23,0
26,5,2,12,26,0
30,5,2,12,18,0
30,5,2,12,28,0
31,5,2,12,10,0
31,5,2,12,15,0
31,5,2,12,15,0
31,5,2,12,20,0
31,5,2,12,24,0
32,5,2,12,25,0
33,5,2,12,15,0
34,5,2,12,12,0
34,5,2,12,22,0
35,5,2,12,35,0
37,5,2,12,12,0
37,5,2,12,33,0
37,5,2,12,37,0
38,5,2,12,28,0
38,5,2,12,38,0
38,5,2,12,38,0
39,5,2,12,29,0
39,5,2,12,39,0
40,5,2,12,22,0
40,5,2,12,38,0
40,5,2,12,40,0
41,5,2,12,22,0
41,5,2,12,32,0
41,5,2,12,32,0
41,5,2,12,34,0
41,5,2,12,36,0
41,5,2,12,37,0
42,5,2,12,29,0
42,5,2,12,42,0
43,5,2,12,18,0
44,5,2,12,31,0
44,5,2,12,36,0
44,5,2,12,42,0
45,5,2,12,26,0
45,5,2,12,34,0
45,5,2,12,45,0
46,5,2,12,22,0
46,5,2,12,28,0
47,5,2,12,30,0
47,5,2,12,41,0
47,5,2,12,47,0
48,5,2,12,30,0
48,5,2,12,41,0
48,5,2,12,45,0
48,5,2,12,48,0
49,5,2,12,31,0
49,5,2,12,48,0
50,5,2,12,49,0
51,5,2,12,31,0
51,5,2,12,37,0
51,5,2,12,51,0
52,5,2,12,52,0
52,5,2,12,52,0
54,5,2,12,33,0
54,5,2,12,54,0
58,5,2,12,49,0
61,5,2,12,35,0
61,5,2,12,56,0
61,5,2,12,61,0
63,5,2,12,63,0
64,5,2,12,64,0
67,5,2,12,46,0
67,5,2,12,67,0
71,5,2,12,30,0
71,5,2,12,37,0
71,5,2,12,39,0
74,5,2,12,36,0
74,5,2,12,39,0
74,5,2,12,47,0
75,5,2,12,75,0
77,5,2,12,51,0
77,5,2,12,57,0
77,5,2,12,59,0
77,5,2,12,68,0
77,5,2,12,77,0
78,5,2,12,62,0
80,5,2,12,26,0
80,5,2,12,47,0
87,5,2,12,65,0
90,5,2,12,47,0
97,5,2,12,44,0
100,5,2,12,67,0
101,5,2,12,78,1
104,5,2,12,37,1
112,5,2,12,55,1
115,5,2,12,49,1
126,5,2,12,38,1
27,8,2,12,16,0
34,8,2,12,26,0
35,8,2,12,27,0
43,8,2,12,36,0
44,8,2,12,23,0
44,8,2,12,27,0
44,8,2,12,33,0
44,8,2,12,44,0
51,8,2,12,29,0
52,8,2,12,52,0
61,8,2,12,40,0
63,8,2,12,63,0
84,8,2,12,56,0
90,8,2,12,60,0
93,8,2,12,74,0
101,8,2,12,70,1
143,8,2,12,63,1
25,10,2,12,21,0
42,10,2,12,27,0
46,10,2,12,31,0
46,10,2,12,31,0
48,10,2,12,36,0
50,10,2,12,34,0
55,10,2,12,55,0
67,10,2,12,50,0
73,10,2,12,73,0
37,12,2,12,37,0
37,18,2,12,37,0
47,25,2,12,29,0
47,25,2,12,43,0
58,30,2,12,19,0
31,0,3,12,14,0
36,0,3,12,26,0
37,0,3,12,27,0
38,0,3,12,20,0
38,0,3,12,20,0
39,0,3,12,28,0
39,0,3,12,39,0
40,0,3,12,29,0
41,0,3,12,31,0
41,0,3,12,40,0
44,0,3,12,30,0
44,0,3,12,35,0
44,0,3,12,44,0
48,0,3,12,27,0
58,0,3,12,58,0
58,0,3,12,58,0
61,0,3,12,55,0
71,0,3,12,39,0
71,0,3,12,69,0
74,0,3,12,56,0
87,0,3,12,51,0
90,0,3,12,79,0
96,0,3,12,96,0
118,0,3,12,63,1
28,2,3,12,26,0
30,2,3,12,6,0
30,2,3,12,8,0
32,2,3,12,9,0
32,2,3,12,27,0
34,2,3,12,9,0
34,2,3,12,26,0
34,2,3,12,34,0
35,2,3,12,16,0
35,2,3,12,22,0
35,2,3,12,33,0
36,2,3,12,11,0
36,2,3,12,21,0
37,2,3,12,10,0
37,2,3,12,31,0
39,2,3,12,39,0
40,2,3,12,17,0
40,2,3,12,20,0
41,2,3,12,30,0
41,2,3,12,32,0
42,2,3,12,42,0
43,2,3,12,26,0
43,2,3,12,30,0
44,2,3,12,24,0
44,2,3,12,26,0
44,2,3,12,35,0
45,2,3,12,22,0
45,2,3,12,34,0
45,2,3,12,35,0
47,2,3,12,17,0
47,2,3,12,47,0
49,2,3,12,34,0
49,2,3,12,49,0
50,2,3,12,50,0
51,2,3,12,51,0
51,2,3,12,51,0
51,2,3,12,51,0
52,2,3,12,52,0
52,2,3,12,52,0
54,2,3,12,24,0
54,2,3,12,36,0
54,2,3,12,49,0
54,2,3,12,54,0
55,2,3,12,55,0
57,2,3,12,57,0
58,2,3,12,58,0
58,2,3,12,58,0
59,2,3,12,59,0
60,2,3,12,60,0
61,2,3,12,22,0
61,2,3,12,55,0
61,2,3,12,61,0
61,2,3,12,61,0
61,2,3,12,61,0
63,2,3,12,63,0
63,2,3,12,63,0
64,2,3,12,52,0
64,2,3,12,52,0
65,2,3,12,65,0
67,2,3,12,66,0
68,2,3,12,68,0
70,2,3,12,70,0
74,2,3,12,66,0
76,2,3,12,76,0
78,2,3,12,78,0
79,2,3,12,70,0
80,2,3,12,59,0
80,2,3,12,75,0
80,2,3,12,80,0
81,2,3,12,81,0
90,2,3,12,7,0
90,2,3,12,44,0
97,2,3,12,67,0
100,2,3,12,35,0
100,2,3,12,58,0
100,2,3,12,65,0
106,2,3,12,106,1
115,2,3,12,45,1
126,2,3,12,55,1
161,2,3,12,106,1
22,5,3,12,18,0
29,5,3,12,24,0
35,5,3,12,22,0
50,5,3,12,34,0
52,5,3,12,52,0
52,5,3,12,52,0
58,5,3,12,45,0
58,5,3,12,56,0
60,5,3,12,60,0
61,5,3,12,47,0
62,5,3,12,62,0
68,5,3,12,68,0
68,5,3,12,68,0
74,5,3,12,48,0
77,5,3,12,77,0
84,5,3,12,73,0
88,5,3,12,88,0
89,5,3,12,89,0
90,5,3,12,53,0
90,5,3,12,88,0
104,5,3,12,66,1
115,5,3,12,57,1
126,5,3,12,58,1
129,5,3,12,68,1
132,5,3,12,67,1
146,5,3,12,59,1
150,5,3,12,70,1
182,5,3,12,82,1
42,8,3,12,30,0
59,8,3,12,59,0
69,8,3,12,69,0
84,8,3,12,84,0
91,8,3,12,91,0
93,8,3,12,57,0
102,8,3,12,102,1
140,8,3,12,60,1
53,10,3,12,53,0
101,10,3,12,50,1
101,10,3,12,52,1
64,12,3,12,46,0
51,15,3,12,51,0
129,15,3,12,55,1
32,0,5,12,32,0
33,0,5,12,21,0
24,2,5,12,21,0
27,2,5,12,22,0
34,2,5,12,27,0
37,2,5,12,19,0
38,2,5,12,15,0
40,2,5,12,22,0
40,2,5,12,25,0
44,2,5,12,44,0
45,2,5,12,30,0
52,2,5,12,52,0
53,2,5,12,53,0
55,2,5,12,55,0
57,2,5,12,57,0
62,2,5,12,62,0
62,2,5,12,62,0
85,2,5,12,85,0
85,2,5,12,85,0
177,2,5,12,85,1
41,5,5,12,41,0
51,5,5,12,51,0
56,5,5,12,56,0
94,5,5,12,94,0
143,8,5,12,88,1
122,10,5,12,56,1
105,2,6,12,105,1
117,2,6,12,117,1
133,2,6,12,133,1
141,2,6,12,141,1
83,2,7,12,83,0
154,8,8,12,154,1
33,0,0,13,21,0
18,2,0,13,9,0
19,2,0,13,14,0
23,2,0,13,4,0
28,2,0,13,26,0
30,2,0,13,25,0
31,2,0,13,31,0
20,5,0,13,10,0
24,5,0,13,21,0
45,8,0,13,38,0
23,10,0,13,8,0
28,10,0,13,21,0
14,0,1,13,11,0
16,0,1,13,4,0
16,0,1,13,15,0
18,0,1,13,9,0
18,0,1,13,18,0
19,0,1,13,4,0
20,0,1,13,9,0
20,0,1,13,13,0
22,0,1,13,8,0
23,0,1,13,2,0
23,0,1,13,10,0
23,0,1,13,18,0
23,0,1,13,19,0
24,0,1,13,14,0
25,0,1,13,10,0
26,0,1,13,3,0
26,0,1,13,17,0
26,0,1,13,23,0
26,0,1,13,26,0
27,0,1,13,4,0
27,0,1,13,14,0
27,0,1,13,16,0
27,0,1,13,18,0
27,0,1,13,27,0
27,0,1,13,27,0
27,0,1,13,27,0
28,0,1,13,21,0
29,0,1,13,16,0
29,0,1,13,20,0
29,0,1,13,28,0
30,0,1,13,13,0
30,0,1,13,19,0
31,0,1,13,16,0
31,0,1,13,24,0
31,0,1,13,30,0
32,0,1,13,5,0
32,0,1,13,9,0
32,0,1,13,12,0
34,0,1,13,7,0
35,0,1,13,29,0
35,0,1,13,35,0
35,0,1,13,35,0
36,0,1,13,6,0
37,0,1,13,22,0
37,0,1,13,31,0
37,0,1,13,37,0
37,0,1,13,37,0
38,0,1,13,28,0
39,0,1,13,14,0
43,0,1,13,1,0
43,0,1,13,27,0
44,0,1,13,24,0
44,0,1,13,25,0
44,0,1,13,27,0
45,0,1,13,16,0
46,0,1,13,10,0
48,0,1,13,34,0
49,0,1,13,17,0
50,0,1,13,21,0
59,0,1,13,59,0
13,2,1,13,5,0
15,2,1,13,5,0
16,2,1,13,16,0
17,2,1,13,3,0
17,2,1,13,12,0
18,2,1,13,5,0
18,2,1,13,8,0
18,2,1,13,17,0
18,2,1,13,18,0
19,2,1,13,6,0
19,2,1,13,14,0
20,2,1,13,3,0
20,2,1,13,4,0
20,2,1,13,15,0
20,2,1,13,16,0
21,2,1,13,6,0
21,2,1,13,14,0
21,2,1,13,21,0
22,2,1,13,8,0
22,2,1,13,9,0
22,2,1,13,19,0
23,2,1,13,6,0
23,2,1,13,12,0
23,2,1,13,15,0
23,2,1,13,15,0
23,2,1,13,15,0
24,2,1,13,10,0
24,2,1,13,13,0
24,2,1,13,21,0
24,2,1,13,24,0
24,2,1,13,24,0
25,2,1,13,7,0
25,2,1,13,21,0
26,2,1,13,13,0
26,2,1,13,14,0
26,2,1,13,14,0
26,2,1,13,15,0
26,2,1,13,17,0
26,2,1,13,20,0
26,2,1,13,21,0
27,2,1,13,5,0
27,2,1,13,7,0
27,2,1,13,13,0
27,2,1,13,18,0
27,2,1,13,19,0
27,2,1,13,19,0
27,2,1,13,21,0
27,2,1,13,22,0
27,2,1,13,24,0
27,2,1,13,27,0
28,2,1,13,20,0
28,2,1,13,26,0
28,2,1,13,27,0
28,2,1,13,28,0
28,2,1,13,28,0
29,2,1,13,11,0
29,2,1,13,12,0
29,2,1,13,12,0
29,2,1,13,15,0
29,2,1,13,19,0
29,2,1,13,19,0
29,2,1,13,23,0
30,2,1,13,8,0
30,2,1,13,16,0
30,2,1,13,18,0
30,2,1,13,24,0
30,2,1,13,30,0
30,2,1,13,30,0
30,2,1,13,30,0
31,2,1,13,11,0
31,2,1,13,11,0
31,2,1,13,11,0
31,2,1,13,15,0
31,2,1,13,20,0
31,2,1,13,27,0
31,2,1,13,31,0
31,2,1,13,31,0
32,2,1,13,20,0
32,2,1,13,25,0
32,2,1,13,26,0
32,2,1,13,27,0
32,2,1,13,27,0
32,2,1,13,30,0
32,2,1,13,32,0
32,2,1,13,32,0
33,2,1,13,16,0
33,2,1,13,17,0
33,2,1,13,18,0
33,2,1,13,18,0
33,2,1,13,19,0
33,2,1,13,33,0
34,2,1,13,4,0
34,2,1,13,17,0
34,2,1,13,19,0
34,2,1,13,20,0
34,2,1,13,27,0
34,2,1,13,30,0
34,2,1,13,34,0
35,2,1,13,14,0
35,2,1,13,17,0
35,2,1,13,18,0
35,2,1,13,24,0
35,2,1,13,31,0
35,2,1,13,34,0
35,2,1,13,35,0
35,2,1,13,35,0
35,2,1,13,35,0
36,2,1,13,12,0
36,2,1,13,27,0
36,2,1,13,36,0
36,2,1,13,36,0
37,2,1,13,11,0
37,2,1,13,19,0
37,2,1,13,19,0
37,2,1,13,33,0
37,2,1,13,37,0
37,2,1,13,37,0
38,2,1,13,10,0
38,2,1,13,21,0
38,2,1,13,33,0
38,2,1,13,38,0
39,2,1,13,18,0
39,2,1,13,19,0
39,2,1,13,28,0
39,2,1,13,28,0
39,2,1,13,28,0
39,2,1,13,39,0
40,2,1,13,14,0
40,2,1,13,20,0
40,2,1,13,32,0
40,2,1,13,40,0
41,2,1,13,30,0
41,2,1,13,34,0
42,2,1,13,18,0
42,2,1,13,41,0
42,2,1,13,42,0
43,2,1,13,27,0
43,2,1,13,30,0
43,2,1,13,43,0
43,2,1,13,43,0
44,2,1,13,29,0
44,2,1,13,31,0
44,2,1,13,31,0
44,2,1,13,35,0
46,2,1,13,16,0
46,2,1,13,21,0
47,2,1,13,12,0
47,2,1,13,43,0
48,2,1,13,39,0
49,2,1,13,23,0
49,2,1,13,28,0
49,2,1,13,49,0
50,2,1,13,30,0
51,2,1,13,29,0
51,2,1,13,35,0
51,2,1,13,37,0
51,2,1,13,51,0
53,2,1,13,53,0
55,2,1,13,46,0
55,2,1,13,55,0
57,2,1,13,57,0
58,2,1,13,24,0
64,2,1,13,33,0
64,2,1,13,35,0
64,2,1,13,51,0
67,2,1,13,48,0
67,2,1,13,52,0
70,2,1,13,70,0
71,2,1,13,39,0
87,2,1,13,31,0
16,5,1,13,9,0
17,5,1,13,2,0
18,5,1,13,7,0
18,5,1,13,13,0
19,5,1,13,7,0
19,5,1,13,7,0
19,5,1,13,16,0
21,5,1,13,8,0
21,5,1,13,11,0
22,5,1,13,22,0
23,5,1,13,16,0
23,5,1,13,18,0
23,5,1,13,19,0
24,5,1,13,12,0
25,5,1,13,17,0
26,5,1,13,15,0
26,5,1,13,18,0
26,5,1,13,24,0
27,5,1,13,14,0
27,5,1,13,20,0
28,5,1,13,13,0
28,5,1,13,16,0
28,5,1,13,20,0
29,5,1,13,13,0
29,5,1,13,15,0
29,5,1,13,17,0
29,5,1,13,29,0
30,5,1,13,30,0
31,5,1,13,21,0
31,5,1,13,27,0
31,5,1,13,28,0
32,5,1,13,14,0
32,5,1,13,29,0
32,5,1,13,32,0
33,5,1,13,14,0
33,5,1,13,18,0
33,5,1,13,33,0
33,5,1,13,33,0
34,5,1,13,17,0
34,5,1,13,24,0
34,5,1,13,24,0
35,5,1,13,4,0
35,5,1,13,23,0
35,5,1,13,25,0
35,5,1,13,29,0
35,5,1,13,30,0
35,5,1,13,30,0
36,5,1,13,22,0
36,5,1,13,31,0
37,5,1,13,17,0
37,5,1,13,17,0
38,5,1,13,10,0
38,5,1,13,26,0
38,5,1,13,34,0
39,5,1,13,17,0
39,5,1,13,20,0
39,5,1,13,27,0
39,5,1,13,30,0
39,5,1,13,39,0
40,5,1,13,11,0
40,5,1,13,28,0
40,5,1,13,40,0
40,5,1,13,40,0
41,5,1,13,15,0
41,5,1,13,22,0
41,5,1,13,33,0
41,5,1,13,41,0
42,5,1,13,14,0
42,5,1,13,26,0
42,5,1,13,27,0
42,5,1,13,42,0
43,5,1,13,25,0
43,5,1,13,31,0
44,5,1,13,29,0
44,5,1,13,36,0
44,5,1,13,36,0
47,5,1,13,45,0
48,5,1,13,30,0
48,5,1,13,35,0
49,5,1,13,31,0
50,5,1,13,27,0
50,5,1,13,36,0
50,5,1,13,36,0
50,5,1,13,47,0
51,5,1,13,32,0
51,5,1,13,51,0
52,5,1,13,52,0
54,5,1,13,32,0
55,5,1,13,55,0
57,5,1,13,40,0
58,5,1,13,52,0
61,5,1,13,50,0
64,5,1,13,27,0
71,5,1,13,27,0
71,5,1,13,31,0
83,5,1,13,83,0
104,5,1,13,44,1
14,8,1,13,9,0
15,8,1,13,11,0
25,8,1,13,16,0
25,8,1,13,19,0
26,8,1,13,16,0
27,8,1,13,21,0
29,8,1,13,17,0
29,8,1,13,18,0
29,8,1,13,20,0
29,8,1,13,23,0
29,8,1,13,29,0
30,8,1,13,17,0
31,8,1,13,17,0
31,8,1,13,27,0
34,8,1,13,15,0
37,8,1,13,13,0
39,8,1,13,7,0
39,8,1,13,19,0
39,8,1,13,36,0
41,8,1,13,41,0
43,8,1,13,26,0
45,8,1,13,45,0
57,8,1,13,57,0
58,8,1,13,58,0
16,10,1,13,10,0
23,10,1,13,9,0
27,10,1,13,17,0
29,10,1,13,7,0
29,10,1,13,11,0
30,10,1,13,19,0
31,10,1,13,16,0
33,10,1,13,14,0
38,10,1,13,11,0
41,10,1,13,24,0
56,10,1,13,56,0
60,10,1,13,60,0
22,12,1,13,22,0
31,12,1,13,31,0
39,12,1,13,25,0
47,12,1,13,44,0
77,12,1,13,77,0
58,15,1,13,36,0
82,15,1,13,82,0
31,18,1,13,28,0
43,28,1,13,43,0
51,51,1,13,35,0
15,0,2,13,13,0
19,0,2,13,7,0
19,0,2,13,8,0
20,0,2,13,10,0
21,0,2,13,20,0
21,0,2,13,21,0
23,0,2,13,16,0
24,0,2,13,16,0
25,0,2,13,19,0
26,0,2,13,9,0
26,0,2,13,11,0
26,0,2,13,19,0
26,0,2,13,26,0
27,0,2,13,17,0
27,0,2,13,22,0
28,0,2,13,17,0
29,0,2,13,5,0
29,0,2,13,14,0
29,0,2,13,19,0
29,0,2,13,23,0
31,0,2,13,31,0
31,0,2,13,31,0
31,0,2,13,31,0
32,0,2,13,21,0
33,0,2,13,14,0
34,0,2,13,26,0
34,0,2,13,28,0
34,0,2,13,28,0
35,0,2,13,26,0
35,0,2,13,35,0
36,0,2,13,34,0
37,0,2,13,14,0
38,0,2,13,26,0
39,0,2,13,19,0
39,0,2,13,24,0
41,0,2,13,28,0
41,0,2,13,36,0
41,0,2,13,41,0
42,0,2,13,29,0
42,0,2,13,30,0
42,0,2,13,42,0
44,0,2,13,12,0
44,0,2,13,15,0
44,0,2,13,28,0
45,0,2,13,19,0
45,0,2,13,24,0
46,0,2,13,28,0
46,0,2,13,36,0
46,0,2,13,45,0
56,0,2,13,56,0
61,0,2,13,33,0
64,0,2,13,53,0
64,0,2,13,64,0
67,0,2,13,42,0
13,2,2,13,11,0
15,2,2,13,3,0
16,2,2,13,13,0
19,2,2,13,6,0
19,2,2,13,14,0
19,2,2,13,18,0
20,2,2,13,12,0
20,2,2,13,18,0
20,2,2,13,20,0
21,2,2,13,6,0
22,2,2,13,11,0
22,2,2,13,13,0
22,2,2,13,16,0
23,2,2,13,17,0
24,2,2,13,16,0
24,2,2,13,19,0
24,2,2,13,20,0
24,2,2,13,22,0
26,2,2,13,19,0
26,2,2,13,23,0
27,2,2,13,6,0
27,2,2,13,15,0
27,2,2,13,18,0
27,2,2,13,21,0
27,2,2,13,24,0
27,2,2,13,24,0
27,2,2,13,25,0
27,2,2,13,27,0
27,2,2,13,27,0
28,2,2,13,13,0
28,2,2,13,15,0
28,2,2,13,28,0
28,2,2,13,28,0
28,2,2,13,28,0
29,2,2,13,18,0
29,2,2,13,19,0
29,2,2,13,22,0
29,2,2,13,28,0
29,2,2,13,29,0
30,2,2,13,12,0
30,2,2,13,16,0
30,2,2,13,17,0
30,2,2,13,18,0
30,2,2,13,22,0
30,2,2,13,25,0
31,2,2,13,9,0
31,2,2,13,18,0
31,2,2,13,19,0
31,2,2,13,20,0
31,2,2,13,22,0
31,2,2,13,23,0
31,2,2,13,28,0
31,2,2,13,30,0
31,2,2,13,30,0
31,2,2,13,31,0
32,2,2,13,5,0
32,2,2,13,9,0
32,2,2,13,15,0
32,2,2,13,18,0
32,2,2,13,19,0
32,2,2,13,23,0
32,2,2,13,26,0
32,2,2,13,31,0
32,2,2,13,32,0
33,2,2,13,13,0
33,2,2,13,14,0
33,2,2,13,17,0
33,2,2,13,19,0
33,2,2,13,23,0
33,2,2,13,24,0
33,2,2,13,28,0
33,2,2,13,30,0
33,2,2,13,33,0
34,2,2,13,21,0
34,2,2,13,23,0
34,2,2,13,29,0
34,2,2,13,31,0
35,2,2,13,17,0
35,2,2,13,22,0
35,2,2,13,35,0
36,2,2,13,15,0
36,2,2,13,17,0
36,2,2,13,18,0
36,2,2,13,23,0
36,2,2,13,25,0
36,2,2,13,26,0
36,2,2,13,35,0
36,2,2,13,36,0
36,2,2,13,36,0
37,2,2,13,19,0
37,2,2,13,19,0
37,2,2,13,20,0
37,2,2,13,20,0
37,2,2,13,22,0
37,2,2,13,23,0
37,2,2,13,34,0
37,2,2,13,37,0
38,2,2,13,18,0
38,2,2,13,21,0
38,2,2,13,31,0
38,2,2,13,32,0
38,2,2,13,33,0
38,2,2,13,38,0
38,2,2,13,38,0
39,2,2,13,26,0
39,2,2,13,39,0
39,2,2,13,39,0
40,2,2,13,13,0
40,2,2,13,20,0
40,2,2,13,27,0
40,2,2,13,29,0
40,2,2,13,34,0
40,2,2,13,40,0
41,2,2,13,18,0
41,2,2,13,20,0
41,2,2,13,29,0
41,2,2,13,30,0
41,2,2,13,34,0
41,2,2,13,36,0
41,2,2,13,41,0
41,2,2,13,41,0
42,2,2,13,11,0
42,2,2,13,12,0
42,2,2,13,18,0
42,2,2,13,19,0
42,2,2,13,23,0
42,2,2,13,28,0
42,2,2,13,39,0
42,2,2,13,42,0
42,2,2,13,42,0
43,2,2,13,27,0
43,2,2,13,36,0
43,2,2,13,43,0
44,2,2,13,14,0
44,2,2,13,15,0
44,2,2,13,25,0
44,2,2,13,25,0
44,2,2,13,30,0
44,2,2,13,32,0
44,2,2,13,35,0
44,2,2,13,35,0
44,2,2,13,36,0
44,2,2,13,36,0
44,2,2,13,39,0
44,2,2,13,40,0
44,2,2,13,44,0
44,2,2,13,44,0
45,2,2,13,9,0
45,2,2,13,17,0
45,2,2,13,19,0
45,2,2,13,30,0
45,2,2,13,31,0
45,2,2,13,31,0
45,2,2,13,31,0
45,2,2,13,32,0
45,2,2,13,34,0
45,2,2,13,37,0
45,2,2,13,37,0
45,2,2,13,45,0
45,2,2,13,45,0
46,2,2,13,13,0
46,2,2,13,38,0
46,2,2,13,40,0
46,2,2,13,46,0
46,2,2,13,46,0
46,2,2,13,46,0
46,2,2,13,46,0
47,2,2,13,19,0
47,2,2,13,21,0
47,2,2,13,25,0
47,2,2,13,29,0
47,2,2,13,35,0
47,2,2,13,37,0
47,2,2,13,40,0
47,2,2,13,43,0
47,2,2,13,47,0
48,2,2,13,31,0
48,2,2,13,34,0
48,2,2,13,37,0
48,2,2,13,48,0
48,2,2,13,48,0
48,2,2,13,48,0
49,2,2,13,19,0
49,2,2,13,25,0
49,2,2,13,34,0
49,2,2,13,42,0
49,2,2,13,49,0
50,2,2,13,12,0
50,2,2,13,27,0
50,2,2,13,33,0
50,2,2,13,39,0
50,2,2,13,39,0
50,2,2,13,45,0
51,2,2,13,27,0
51,2,2,13,28,0
51,2,2,13,30,0
51,2,2,13,38,0
51,2,2,13,51,0
52,2,2,13,52,0
52,2,2,13,52,0
53,2,2,13,53,0
53,2,2,13,53,0
53,2,2,13,53,0
54,2,2,13,30,0
54,2,2,13,49,0
54,2,2,13,54,0
54,2,2,13,54,0
55,2,2,13,55,0
55,2,2,13,55,0
55,2,2,13,55,0
56,2,2,13,56,0
57,2,2,13,57,0
58,2,2,13,57,0
58,2,2,13,58,0
59,2,2,13,59,0
61,2,2,13,36,0
61,2,2,13,45,0
61,2,2,13,45,0
64,2,2,13,46,0
64,2,2,13,49,0
64,2,2,13,53,0
66,2,2,13,66,0
67,2,2,13,26,0
67,2,2,13,64,0
68,2,2,13,58,0
71,2,2,13,23,0
71,2,2,13,29,0
71,2,2,13,34,0
71,2,2,13,37,0
71,2,2,13,38,0
71,2,2,13,47,0
74,2,2,13,39,0
74,2,2,13,44,0
74,2,2,13,46,0
74,2,2,13,56,0
74,2,2,13,56,0
75,2,2,13,75,0
77,2,2,13,60,0
80,2,2,13,30,0
80,2,2,13,64,0
84,2,2,13,65,0
89,2,2,13,89,0
92,2,2,13,46,0
93,2,2,13,44,0
143,2,2,13,69,1
15,5,2,13,14,0
22,5,2,13,10,0
27,5,2,13,27,0
29,5,2,13,29,0
30,5,2,13,3,0
30,5,2,13,30,0
31,5,2,13,13,0
31,5,2,13,20,0
31,5,2,13,21,0
31,5,2,13,31,0
32,5,2,13,17,0
32,5,2,13,18,0
32,5,2,13,19,0
32,5,2,13,30,0
32,5,2,13,31,0
34,5,2,13,25,0
34,5,2,13,31,0
35,5,2,13,30,0
35,5,2,13,32,0
36,5,2,13,25,0
36,5,2,13,36,0
37,5,2,13,24,0
37,5,2,13,33,0
39,5,2,13,17,0
39,5,2,13,28,0
39,5,2,13,30,0
39,5,2,13,31,0
39,5,2,13,34,0
39,5,2,13,39,0
40,5,2,13,40,0
41,5,2,13,19,0
41,5,2,13,28,0
42,5,2,13,30,0
43,5,2,13,23,0
43,5,2,13,24,0
43,5,2,13,31,0
43,5,2,13,33,0
43,5,2,13,39,0
43,5,2,13,43,0
44,5,2,13,27,0
44,5,2,13,38,0
44,5,2,13,38,0
46,5,2,13,46,0
46,5,2,13,46,0
46,5,2,13,46,0
47,5,2,13,22,0
47,5,2,13,28,0
47,5,2,13,42,0
47,5,2,13,43,0
47,5,2,13,43,0
48,5,2,13,25,0
48,5,2,13,36,0
48,5,2,13,37,0
48,5,2,13,48,0
49,5,2,13,38,0
49,5,2,13,43,0
49,5,2,13,47,0
49,5,2,13,49,0
49,5,2,13,49,0
50,5,2,13,21,0
51,5,2,13,18,0
51,5,2,13,28,0
51,5,2,13,28,0
51,5,2,13,45,0
52,5,2,13,52,0
52,5,2,13,52,0
52,5,2,13,52,0
56,5,2,13,56,0
57,5,2,13,57,0
58,5,2,13,33,0
58,5,2,13,44,0
58,5,2,13,58,0
58,5,2,13,58,0
59,5,2,13,59,0
59,5,2,13,59,0
59,5,2,13,59,0
61,5,2,13,39,0
61,5,2,13,42,0
61,5,2,13,58,0
61,5,2,13,60,0
61,5,2,13,61,0
62,5,2,13,62,0
62,5,2,13,62,0
64,5,2,13,46,0
64,5,2,13,64,0
65,5,2,13,65,0
66,5,2,13,66,0
67,5,2,13,54,0
71,5,2,13,24,0
71,5,2,13,39,0
71,5,2,13,52,0
71,5,2,13,71,0
74,5,2,13,55,0
74,5,2,13,58,0
77,5,2,13,27,0
80,5,2,13,40,0
87,5,2,13,38,0
87,5,2,13,63,0
87,5,2,13,65,0
97,5,2,13,53,0
100,5,2,13,46,0
101,5,2,13,35,1
108,5,2,13,51,1
22,8,2,13,22,0
24,8,2,13,24,0
27,8,2,13,16,0
30,8,2,13,30,0
35,8,2,13,18,0
35,8,2,13,19,0
36,8,2,13,36,0
37,8,2,13,20,0
39,8,2,13,27,0
40,8,2,13,40,0
41,8,2,13,11,0
42,8,2,13,36,0
44,8,2,13,21,0
44,8,2,13,30,0
45,8,2,13,45,0
47,8,2,13,47,0
49,8,2,13,37,0
50,8,2,13,32,0
51,8,2,13,48,0
53,8,2,13,53,0
54,8,2,13,25,0
61,8,2,13,59,0
77,8,2,13,54,0
80,8,2,13,36,0
83,8,2,13,83,0
101,8,2,13,43,1
101,8,2,13,61,1
115,8,2,13,78,1
146,8,2,13,58,1
28,10,2,13,10,0
28,10,2,13,13,0
32,10,2,13,21,0
37,10,2,13,30,0
38,10,2,13,38,0
40,10,2,13,23,0
42,10,2,13,18,0
44,10,2,13,43,0
47,10,2,13,47,0
53,10,2,13,46,0
80,10,2,13,30,0
91,10,2,13,91,0
97,10,2,13,48,0
54,12,2,13,54,0
97,12,2,13,49,0
27,15,2,13,11,0
69,15,2,13,69,0
93,15,2,13,54,0
38,20,2,13,21,0
47,20,2,13,41,0
28,28,2,13,20,0
77,35,2,13,45,0
38,0,3,13,24,0
46,0,3,13,19,0
47,0,3,13,18,0
55,0,3,13,55,0
22,2,3,13,12,0
23,2,3,13,17,0
26,2,3,13,19,0
28,2,3,13,16,0
30,2,3,13,28,0
31,2,3,13,15,0
32,2,3,13,10,0
32,2,3,13,11,0
32,2,3,13,30,0
33,2,3,13,13,0
33,2,3,13,26,0
33,2,3,13,33,0
34,2,3,13,10,0
34,2,3,13,14,0
34,2,3,13,21,0
34,2,3,13,33,0
35,2,3,13,35,0
36,2,3,13,12,0
36,2,3,13,26,0
38,2,3,13,9,0
38,2,3,13,38,0
39,2,3,13,6,0
39,2,3,13,22,0
40,2,3,13,23,0
41,2,3,13,28,0
41,2,3,13,41,0
42,2,3,13,28,0
42,2,3,13,36,0
43,2,3,13,15,0
43,2,3,13,26,0
43,2,3,13,35,0
43,2,3,13,43,0
44,2,3,13,27,0
44,2,3,13,37,0
44,2,3,13,42,0
46,2,3,13,35,0
47,2,3,13,33,0
47,2,3,13,47,0
48,2,3,13,44,0
48,2,3,13,48,0
50,2,3,13,32,0
50,2,3,13,43,0
51,2,3,13,25,0
52,2,3,13,52,0
52,2,3,13,52,0
53,2,3,13,53,0
54,2,3,13,23,0
54,2,3,13,54,0
54,2,3,13,54,0
55,2,3,13,55,0
55,2,3,13,55,0
55,2,3,13,55,0
55,2,3,13,55,0
55,2,3,13,55,0
56,2,3,13,56,0
58,2,3,13,52,0
58,2,3,13,55,0
58,2,3,13,58,0
59,2,3,13,59,0
59,2,3,13,59,0
59,2,3,13,59,0
60,2,3,13,60,0
60,2,3,13,60,0
61,2,3,13,61,0
64,2,3,13,64,0
65,2,3,13,65,0
66,2,3,13,66,0
67,2,3,13,41,0
68,2,3,13,68,0
71,2,3,13,46,0
71,2,3,13,52,0
71,2,3,13,71,0
71,2,3,13,71,0
71,2,3,13,71,0
72,2,3,13,72,0
74,2,3,13,46,0
74,2,3,13,74,0
80,2,3,13,73,0
81,2,3,13,81,0
84,2,3,13,84,0
87,2,3,13,63,0
87,2,3,13,74,0
87,2,3,13,83,0
97,2,3,13,65,0
97,2,3,13,75,0
104,2,3,13,63,1
104,2,3,13,76,1
108,2,3,13,48,1
108,2,3,13,72,1
115,2,3,13,53,1
122,2,3,13,98,1
126,2,3,13,67,1
29,5,3,13,14,0
44,5,3,13,38,0
47,5,3,13,40,0
49,5,3,13,49,0
51,5,3,13,30,0
51,5,3,13,51,0
52,5,3,13,52,0
54,5,3,13,23,0
54,5,3,13,23,0
55,5,3,13,55,0
56,5,3,13,56,0
56,5,3,13,56,0
59,5,3,13,59,0
60,5,3,13,60,0
61,5,3,13,61,0
61,5,3,13,61,0
62,5,3,13,62,0
64,5,3,13,64,0
67,5,3,13,48,0
68,5,3,13,68,0
72,5,3,13,72,0
74,5,3,13,35,0
77,5,3,13,74,0
80,5,3,13,58,0
80,5,3,13,60,0
80,5,3,13,63,0
84,5,3,13,67,0
84,5,3,13,80,0
97,5,3,13,97,0
101,5,3,13,63,1
105,5,3,13,105,1
112,5,3,13,76,1
118,5,3,13,83,1
44,8,3,13,31,0
44,8,3,13,32,0
59,8,3,13,59,0
74,8,3,13,70,0
80,8,3,13,65,0
84,8,3,13,63,0
87,8,3,13,67,0
97,8,3,13,41,0
132,8,3,13,67,1
159,8,3,13,64,1
53,10,3,13,53,0
97,10,3,13,60,0
104,10,3,13,45,1
140,12,3,13,78,1
71,15,3,13,38,0
112,15,3,13,75,1
24,0,5,13,15,0
28,0,5,13,26,0
43,0,5,13,40,0
51,0,5,13,42,0
27,2,5,13,19,0
34,2,5,13,25,0
38,2,5,13,34,0
39,2,5,13,38,0
40,2,5,13,40,0
41,2,5,13,37,0
43,2,5,13,43,0
43,2,5,13,43,0
43,2,5,13,43,0
43,2,5,13,43,0
49,2,5,13,49,0
53,2,5,13,53,0
54,2,5,13,44,0
55,2,5,13,55,0
65,2,5,13,65,0
72,2,5,13,72,0
74,2,5,13,74,0
82,2,5,13,82,0
93,2,5,13,55,0
122,2,5,13,118,1
53,5,5,13,53,0
69,5,5,13,69,0
72,5,5,13,72,0
90,5,5,13,90,0
108,5,5,13,60,1
79,8,5,13,79,0
80,2,6,13,80,0
155,2,6,13,155,1
138,8,6,13,138,1
23,0,0,15,23,0
22,2,0,15,15,0
23,2,0,15,19,0
25,2,0,15,4,0
25,2,0,15,14,0
26,2,0,15,26,0
46,2,0,15,28,0
39,5,0,15,21,0
44,5,0,15,44,0
37,12,0,15,12,0
15,0,1,15,7,0
15,0,1,15,10,0
17,0,1,15,9,0
18,0,1,15,18,0
19,0,1,15,12,0
19,0,1,15,16,0
20,0,1,15,9,0
21,0,1,15,15,0
22,0,1,15,6,0
22,0,1,15,19,0
22,0,1,15,22,0
22,0,1,15,22,0
24,0,1,15,19,0
24,0,1,15,24,0
24,0,1,15,24,0
25,0,1,15,25,0
27,0,1,15,19,0
27,0,1,15,27,0
28,0,1,15,15,0
28,0,1,15,18,0
28,0,1,15,28,0
29,0,1,15,29,0
30,0,1,15,11,0
30,0,1,15,13,0
30,0,1,15,21,0
31,0,1,15,10,0
31,0,1,15,20,0
32,0,1,15,11,0
32,0,1,15,23,0
32,0,1,15,32,0
33,0,1,15,3,0
33,0,1,15,33,0
33,0,1,15,33,0
34,0,1,15,19,0
34,0,1,15,32,0
37,0,1,15,37,0
39,0,1,15,6,0
39,0,1,15,39,0
40,0,1,15,30,0
42,0,1,15,16,0
42,0,1,15,16,0
42,0,1,15,36,0
42,0,1,15,42,0
43,0,1,15,12,0
51,0,1,15,9,0
51,0,1,15,33,0
58,0,1,15,22,0
90,0,1,15,28,0
90,0,1,15,37,0
15,2,1,15,2,0
15,2,1,15,4,0
15,2,1,15,6,0
15,2,1,15,10,0
16,2,1,15,6,0
16,2,1,15,8,0
16,2,1,15,15,0
17,2,1,15,8,0
17,2,1,15,12,0
19,2,1,15,4,0
19,2,1,15,15,0
19,2,1,15,16,0
19,2,1,15,19,0
20,2,1,15,16,0
21,2,1,15,3,0
21,2,1,15,14,0
21,2,1,15,15,0
21,2,1,15,21,0
21,2,1,15,21,0
22,2,1,15,9,0
22,2,1,15,11,0
22,2,1,15,15,0
22,2,1,15,17,0
22,2,1,15,18,0
22,2,1,15,19,0
23,2,1,15,6,0
23,2,1,15,6,0
23,2,1,15,8,0
23,2,1,15,12,0
23,2,1,15,15,0
23,2,1,15,15,0
23,2,1,15,17,0
23,2,1,15,19,0
23,2,1,15,23,0
24,2,1,15,18,0
24,2,1,15,22,0
24,2,1,15,24,0
24,2,1,15,24,0
25,2,1,15,9,0
25,2,1,15,15,0
25,2,1,15,19,0
26,2,1,15,10,0
26,2,1,15,16,0
26,2,1,15,23,0
27,2,1,15,8,0
27,2,1,15,19,0
27,2,1,15,23,0
27,2,1,15,24,0
27,2,1,15,27,0
28,2,1,15,28,0
28,2,1,15,28,0
28,2,1,15,28,0
29,2,1,15,11,0
29,2,1,15,18,0
29,2,1,15,25,0
29,2,1,15,29,0
30,2,1,15,9,0
30,2,1,15,9,0
30,2,1,15,11,0
30,2,1,15,16,0
30,2,1,15,17,0
30,2,1,15,18,0
30,2,1,15,20,0
30,2,1,15,29,0
30,2,1,15,30,0
30,2,1,15,30,0
31,2,1,15,10,0
31,2,1,15,14,0
31,2,1,15,16,0
31,2,1,15,17,0
31,2,1,15,20,0
31,2,1,15,21,0
31,2,1,15,21,0
31,2,1,15,21,0
31,2,1,15,25,0
31,2,1,15,28,0
32,2,1,15,17,0
32,2,1,15,27,0
32,2,1,15,32,0
33,2,1,15,8,0
33,2,1,15,14,0
33,2,1,15,14,0
33,2,1,15,26,0
34,2,1,15,10,0
34,2,1,15,13,0
34,2,1,15,15,0
34,2,1,15,17,0
34,2,1,15,21,0
34,2,1,15,21,0
34,2,1,15,25,0
34,2,1,15,25,0
35,2,1,15,6,0
35,2,1,15,11,0
35,2,1,15,35,0
35,2,1,15,35,0
36,2,1,15,10,0
36,2,1,15,14,0
36,2,1,15,15,0
36,2,1,15,15,0
36,2,1,15,17,0
36,2,1,15,19,0
36,2,1,15,25,0
36,2,1,15,32,0
36,2,1,15,36,0
36,2,1,15,36,0
36,2,1,15,36,0
37,2,1,15,9,0
37,2,1,15,17,0
37,2,1,15,22,0
37,2,1,15,32,0
37,2,1,15,32,0
38,2,1,15,11,0
38,2,1,15,15,0
38,2,1,15,20,0
38,2,1,15,32,0
39,2,1,15,12,0
39,2,1,15,16,0
39,2,1,15,23,0
40,2,1,15,3,0
40,2,1,15,18,0
40,2,1,15,23,0
40,2,1,15,29,0
40,2,1,15,32,0
41,2,1,15,16,0
41,2,1,15,23,0
41,2,1,15,23,0
41,2,1,15,25,0
41,2,1,15,41,0
42,2,1,15,20,0
42,2,1,15,23,0
43,2,1,15,24,0
44,2,1,15,36,0
45,2,1,15,45,0
46,2,1,15,17,0
46,2,1,15,46,0
47,2,1,15,47,0
51,2,1,15,24,0
51,2,1,15,51,0
53,2,1,15,49,0
54,2,1,15,32,0
57,2,1,15,57,0
60,2,1,15,60,0
62,2,1,15,62,0
67,2,1,15,10,0
67,2,1,15,23,0
74,2,1,15,43,0
79,2,1,15,79,0
84,2,1,15,37,0
84,2,1,15,42,0
129,2,1,15,56,1
16,5,1,15,11,0
17,5,1,15,16,0
20,5,1,15,20,0
21,5,1,15,15,0
22,5,1,15,15,0
22,5,1,15,19,0
22,5,1,15,22,0
25,5,1,15,12,0
25,5,1,15,18,0
25,5,1,15,22,0
26,5,1,15,18,0
26,5,1,15,24,0
27,5,1,15,10,0
27,5,1,15,13,0
27,5,1,15,18,0
27,5,1,15,20,0
27,5,1,15,21,0
28,5,1,15,28,0
28,5,1,15,28,0
29,5,1,15,13,0
30,5,1,15,18,0
30,5,1,15,20,0
31,5,1,15,17,0
31,5,1,15,18,0
31,5,1,15,20,0
31,5,1,15,23,0
31,5,1,15,29,0
32,5,1,15,27,0
32,5,1,15,27,0
33,5,1,15,31,0
35,5,1,15,15,0
35,5,1,15,19,0
35,5,1,15,19,0
35,5,1,15,26,0
35,5,1,15,31,0
35,5,1,15,35,0
36,5,1,15,17,0
36,5,1,15,21,0
36,5,1,15,36,0
37,5,1,15,16,0
37,5,1,15,21,0
37,5,1,15,31,0
37,5,1,15,37,0
38,5,1,15,23,0
38,5,1,15,33,0
39,5,1,15,29,0
39,5,1,15,30,0
39,5,1,15,36,0
40,5,1,15,40,0
41,5,1,15,28,0
41,5,1,15,31,0
42,5,1,15,31,0
43,5,1,15,22,0
43,5,1,15,25,0
43,5,1,15,39,0
43,5,1,15,43,0
44,5,1,15,27,0
44,5,1,15,31,0
44,5,1,15,36,0
44,5,1,15,39,0
44,5,1,15,44,0
45,5,1,15,32,0
46,5,1,15,46,0
51,5,1,15,23,0
51,5,1,15,26,0
51,5,1,15,37,0
52,5,1,15,52,0
54,5,1,15,37,0
54,5,1,15,47,0
58,5,1,15,52,0
61,5,1,15,39,0
63,5,1,15,63,0
71,5,1,15,46,0
90,5,1,15,32,0
19,8,1,15,13,0
19,8,1,15,13,0
19,8,1,15,19,0
21,8,1,15,12,0
23,8,1,15,14,0
24,8,1,15,24,0
25,8,1,15,15,0
26,8,1,15,16,0
27,8,1,15,12,0
27,8,1,15,16,0
31,8,1,15,27,0
33,8,1,15,17,0
33,8,1,15,33,0
35,8,1,15,35,0
37,8,1,15,17,0
40,8,1,15,10,0
42,8,1,15,32,0
44,8,1,15,24,0
22,10,1,15,22,0
30,10,1,15,15,0
33,10,1,15,10,0
34,10,1,15,19,0
39,10,1,15,29,0
40,10,1,15,40,0
44,10,1,15,37,0
83,10,1,15,83,0
87,10,1,15,87,0
21,12,1,15,18,0
21,12,1,15,21,0
29,12,1,15,6,0
82,12,1,15,82,0
20,15,1,15,20,0
26,15,1,15,15,0
43,18,1,15,20,0
89,18,1,15,89,0
46,22,1,15,15,0
51,22,1,15,51,0
15,0,2,15,11,0
16,0,2,15,14,0
19,0,2,15,19,0
20,0,2,15,3,0
20,0,2,15,11,0
20,0,2,15,19,0
22,0,2,15,18,0
22,0,2,15,20,0
23,0,2,15,12,0
24,0,2,15,24,0
25,0,2,15,6,0
25,0,2,15,10,0
26,0,2,15,26,0
26,0,2,15,26,0
26,0,2,15,26,0
28,0,2,15,27,0
30,0,2,15,12,0
30,0,2,15,15,0
30,0,2,15,30,0
30,0,2,15,30,0
31,0,2,15,12,0
31,0,2,15,15,0
31,0,2,15,16,0
32,0,2,15,16,0
33,0,2,15,11,0
33,0,2,15,33,0
34,0,2,15,9,0
34,0,2,15,33,0
35,0,2,15,32,0
35,0,2,15,35,0
37,0,2,15,8,0
37,0,2,15,18,0
37,0,2,15,19,0
37,0,2,15,20,0
37,0,2,15,37,0
38,0,2,15,6,0
38,0,2,15,30,0
39,0,2,15,20,0
39,0,2,15,35,0
40,0,2,15,13,0
41,0,2,15,19,0
41,0,2,15,40,0
43,0,2,15,28,0
43,0,2,15,43,0
44,0,2,15,18,0
44,0,2,15,28,0
44,0,2,15,33,0
44,0,2,15,41,0
44,0,2,15,44,0
45,0,2,15,25,0
46,0,2,15,11,0
48,0,2,15,8,0
49,0,2,15,49,0
50,0,2,15,26,0
50,0,2,15,50,0
51,0,2,15,38,0
53,0,2,15,53,0
53,0,2,15,53,0
54,0,2,15,46,0
54,0,2,15,54,0
61,0,2,15,41,0
69,0,2,15,69,0
87,0,2,15,40,0
15,2,2,15,10,0
17,2,2,15,4,0
17,2,2,15,17,0
19,2,2,15,6,0
20,2,2,15,4,0
20,2,2,15,5,0
20,2,2,15,8,0
20,2,2,15,12,0
21,2,2,15,10,0
22,2,2,15,12,0
22,2,2,15,21,0
22,2,2,15,22,0
23,2,2,15,15,0
23,2,2,15,16,0
24,2,2,15,5,0
24,2,2,15,12,0
24,2,2,15,22,0
25,2,2,15,11,0
25,2,2,15,19,0
25,2,2,15,23,0
25,2,2,15,25,0
26,2,2,15,21,0
26,2,2,15,23,0
26,2,2,15,26,0
26,2,2,15,26,0
27,2,2,15,13,0
27,2,2,15,15,0
27,2,2,15,22,0
27,2,2,15,22,0
27,2,2,15,24,0
27,2,2,15,27,0
27,2,2,15,27,0
28,2,2,15,11,0
28,2,2,15,12,0
28,2,2,15,14,0
28,2,2,15,28,0
29,2,2,15,9,0
29,2,2,15,20,0
29,2,2,15,21,0
29,2,2,15,29,0
30,2,2,15,6,0
30,2,2,15,13,0
30,2,2,15,17,0
30,2,2,15,18,0
30,2,2,15,19,0
30,2,2,15,26,0
30,2,2,15,27,0
30,2,2,15,30,0
31,2,2,15,13,0
31,2,2,15,15,0
31,2,2,15,17,0
31,2,2,15,17,0
31,2,2,15,18,0
31,2,2,15,19,0
31,2,2,15,20,0
31,2,2,15,21,0
31,2,2,15,21,0
31,2,2,15,24,0
31,2,2,15,28,0
32,2,2,15,11,0
32,2,2,15,13,0
32,2,2,15,14,0
32,2,2,15,19,0
32,2,2,15,23,0
32,2,2,15,26,0
33,2,2,15,11,0
33,2,2,15,16,0
33,2,2,15,23,0
33,2,2,15,24,0
33,2,2,15,28,0
33,2,2,15,30,0
33,2,2,15,31,0
33,2,2,15,32,0
33,2,2,15,33,0
34,2,2,15,27,0
34,2,2,15,32,0
35,2,2,15,8,0
35,2,2,15,13,0
35,2,2,15,14,0
35,2,2,15,22,0
35,2,2,15,23,0
35,2,2,15,31,0
35,2,2,15,32,0
35,2,2,15,34,0
35,2,2,15,34,0
35,2,2,15,35,0
35,2,2,15,35,0
36,2,2,15,8,0
36,2,2,15,12,0
36,2,2,15,36,0
36,2,2,15,36,0
36,2,2,15,36,0
36,2,2,15,36,0
37,2,2,15,14,0
37,2,2,15,18,0
37,2,2,15,21,0
37,2,2,15,21,0
37,2,2,15,24,0
37,2,2,15,25,0
37,2,2,15,26,0
37,2,2,15,28,0
37,2,2,15,31,0
37,2,2,15,37,0
38,2,2,15,16,0
38,2,2,15,16,0
38,2,2,15,23,0
38,2,2,15,24,0
38,2,2,15,28,0
38,2,2,15,38,0
38,2,2,15,38,0
39,2,2,15,6,0
39,2,2,15,16,0
39,2,2,15,18,0
39,2,2,15,19,0
39,2,2,15,19,0
39,2,2,15,21,0
39,2,2,15,22,0
39,2,2,15,27,0
39,2,2,15,27,0
39,2,2,15,30,0
39,2,2,15,30,0
39,2,2,15,31,0
39,2,2,15,31,0
39,2,2,15,37,0
39,2,2,15,38,0
40,2,2,15,6,0
40,2,2,15,18,0
40,2,2,15,19,0
40,2,2,15,20,0
40,2,2,15,21,0
40,2,2,15,23,0
40,2,2,15,30,0
40,2,2,15,31,0
40,2,2,15,31,0
40,2,2,15,32,0
40,2,2,15,33,0
40,2,2,15,40,0
40,2,2,15,40,0
40,2,2,15,40,0
41,2,2,15,6,0
41,2,2,15,22,0
41,2,2,15,22,0
41,2,2,15,23,0
41,2,2,15,25,0
41,2,2,15,28,0
41,2,2,15,37,0
41,2,2,15,41,0
41,2,2,15,41,0
42,2,2,15,32,0
42,2,2,15,34,0
42,2,2,15,38,0
42,2,2,15,42,0
43,2,2,15,24,0
43,2,2,15,26,0
43,2,2,15,30,0
43,2,2,15,33,0
43,2,2,15,35,0
43,2,2,15,36,0
43,2,2,15,43,0
43,2,2,15,43,0
44,2,2,15,21,0
44,2,2,15,26,0
44,2,2,15,29,0
44,2,2,15,30,0
44,2,2,15,30,0
44,2,2,15,30,0
44,2,2,15,35,0
44,2,2,15,37,0
44,2,2,15,37,0
44,2,2,15,39,0
44,2,2,15,44,0
44,2,2,15,44,0
44,2,2,15,44,0
45,2,2,15,22,0
45,2,2,15,32,0
45,2,2,15,40,0
45,2,2,15,42,0
45,2,2,15,45,0
45,2,2,15,45,0
45,2,2,15,45,0
46,2,2,15,14,0
46,2,2,15,24,0
46,2,2,15,31,0
46,2,2,15,34,0
46,2,2,15,41,0
46,2,2,15,46,0
46,2,2,15,46,0
47,2,2,15,21,0
47,2,2,15,31,0
47,2,2,15,37,0
47,2,2,15,47,0
48,2,2,15,16,0
48,2,2,15,32,0
48,2,2,15,36,0
48,2,2,15,36,0
48,2,2,15,48,0
48,2,2,15,48,0
48,2,2,15,48,0
49,2,2,15,29,0
49,2,2,15,35,0
49,2,2,15,35,0
49,2,2,15,37,0
49,2,2,15,42,0
49,2,2,15,42,0
49,2,2,15,44,0
49,2,2,15,47,0
49,2,2,15,49,0
49,2,2,15,49,0
49,2,2,15,49,0
50,2,2,15,22,0
50,2,2,15,25,0
50,2,2,15,43,0
50,2,2,15,48,0
50,2,2,15,48,0
50,2,2,15,50,0
51,2,2,15,31,0
51,2,2,15,36,0
51,2,2,15,37,0
51,2,2,15,42,0
51,2,2,15,51,0
51,2,2,15,51,0
51,2,2,15,51,0
51,2,2,15,51,0
51,2,2,15,51,0
52,2,2,15,52,0
53,2,2,15,53,0
53,2,2,15,53,0
54,2,2,15,35,0
54,2,2,15,40,0
54,2,2,15,40,0
54,2,2,15,41,0
54,2,2,15,43,0
54,2,2,15,45,0
54,2,2,15,54,0
55,2,2,15,55,0
55,2,2,15,55,0
56,2,2,15,31,0
56,2,2,15,56,0
57,2,2,15,57,0
57,2,2,15,57,0
57,2,2,15,57,0
58,2,2,15,41,0
58,2,2,15,46,0
58,2,2,15,58,0
58,2,2,15,58,0
60,2,2,15,60,0
61,2,2,15,30,0
61,2,2,15,44,0
61,2,2,15,48,0
61,2,2,15,54,0
61,2,2,15,61,0
61,2,2,15,61,0
61,2,2,15,61,0
61,2,2,15,61,0
64,2,2,15,35,0
64,2,2,15,36,0
64,2,2,15,42,0
65,2,2,15,21,0
65,2,2,15,65,0
65,2,2,15,65,0
66,2,2,15,65,0
67,2,2,15,34,0
67,2,2,15,41,0
67,2,2,15,67,0
68,2,2,15,68,0
71,2,2,15,33,0
71,2,2,15,71,0
72,2,2,15,72,0
74,2,2,15,30,0
74,2,2,15,44,0
74,2,2,15,54,0
74,2,2,15,74,0
77,2,2,15,63,0
77,2,2,15,67,0
80,2,2,15,45,0
81,2,2,15,81,0
84,2,2,15,29,0
84,2,2,15,58,0
84,2,2,15,62,0
87,2,2,15,65,0
87,2,2,15,87,0
90,2,2,15,45,0
93,2,2,15,52,0
97,2,2,15,48,0
97,2,2,15,73,0
101,2,2,15,33,1
101,2,2,15,41,1
101,2,2,15,63,1
104,2,2,15,104,1
107,2,2,15,45,1
108,2,2,15,52,1
126,2,2,15,77,1
18,5,2,15,8,0
18,5,2,15,18,0
19,5,2,15,12,0
20,5,2,15,18,0
20,5,2,15,20,0
21,5,2,15,21,0
22,5,2,15,16,0
22,5,2,15,22,0
23,5,2,15,14,0
23,5,2,15,21,0
24,5,2,15,3,0
24,5,2,15,15,0
25,5,2,15,25,0
27,5,2,15,14,0
29,5,2,15,6,0
29,5,2,15,26,0
31,5,2,15,11,0
31,5,2,15,31,0
31,5,2,15,31,0
32,5,2,15,31,0
32,5,2,15,32,0
33,5,2,15,10,0
33,5,2,15,17,0
34,5,2,15,29,0
34,5,2,15,34,0
35,5,2,15,21,0
35,5,2,15,23,0
36,5,2,15,18,0
36,5,2,15,32,0
36,5,2,15,36,0
36,5,2,15,36,0
37,5,2,15,21,0
37,5,2,15,24,0
37,5,2,15,37,0
38,5,2,15,20,0
38,5,2,15,25,0
38,5,2,15,27,0
38,5,2,15,35,0
39,5,2,15,25,0
40,5,2,15,15,0
40,5,2,15,15,0
40,5,2,15,23,0
41,5,2,15,35,0
41,5,2,15,41,0
42,5,2,15,4,0
42,5,2,15,29,0
42,5,2,15,35,0
42,5,2,15,42,0
43,5,2,15,13,0
43,5,2,15,26,0
43,5,2,15,28,0
43,5,2,15,31,0
43,5,2,15,43,0
44,5,2,15,23,0
44,5,2,15,38,0
44,5,2,15,38,0
44,5,2,15,39,0
45,5,2,15,24,0
45,5,2,15,25,0
45,5,2,15,45,0
45,5,2,15,45,0
45,5,2,15,45,0
46,5,2,15,39,0
46,5,2,15,46,0
46,5,2,15,46,0
46,5,2,15,46,0
47,5,2,15,22,0
47,5,2,15,34,0
48,5,2,15,45,0
48,5,2,15,46,0
49,5,2,15,29,0
49,5,2,15,30,0
49,5,2,15,49,0
49,5,2,15,49,0
50,5,2,15,42,0
50,5,2,15,50,0
51,5,2,15,27,0
51,5,2,15,37,0
51,5,2,15,40,0
51,5,2,15,41,0
51,5,2,15,49,0
51,5,2,15,51,0
51,5,2,15,51,0
52,5,2,15,52,0
52,5,2,15,52,0
53,5,2,15,53,0
54,5,2,15,29,0
54,5,2,15,44,0
54,5,2,15,54,0
55,5,2,15,55,0
55,5,2,15,55,0
56,5,2,15,56,0
56,5,2,15,56,0
57,5,2,15,57,0
57,5,2,15,57,0
58,5,2,15,36,0
58,5,2,15,40,0
58,5,2,15,43,0
58,5,2,15,44,0
58,5,2,15,54,0
59,5,2,15,59,0
61,5,2,15,43,0
61,5,2,15,44,0
61,5,2,15,61,0
62,5,2,15,62,0
63,5,2,15,63,0
63,5,2,15,63,0
64,5,2,15,48,0
64,5,2,15,55,0
64,5,2,15,56,0
64,5,2,15,56,0
67,5,2,15,39,0
67,5,2,15,43,0
67,5,2,15,53,0
67,5,2,15,67,0
67,5,2,15,67,0
71,5,2,15,23,0
73,5,2,15,35,0
74,5,2,15,74,0
75,5,2,15,75,0
77,5,2,15,49,0
77,5,2,15,77,0
80,5,2,15,51,0
84,5,2,15,32,0
85,5,2,15,63,0
87,5,2,15,87,0
90,5,2,15,62,0
93,5,2,15,54,0
93,5,2,15,62,0
93,5,2,15,68,0
97,5,2,15,31,0
100,5,2,15,43,0
101,5,2,15,45,1
115,5,2,15,45,1
115,5,2,15,55,1
126,5,2,15,37,1
159,5,2,15,57,1
19,8,2,15,15,0
25,8,2,15,25,0
27,8,2,15,11,0
27,8,2,15,22,0
29,8,2,15,29,0
31,8,2,15,14,0
32,8,2,15,17,0
35,8,2,15,27,0
36,8,2,15,36,0
37,8,2,15,34,0
38,8,2,15,19,0
39,8,2,15,18,0
39,8,2,15,38,0
40,8,2,15,40,0
41,8,2,15,41,0
41,8,2,15,41,0
42,8,2,15,42,0
43,8,2,15,43,0
44,8,2,15,44,0
46,8,2,15,23,0
46,8,2,15,46,0
46,8,2,15,46,0
47,8,2,15,42,0
48,8,2,15,31,0
48,8,2,15,33,0
49,8,2,15,38,0
50,8,2,15,44,0
51,8,2,15,37,0
51,8,2,15,46,0
51,8,2,15,51,0
51,8,2,15,51,0
51,8,2,15,51,0
52,8,2,15,52,0
54,8,2,15,38,0
58,8,2,15,34,0
58,8,2,15,49,0
58,8,2,15,58,0
60,8,2,15,60,0
60,8,2,15,60,0
61,8,2,15,42,0
61,8,2,15,43,0
61,8,2,15,61,0
63,8,2,15,63,0
67,8,2,15,22,0
67,8,2,15,28,0
70,8,2,15,70,0
71,8,2,15,31,0
73,8,2,15,73,0
74,8,2,15,74,0
76,8,2,15,76,0
76,8,2,15,76,0
80,8,2,15,35,0
80,8,2,15,54,0
87,8,2,15,52,0
87,8,2,15,59,0
100,8,2,15,63,0
101,8,2,15,60,1
25,10,2,15,14,0
31,10,2,15,11,0
33,10,2,15,14,0
35,10,2,15,35,0
38,10,2,15,14,0
39,10,2,15,16,0
39,10,2,15,39,0
42,10,2,15,29,0
45,10,2,15,30,0
48,10,2,15,27,0
48,10,2,15,36,0
50,10,2,15,29,0
60,10,2,15,60,0
61,10,2,15,60,0
67,10,2,15,67,0
69,10,2,15,69,0
71,10,2,15,53,0
71,10,2,15,71,0
74,10,2,15,24,0
75,10,2,15,75,0
77,10,2,15,29,0
78,10,2,15,78,0
90,10,2,15,34,0
100,10,2,15,43,0
143,10,2,15,65,1
48,12,2,15,35,0
51,12,2,15,26,0
30,15,2,15,30,0
39,15,2,15,39,0
31,0,3,15,20,0
31,0,3,15,29,0
31,0,3,15,31,0
34,0,3,15,28,0
36,0,3,15,36,0
40,0,3,15,15,0
40,0,3,15,30,0
42,0,3,15,32,0
43,0,3,15,25,0
44,0,3,15,36,0
44,0,3,15,44,0
46,0,3,15,39,0
47,0,3,15,47,0
48,0,3,15,48,0
57,0,3,15,57,0
67,0,3,15,35,0
67,0,3,15,50,0
71,0,3,15,49,0
72,0,3,15,72,0
77,0,3,15,60,0
78,0,3,15,78,0
100,0,3,15,66,0
22,2,3,15,21,0
24,2,3,15,17,0
25,2,3,15,24,0
26,2,3,15,26,0
28,2,3,15,9,0
29,2,3,15,29,0
30,2,3,15,10,0
30,2,3,15,27,0
30,2,3,15,27,0
31,2,3,15,8,0
31,2,3,15,23,0
31,2,3,15,28,0
32,2,3,15,14,0
32,2,3,15,19,0
32,2,3,15,31,0
33,2,3,15,17,0
33,2,3,15,29,0
34,2,3,15,32,0
35,2,3,15,31,0
35,2,3,15,33,0
36,2,3,15,6,0
37,2,3,15,31,0
37,2,3,15,37,0
38,2,3,15,35,0
38,2,3,15,38,0
40,2,3,15,40,0
41,2,3,15,16,0
41,2,3,15,28,0
41,2,3,15,34,0
41,2,3,15,36,0
42,2,3,15,22,0
42,2,3,15,33,0
42,2,3,15,38,0
43,2,3,15,43,0
44,2,3,15,44,0
45,2,3,15,39,0
45,2,3,15,44,0
45,2,3,15,45,0
46,2,3,15,46,0
47,2,3,15,22,0
48,2,3,15,18,0
48,2,3,15,48,0
49,2,3,15,44,0
49,2,3,15,49,0
49,2,3,15,49,0
49,2,3,15,49,0
50,2,3,15,7,0
51,2,3,15,37,0
52,2,3,15,52,0
54,2,3,15,38,0
55,2,3,15,55,0
58,2,3,15,58,0
59,2,3,15,36,0
60,2,3,15,60,0
61,2,3,15,52,0
61,2,3,15,61,0
62,2,3,15,62,0
62,2,3,15,62,0
62,2,3,15,62,0
64,2,3,15,34,0
65,2,3,15,65,0
67,2,3,15,56,0
67,2,3,15,67,0
68,2,3,15,38,0
69,2,3,15,69,0
69,2,3,15,69,0
70,2,3,15,70,0
74,2,3,15,55,0
74,2,3,15,55,0
74,2,3,15,61,0
74,2,3,15,67,0
74,2,3,15,71,0
77,2,3,15,55,0
77,2,3,15,69,0
80,2,3,15,58,0
80,2,3,15,63,0
84,2,3,15,53,0
86,2,3,15,86,0
87,2,3,15,76,0
90,2,3,15,61,0
90,2,3,15,62,0
91,2,3,15,91,0
93,2,3,15,48,0
104,2,3,15,68,1
104,2,3,15,76,1
115,2,3,15,69,1
118,2,3,15,58,1
126,2,3,15,64,1
150,2,3,15,67,1
28,5,3,15,12,0
34,5,3,15,31,0
35,5,3,15,24,0
36,5,3,15,20,0
37,5,3,15,20,0
37,5,3,15,27,0
38,5,3,15,26,0
39,5,3,15,28,0
39,5,3,15,39,0
42,5,3,15,42,0
43,5,3,15,30,0
44,5,3,15,44,0
45,5,3,15,29,0
46,5,3,15,46,0
47,5,3,15,47,0
48,5,3,15,15,0
48,5,3,15,27,0
48,5,3,15,42,0
48,5,3,15,48,0
53,5,3,15,53,0
54,5,3,15,30,0
54,5,3,15,47,0
55,5,3,15,55,0
55,5,3,15,55,0
55,5,3,15,55,0
56,5,3,15,56,0
57,5,3,15,57,0
57,5,3,15,57,0
60,5,3,15,60,0
64,5,3,15,57,0
64,5,3,15,64,0
64,5,3,15,64,0
66,5,3,15,61,0
67,5,3,15,38,0
67,5,3,15,66,0
68,5,3,15,68,0
69,5,3,15,69,0
76,5,3,15,76,0
76,5,3,15,76,0
87,5,3,15,59,0
90,5,3,15,74,0
104,5,3,15,41,1
104,5,3,15,104,1
108,5,3,15,66,1
108,5,3,15,71,1
112,5,3,15,54,1
115,5,3,15,65,1
115,5,3,15,80,1
143,5,3,15,61,1
31,8,3,15,21,0
36,8,3,15,24,0
41,8,3,15,41,0
52,8,3,15,52,0
52,8,3,15,52,0
53,8,3,15,53,0
54,8,3,15,54,0
55,8,3,15,55,0
56,8,3,15,56,0
57,8,3,15,57,0
61,8,3,15,61,0
64,8,3,15,64,0
78,8,3,15,78,0
90,8,3,15,56,0
101,8,3,15,67,1
129,8,3,15,75,1
146,8,3,15,84,1
36,10,3,15,20,0
58,10,3,15,22,0
58,10,3,15,58,0
64,10,3,15,55,0
97,10,3,15,92,0
104,10,3,15,104,1
108,10,3,15,81,1
61,12,3,15,40,0
202,12,3,15,79,1
92,18,3,15,92,0
20,20,3,15,14,0
39,20,3,15,30,0
77,20,3,15,33,0
47,0,5,15,37,0
52,0,5,15,52,0
53,0,5,15,53,0
68,0,5,15,68,0
92,0,5,15,92,0
24,2,5,15,21,0
26,2,5,15,15,0
32,2,5,15,27,0
33,2,5,15,22,0
33,2,5,15,33,0
42,2,5,15,42,0
44,2,5,15,44,0
46,2,5,15,46,0
46,2,5,15,46,0
47,2,5,15,32,0
48,2,5,15,48,0
55,2,5,15,55,0
64,2,5,15,64,0
68,2,5,15,68,0
68,2,5,15,68,0
76,2,5,15,76,0
77,2,5,15,77,0
80,2,5,15,52,0
80,2,5,15,80,0
84,2,5,15,51,0
99,2,5,15,99,0
102,2,5,15,102,1
109,2,5,15,109,1
115,2,5,15,62,1
28,5,5,15,28,0
32,5,5,15,24,0
41,5,5,15,41,0
56,5,5,15,56,0
62,5,5,15,62,0
63,5,5,15,63,0
69,5,5,15,69,0
69,5,5,15,69,0
85,5,5,15,85,0
95,5,5,15,95,0
97,5,5,15,81,0
111,5,5,15,111,1
118,5,5,15,118,1
62,8,5,15,62,0
67,8,5,15,60,0
71,8,5,15,71,0
90,10,5,15,65,0
100,10,5,15,94,0
71,12,5,15,34,0
129,12,5,15,65,1
37,2,6,15,37,0
44,2,6,15,44,0
98,2,6,15,98,0
117,2,6,15,117,1
126,2,6,15,126,1
127,2,6,15,127,1
71,5,6,15,68,0
85,5,6,15,85,0
107,8,6,15,107,1
109,2,7,15,109,1
112,8,7,15,112,1
28,2,0,17,20,0
31,5,0,17,28,0
71,5,0,17,71,0
24,8,0,17,16,0
30,8,0,17,8,0
34,10,0,17,24,0
76,10,0,17,76,0
17,0,1,17,7,0
17,0,1,17,13,0
18,0,1,17,11,0
20,0,1,17,7,0
20,0,1,17,15,0
22,0,1,17,8,0
22,0,1,17,18,0
22,0,1,17,22,0
26,0,1,17,17,0
26,0,1,17,26,0
27,0,1,17,20,0
27,0,1,17,21,0
28,0,1,17,5,0
28,0,1,17,16,0
30,0,1,17,13,0
30,0,1,17,15,0
30,0,1,17,18,0
30,0,1,17,30,0
31,0,1,17,18,0
31,0,1,17,31,0
32,0,1,17,18,0
32,0,1,17,22,0
32,0,1,17,32,0
33,0,1,17,6,0
33,0,1,17,16,0
33,0,1,17,18,0
34,0,1,17,17,0
34,0,1,17,20,0
35,0,1,17,20,0
36,0,1,17,5,0
37,0,1,17,7,0
38,0,1,17,32,0
42,0,1,17,8,0
42,0,1,17,24,0
43,0,1,17,6,0
47,0,1,17,20,0
49,0,1,17,25,0
17,2,1,17,4,0
17,2,1,17,8,0
17,2,1,17,12,0
17,2,1,17,14,0
17,2,1,17,15,0
19,2,1,17,4,0
19,2,1,17,16,0
19,2,1,17,19,0
21,2,1,17,15,0
22,2,1,17,12,0
22,2,1,17,14,0
22,2,1,17,14,0
22,2,1,17,19,0
23,2,1,17,18,0
23,2,1,17,22,0
24,2,1,17,11,0
24,2,1,17,11,0
24,2,1,17,12,0
24,2,1,17,12,0
25,2,1,17,14,0
25,2,1,17,23,0
26,2,1,17,18,0
26,2,1,17,23,0
26,2,1,17,26,0
26,2,1,17,26,0
27,2,1,17,13,0
27,2,1,17,20,0
27,2,1,17,27,0
28,2,1,17,13,0
28,2,1,17,25,0
28,2,1,17,28,0
29,2,1,17,16,0
30,2,1,17,20,0
30,2,1,17,25,0
30,2,1,17,30,0
30,2,1,17,30,0
31,2,1,17,15,0
31,2,1,17,17,0
31,2,1,17,19,0
31,2,1,17,20,0
31,2,1,17,20,0
31,2,1,17,28,0
32,2,1,17,14,0
32,2,1,17,21,0
32,2,1,17,32,0
33,2,1,17,6,0
33,2,1,17,19,0
33,2,1,17,26,0
33,2,1,17,31,0
34,2,1,17,4,0
34,2,1,17,8,0
34,2,1,17,19,0
34,2,1,17,25,0
34,2,1,17,28,0
34,2,1,17,33,0
35,2,1,17,13,0
35,2,1,17,19,0
35,2,1,17,32,0
36,2,1,17,15,0
36,2,1,17,21,0
36,2,1,17,23,0
36,2,1,17,31,0
37,2,1,17,23,0
37,2,1,17,34,0
38,2,1,17,10,0
38,2,1,17,24,0
38,2,1,17,27,0
38,2,1,17,32,0
39,2,1,17,29,0
39,2,1,17,39,0
39,2,1,17,39,0
40,2,1,17,15,0
40,2,1,17,34,0
41,2,1,17,18,0
41,2,1,17,31,0
42,2,1,17,22,0
42,2,1,17,33,0
42,2,1,17,34,0
43,2,1,17,32,0
44,2,1,17,16,0
44,2,1,17,38,0
45,2,1,17,36,0
45,2,1,17,39,0
46,2,1,17,23,0
47,2,1,17,28,0
48,2,1,17,25,0
52,2,1,17,52,0
53,2,1,17,36,0
54,2,1,17,29,0
55,2,1,17,55,0
64,2,1,17,36,0
67,2,1,17,38,0
71,2,1,17,35,0
73,2,1,17,73,0
100,2,1,17,36,0
17,5,1,17,8,0
21,5,1,17,10,0
21,5,1,17,21,0
23,5,1,17,23,0
24,5,1,17,24,0
26,5,1,17,18,0
26,5,1,17,26,0
27,5,1,17,21,0
27,5,1,17,25,0
28,5,1,17,11,0
29,5,1,17,19,0
29,5,1,17,21,0
29,5,1,17,21,0
29,5,1,17,25,0
29,5,1,17,28,0
30,5,1,17,25,0
30,5,1,17,30,0
30,5,1,17,30,0
31,5,1,17,22,0
32,5,1,17,10,0
32,5,1,17,32,0
32,5,1,17,32,0
32,5,1,17,32,0
33,5,1,17,26,0
35,5,1,17,28,0
36,5,1,17,28,0
37,5,1,17,16,0
37,5,1,17,37,0
38,5,1,17,9,0
38,5,1,17,18,0
38,5,1,17,21,0
38,5,1,17,38,0
38,5,1,17,38,0
38,5,1,17,38,0
40,5,1,17,38,0
41,5,1,17,24,0
41,5,1,17,41,0
42,5,1,17,21,0
42,5,1,17,29,0
43,5,1,17,24,0
43,5,1,17,25,0
44,5,1,17,10,0
44,5,1,17,19,0
44,5,1,17,33,0
44,5,1,17,44,0
45,5,1,17,28,0
45,5,1,17,30,0
47,5,1,17,44,0
47,5,1,17,47,0
49,5,1,17,33,0
50,5,1,17,35,0
50,5,1,17,46,0
51,5,1,17,51,0
54,5,1,17,46,0
61,5,1,17,48,0
68,5,1,17,68,0
17,8,1,17,8,0
17,8,1,17,9,0
18,8,1,17,17,0
29,8,1,17,14,0
30,8,1,17,13,0
30,8,1,17,27,0
31,8,1,17,10,0
31,8,1,17,15,0
32,8,1,17,18,0
38,8,1,17,26,0
40,8,1,17,20,0
40,8,1,17,32,0
42,8,1,17,39,0
44,8,1,17,30,0
44,8,1,17,44,0
46,8,1,17,34,0
50,8,1,17,48,0
53,8,1,17,53,0
58,8,1,17,18,0
58,8,1,17,58,0
64,8,1,17,43,0
27,10,1,17,21,0
30,10,1,17,6,0
31,10,1,17,8,0
33,10,1,17,24,0
34,10,1,17,14,0
34,10,1,17,34,0
35,10,1,17,35,0
35,10,1,17,35,0
37,10,1,17,17,0
25,12,1,17,16,0
36,12,1,17,21,0
90,12,1,17,44,0
35,15,1,17,21,0
22,18,1,17,22,0
24,18,1,17,22,0
36,18,1,17,36,0
39,18,1,17,39,0
58,25,1,17,46,0
48,48,1,17,19,0
17,0,2,17,6,0
17,0,2,17,7,0
19,0,2,17,17,0
20,0,2,17,20,0
21,0,2,17,16,0
22,0,2,17,17,0
22,0,2,17,20,0
24,0,2,17,23,0
24,0,2,17,24,0
25,0,2,17,6,0
25,0,2,17,15,0
25,0,2,17,16,0
25,0,2,17,20,0
26,0,2,17,15,0
27,0,2,17,7,0
27,0,2,17,14,0
28,0,2,17,12,0
29,0,2,17,9,0
29,0,2,17,24,0
30,0,2,17,26,0
30,0,2,17,26,0
31,0,2,17,3,0
31,0,2,17,16,0
31,0,2,17,20,0
31,0,2,17,22,0
31,0,2,17,31,0
32,0,2,17,23,0
32,0,2,17,32,0
33,0,2,17,21,0
33,0,2,17,23,0
33,0,2,17,26,0
34,0,2,17,13,0
34,0,2,17,20,0
34,0,2,17,34,0
35,0,2,17,8,0
35,0,2,17,13,0
35,0,2,17,24,0
35,0,2,17,28,0
36,0,2,17,26,0
36,0,2,17,32,0
36,0,2,17,36,0
37,0,2,17,13,0
37,0,2,17,22,0
37,0,2,17,27,0
37,0,2,17,37,0
38,0,2,17,16,0
38,0,2,17,22,0
39,0,2,17,4,0
39,0,2,17,19,0
39,0,2,17,24,0
39,0,2,17,30,0
39,0,2,17,32,0
44,0,2,17,31,0
44,0,2,17,35,0
45,0,2,17,28,0
49,0,2,17,34,0
50,0,2,17,50,0
51,0,2,17,34,0
51,0,2,17,51,0
52,0,2,17,52,0
54,0,2,17,44,0
54,0,2,17,53,0
54,0,2,17,54,0
74,0,2,17,62,0
76,0,2,17,76,0
17,2,2,17,7,0
17,2,2,17,9,0
17,2,2,17,11,0
18,2,2,17,6,0
19,2,2,17,7,0
19,2,2,17,17,0
19,2,2,17,19,0
19,2,2,17,19,0
20,2,2,17,14,0
20,2,2,17,15,0
20,2,2,17,18,0
20,2,2,17,19,0
21,2,2,17,6,0
21,2,2,17,21,0
22,2,2,17,1,0
22,2,2,17,9,0
23,2,2,17,7,0
23,2,2,17,12,0
23,2,2,17,16,0
23,2,2,17,22,0
24,2,2,17,15,0
24,2,2,17,24,0
24,2,2,17,24,0
25,2,2,17,23,0
26,2,2,17,20,0
26,2,2,17,22,0
27,2,2,17,15,0
27,2,2,17,19,0
27,2,2,17,26,0
28,2,2,17,16,0
28,2,2,17,28,0
29,2,2,17,8,0
29,2,2,17,13,0
29,2,2,17,16,0
29,2,2,17,16,0
29,2,2,17,17,0
29,2,2,17,19,0
29,2,2,17,29,0
30,2,2,17,14,0
30,2,2,17,19,0
30,2,2,17,24,0
30,2,2,17,25,0
30,2,2,17,26,0
30,2,2,17,29,0
30,2,2,17,30,0
30,2,2,17,30,0
31,2,2,17,6,0
31,2,2,17,8,0
31,2,2,17,11,0
31,2,2,17,12,0
31,2,2,17,16,0
31,2,2,17,16,0
31,2,2,17,16,0
31,2,2,17,17,0
31,2,2,17,18,0
31,2,2,17,18,0
31,2,2,17,19,0
31,2,2,17,19,0
31,2,2,17,22,0
31,2,2,17,22,0
31,2,2,17,23,0
31,2,2,17,23,0
31,2,2,17,27,0
31,2,2,17,27,0
31,2,2,17,28,0
31,2,2,17,31,0
31,2,2,17,31,0
31,2,2,17,31,0
31,2,2,17,31,0
32,2,2,17,7,0
32,2,2,17,11,0
32,2,2,17,11,0
32,2,2,17,12,0
32,2,2,17,15,0
32,2,2,17,16,0
32,2,2,17,21,0
32,2,2,17,32,0
32,2,2,17,32,0
32,2,2,17,32,0
33,2,2,17,16,0
33,2,2,17,18,0
33,2,2,17,23,0
33,2,2,17,28,0
34,2,2,17,7,0
34,2,2,17,14,0
34,2,2,17,17,0
34,2,2,17,21,0
35,2,2,17,9,0
35,2,2,17,12,0
35,2,2,17,16,0
35,2,2,17,19,0
35,2,2,17,29,0
35,2,2,17,30,0
35,2,2,17,31,0
35,2,2,17,34,0
35,2,2,17,35,0
35,2,2,17,35,0
35,2,2,17,35,0
36,2,2,17,18,0
36,2,2,17,21,0
36,2,2,17,24,0
36,2,2,17,24,0
36,2,2,17,31,0
37,2,2,17,3,0
37,2,2,17,12,0
37,2,2,17,14,0
37,2,2,17,17,0
37,2,2,17,32,0
37,2,2,17,35,0
38,2,2,17,12,0
38,2,2,17,21,0
38,2,2,17,23,0
38,2,2,17,28,0
38,2,2,17,28,0
38,2,2,17,31,0
38,2,2,17,35,0
38,2,2,17,36,0
38,2,2,17,36,0
39,2,2,17,23,0
39,2,2,17,25,0
39,2,2,17,29,0
39,2,2,17,39,0
39,2,2,17,39,0
40,2,2,17,19,0
40,2,2,17,34,0
40,2,2,17,34,0
40,2,2,17,35,0
41,2,2,17,15,0
41,2,2,17,18,0
41,2,2,17,22,0
41,2,2,17,24,0
41,2,2,17,33,0
41,2,2,17,37,0
42,2,2,17,15,0
42,2,2,17,28,0
42,2,2,17,31,0
42,2,2,17,31,0
42,2,2,17,33,0
42,2,2,17,40,0
43,2,2,17,11,0
43,2,2,17,16,0
43,2,2,17,25,0
43,2,2,17,41,0
43,2,2,17,41,0
43,2,2,17,41,0
43,2,2,17,42,0
44,2,2,17,23,0
44,2,2,17,25,0
44,2,2,17,28,0
44,2,2,17,28,0
44,2,2,17,29,0
44,2,2,17,32,0
44,2,2,17,34,0
44,2,2,17,35,0
44,2,2,17,36,0
44,2,2,17,38,0
44,2,2,17,39,0
44,2,2,17,39,0
44,2,2,17,41,0
44,2,2,17,44,0
44,2,2,17,44,0
45,2,2,17,15,0
45,2,2,17,30,0
45,2,2,17,35,0
45,2,2,17,37,0
47,2,2,17,17,0
47,2,2,17,40,0
47,2,2,17,40,0
47,2,2,17,47,0
48,2,2,17,11,0
48,2,2,17,19,0
48,2,2,17,24,0
48,2,2,17,32,0
48,2,2,17,37,0
48,2,2,17,39,0
48,2,2,17,40,0
48,2,2,17,42,0
48,2,2,17,48,0
49,2,2,17,10,0
49,2,2,17,36,0
49,2,2,17,36,0
49,2,2,17,44,0
49,2,2,17,49,0
49,2,2,17,49,0
50,2,2,17,20,0
50,2,2,17,23,0
50,2,2,17,26,0
50,2,2,17,29,0
50,2,2,17,48,0
51,2,2,17,16,0
51,2,2,17,30,0
51,2,2,17,51,0
52,2,2,17,52,0
52,2,2,17,52,0
52,2,2,17,52,0
53,2,2,17,53,0
54,2,2,17,31,0
54,2,2,17,39,0
54,2,2,17,41,0
54,2,2,17,44,0
54,2,2,17,54,0
54,2,2,17,54,0
55,2,2,17,55,0
55,2,2,17,55,0
56,2,2,17,56,0
56,2,2,17,56,0
58,2,2,17,24,0
58,2,2,17,36,0
58,2,2,17,43,0
58,2,2,17,43,0
58,2,2,17,47,0
58,2,2,17,50,0
58,2,2,17,58,0
58,2,2,17,58,0
61,2,2,17,21,0
61,2,2,17,44,0
61,2,2,17,48,0
61,2,2,17,48,0
61,2,2,17,61,0
62,2,2,17,62,0
64,2,2,17,34,0
64,2,2,17,39,0
64,2,2,17,45,0
64,2,2,17,50,0
64,2,2,17,51,0
64,2,2,17,56,0
64,2,2,17,64,0
64,2,2,17,64,0
65,2,2,17,65,0
65,2,2,17,65,0
66,2,2,17,66,0
67,2,2,17,26,0
67,2,2,17,53,0
67,2,2,17,59,0
67,2,2,17,67,0
67,2,2,17,67,0
67,2,2,17,67,0
71,2,2,17,31,0
71,2,2,17,52,0
71,2,2,17,58,0
71,2,2,17,71,0
73,2,2,17,73,0
74,2,2,17,30,0
74,2,2,17,60,0
74,2,2,17,62,0
75,2,2,17,75,0
75,2,2,17,75,0
77,2,2,17,25,0
77,2,2,17,31,0
77,2,2,17,33,0
77,2,2,17,38,0
77,2,2,17,56,0
80,2,2,17,42,0
80,2,2,17,53,0
84,2,2,17,30,0
84,2,2,17,39,0
84,2,2,17,55,0
84,2,2,17,62,0
86,2,2,17,86,0
87,2,2,17,51,0
87,2,2,17,62,0
90,2,2,17,19,0
90,2,2,17,55,0
93,2,2,17,55,0
97,2,2,17,26,0
100,2,2,17,31,0
101,2,2,17,45,1
104,2,2,17,38,1
104,2,2,17,48,1
115,2,2,17,82,1
122,2,2,17,47,1
19,5,2,17,3,0
21,5,2,17,12,0
23,5,2,17,23,0
24,5,2,17,3,0
24,5,2,17,21,0
27,5,2,17,24,0
28,5,2,17,23,0
28,5,2,17,28,0
29,5,2,17,9,0
29,5,2,17,10,0
29,5,2,17,15,0
30,5,2,17,14,0
30,5,2,17,17,0
30,5,2,17,19,0
30,5,2,17,30,0
31,5,2,17,8,0
31,5,2,17,13,0
31,5,2,17,23,0
32,5,2,17,19,0
32,5,2,17,23,0
32,5,2,17,24,0
33,5,2,17,10,0
33,5,2,17,12,0
33,5,2,17,15,0
33,5,2,17,28,0
34,5,2,17,24,0
34,5,2,17,26,0
34,5,2,17,30,0
35,5,2,17,10,0
35,5,2,17,22,0
35,5,2,17,35,0
36,5,2,17,23,0
36,5,2,17,31,0
36,5,2,17,36,0
36,5,2,17,36,0
37,5,2,17,27,0
37,5,2,17,31,0
38,5,2,17,11,0
38,5,2,17,12,0
38,5,2,17,19,0
38,5,2,17,20,0
38,5,2,17,22,0
38,5,2,17,28,0
38,5,2,17,38,0
38,5,2,17,38,0
38,5,2,17,38,0
39,5,2,17,14,0
39,5,2,17,16,0
39,5,2,17,25,0
39,5,2,17,36,0
39,5,2,17,38,0
40,5,2,17,18,0
40,5,2,17,19,0
40,5,2,17,25,0
40,5,2,17,35,0
41,5,2,17,20,0
41,5,2,17,21,0
41,5,2,17,25,0
41,5,2,17,30,0
41,5,2,17,35,0
41,5,2,17,37,0
41,5,2,17,37,0
41,5,2,17,40,0
41,5,2,17,41,0
41,5,2,17,41,0
42,5,2,17,22,0
42,5,2,17,24,0
43,5,2,17,19,0
43,5,2,17,24,0
43,5,2,17,37,0
43,5,2,17,39,0
43,5,2,17,43,0
44,5,2,17,28,0
44,5,2,17,30,0
44,5,2,17,37,0
44,5,2,17,44,0
45,5,2,17,44,0
46,5,2,17,22,0
46,5,2,17,26,0
46,5,2,17,34,0
46,5,2,17,34,0
46,5,2,17,34,0
46,5,2,17,36,0
46,5,2,17,39,0
46,5,2,17,46,0
47,5,2,17,36,0
47,5,2,17,38,0
47,5,2,17,45,0
48,5,2,17,35,0
48,5,2,17,36,0
48,5,2,17,41,0
48,5,2,17,48,0
48,5,2,17,48,0
48,5,2,17,48,0
49,5,2,17,16,0
49,5,2,17,19,0
49,5,2,17,42,0
49,5,2,17,42,0
49,5,2,17,49,0
49,5,2,17,49,0
50,5,2,17,31,0
50,5,2,17,32,0
50,5,2,17,42,0
54,5,2,17,54,0
54,5,2,17,54,0
55,5,2,17,55,0
55,5,2,17,55,0
55,5,2,17,55,0
56,5,2,17,56,0
56,5,2,17,56,0
56,5,2,17,56,0
57,5,2,17,57,0
57,5,2,17,57,0
57,5,2,17,57,0
58,5,2,17,36,0
58,5,2,17,38,0
60,5,2,17,60,0
60,5,2,17,60,0
61,5,2,17,31,0
61,5,2,17,61,0
62,5,2,17,62,0
62,5,2,17,62,0
64,5,2,17,22,0
64,5,2,17,31,0
64,5,2,17,41,0
64,5,2,17,49,0
64,5,2,17,64,0
65,5,2,17,40,0
66,5,2,17,66,0
67,5,2,17,57,0
70,5,2,17,70,0
71,5,2,17,71,0
75,5,2,17,75,0
77,5,2,17,36,0
77,5,2,17,49,0
77,5,2,17,58,0
77,5,2,17,77,0
80,5,2,17,25,0
80,5,2,17,33,0
80,5,2,17,58,0
80,5,2,17,69,0
82,5,2,17,82,0
84,5,2,17,44,0
90,5,2,17,46,0
101,5,2,17,27,1
101,5,2,17,42,1
108,5,2,17,30,1
118,5,2,17,46,1
17,8,2,17,10,0
21,8,2,17,7,0
22,8,2,17,22,0
25,8,2,17,25,0
26,8,2,17,26,0
27,8,2,17,17,0
31,8,2,17,10,0
31,8,2,17,22,0
32,8,2,17,28,0
34,8,2,17,30,0
37,8,2,17,20,0
39,8,2,17,38,0
39,8,2,17,39,0
39,8,2,17,39,0
40,8,2,17,20,0
44,8,2,17,21,0
44,8,2,17,37,0
44,8,2,17,44,0
45,8,2,17,26,0
47,8,2,17,32,0
47,8,2,17,47,0
49,8,2,17,34,0
49,8,2,17,34,0
49,8,2,17,49,0
49,8,2,17,49,0
51,8,2,17,51,0
52,8,2,17,52,0
54,8,2,17,44,0
59,8,2,17,59,0
59,8,2,17,59,0
61,8,2,17,44,0
63,8,2,17,63,0
64,8,2,17,32,0
64,8,2,17,64,0
64,8,2,17,64,0
66,8,2,17,66,0
67,8,2,17,45,0
68,8,2,17,68,0
69,8,2,17,69,0
74,8,2,17,31,0
74,8,2,17,45,0
77,8,2,17,49,0
77,8,2,17,77,0
93,8,2,17,43,0
93,8,2,17,62,0
97,8,2,17,65,0
104,8,2,17,67,1
22,10,2,17,22,0
25,10,2,17,25,0
27,10,2,17,27,0
33,10,2,17,33,0
36,10,2,17,26,0
43,10,2,17,37,0
46,10,2,17,39,0
49,10,2,17,13,0
61,10,2,17,47,0
67,10,2,17,44,0
70,10,2,17,70,0
70,10,2,17,70,0
77,10,2,17,44,0
97,10,2,17,59,0
22,12,2,17,22,0
28,12,2,17,28,0
34,12,2,17,21,0
37,12,2,17,37,0
38,12,2,17,17,0
40,12,2,17,30,0
47,12,2,17,41,0
54,12,2,17,40,0
71,12,2,17,71,0
74,12,2,17,39,0
77,12,2,17,40,0
100,12,2,17,66,0
35,15,2,17,24,0
48,15,2,17,44,0
70,15,2,17,70,0
79,15,2,17,79,0
18,18,2,17,13,0
27,18,2,17,21,0
47,18,2,17,35,0
53,18,2,17,53,0
62,18,2,17,62,0
22,22,2,17,10,0
52,22,2,17,52,0
71,28,2,17,71,0
23,0,3,17,15,0
29,0,3,17,12,0
29,0,3,17,25,0
30,0,3,17,12,0
30,0,3,17,29,0
31,0,3,17,20,0
35,0,3,17,12,0
35,0,3,17,35,0
36,0,3,17,33,0
38,0,3,17,35,0
41,0,3,17,26,0
42,0,3,17,25,0
43,0,3,17,21,0
43,0,3,17,28,0
43,0,3,17,39,0
44,0,3,17,40,0
52,0,3,17,52,0
58,0,3,17,55,0
71,0,3,17,44,0
17,2,3,17,15,0
17,2,3,17,17,0
20,2,3,17,13,0
20,2,3,17,15,0
24,2,3,17,19,0
25,2,3,17,25,0
25,2,3,17,25,0
26,2,3,17,22,0
26,2,3,17,24,0
26,2,3,17,25,0
28,2,3,17,21,0
29,2,3,17,6,0
29,2,3,17,29,0
30,2,3,17,22,0
30,2,3,17,24,0
30,2,3,17,24,0
30,2,3,17,30,0
31,2,3,17,7,0
31,2,3,17,21,0
31,2,3,17,22,0
31,2,3,17,23,0
31,2,3,17,25,0
31,2,3,17,27,0
31,2,3,17,31,0
31,2,3,17,31,0
32,2,3,17,13,0
32,2,3,17,32,0
33,2,3,17,26,0
34,2,3,17,12,0
34,2,3,17,19,0
34,2,3,17,34,0
36,2,3,17,18,0
36,2,3,17,26,0
37,2,3,17,17,0
37,2,3,17,20,0
37,2,3,17,37,0
37,2,3,17,37,0
37,2,3,17,37,0
38,2,3,17,13,0
39,2,3,17,35,0
39,2,3,17,39,0
40,2,3,17,13,0
40,2,3,17,25,0
40,2,3,17,28,0
41,2,3,17,11,0
41,2,3,17,36,0
41,2,3,17,41,0
42,2,3,17,38,0
43,2,3,17,28,0
43,2,3,17,28,0
43,2,3,17,43,0
44,2,3,17,34,0
44,2,3,17,36,0
44,2,3,17,44,0
44,2,3,17,44,0
45,2,3,17,45,0
46,2,3,17,28,0
46,2,3,17,28,0
46,2,3,17,33,0
46,2,3,17,43,0
47,2,3,17,47,0
47,2,3,17,47,0
47,2,3,17,47,0
48,2,3,17,27,0
48,2,3,17,37,0
49,2,3,17,37,0
49,2,3,17,49,0
51,2,3,17,46,0
51,2,3,17,51,0
53,2,3,17,53,0
54,2,3,17,36,0
54,2,3,17,54,0
55,2,3,17,55,0
56,2,3,17,56,0
57,2,3,17,48,0
57,2,3,17,57,0
57,2,3,17,57,0
57,2,3,17,57,0
57,2,3,17,57,0
58,2,3,17,39,0
58,2,3,17,58,0
58,2,3,17,58,0
59,2,3,17,59,0
59,2,3,17,59,0
59,2,3,17,59,0
61,2,3,17,47,0
63,2,3,17,63,0
64,2,3,17,58,0
64,2,3,17,64,0
64,2,3,17,64,0
64,2,3,17,64,0
65,2,3,17,65,0
67,2,3,17,31,0
67,2,3,17,38,0
67,2,3,17,50,0
67,2,3,17,59,0
69,2,3,17,69,0
69,2,3,17,69,0
69,2,3,17,69,0
69,2,3,17,69,0
70,2,3,17,70,0
71,2,3,17,63,0
71,2,3,17,71,0
72,2,3,17,72,0
72,2,3,17,72,0
72,2,3,17,72,0
74,2,3,17,50,0
74,2,3,17,68,0
77,2,3,17,69,0
80,2,3,17,53,0
80,2,3,17,56,0
81,2,3,17,81,0
83,2,3,17,83,0
84,2,3,17,45,0
84,2,3,17,60,0
84,2,3,17,63,0
88,2,3,17,66,0
88,2,3,17,88,0
88,2,3,17,88,0
97,2,3,17,68,0
97,2,3,17,80,0
101,2,3,17,89,1
102,2,3,17,102,1
104,2,3,17,52,1
104,2,3,17,77,1
108,2,3,17,62,1
108,2,3,17,108,1
113,2,3,17,62,1
118,2,3,17,71,1
126,2,3,17,61,1
27,5,3,17,27,0
33,5,3,17,33,0
35,5,3,17,35,0
37,5,3,17,37,0
38,5,3,17,23,0
39,5,3,17,26,0
40,5,3,17,25,0
40,5,3,17,40,0
41,5,3,17,39,0
42,5,3,17,34,0
42,5,3,17,39,0
43,5,3,17,43,0
45,5,3,17,19,0
45,5,3,17,45,0
46,5,3,17,39,0
48,5,3,17,48,0
49,5,3,17,49,0
50,5,3,17,32,0
51,5,3,17,51,0
51,5,3,17,51,0
54,5,3,17,38,0
54,5,3,17,49,0
54,5,3,17,54,0
56,5,3,17,56,0
56,5,3,17,56,0
56,5,3,17,56,0
56,5,3,17,56,0
56,5,3,17,56,0
59,5,3,17,59,0
59,5,3,17,59,0
60,5,3,17,60,0
61,5,3,17,52,0
62,5,3,17,62,0
63,5,3,17,63,0
63,5,3,17,63,0
63,5,3,17,63,0
63,5,3,17,63,0
64,5,3,17,32,0
64,5,3,17,49,0
65,5,3,17,65,0
65,5,3,17,65,0
66,5,3,17,66,0
67,5,3,17,55,0
67,5,3,17,67,0
67,5,3,17,67,0
68,5,3,17,68,0
70,5,3,17,70,0
71,5,3,17,56,0
71,5,3,17,57,0
71,5,3,17,57,0
71,5,3,17,65,0
71,5,3,17,70,0
71,5,3,17,71,0
72,5,3,17,72,0
74,5,3,17,33,0
74,5,3,17,74,0
77,5,3,17,52,0
78,5,3,17,78,0
79,5,3,17,79,0
80,5,3,17,52,0
80,5,3,17,62,0
80,5,3,17,65,0
81,5,3,17,81,0
81,5,3,17,81,0
84,5,3,17,55,0
84,5,3,17,58,0
84,5,3,17,68,0
84,5,3,17,71,0
84,5,3,17,71,0
85,5,3,17,85,0
87,5,3,17,31,0
87,5,3,17,55,0
87,5,3,17,76,0
90,5,3,17,69,0
94,5,3,17,94,0
96,5,3,17,96,0
97,5,3,17,53,0
99,5,3,17,59,0
99,5,3,17,99,0
100,5,3,17,59,0
101,5,3,17,42,1
103,5,3,17,103,1
108,5,3,17,76,1
109,5,3,17,56,1
112,5,3,17,40,1
112,5,3,17,84,1
118,5,3,17,91,1
132,5,3,17,52,1
146,5,3,17,61,1
154,5,3,17,65,1
164,5,3,17,90,1
30,8,3,17,19,0
30,8,3,17,23,0
39,8,3,17,39,0
41,8,3,17,19,0
43,8,3,17,43,0
47,8,3,17,44,0
48,8,3,17,48,0
56,8,3,17,56,0
63,8,3,17,63,0
64,8,3,17,58,0
67,8,3,17,41,0
68,8,3,17,68,0
74,8,3,17,74,0
74,8,3,17,74,0
74,8,3,17,74,0
84,8,3,17,36,0
84,8,3,17,39,0
87,8,3,17,46,0
90,8,3,17,59,0
90,8,3,17,63,0
101,8,3,17,75,1
107,8,3,17,107,1
112,8,3,17,67,1
136,8,3,17,65,1
53,10,3,17,53,0
65,10,3,17,65,0
80,10,3,17,33,0
140,10,3,17,69,1
17,12,3,17,17,0
49,12,3,17,49,0
49,12,3,17,49,0
51,12,3,17,51,0
97,12,3,17,53,0
31,18,3,17,27,0
87,25,3,17,71,0
44,0,5,17,44,0
55,0,5,17,55,0
27,2,5,17,26,0
31,2,5,17,18,0
32,2,5,17,23,0
33,2,5,17,33,0
36,2,5,17,36,0
38,2,5,17,38,0
38,2,5,17,38,0
39,2,5,17,39,0
41,2,5,17,28,0
52,2,5,17,52,0
55,2,5,17,55,0
56,2,5,17,56,0
58,2,5,17,58,0
61,2,5,17,61,0
71,2,5,17,71,0
71,2,5,17,71,0
71,2,5,17,71,0
73,2,5,17,73,0
74,2,5,17,51,0
74,2,5,17,74,0
75,2,5,17,75,0
76,2,5,17,76,0
78,2,5,17,78,0
80,2,5,17,80,0
83,2,5,17,83,0
84,2,5,17,84,0
86,2,5,17,86,0
87,2,5,17,56,0
88,2,5,17,88,0
90,2,5,17,68,0
92,2,5,17,92,0
95,2,5,17,95,0
97,2,5,17,69,0
99,2,5,17,99,0
101,2,5,17,76,1
104,2,5,17,93,1
113,2,5,17,113,1
146,2,5,17,78,1
155,2,5,17,155,1
38,5,5,17,19,0
39,5,5,17,37,0
40,5,5,17,34,0
40,5,5,17,40,0
48,5,5,17,36,0
51,5,5,17,47,0
66,5,5,17,66,0
66,5,5,17,66,0
75,5,5,17,75,0
76,5,5,17,76,0
79,5,5,17,79,0
81,5,5,17,81,0
85,5,5,17,85,0
95,5,5,17,95,0
99,5,5,17,99,0
117,5,5,17,117,1
118,5,5,17,69,1
136,5,5,17,74,1
50,8,5,17,50,0
67,8,5,17,65,0
68,8,5,17,68,0
74,8,5,17,74,0
74,8,5,17,74,0
87,8,5,17,87,0
89,8,5,17,89,0
103,8,5,17,103,1
112,8,5,17,76,1
143,8,5,17,76,1
84,10,5,17,62,0
100,10,5,17,70,0
87,12,5,17,87,0
69,15,5,17,69,0
90,15,5,17,82,0
143,20,5,17,84,1
61,2,6,17,61,0
64,2,6,17,64,0
67,2,6,17,67,0
77,2,6,17,77,0
81,2,6,17,81,0
112,5,6,17,112,1
113,5,6,17,113,1
128,8,6,17,128,1
138,8,6,17,138,1
118,12,6,17,79,1
20,12,8,17,19,0
32,2,0,18,26,0
23,8,0,18,20,0
27,20,0,18,27,0
18,0,1,18,9,0
19,0,1,18,7,0
23,0,1,18,12,0
23,0,1,18,15,0
24,0,1,18,13,0
26,0,1,18,25,0
27,0,1,18,15,0
29,0,1,18,10,0
30,0,1,18,15,0
31,0,1,18,29,0
31,0,1,18,31,0
32,0,1,18,23,0
33,0,1,18,19,0
33,0,1,18,29,0
34,0,1,18,8,0
36,0,1,18,15,0
37,0,1,18,33,0
38,0,1,18,38,0
40,0,1,18,10,0
46,0,1,18,16,0
48,0,1,18,13,0
49,0,1,18,23,0
51,0,1,18,31,0
20,2,1,18,7,0
22,2,1,18,8,0
22,2,1,18,16,0
23,2,1,18,12,0
23,2,1,18,17,0
23,2,1,18,23,0
24,2,1,18,10,0
24,2,1,18,13,0
24,2,1,18,14,0
24,2,1,18,18,0
24,2,1,18,22,0
25,2,1,18,7,0
25,2,1,18,17,0
25,2,1,18,18,0
25,2,1,18,24,0
26,2,1,18,11,0
26,2,1,18,12,0
26,2,1,18,15,0
26,2,1,18,19,0
26,2,1,18,24,0
27,2,1,18,21,0
28,2,1,18,21,0
28,2,1,18,23,0
28,2,1,18,24,0
28,2,1,18,27,0
28,2,1,18,28,0
28,2,1,18,28,0
29,2,1,18,9,0
29,2,1,18,13,0
29,2,1,18,17,0
29,2,1,18,29,0
30,2,1,18,21,0
30,2,1,18,29,0
30,2,1,18,30,0
31,2,1,18,13,0
31,2,1,18,20,0
31,2,1,18,23,0
31,2,1,18,27,0
31,2,1,18,27,0
31,2,1,18,31,0
31,2,1,18,31,0
31,2,1,18,31,0
31,2,1,18,31,0
32,2,1,18,8,0
32,2,1,18,15,0
33,2,1,18,6,0
33,2,1,18,28,0
34,2,1,18,20,0
34,2,1,18,34,0
34,2,1,18,34,0
35,2,1,18,18,0
35,2,1,18,19,0
35,2,1,18,24,0
35,2,1,18,29,0
35,2,1,18,35,0
36,2,1,18,19,0
36,2,1,18,24,0
36,2,1,18,25,0
36,2,1,18,25,0
36,2,1,18,28,0
36,2,1,18,32,0
37,2,1,18,28,0
37,2,1,18,28,0
38,2,1,18,12,0
38,2,1,18,12,0
38,2,1,18,19,0
38,2,1,18,24,0
38,2,1,18,38,0
38,2,1,18,38,0
39,2,1,18,17,0
39,2,1,18,19,0
39,2,1,18,23,0
39,2,1,18,23,0
39,2,1,18,39,0
39,2,1,18,39,0
40,2,1,18,29,0
40,2,1,18,40,0
41,2,1,18,23,0
44,2,1,18,28,0
44,2,1,18,31,0
44,2,1,18,34,0
45,2,1,18,32,0
46,2,1,18,16,0
49,2,1,18,20,0
49,2,1,18,37,0
49,2,1,18,49,0
49,2,1,18,49,0
58,2,1,18,45,0
61,2,1,18,61,0
77,2,1,18,77,0
18,5,1,18,7,0
18,5,1,18,14,0
18,5,1,18,15,0
20,5,1,18,16,0
21,5,1,18,19,0
24,5,1,18,17,0
25,5,1,18,20,0
27,5,1,18,21,0
27,5,1,18,24,0
29,5,1,18,29,0
29,5,1,18,29,0
30,5,1,18,11,0
30,5,1,18,30,0
31,5,1,18,31,0
31,5,1,18,31,0
31,5,1,18,31,0
32,5,1,18,17,0
33,5,1,18,28,0
34,5,1,18,24,0
34,5,1,18,34,0
35,5,1,18,23,0
38,5,1,18,23,0
40,5,1,18,30,0
41,5,1,18,19,0
41,5,1,18,28,0
42,5,1,18,25,0
43,5,1,18,20,0
43,5,1,18,25,0
43,5,1,18,31,0
44,5,1,18,9,0
44,5,1,18,38,0
44,5,1,18,44,0
47,5,1,18,47,0
48,5,1,18,36,0
50,5,1,18,32,0
51,5,1,18,43,0
51,5,1,18,44,0
58,5,1,18,32,0
58,5,1,18,44,0
61,5,1,18,61,0
19,8,1,18,8,0
19,8,1,18,15,0
23,8,1,18,22,0
30,8,1,18,22,0
31,8,1,18,31,0
32,8,1,18,18,0
32,8,1,18,29,0
34,8,1,18,34,0
38,8,1,18,28,0
40,8,1,18,35,0
40,8,1,18,36,0
41,8,1,18,29,0
44,8,1,18,17,0
44,8,1,18,36,0
46,8,1,18,30,0
46,8,1,18,36,0
67,8,1,18,53,0
74,8,1,18,53,0
18,10,1,18,15,0
23,10,1,18,18,0
24,10,1,18,24,0
31,10,1,18,28,0
41,10,1,18,26,0
63,10,1,18,63,0
87,10,1,18,87,0
18,12,1,18,12,0
31,12,1,18,31,0
18,15,1,18,12,0
30,18,1,18,18,0
35,20,1,18,19,0
27,25,1,18,11,0
18,0,2,18,3,0
18,0,2,18,6,0
18,0,2,18,7,0
18,0,2,18,9,0
18,0,2,18,16,0
19,0,2,18,19,0
20,0,2,18,4,0
20,0,2,18,20,0
22,0,2,18,15,0
24,0,2,18,24,0
27,0,2,18,14,0
28,0,2,18,28,0
31,0,2,18,25,0
31,0,2,18,31,0
31,0,2,18,31,0
32,0,2,18,9,0
32,0,2,18,10,0
32,0,2,18,19,0
34,0,2,18,9,0
35,0,2,18,4,0
35,0,2,18,31,0
35,0,2,18,35,0
35,0,2,18,35,0
36,0,2,18,12,0
37,0,2,18,22,0
38,0,2,18,5,0
38,0,2,18,17,0
39,0,2,18,9,0
41,0,2,18,30,0
42,0,2,18,42,0
42,0,2,18,42,0
43,0,2,18,18,0
43,0,2,18,43,0
44,0,2,18,16,0
44,0,2,18,28,0
44,0,2,18,31,0
44,0,2,18,36,0
47,0,2,18,32,0
48,0,2,18,13,0
48,0,2,18,47,0
49,0,2,18,29,0
50,0,2,18,15,0
50,0,2,18,28,0
50,0,2,18,31,0
50,0,2,18,41,0
51,0,2,18,25,0
51,0,2,18,51,0
53,0,2,18,53,0
54,0,2,18,54,0
55,0,2,18,55,0
61,0,2,18,55,0
64,0,2,18,48,0
67,0,2,18,51,0
18,2,2,18,10,0
19,2,2,18,16,0
19,2,2,18,17,0
19,2,2,18,17,0
19,2,2,18,19,0
20,2,2,18,13,0
20,2,2,18,20,0
21,2,2,18,11,0
22,2,2,18,22,0
23,2,2,18,21,0
23,2,2,18,23,0
24,2,2,18,17,0
25,2,2,18,21,0
25,2,2,18,25,0
26,2,2,18,7,0
26,2,2,18,8,0
26,2,2,18,8,0
26,2,2,18,9,0
26,2,2,18,26,0
27,2,2,18,11,0
27,2,2,18,17,0
27,2,2,18,17,0
27,2,2,18,23,0
27,2,2,18,27,0
28,2,2,18,15,0
28,2,2,18,15,0
28,2,2,18,26,0
28,2,2,18,28,0
29,2,2,18,11,0
29,2,2,18,15,0
29,2,2,18,17,0
29,2,2,18,29,0
30,2,2,18,8,0
30,2,2,18,10,0
30,2,2,18,18,0
30,2,2,18,21,0
30,2,2,18,22,0
30,2,2,18,25,0
30,2,2,18,25,0
30,2,2,18,30,0
30,2,2,18,30,0
31,2,2,18,6,0
31,2,2,18,9,0
31,2,2,18,13,0
31,2,2,18,15,0
31,2,2,18,16,0
31,2,2,18,18,0
31,2,2,18,19,0
31,2,2,18,21,0
31,2,2,18,21,0
31,2,2,18,22,0
31,2,2,18,23,0
31,2,2,18,23,0
31,2,2,18,24,0
31,2,2,18,25,0
31,2,2,18,26,0
31,2,2,18,26,0
31,2,2,18,29,0
31,2,2,18,31,0
31,2,2,18,31,0
31,2,2,18,31,0
32,2,2,18,9,0
32,2,2,18,11,0
32,2,2,18,15,0
32,2,2,18,24,0
32,2,2,18,25,0
33,2,2,18,10,0
33,2,2,18,10,0
33,2,2,18,11,0
33,2,2,18,13,0
33,2,2,18,17,0
33,2,2,18,18,0
33,2,2,18,18,0
33,2,2,18,22,0
33,2,2,18,25,0
33,2,2,18,27,0
34,2,2,18,12,0
34,2,2,18,19,0
34,2,2,18,19,0
34,2,2,18,33,0
35,2,2,18,22,0
35,2,2,18,26,0
35,2,2,18,27,0
35,2,2,18,28,0
35,2,2,18,35,0
35,2,2,18,35,0
35,2,2,18,35,0
36,2,2,18,13,0
36,2,2,18,16,0
36,2,2,18,23,0
36,2,2,18,25,0
36,2,2,18,27,0
36,2,2,18,30,0
36,2,2,18,36,0
36,2,2,18,36,0
36,2,2,18,36,0
37,2,2,18,6,0
37,2,2,18,13,0
37,2,2,18,14,0
37,2,2,18,22,0
37,2,2,18,37,0
37,2,2,18,37,0
37,2,2,18,37,0
38,2,2,18,9,0
38,2,2,18,13,0
38,2,2,18,17,0
38,2,2,18,19,0
38,2,2,18,38,0
39,2,2,18,16,0
39,2,2,18,19,0
39,2,2,18,27,0
39,2,2,18,28,0
39,2,2,18,35,0
39,2,2,18,36,0
39,2,2,18,38,0
40,2,2,18,1,0
40,2,2,18,16,0
40,2,2,18,20,0
40,2,2,18,23,0
40,2,2,18,26,0
40,2,2,18,29,0
40,2,2,18,29,0
40,2,2,18,32,0
40,2,2,18,40,0
40,2,2,18,40,0
40,2,2,18,40,0
40,2,2,18,40,0
40,2,2,18,40,0
41,2,2,18,19,0
41,2,2,18,20,0
41,2,2,18,22,0
41,2,2,18,23,0
41,2,2,18,24,0
41,2,2,18,24,0
41,2,2,18,27,0
41,2,2,18,33,0
41,2,2,18,38,0
42,2,2,18,15,0
42,2,2,18,18,0
42,2,2,18,24,0
42,2,2,18,36,0
42,2,2,18,36,0
42,2,2,18,42,0
42,2,2,18,42,0
43,2,2,18,26,0
43,2,2,18,33,0
43,2,2,18,43,0
43,2,2,18,43,0
43,2,2,18,43,0
44,2,2,18,24,0
44,2,2,18,29,0
44,2,2,18,29,0
44,2,2,18,34,0
44,2,2,18,34,0
44,2,2,18,34,0
44,2,2,18,34,0
44,2,2,18,42,0
45,2,2,18,28,0
45,2,2,18,34,0
45,2,2,18,45,0
45,2,2,18,45,0
46,2,2,18,29,0
46,2,2,18,36,0
46,2,2,18,36,0
46,2,2,18,46,0
46,2,2,18,46,0
46,2,2,18,46,0
46,2,2,18,46,0
47,2,2,18,15,0
47,2,2,18,32,0
47,2,2,18,41,0
48,2,2,18,22,0
48,2,2,18,36,0
48,2,2,18,48,0
48,2,2,18,48,0
49,2,2,18,29,0
49,2,2,18,33,0
49,2,2,18,37,0
49,2,2,18,49,0
50,2,2,18,24,0
50,2,2,18,28,0
50,2,2,18,44,0
51,2,2,18,35,0
51,2,2,18,51,0
51,2,2,18,51,0
52,2,2,18,52,0
53,2,2,18,53,0
54,2,2,18,36,0
54,2,2,18,45,0
54,2,2,18,46,0
54,2,2,18,47,0
54,2,2,18,50,0
54,2,2,18,54,0
54,2,2,18,54,0
54,2,2,18,54,0
56,2,2,18,56,0
56,2,2,18,56,0
58,2,2,18,38,0
58,2,2,18,38,0
58,2,2,18,41,0
58,2,2,18,55,0
58,2,2,18,55,0
60,2,2,18,60,0
60,2,2,18,60,0
61,2,2,18,41,0
61,2,2,18,54,0
61,2,2,18,57,0
62,2,2,18,62,0
62,2,2,18,62,0
64,2,2,18,22,0
64,2,2,18,29,0
64,2,2,18,49,0
64,2,2,18,54,0
64,2,2,18,64,0
66,2,2,18,66,0
67,2,2,18,31,0
67,2,2,18,44,0
67,2,2,18,67,0
71,2,2,18,71,0
71,2,2,18,71,0
72,2,2,18,72,0
74,2,2,18,74,0
75,2,2,18,75,0
77,2,2,18,54,0
78,2,2,18,78,0
79,2,2,18,79,0
79,2,2,18,79,0
80,2,2,18,54,0
87,2,2,18,39,0
87,2,2,18,87,0
90,2,2,18,52,0
93,2,2,18,54,0
100,2,2,18,40,0
129,2,2,18,29,1
136,2,2,18,56,1
18,5,2,18,10,0
18,5,2,18,17,0
19,5,2,18,6,0
19,5,2,18,15,0
20,5,2,18,14,0
21,5,2,18,19,0
21,5,2,18,21,0
24,5,2,18,19,0
26,5,2,18,17,0
26,5,2,18,26,0
27,5,2,18,9,0
27,5,2,18,22,0
27,5,2,18,23,0
28,5,2,18,18,0
29,5,2,18,7,0
30,5,2,18,17,0
30,5,2,18,29,0
30,5,2,18,30,0
30,5,2,18,30,0
31,5,2,18,16,0
31,5,2,18,18,0
31,5,2,18,19,0
31,5,2,18,19,0
31,5,2,18,22,0
31,5,2,18,23,0
31,5,2,18,30,0
31,5,2,18,31,0
31,5,2,18,31,0
32,5,2,18,16,0
32,5,2,18,23,0
32,5,2,18,27,0
32,5,2,18,32,0
32,5,2,18,32,0
33,5,2,18,19,0
33,5,2,18,21,0
34,5,2,18,13,0
35,5,2,18,20,0
35,5,2,18,26,0
35,5,2,18,35,0
36,5,2,18,14,0
36,5,2,18,19,0
36,5,2,18,31,0
36,5,2,18,36,0
37,5,2,18,19,0
37,5,2,18,24,0
37,5,2,18,26,0
37,5,2,18,29,0
37,5,2,18,29,0
38,5,2,18,19,0
38,5,2,18,21,0
38,5,2,18,23,0
39,5,2,18,24,0
39,5,2,18,28,0
39,5,2,18,35,0
39,5,2,18,39,0
40,5,2,18,13,0
40,5,2,18,28,0
40,5,2,18,40,0
41,5,2,18,12,0
41,5,2,18,19,0
41,5,2,18,29,0
41,5,2,18,33,0
41,5,2,18,33,0
42,5,2,18,24,0
42,5,2,18,32,0
42,5,2,18,41,0
42,5,2,18,42,0
43,5,2,18,32,0
43,5,2,18,34,0
43,5,2,18,36,0
43,5,2,18,40,0
43,5,2,18,43,0
44,5,2,18,29,0
44,5,2,18,32,0
44,5,2,18,35,0
44,5,2,18,36,0
44,5,2,18,36,0
44,5,2,18,36,0
45,5,2,18,26,0
45,5,2,18,36,0
45,5,2,18,45,0
46,5,2,18,19,0
46,5,2,18,22,0
46,5,2,18,31,0
46,5,2,18,39,0
46,5,2,18,46,0
46,5,2,18,46,0
47,5,2,18,44,0
47,5,2,18,47,0
48,5,2,18,27,0
48,5,2,18,32,0
48,5,2,18,41,0
49,5,2,18,15,0
49,5,2,18,20,0
49,5,2,18,23,0
49,5,2,18,49,0
50,5,2,18,28,0
50,5,2,18,32,0
50,5,2,18,36,0
50,5,2,18,44,0
50,5,2,18,44,0
50,5,2,18,46,0
50,5,2,18,50,0
51,5,2,18,32,0
51,5,2,18,36,0
51,5,2,18,51,0
52,5,2,18,28,0
52,5,2,18,52,0
52,5,2,18,52,0
53,5,2,18,53,0
53,5,2,18,53,0
54,5,2,18,21,0
54,5,2,18,38,0
54,5,2,18,48,0
54,5,2,18,54,0
54,5,2,18,54,0
54,5,2,18,54,0
56,5,2,18,56,0
58,5,2,18,40,0
58,5,2,18,43,0
58,5,2,18,44,0
58,5,2,18,46,0
58,5,2,18,58,0
59,5,2,18,59,0
61,5,2,18,34,0
61,5,2,18,34,0
61,5,2,18,41,0
61,5,2,18,43,0
61,5,2,18,61,0
62,5,2,18,62,0
63,5,2,18,63,0
63,5,2,18,63,0
64,5,2,18,52,0
64,5,2,18,64,0
65,5,2,18,65,0
67,5,2,18,31,0
67,5,2,18,33,0
67,5,2,18,38,0
67,5,2,18,65,0
67,5,2,18,67,0
69,5,2,18,69,0
71,5,2,18,29,0
71,5,2,18,33,0
71,5,2,18,35,0
71,5,2,18,54,0
72,5,2,18,72,0
74,5,2,18,34,0
77,5,2,18,42,0
77,5,2,18,77,0
78,5,2,18,78,0
83,5,2,18,83,0
84,5,2,18,40,0
84,5,2,18,45,0
90,5,2,18,53,0
101,5,2,18,81,1
18,8,2,18,9,0
22,8,2,18,16,0
23,8,2,18,23,0
28,8,2,18,21,0
28,8,2,18,28,0
29,8,2,18,21,0
29,8,2,18,29,0
30,8,2,18,12,0
30,8,2,18,15,0
34,8,2,18,33,0
35,8,2,18,19,0
35,8,2,18,33,0
36,8,2,18,22,0
36,8,2,18,36,0
37,8,2,18,24,0
37,8,2,18,27,0
38,8,2,18,22,0
38,8,2,18,33,0
38,8,2,18,38,0
39,8,2,18,14,0
39,8,2,18,31,0
44,8,2,18,19,0
44,8,2,18,36,0
44,8,2,18,43,0
45,8,2,18,35,0
45,8,2,18,45,0
47,8,2,18,28,0
47,8,2,18,41,0
48,8,2,18,29,0
50,8,2,18,50,0
51,8,2,18,32,0
51,8,2,18,36,0
52,8,2,18,52,0
52,8,2,18,52,0
53,8,2,18,53,0
54,8,2,18,45,0
54,8,2,18,54,0
54,8,2,18,54,0
56,8,2,18,35,0
57,8,2,18,57,0
58,8,2,18,54,0
59,8,2,18,59,0
61,8,2,18,52,0
61,8,2,18,61,0
64,8,2,18,64,0
67,8,2,18,44,0
67,8,2,18,46,0
71,8,2,18,59,0
74,8,2,18,74,0
82,8,2,18,82,0
90,8,2,18,90,0
101,8,2,18,66,1
108,8,2,18,34,1
18,10,2,18,18,0
22,10,2,18,20,0
26,10,2,18,20,0
30,10,2,18,30,0
31,10,2,18,28,0
33,10,2,18,26,0
33,10,2,18,33,0
33,10,2,18,33,0
35,10,2,18,25,0
35,10,2,18,34,0
38,10,2,18,22,0
38,10,2,18,38,0
39,10,2,18,5,0
39,10,2,18,39,0
40,10,2,18,39,0
44,10,2,18,34,0
46,10,2,18,33,0
49,10,2,18,30,0
49,10,2,18,46,0
49,10,2,18,49,0
51,10,2,18,30,0
51,10,2,18,51,0
54,10,2,18,54,0
61,10,2,18,47,0
64,10,2,18,56,0
67,10,2,18,34,0
67,10,2,18,38,0
71,10,2,18,36,0
75,10,2,18,75,0
77,10,2,18,54,0
90,10,2,18,61,0
93,10,2,18,63,0
24,12,2,18,14,0
27,12,2,18,7,0
34,12,2,18,19,0
34,12,2,18,30,0
44,12,2,18,31,0
46,12,2,18,34,0
46,12,2,18,46,0
71,12,2,18,71,0
90,12,2,18,53,0
112,12,2,18,57,1
118,12,2,18,70,1
18,15,2,18,10,0
26,15,2,18,15,0
32,15,2,18,13,0
45,15,2,18,38,0
84,15,2,18,84,0
48,18,2,18,20,0
24,22,2,18,24,0
36,30,2,18,36,0
40,40,2,18,25,0
48,42,2,18,48,0
24,0,3,18,14,0
26,0,3,18,25,0
33,0,3,18,17,0
33,0,3,18,21,0
36,0,3,18,25,0
39,0,3,18,27,0
39,0,3,18,32,0
40,0,3,18,5,0
40,0,3,18,16,0
43,0,3,18,26,0
43,0,3,18,34,0
43,0,3,18,43,0
44,0,3,18,44,0
45,0,3,18,45,0
46,0,3,18,28,0
48,0,3,18,24,0
49,0,3,18,49,0
49,0,3,18,49,0
51,0,3,18,51,0
53,0,3,18,53,0
56,0,3,18,56,0
60,0,3,18,60,0
61,0,3,18,27,0
64,0,3,18,32,0
75,0,3,18,75,0
79,0,3,18,79,0
92,0,3,18,65,0
18,2,3,18,14,0
19,2,3,18,19,0
20,2,3,18,18,0
23,2,3,18,16,0
23,2,3,18,23,0
24,2,3,18,24,0
26,2,3,18,26,0
29,2,3,18,28,0
29,2,3,18,29,0
30,2,3,18,15,0
31,2,3,18,8,0
31,2,3,18,10,0
31,2,3,18,27,0
32,2,3,18,15,0
32,2,3,18,25,0
33,2,3,18,20,0
33,2,3,18,27,0
33,2,3,18,33,0
34,2,3,18,16,0
34,2,3,18,19,0
35,2,3,18,13,0
35,2,3,18,18,0
35,2,3,18,30,0
35,2,3,18,35,0
36,2,3,18,23,0
36,2,3,18,25,0
36,2,3,18,30,0
36,2,3,18,36,0
36,2,3,18,36,0
37,2,3,18,37,0
37,2,3,18,37,0
38,2,3,18,25,0
38,2,3,18,28,0
39,2,3,18,29,0
39,2,3,18,38,0
41,2,3,18,30,0
41,2,3,18,40,0
41,2,3,18,41,0
42,2,3,18,39,0
42,2,3,18,42,0
42,2,3,18,42,0
42,2,3,18,42,0
42,2,3,18,42,0
43,2,3,18,37,0
43,2,3,18,43,0
44,2,3,18,24,0
44,2,3,18,43,0
44,2,3,18,44,0
44,2,3,18,44,0
45,2,3,18,8,0
45,2,3,18,31,0
45,2,3,18,32,0
45,2,3,18,41,0
45,2,3,18,45,0
45,2,3,18,45,0
46,2,3,18,46,0
46,2,3,18,46,0
47,2,3,18,36,0
47,2,3,18,42,0
47,2,3,18,47,0
48,2,3,18,19,0
48,2,3,18,48,0
49,2,3,18,49,0
49,2,3,18,49,0
50,2,3,18,47,0
51,2,3,18,49,0
51,2,3,18,50,0
51,2,3,18,51,0
51,2,3,18,51,0
51,2,3,18,51,0
52,2,3,18,52,0
52,2,3,18,52,0
53,2,3,18,53,0
53,2,3,18,53,0
54,2,3,18,54,0
54,2,3,18,54,0
56,2,3,18,56,0
56,2,3,18,56,0
56,2,3,18,56,0
56,2,3,18,56,0
56,2,3,18,56,0
56,2,3,18,56,0
57,2,3,18,57,0
57,2,3,18,57,0
57,2,3,18,57,0
57,2,3,18,57,0
58,2,3,18,24,0
58,2,3,18,38,0
58,2,3,18,42,0
58,2,3,18,52,0
58,2,3,18,53,0
58,2,3,18,56,0
58,2,3,18,58,0
59,2,3,18,59,0
59,2,3,18,59,0
60,2,3,18,60,0
61,2,3,18,34,0
61,2,3,18,43,0
61,2,3,18,49,0
61,2,3,18,61,0
61,2,3,18,61,0
62,2,3,18,45,0
62,2,3,18,62,0
64,2,3,18,55,0
64,2,3,18,64,0
64,2,3,18,64,0
66,2,3,18,66,0
67,2,3,18,53,0
67,2,3,18,67,0
68,2,3,18,68,0
76,2,3,18,76,0
76,2,3,18,76,0
77,2,3,18,38,0
77,2,3,18,55,0
79,2,3,18,79,0
80,2,3,18,20,0
80,2,3,18,72,0
80,2,3,18,72,0
81,2,3,18,81,0
82,2,3,18,82,0
84,2,3,18,61,0
87,2,3,18,44,0
88,2,3,18,32,0
90,2,3,18,54,0
92,2,3,18,92,0
93,2,3,18,78,0
97,2,3,18,59,0
122,2,3,18,58,1
126,2,3,18,61,1
129,2,3,18,66,1
136,2,3,18,62,1
32,5,3,18,32,0
35,5,3,18,34,0
38,5,3,18,30,0
42,5,3,18,28,0
42,5,3,18,42,0
43,5,3,18,27,0
43,5,3,18,43,0
45,5,3,18,44,0
46,5,3,18,45,0
47,5,3,18,46,0
47,5,3,18,47,0
48,5,3,18,31,0
48,5,3,18,43,0
48,5,3,18,48,0
49,5,3,18,38,0
49,5,3,18,40,0
50,5,3,18,50,0
51,5,3,18,27,0
51,5,3,18,42,0
51,5,3,18,46,0
51,5,3,18,51,0
51,5,3,18,51,0
52,5,3,18,52,0
53,5,3,18,51,0
53,5,3,18,53,0
53,5,3,18,53,0
54,5,3,18,31,0
54,5,3,18,52,0
54,5,3,18,54,0
54,5,3,18,54,0
55,5,3,18,38,0
55,5,3,18,55,0
57,5,3,18,57,0
58,5,3,18,48,0
58,5,3,18,52,0
58,5,3,18,58,0
58,5,3,18,58,0
59,5,3,18,59,0
60,5,3,18,60,0
60,5,3,18,60,0
61,5,3,18,52,0
61,5,3,18,61,0
61,5,3,18,61,0
62,5,3,18,62,0
63,5,3,18,63,0
63,5,3,18,63,0
64,5,3,18,44,0
64,5,3,18,53,0
64,5,3,18,58,0
64,5,3,18,63,0
64,5,3,18,64,0
64,5,3,18,64,0
66,5,3,18,66,0
67,5,3,18,40,0
67,5,3,18,67,0
69,5,3,18,69,0
69,5,3,18,69,0
70,5,3,18,70,0
70,5,3,18,70,0
70,5,3,18,70,0
71,5,3,18,68,0
72,5,3,18,72,0
74,5,3,18,57,0
74,5,3,18,64,0
74,5,3,18,74,0
74,5,3,18,74,0
77,5,3,18,63,0
78,5,3,18,78,0
79,5,3,18,79,0
80,5,3,18,28,0
80,5,3,18,49,0
80,5,3,18,80,0
84,5,3,18,29,0
84,5,3,18,70,0
84,5,3,18,79,0
87,5,3,18,32,0
87,5,3,18,63,0
87,5,3,18,73,0
87,5,3,18,73,0
87,5,3,18,84,0
90,5,3,18,67,0
90,5,3,18,68,0
93,5,3,18,56,0
97,5,3,18,64,0
99,5,3,18,99,0
100,5,3,18,62,0
100,5,3,18,67,0
100,5,3,18,69,0
100,5,3,18,70,0
101,5,3,18,72,1
104,5,3,18,60,1
107,5,3,18,107,1
108,5,3,18,108,1
112,5,3,18,66,1
126,5,3,18,77,1
140,5,3,18,39,1
140,5,3,18,71,1
150,5,3,18,64,1
154,5,3,18,63,1
38,8,3,18,38,0
49,8,3,18,42,0
50,8,3,18,38,0
51,8,3,18,51,0
53,8,3,18,53,0
55,8,3,18,55,0
55,8,3,18,55,0
57,8,3,18,57,0
58,8,3,18,53,0
58,8,3,18,58,0
58,8,3,18,58,0
61,8,3,18,59,0
65,8,3,18,65,0
66,8,3,18,66,0
68,8,3,18,68,0
68,8,3,18,68,0
70,8,3,18,70,0
74,8,3,18,58,0
74,8,3,18,74,0
75,8,3,18,75,0
77,8,3,18,54,0
77,8,3,18,65,0
78,8,3,18,78,0
78,8,3,18,78,0
80,8,3,18,52,0
84,8,3,18,61,0
87,8,3,18,83,0
90,8,3,18,56,0
90,8,3,18,77,0
92,8,3,18,92,0
97,8,3,18,51,0
97,8,3,18,53,0
97,8,3,18,63,0
97,8,3,18,92,0
101,8,3,18,79,1
108,8,3,18,61,1
108,8,3,18,71,1
118,8,3,18,70,1
118,8,3,18,77,1
122,8,3,18,63,1
126,8,3,18,52,1
161,8,3,18,66,1
22,10,3,18,22,0
31,10,3,18,30,0
76,10,3,18,76,0
79,10,3,18,79,0
97,10,3,18,64,0
108,10,3,18,71,1
118,10,3,18,88,1
122,10,3,18,66,1
122,10,3,18,80,1
161,10,3,18,81,1
47,12,3,18,38,0
57,12,3,18,57,0
64,12,3,18,64,0
78,12,3,18,78,0
90,12,3,18,66,0
58,15,3,18,58,0
71,15,3,18,71,0
84,15,3,18,40,0
88,15,3,18,88,0
33,18,3,18,33,0
71,22,3,18,55,0
54,48,3,18,54,0
29,0,5,18,24,0
33,0,5,18,22,0
36,0,5,18,24,0
47,0,5,18,47,0
26,2,5,18,22,0
27,2,5,18,20,0
27,2,5,18,26,0
27,2,5,18,27,0
30,2,5,18,16,0
34,2,5,18,34,0
37,2,5,18,29,0
40,2,5,18,40,0
41,2,5,18,41,0
43,2,5,18,43,0
43,2,5,18,43,0
49,2,5,18,34,0
53,2,5,18,53,0
54,2,5,18,54,0
55,2,5,18,55,0
55,2,5,18,55,0
61,2,5,18,61,0
64,2,5,18,64,0
64,2,5,18,64,0
65,2,5,18,65,0
67,2,5,18,67,0
70,2,5,18,70,0
77,2,5,18,77,0
81,2,5,18,81,0
82,2,5,18,82,0
91,2,5,18,91,0
93,2,5,18,67,0
110,2,5,18,110,1
112,2,5,18,112,1
120,2,5,18,120,1
140,2,5,18,61,1
146,2,5,18,72,1
35,5,5,18,30,0
39,5,5,18,39,0
41,5,5,18,41,0
61,5,5,18,61,0
70,5,5,18,70,0
77,5,5,18,67,0
80,5,5,18,54,0
85,5,5,18,85,0
90,5,5,18,90,0
94,5,5,18,83,0
100,5,5,18,77,0
100,5,5,18,87,0
104,5,5,18,70,1
106,5,5,18,106,1
112,5,5,18,54,1
126,5,5,18,62,1
132,5,5,18,69,1
143,5,5,18,69,1
185,5,5,18,75,1
45,8,5,18,45,0
46,8,5,18,46,0
69,8,5,18,69,0
91,8,5,18,91,0
94,8,5,18,94,0
79,10,5,18,79,0
87,10,5,18,67,0
100,10,5,18,100,0
118,10,5,18,77,1
132,10,5,18,84,1
97,12,5,18,82,0
143,12,5,18,91,1
84,15,5,18,56,0
140,15,5,18,71,1
61,32,5,18,45,0
63,59,5,18,63,0
31,2,6,18,31,0
34,2,6,18,34,0
63,2,6,18,63,0
99,2,6,18,99,0
100,2,6,18,100,0
105,2,6,18,105,1
117,2,6,18,117,1
59,5,6,18,59,0
89,5,6,18,89,0
106,5,6,18,106,1
114,5,6,18,114,1
120,5,6,18,120,1
88,8,6,18,88,0
91,8,6,18,91,0
97,8,6,18,97,0
115,8,6,18,70,1
187,10,6,18,88,1
140,18,6,18,98,1
70,2,7,18,70,0
131,5,7,18,131,1
169,12,7,18,169,1
105,10,9,18,105,1
20,2,0,20,6,0
21,2,0,20,9,0
25,2,0,20,14,0
20,5,0,20,8,0
33,5,0,20,33,0
29,15,0,20,20,0
20,0,1,20,3,0
20,0,1,20,14,0
20,0,1,20,16,0
20,0,1,20,17,0
21,0,1,20,21,0
22,0,1,20,6,0
22,0,1,20,16,0
27,0,1,20,27,0
27,0,1,20,27,0
30,0,1,20,14,0
34,0,1,20,13,0
35,0,1,20,14,0
40,0,1,20,4,0
40,0,1,20,29,0
41,0,1,20,17,0
43,0,1,20,33,0
67,0,1,20,21,0
20,2,1,20,9,0
20,2,1,20,9,0
20,2,1,20,10,0
20,2,1,20,13,0
20,2,1,20,14,0
20,2,1,20,15,0
20,2,1,20,15,0
20,2,1,20,17,0
23,2,1,20,12,0
23,2,1,20,13,0
23,2,1,20,15,0
23,2,1,20,16,0
24,2,1,20,18,0
25,2,1,20,24,0
25,2,1,20,25,0
26,2,1,20,13,0
28,2,1,20,14,0
28,2,1,20,19,0
28,2,1,20,28,0
29,2,1,20,12,0
29,2,1,20,17,0
30,2,1,20,18,0
30,2,1,20,21,0
30,2,1,20,30,0
31,2,1,20,15,0
31,2,1,20,16,0
31,2,1,20,17,0
31,2,1,20,19,0
31,2,1,20,31,0
33,2,1,20,21,0
33,2,1,20,23,0
33,2,1,20,31,0
33,2,1,20,32,0
33,2,1,20,33,0
34,2,1,20,34,0
35,2,1,20,35,0
36,2,1,20,27,0
36,2,1,20,27,0
37,2,1,20,18,0
37,2,1,20,20,0
37,2,1,20,23,0
38,2,1,20,25,0
38,2,1,20,30,0
44,2,1,20,36,0
44,2,1,20,37,0
46,2,1,20,23,0
48,2,1,20,48,0
55,2,1,20,55,0
58,2,1,20,23,0
61,2,1,20,28,0
90,2,1,20,45,0
93,2,1,20,34,0
20,5,1,20,9,0
20,5,1,20,16,0
20,5,1,20,20,0
21,5,1,20,18,0
21,5,1,20,20,0
22,5,1,20,17,0
22,5,1,20,17,0
24,5,1,20,24,0
27,5,1,20,7,0
27,5,1,20,25,0
28,5,1,20,28,0
29,5,1,20,19,0
29,5,1,20,29,0
30,5,1,20,16,0
31,5,1,20,20,0
31,5,1,20,31,0
32,5,1,20,16,0
32,5,1,20,32,0
33,5,1,20,33,0
34,5,1,20,34,0
35,5,1,20,35,0
36,5,1,20,14,0
36,5,1,20,14,0
36,5,1,20,20,0
36,5,1,20,23,0
36,5,1,20,25,0
36,5,1,20,36,0
37,5,1,20,37,0
38,5,1,20,38,0
40,5,1,20,15,0
41,5,1,20,27,0
42,5,1,20,42,0
43,5,1,20,17,0
48,5,1,20,48,0
51,5,1,20,31,0
51,5,1,20,51,0
53,5,1,20,53,0
54,5,1,20,52,0
84,5,1,20,24,0
84,5,1,20,34,0
89,5,1,20,89,0
115,5,1,20,41,1
22,8,1,20,16,0
24,8,1,20,19,0
28,8,1,20,17,0
29,8,1,20,12,0
29,8,1,20,19,0
31,8,1,20,31,0
34,8,1,20,5,0
34,8,1,20,22,0
35,8,1,20,26,0
40,8,1,20,23,0
46,8,1,20,32,0
20,10,1,20,9,0
20,10,1,20,19,0
24,10,1,20,22,0
28,10,1,20,11,0
74,10,1,20,74,0
77,10,1,20,77,0
26,12,1,20,7,0
65,12,1,20,65,0
74,12,1,20,74,0
30,30,1,20,10,0
40,40,1,20,19,0
40,40,1,20,30,0
54,52,1,20,31,0
20,0,2,20,6,0
20,0,2,20,11,0
20,0,2,20,11,0
20,0,2,20,12,0
20,0,2,20,20,0
22,0,2,20,19,0
23,0,2,20,17,0
24,0,2,20,17,0
25,0,2,20,7,0
25,0,2,20,17,0
27,0,2,20,19,0
28,0,2,20,28,0
30,0,2,20,15,0
31,0,2,20,10,0
31,0,2,20,11,0
31,0,2,20,17,0
31,0,2,20,22,0
32,0,2,20,10,0
32,0,2,20,14,0
32,0,2,20,32,0
33,0,2,20,7,0
34,0,2,20,34,0
34,0,2,20,34,0
35,0,2,20,17,0
35,0,2,20,31,0
36,0,2,20,9,0
36,0,2,20,30,0
36,0,2,20,36,0
37,0,2,20,16,0
37,0,2,20,28,0
37,0,2,20,37,0
38,0,2,20,6,0
38,0,2,20,38,0
39,0,2,20,10,0
39,0,2,20,27,0
40,0,2,20,21,0
41,0,2,20,31,0
42,0,2,20,20,0
43,0,2,20,29,0
43,0,2,20,33,0
44,0,2,20,25,0
44,0,2,20,34,0
46,0,2,20,46,0
20,2,2,20,7,0
20,2,2,20,7,0
20,2,2,20,8,0
20,2,2,20,9,0
20,2,2,20,10,0
20,2,2,20,13,0
20,2,2,20,14,0
20,2,2,20,15,0
20,2,2,20,16,0
20,2,2,20,16,0
20,2,2,20,17,0
20,2,2,20,19,0
20,2,2,20,20,0
21,2,2,20,19,0
22,2,2,20,18,0
23,2,2,20,7,0
24,2,2,20,13,0
24,2,2,20,14,0
24,2,2,20,17,0
24,2,2,20,23,0
25,2,2,20,17,0
25,2,2,20,21,0
25,2,2,20,21,0
25,2,2,20,25,0
26,2,2,20,14,0
26,2,2,20,16,0
26,2,2,20,19,0
27,2,2,20,10,0
27,2,2,20,13,0
27,2,2,20,15,0
27,2,2,20,18,0
28,2,2,20,15,0
28,2,2,20,20,0
28,2,2,20,23,0
28,2,2,20,28,0
29,2,2,20,12,0
29,2,2,20,25,0
29,2,2,20,27,0
30,2,2,20,3,0
30,2,2,20,14,0
30,2,2,20,28,0
31,2,2,20,7,0
31,2,2,20,8,0
31,2,2,20,15,0
31,2,2,20,15,0
31,2,2,20,16,0
31,2,2,20,16,0
31,2,2,20,17,0
31,2,2,20,19,0
31,2,2,20,19,0
31,2,2,20,20,0
31,2,2,20,27,0
31,2,2,20,28,0
31,2,2,20,28,0
31,2,2,20,31,0
32,2,2,20,16,0
32,2,2,20,19,0
32,2,2,20,22,0
32,2,2,20,32,0
32,2,2,20,32,0
33,2,2,20,3,0
33,2,2,20,19,0
33,2,2,20,24,0
33,2,2,20,33,0
33,2,2,20,33,0
34,2,2,20,22,0
34,2,2,20,26,0
34,2,2,20,27,0
34,2,2,20,34,0
34,2,2,20,34,0
34,2,2,20,34,0
35,2,2,20,9,0
35,2,2,20,12,0
35,2,2,20,13,0
35,2,2,20,15,0
35,2,2,20,20,0
35,2,2,20,30,0
35,2,2,20,30,0
35,2,2,20,32,0
35,2,2,20,33,0
35,2,2,20,35,0
36,2,2,20,12,0
36,2,2,20,15,0
36,2,2,20,19,0
36,2,2,20,23,0
36,2,2,20,31,0
37,2,2,20,16,0
37,2,2,20,18,0
37,2,2,20,19,0
37,2,2,20,25,0
37,2,2,20,27,0
37,2,2,20,33,0
37,2,2,20,37,0
38,2,2,20,11,0
38,2,2,20,16,0
38,2,2,20,19,0
38,2,2,20,23,0
38,2,2,20,26,0
38,2,2,20,28,0
38,2,2,20,28,0
38,2,2,20,31,0
38,2,2,20,32,0
38,2,2,20,34,0
38,2,2,20,37,0
38,2,2,20,38,0
38,2,2,20,38,0
39,2,2,20,18,0
39,2,2,20,19,0
39,2,2,20,20,0
39,2,2,20,21,0
39,2,2,20,22,0
39,2,2,20,26,0
39,2,2,20,36,0
39,2,2,20,39,0
39,2,2,20,39,0
40,2,2,20,11,0
40,2,2,20,16,0
40,2,2,20,17,0
40,2,2,20,18,0
40,2,2,20,21,0
40,2,2,20,25,0
40,2,2,20,28,0
40,2,2,20,29,0
40,2,2,20,31,0
40,2,2,20,40,0
41,2,2,20,19,0
41,2,2,20,24,0
41,2,2,20,25,0
41,2,2,20,27,0
41,2,2,20,34,0
41,2,2,20,36,0
41,2,2,20,41,0
42,2,2,20,28,0
42,2,2,20,30,0
42,2,2,20,42,0
43,2,2,20,21,0
43,2,2,20,26,0
43,2,2,20,33,0
43,2,2,20,33,0
43,2,2,20,37,0
43,2,2,20,38,0
43,2,2,20,43,0
43,2,2,20,43,0
44,2,2,20,13,0
44,2,2,20,23,0
44,2,2,20,27,0
44,2,2,20,32,0
44,2,2,20,33,0
44,2,2,20,34,0
44,2,2,20,34,0
44,2,2,20,36,0
44,2,2,20,38,0
44,2,2,20,42,0
44,2,2,20,44,0
44,2,2,20,44,0
45,2,2,20,22,0
45,2,2,20,25,0
45,2,2,20,27,0
45,2,2,20,31,0
45,2,2,20,38,0
45,2,2,20,40,0
45,2,2,20,44,0
45,2,2,20,44,0
45,2,2,20,45,0
46,2,2,20,34,0
46,2,2,20,42,0
46,2,2,20,46,0
47,2,2,20,32,0
47,2,2,20,34,0
47,2,2,20,39,0
47,2,2,20,40,0
47,2,2,20,47,0
48,2,2,20,19,0
48,2,2,20,32,0
48,2,2,20,35,0
48,2,2,20,45,0
48,2,2,20,48,0
49,2,2,20,11,0
49,2,2,20,23,0
49,2,2,20,24,0
49,2,2,20,30,0
49,2,2,20,30,0
49,2,2,20,36,0
49,2,2,20,40,0
49,2,2,20,40,0
49,2,2,20,48,0
49,2,2,20,49,0
50,2,2,20,21,0
50,2,2,20,23,0
50,2,2,20,38,0
50,2,2,20,38,0
50,2,2,20,40,0
50,2,2,20,50,0
51,2,2,20,32,0
51,2,2,20,36,0
51,2,2,20,51,0
52,2,2,20,52,0
52,2,2,20,52,0
54,2,2,20,33,0
54,2,2,20,37,0
54,2,2,20,46,0
54,2,2,20,54,0
54,2,2,20,54,0
54,2,2,20,54,0
56,2,2,20,56,0
58,2,2,20,18,0
58,2,2,20,25,0
58,2,2,20,34,0
58,2,2,20,58,0
58,2,2,20,58,0
58,2,2,20,58,0
59,2,2,20,59,0
59,2,2,20,59,0
59,2,2,20,59,0
60,2,2,20,60,0
61,2,2,20,49,0
61,2,2,20,61,0
61,2,2,20,61,0
62,2,2,20,62,0
64,2,2,20,23,0
64,2,2,20,30,0
64,2,2,20,33,0
64,2,2,20,46,0
67,2,2,20,27,0
67,2,2,20,35,0
67,2,2,20,35,0
67,2,2,20,37,0
67,2,2,20,66,0
67,2,2,20,67,0
73,2,2,20,73,0
73,2,2,20,73,0
74,2,2,20,28,0
74,2,2,20,43,0
75,2,2,20,39,0
77,2,2,20,42,0
77,2,2,20,42,0
77,2,2,20,77,0
80,2,2,20,48,0
84,2,2,20,16,0
88,2,2,20,57,0
90,2,2,20,48,0
159,2,2,20,75,1
20,5,2,20,4,0
20,5,2,20,5,0
20,5,2,20,10,0
20,5,2,20,18,0
25,5,2,20,15,0
25,5,2,20,23,0
26,5,2,20,25,0
27,5,2,20,15,0
27,5,2,20,15,0
27,5,2,20,16,0
27,5,2,20,18,0
27,5,2,20,27,0
28,5,2,20,7,0
29,5,2,20,10,0
30,5,2,20,14,0
30,5,2,20,19,0
31,5,2,20,18,0
31,5,2,20,21,0
32,5,2,20,32,0
33,5,2,20,12,0
35,5,2,20,33,0
36,5,2,20,10,0
36,5,2,20,15,0
36,5,2,20,25,0
36,5,2,20,33,0
37,5,2,20,23,0
37,5,2,20,35,0
38,5,2,20,24,0
38,5,2,20,25,0
38,5,2,20,36,0
38,5,2,20,38,0
40,5,2,20,31,0
40,5,2,20,35,0
40,5,2,20,38,0
40,5,2,20,40,0
40,5,2,20,40,0
42,5,2,20,26,0
42,5,2,20,35,0
42,5,2,20,42,0
42,5,2,20,42,0
43,5,2,20,33,0
43,5,2,20,40,0
43,5,2,20,43,0
44,5,2,20,36,0
44,5,2,20,38,0
45,5,2,20,43,0
46,5,2,20,32,0
47,5,2,20,47,0
48,5,2,20,22,0
48,5,2,20,41,0
48,5,2,20,48,0
48,5,2,20,48,0
49,5,2,20,37,0
49,5,2,20,37,0
49,5,2,20,38,0
49,5,2,20,41,0
49,5,2,20,49,0
49,5,2,20,49,0
50,5,2,20,41,0
50,5,2,20,43,0
50,5,2,20,45,0
50,5,2,20,49,0
50,5,2,20,50,0
52,5,2,20,52,0
52,5,2,20,52,0
53,5,2,20,53,0
53,5,2,20,53,0
54,5,2,20,36,0
54,5,2,20,37,0
54,5,2,20,41,0
55,5,2,20,55,0
56,5,2,20,56,0
56,5,2,20,56,0
57,5,2,20,57,0
58,5,2,20,27,0
58,5,2,20,30,0
58,5,2,20,36,0
58,5,2,20,48,0
59,5,2,20,59,0
61,5,2,20,18,0
61,5,2,20,30,0
61,5,2,20,61,0
62,5,2,20,62,0
64,5,2,20,49,0
64,5,2,20,53,0
65,5,2,20,65,0
66,5,2,20,66,0
67,5,2,20,22,0
67,5,2,20,23,0
67,5,2,20,40,0
67,5,2,20,54,0
67,5,2,20,67,0
67,5,2,20,67,0
68,5,2,20,68,0
70,5,2,20,70,0
71,5,2,20,33,0
71,5,2,20,55,0
71,5,2,20,71,0
72,5,2,20,72,0
74,5,2,20,36,0
74,5,2,20,40,0
77,5,2,20,77,0
80,5,2,20,41,0
80,5,2,20,80,0
83,5,2,20,83,0
87,5,2,20,67,0
87,5,2,20,76,0
93,5,2,20,33,0
93,5,2,20,44,0
93,5,2,20,79,0
100,5,2,20,26,0
100,5,2,20,58,0
108,5,2,20,57,1
112,5,2,20,55,1
20,8,2,20,9,0
20,8,2,20,10,0
20,8,2,20,19,0
20,8,2,20,19,0
21,8,2,20,15,0
21,8,2,20,21,0
22,8,2,20,11,0
23,8,2,20,17,0
23,8,2,20,23,0
24,8,2,20,11,0
25,8,2,20,25,0
28,8,2,20,28,0
33,8,2,20,19,0
33,8,2,20,31,0
33,8,2,20,31,0
33,8,2,20,33,0
33,8,2,20,33,0
35,8,2,20,35,0
36,8,2,20,20,0
36,8,2,20,36,0
40,8,2,20,18,0
40,8,2,20,19,0
40,8,2,20,40,0
40,8,2,20,40,0
41,8,2,20,16,0
42,8,2,20,42,0
43,8,2,20,42,0
43,8,2,20,43,0
43,8,2,20,43,0
43,8,2,20,43,0
44,8,2,20,19,0
44,8,2,20,24,0
44,8,2,20,27,0
44,8,2,20,38,0
44,8,2,20,44,0
45,8,2,20,22,0
45,8,2,20,41,0
48,8,2,20,36,0
48,8,2,20,45,0
48,8,2,20,48,0
49,8,2,20,49,0
50,8,2,20,31,0
51,8,2,20,34,0
52,8,2,20,52,0
54,8,2,20,37,0
57,8,2,20,57,0
58,8,2,20,33,0
60,8,2,20,49,0
61,8,2,20,33,0
61,8,2,20,52,0
61,8,2,20,61,0
62,8,2,20,62,0
67,8,2,20,32,0
71,8,2,20,38,0
72,8,2,20,72,0
74,8,2,20,38,0
74,8,2,20,51,0
75,8,2,20,75,0
77,8,2,20,61,0
78,8,2,20,78,0
87,8,2,20,45,0
87,8,2,20,48,0
97,8,2,20,49,0
100,8,2,20,41,0
100,8,2,20,59,0
100,8,2,20,65,0
126,8,2,20,50,1
20,10,2,20,10,0
20,10,2,20,14,0
20,10,2,20,19,0
28,10,2,20,14,0
30,10,2,20,28,0
31,10,2,20,31,0
32,10,2,20,32,0
35,10,2,20,35,0
36,10,2,20,16,0
36,10,2,20,25,0
37,10,2,20,18,0
37,10,2,20,26,0
38,10,2,20,38,0
39,10,2,20,39,0
41,10,2,20,41,0
42,10,2,20,40,0
43,10,2,20,26,0
47,10,2,20,37,0
48,10,2,20,48,0
49,10,2,20,32,0
55,10,2,20,55,0
58,10,2,20,58,0
65,10,2,20,65,0
67,10,2,20,67,0
68,10,2,20,68,0
20,12,2,20,10,0
20,12,2,20,14,0
22,12,2,20,22,0
27,12,2,20,27,0
38,12,2,20,21,0
40,12,2,20,40,0
45,12,2,20,37,0
67,12,2,20,32,0
76,12,2,20,76,0
85,12,2,20,85,0
87,12,2,20,43,0
88,12,2,20,88,0
42,15,2,20,40,0
43,15,2,20,43,0
58,15,2,20,58,0
89,15,2,20,89,0
29,18,2,20,21,0
42,18,2,20,38,0
45,18,2,20,45,0
49,18,2,20,49,0
28,22,2,20,28,0
54,22,2,20,52,0
44,25,2,20,44,0
28,28,2,20,22,0
42,38,2,20,40,0
45,45,2,20,40,0
61,61,2,20,33,0
69,69,2,20,60,0
20,0,3,20,13,0
29,0,3,20,29,0
32,0,3,20,26,0
33,0,3,20,4,0
33,0,3,20,22,0
40,0,3,20,27,0
40,0,3,20,39,0
40,0,3,20,40,0
43,0,3,20,23,0
44,0,3,20,16,0
45,0,3,20,29,0
45,0,3,20,45,0
45,0,3,20,45,0
49,0,3,20,45,0
53,0,3,20,53,0
55,0,3,20,55,0
60,0,3,20,60,0
64,0,3,20,44,0
69,0,3,20,69,0
93,0,3,20,72,0
20,2,3,20,19,0
21,2,3,20,21,0
26,2,3,20,18,0
26,2,3,20,20,0
26,2,3,20,26,0
28,2,3,20,23,0
29,2,3,20,29,0
29,2,3,20,29,0
30,2,3,20,8,0
30,2,3,20,14,0
31,2,3,20,13,0
31,2,3,20,15,0
31,2,3,20,15,0
31,2,3,20,24,0
31,2,3,20,31,0
33,2,3,20,22,0
33,2,3,20,29,0
34,2,3,20,19,0
34,2,3,20,31,0
35,2,3,20,21,0
35,2,3,20,26,0
36,2,3,20,19,0
36,2,3,20,27,0
37,2,3,20,21,0
37,2,3,20,24,0
37,2,3,20,27,0
37,2,3,20,31,0
37,2,3,20,33,0
37,2,3,20,37,0
37,2,3,20,37,0
38,2,3,20,12,0
38,2,3,20,13,0
38,2,3,20,33,0
39,2,3,20,9,0
39,2,3,20,28,0
39,2,3,20,39,0
40,2,3,20,28,0
40,2,3,20,30,0
40,2,3,20,32,0
40,2,3,20,38,0
41,2,3,20,34,0
41,2,3,20,37,0
41,2,3,20,41,0
42,2,3,20,29,0
43,2,3,20,22,0
43,2,3,20,26,0
43,2,3,20,39,0
43,2,3,20,41,0
44,2,3,20,31,0
44,2,3,20,35,0
44,2,3,20,36,0
44,2,3,20,44,0
45,2,3,20,24,0
45,2,3,20,30,0
45,2,3,20,45,0
45,2,3,20,45,0
45,2,3,20,45,0
46,2,3,20,36,0
46,2,3,20,46,0
46,2,3,20,46,0
47,2,3,20,47,0
48,2,3,20,20,0
48,2,3,20,48,0
49,2,3,20,44,0
49,2,3,20,45,0
49,2,3,20,48,0
49,2,3,20,49,0
49,2,3,20,49,0
50,2,3,20,22,0
50,2,3,20,34,0
50,2,3,20,45,0
50,2,3,20,50,0
50,2,3,20,50,0
51,2,3,20,51,0
51,2,3,20,51,0
51,2,3,20,51,0
52,2,3,20,52,0
52,2,3,20,52,0
52,2,3,20,52,0
53,2,3,20,53,0
54,2,3,20,41,0
54,2,3,20,54,0
54,2,3,20,54,0
56,2,3,20,56,0
56,2,3,20,56,0
56,2,3,20,56,0
57,2,3,20,57,0
57,2,3,20,57,0
57,2,3,20,57,0
58,2,3,20,49,0
58,2,3,20,58,0
58,2,3,20,58,0
58,2,3,20,58,0
59,2,3,20,59,0
59,2,3,20,59,0
60,2,3,20,60,0
60,2,3,20,60,0
60,2,3,20,60,0
60,2,3,20,60,0
61,2,3,20,26,0
61,2,3,20,47,0
61,2,3,20,49,0
61,2,3,20,57,0
61,2,3,20,61,0
63,2,3,20,63,0
63,2,3,20,63,0
63,2,3,20,63,0
64,2,3,20,52,0
64,2,3,20,64,0
65,2,3,20,65,0
66,2,3,20,66,0
67,2,3,20,51,0
67,2,3,20,60,0
67,2,3,20,66,0
67,2,3,20,67,0
69,2,3,20,69,0
70,2,3,20,70,0
70,2,3,20,70,0
71,2,3,20,26,0
71,2,3,20,56,0
74,2,3,20,41,0
74,2,3,20,67,0
75,2,3,20,75,0
76,2,3,20,76,0
77,2,3,20,62,0
77,2,3,20,67,0
79,2,3,20,79,0
80,2,3,20,65,0
82,2,3,20,82,0
84,2,3,20,83,0
87,2,3,20,34,0
93,2,3,20,52,0
97,2,3,20,71,0
101,2,3,20,63,1
104,2,3,20,65,1
112,2,3,20,75,1
115,2,3,20,49,1
126,2,3,20,58,1
132,2,3,20,83,1
154,2,3,20,77,1
161,2,3,20,67,1
20,5,3,20,15,0
29,5,3,20,11,0
29,5,3,20,29,0
31,5,3,20,20,0
31,5,3,20,31,0
32,5,3,20,20,0
33,5,3,20,9,0
34,5,3,20,27,0
37,5,3,20,24,0
39,5,3,20,23,0
41,5,3,20,41,0
43,5,3,20,30,0
43,5,3,20,34,0
43,5,3,20,41,0
44,5,3,20,24,0
44,5,3,20,43,0
46,5,3,20,42,0
47,5,3,20,46,0
48,5,3,20,11,0
48,5,3,20,48,0
50,5,3,20,42,0
51,5,3,20,51,0
51,5,3,20,51,0
52,5,3,20,52,0
53,5,3,20,53,0
53,5,3,20,53,0
53,5,3,20,53,0
54,5,3,20,54,0
54,5,3,20,54,0
55,5,3,20,55,0
56,5,3,20,56,0
56,5,3,20,56,0
57,5,3,20,52,0
57,5,3,20,57,0
58,5,3,20,25,0
58,5,3,20,51,0
58,5,3,20,58,0
59,5,3,20,53,0
59,5,3,20,59,0
59,5,3,20,59,0
59,5,3,20,59,0
59,5,3,20,59,0
61,5,3,20,52,0
61,5,3,20,57,0
61,5,3,20,61,0
61,5,3,20,61,0
61,5,3,20,61,0
62,5,3,20,62,0
63,5,3,20,63,0
63,5,3,20,63,0
64,5,3,20,55,0
64,5,3,20,64,0
64,5,3,20,64,0
64,5,3,20,64,0
65,5,3,20,65,0
66,5,3,20,66,0
67,5,3,20,49,0
67,5,3,20,60,0
67,5,3,20,67,0
68,5,3,20,68,0
71,5,3,20,32,0
73,5,3,20,73,0
74,5,3,20,74,0
75,5,3,20,75,0
76,5,3,20,76,0
77,5,3,20,52,0
77,5,3,20,58,0
77,5,3,20,59,0
77,5,3,20,60,0
77,5,3,20,65,0
77,5,3,20,77,0
78,5,3,20,78,0
79,5,3,20,79,0
80,5,3,20,45,0
81,5,3,20,81,0
83,5,3,20,83,0
84,5,3,20,70,0
87,5,3,20,46,0
87,5,3,20,87,0
88,5,3,20,88,0
90,5,3,20,83,0
91,5,3,20,91,0
93,5,3,20,66,0
97,5,3,20,52,0
97,5,3,20,78,0
103,5,3,20,103,1
108,5,3,20,108,1
115,5,3,20,56,1
118,5,3,20,64,1
126,5,3,20,64,1
161,5,3,20,93,1
22,8,3,20,22,0
31,8,3,20,31,0
39,8,3,20,39,0
44,8,3,20,22,0
44,8,3,20,24,0
45,8,3,20,45,0
47,8,3,20,32,0
47,8,3,20,45,0
49,8,3,20,42,0
49,8,3,20,45,0
52,8,3,20,52,0
53,8,3,20,53,0
54,8,3,20,54,0
55,8,3,20,55,0
55,8,3,20,55,0
58,8,3,20,44,0
58,8,3,20,58,0
60,8,3,20,60,0
61,8,3,20,61,0
62,8,3,20,62,0
66,8,3,20,66,0
66,8,3,20,66,0
70,8,3,20,70,0
70,8,3,20,70,0
71,8,3,20,53,0
74,8,3,20,66,0
74,8,3,20,74,0
77,8,3,20,67,0
77,8,3,20,72,0
77,8,3,20,77,0
77,8,3,20,77,0
80,8,3,20,63,0
80,8,3,20,70,0
80,8,3,20,80,0
82,8,3,20,82,0
84,8,3,20,70,0
85,8,3,20,85,0
97,8,3,20,55,0
97,8,3,20,64,0
97,8,3,20,67,0
97,8,3,20,75,0
99,8,3,20,99,0
103,8,3,20,85,1
115,8,3,20,56,1
115,8,3,20,93,1
129,8,3,20,59,1
37,10,3,20,30,0
52,10,3,20,52,0
57,10,3,20,57,0
71,10,3,20,69,0
72,10,3,20,72,0
77,10,3,20,33,0
90,10,3,20,52,0
90,10,3,20,84,0
101,10,3,20,52,1
104,10,3,20,70,1
112,10,3,20,76,1
140,10,3,20,65,1
151,10,3,20,65,1
41,12,3,20,23,0
47,12,3,20,34,0
59,12,3,20,59,0
61,12,3,20,53,0
64,12,3,20,64,0
136,12,3,20,63,1
40,18,3,20,22,0
45,18,3,20,44,0
33,20,3,20,28,0
48,25,3,20,29,0
83,25,3,20,83,0
25,0,5,20,18,0
43,0,5,20,24,0
48,0,5,20,48,0
56,0,5,20,56,0
27,2,5,20,26,0
29,2,5,20,26,0
29,2,5,20,29,0
31,2,5,20,25,0
31,2,5,20,31,0
33,2,5,20,31,0
36,2,5,20,35,0
38,2,5,20,38,0
39,2,5,20,39,0
40,2,5,20,26,0
41,2,5,20,41,0
44,2,5,20,44,0
44,2,5,20,44,0
47,2,5,20,44,0
48,2,5,20,42,0
50,2,5,20,50,0
51,2,5,20,51,0
54,2,5,20,33,0
54,2,5,20,54,0
54,2,5,20,54,0
57,2,5,20,57,0
61,2,5,20,53,0
65,2,5,20,65,0
65,2,5,20,65,0
67,2,5,20,67,0
68,2,5,20,68,0
70,2,5,20,70,0
71,2,5,20,44,0
72,2,5,20,72,0
73,2,5,20,73,0
74,2,5,20,59,0
74,2,5,20,74,0
77,2,5,20,55,0
77,2,5,20,65,0
79,2,5,20,79,0
79,2,5,20,79,0
80,2,5,20,74,0
82,2,5,20,82,0
83,2,5,20,83,0
89,2,5,20,89,0
99,2,5,20,99,0
99,2,5,20,99,0
100,2,5,20,59,0
100,2,5,20,91,0
109,2,5,20,109,1
113,2,5,20,113,1
115,2,5,20,62,1
118,2,5,20,56,1
122,2,5,20,56,1
35,5,5,20,34,0
39,5,5,20,39,0
44,5,5,20,44,0
56,5,5,20,56,0
57,5,5,20,57,0
59,5,5,20,59,0
62,5,5,20,62,0
70,5,5,20,70,0
70,5,5,20,70,0
76,5,5,20,76,0
77,5,5,20,77,0
77,5,5,20,77,0
80,5,5,20,80,0
83,5,5,20,83,0
86,5,5,20,86,0
87,5,5,20,78,0
87,5,5,20,87,0
88,5,5,20,88,0
90,5,5,20,79,0
91,5,5,20,91,0
93,5,5,20,93,0
96,5,5,20,96,0
98,5,5,20,98,0
104,5,5,20,104,1
108,5,5,20,101,1
118,5,5,20,77,1
123,5,5,20,123,1
126,5,5,20,126,1
129,5,5,20,77,1
132,5,5,20,70,1
140,5,5,20,140,1
151,5,5,20,76,1
37,8,5,20,24,0
40,8,5,20,40,0
53,8,5,20,53,0
53,8,5,20,53,0
55,8,5,20,55,0
62,8,5,20,62,0
65,8,5,20,65,0
67,8,5,20,67,0
68,8,5,20,68,0
74,8,5,20,35,0
74,8,5,20,69,0
76,8,5,20,76,0
78,8,5,20,78,0
80,8,5,20,66,0
84,8,5,20,84,0
87,8,5,20,87,0
90,8,5,20,55,0
92,8,5,20,92,0
93,8,5,20,93,0
98,8,5,20,98,0
122,8,5,20,77,1
146,8,5,20,70,1
154,8,5,20,66,1
161,8,5,20,89,1
58,10,5,20,49,0
63,10,5,20,63,0
64,10,5,20,54,0
74,10,5,20,61,0
94,10,5,20,94,0
112,12,5,20,72,1
122,12,5,20,78,1
115,18,5,20,84,1
177,18,5,20,83,1
63,0,6,20,63,0
69,2,6,20,69,0
70,2,6,20,70,0
72,2,6,20,72,0
75,2,6,20,75,0
77,2,6,20,55,0
89,2,6,20,89,0
94,2,6,20,94,0
100,2,6,20,100,0
114,2,6,20,114,1
123,2,6,20,123,1
24,5,6,20,21,0
105,5,6,20,104,1
105,5,6,20,105,1
108,5,6,20,69,1
113,5,6,20,113,1
119,5,6,20,119,1
123,5,6,20,123,1
148,5,6,20,148,1
77,8,6,20,77,0
91,8,6,20,91,0
67,10,6,20,67,0
134,10,6,20,134,1
46,15,6,20,28,0
146,5,7,20,146,1
88,8,7,20,88,0
165,5,8,20,165,1
156,8,8,20,156,1
22,2,0,22,7,0
22,5,0,22,17,0
22,0,1,22,18,0
29,0,1,22,10,0
29,0,1,22,14,0
31,0,1,22,3,0
31,0,1,22,17,0
33,0,1,22,21,0
34,0,1,22,22,0
38,0,1,22,38,0
44,0,1,22,19,0
46,0,1,22,33,0
22,2,1,22,9,0
22,2,1,22,10,0
22,2,1,22,14,0
22,2,1,22,15,0
22,2,1,22,16,0
22,2,1,22,18,0
22,2,1,22,18,0
22,2,1,22,19,0
23,2,1,22,16,0
24,2,1,22,18,0
25,2,1,22,9,0
28,2,1,22,28,0
29,2,1,22,12,0
31,2,1,22,16,0
31,2,1,22,23,0
31,2,1,22,25,0
31,2,1,22,28,0
31,2,1,22,31,0
31,2,1,22,31,0
32,2,1,22,18,0
32,2,1,22,20,0
33,2,1,22,14,0
33,2,1,22,27,0
33,2,1,22,30,0
33,2,1,22,33,0
33,2,1,22,33,0
34,2,1,22,34,0
35,2,1,22,19,0
35,2,1,22,25,0
36,2,1,22,16,0
36,2,1,22,33,0
37,2,1,22,29,0
37,2,1,22,34,0
38,2,1,22,16,0
38,2,1,22,20,0
38,2,1,22,24,0
39,2,1,22,20,0
39,2,1,22,27,0
39,2,1,22,39,0
41,2,1,22,15,0
42,2,1,22,41,0
43,2,1,22,24,0
43,2,1,22,40,0
44,2,1,22,19,0
45,2,1,22,6,0
45,2,1,22,45,0
48,2,1,22,48,0
51,2,1,22,38,0
51,2,1,22,51,0
22,5,1,22,10,0
22,5,1,22,16,0
22,5,1,22,18,0
22,5,1,22,18,0
22,5,1,22,19,0
28,5,1,22,28,0
29,5,1,22,17,0
30,5,1,22,21,0
32,5,1,22,13,0
33,5,1,22,33,0
34,5,1,22,15,0
34,5,1,22,16,0
37,5,1,22,35,0
38,5,1,22,38,0
40,5,1,22,36,0
41,5,1,22,41,0
42,5,1,22,42,0
44,5,1,22,36,0
46,5,1,22,27,0
50,5,1,22,21,0
52,5,1,22,52,0
84,5,1,22,84,0
87,5,1,22,30,0
22,8,1,22,11,0
22,8,1,22,16,0
24,8,1,22,24,0
26,8,1,22,16,0
27,8,1,22,27,0
32,8,1,22,30,0
33,8,1,22,21,0
35,8,1,22,35,0
37,8,1,22,25,0
37,8,1,22,37,0
38,8,1,22,38,0
40,8,1,22,19,0
44,8,1,22,36,0
54,8,1,22,54,0
76,8,1,22,76,0
35,10,1,22,19,0
23,12,1,22,21,0
26,18,1,22,26,0
31,18,1,22,15,0
46,18,1,22,33,0
32,22,1,22,32,0
30,30,1,22,10,0
73,73,1,22,16,0
22,0,2,22,7,0
22,0,2,22,11,0
22,0,2,22,14,0
22,0,2,22,16,0
22,0,2,22,17,0
22,0,2,22,17,0
22,0,2,22,18,0
22,0,2,22,18,0
22,0,2,22,18,0
24,0,2,22,8,0
24,0,2,22,24,0
27,0,2,22,20,0
27,0,2,22,26,0
28,0,2,22,19,0
30,0,2,22,17,0
30,0,2,22,29,0
31,0,2,22,2,0
31,0,2,22,13,0
31,0,2,22,29,0
31,0,2,22,31,0
32,0,2,22,4,0
33,0,2,22,17,0
33,0,2,22,33,0
35,0,2,22,16,0
35,0,2,22,19,0
36,0,2,22,14,0
36,0,2,22,17,0
36,0,2,22,28,0
36,0,2,22,36,0
36,0,2,22,36,0
38,0,2,22,26,0
38,0,2,22,35,0
38,0,2,22,38,0
39,0,2,22,20,0
39,0,2,22,33,0
40,0,2,22,11,0
42,0,2,22,19,0
42,0,2,22,26,0
42,0,2,22,42,0
45,0,2,22,25,0
45,0,2,22,42,0
47,0,2,22,39,0
47,0,2,22,47,0
48,0,2,22,26,0
50,0,2,22,34,0
51,0,2,22,40,0
53,0,2,22,53,0
68,0,2,22,68,0
77,0,2,22,77,0
22,2,2,22,2,0
22,2,2,22,3,0
22,2,2,22,5,0
22,2,2,22,6,0
22,2,2,22,6,0
22,2,2,22,7,0
22,2,2,22,8,0
22,2,2,22,10,0
22,2,2,22,17,0
22,2,2,22,18,0
22,2,2,22,19,0
23,2,2,22,10,0
23,2,2,22,23,0
24,2,2,22,5,0
25,2,2,22,16,0
25,2,2,22,18,0
25,2,2,22,22,0
25,2,2,22,25,0
26,2,2,22,15,0
26,2,2,22,15,0
26,2,2,22,20,0
27,2,2,22,11,0
27,2,2,22,19,0
27,2,2,22,19,0
27,2,2,22,20,0
27,2,2,22,27,0
28,2,2,22,2,0
28,2,2,22,3,0
28,2,2,22,13,0
28,2,2,22,13,0
28,2,2,22,17,0
28,2,2,22,17,0
28,2,2,22,19,0
28,2,2,22,27,0
28,2,2,22,28,0
28,2,2,22,28,0
29,2,2,22,21,0
29,2,2,22,29,0
29,2,2,22,29,0
30,2,2,22,20,0
30,2,2,22,21,0
30,2,2,22,24,0
30,2,2,22,30,0
31,2,2,22,8,0
31,2,2,22,11,0
31,2,2,22,13,0
31,2,2,22,14,0
31,2,2,22,14,0
31,2,2,22,15,0
31,2,2,22,17,0
31,2,2,22,29,0
31,2,2,22,31,0
31,2,2,22,31,0
32,2,2,22,13,0
32,2,2,22,17,0
32,2,2,22,17,0
32,2,2,22,20,0
32,2,2,22,20,0
32,2,2,22,23,0
32,2,2,22,32,0
32,2,2,22,32,0
33,2,2,22,14,0
33,2,2,22,15,0
33,2,2,22,16,0
33,2,2,22,30,0
34,2,2,22,13,0
34,2,2,22,13,0
34,2,2,22,14,0
34,2,2,22,18,0
34,2,2,22,24,0
34,2,2,22,28,0
34,2,2,22,30,0
34,2,2,22,31,0
34,2,2,22,34,0
34,2,2,22,34,0
35,2,2,22,26,0
35,2,2,22,35,0
35,2,2,22,35,0
36,2,2,22,13,0
36,2,2,22,26,0
36,2,2,22,31,0
36,2,2,22,32,0
36,2,2,22,34,0
36,2,2,22,36,0
36,2,2,22,36,0
37,2,2,22,17,0
37,2,2,22,17,0
37,2,2,22,19,0
37,2,2,22,21,0
37,2,2,22,21,0
37,2,2,22,24,0
37,2,2,22,32,0
37,2,2,22,33,0
37,2,2,22,36,0
38,2,2,22,10,0
38,2,2,22,10,0
38,2,2,22,14,0
38,2,2,22,16,0
38,2,2,22,19,0
38,2,2,22,23,0
38,2,2,22,28,0
38,2,2,22,38,0
38,2,2,22,38,0
38,2,2,22,38,0
39,2,2,22,13,0
39,2,2,22,30,0
39,2,2,22,30,0
39,2,2,22,36,0
39,2,2,22,38,0
39,2,2,22,39,0
40,2,2,22,25,0
40,2,2,22,25,0
40,2,2,22,25,0
40,2,2,22,26,0
40,2,2,22,28,0
40,2,2,22,32,0
40,2,2,22,35,0
40,2,2,22,40,0
41,2,2,22,26,0
41,2,2,22,30,0
41,2,2,22,34,0
42,2,2,22,19,0
42,2,2,22,29,0
42,2,2,22,30,0
42,2,2,22,32,0
43,2,2,22,11,0
43,2,2,22,19,0
43,2,2,22,19,0
43,2,2,22,20,0
43,2,2,22,30,0
43,2,2,22,30,0
43,2,2,22,30,0
43,2,2,22,43,0
43,2,2,22,43,0
44,2,2,22,14,0
44,2,2,22,20,0
44,2,2,22,29,0
44,2,2,22,31,0
44,2,2,22,43,0
44,2,2,22,44,0
44,2,2,22,44,0
45,2,2,22,27,0
45,2,2,22,29,0
45,2,2,22,39,0
46,2,2,22,14,0
46,2,2,22,19,0
46,2,2,22,24,0
46,2,2,22,26,0
46,2,2,22,26,0
46,2,2,22,31,0
46,2,2,22,32,0
46,2,2,22,41,0
46,2,2,22,41,0
47,2,2,22,7,0
47,2,2,22,23,0
47,2,2,22,27,0
47,2,2,22,36,0
47,2,2,22,47,0
48,2,2,22,20,0
48,2,2,22,39,0
48,2,2,22,43,0
49,2,2,22,11,0
49,2,2,22,30,0
49,2,2,22,34,0
49,2,2,22,39,0
49,2,2,22,39,0
49,2,2,22,44,0
49,2,2,22,49,0
50,2,2,22,50,0
51,2,2,22,41,0
51,2,2,22,42,0
52,2,2,22,52,0
52,2,2,22,52,0
54,2,2,22,37,0
54,2,2,22,54,0
54,2,2,22,54,0
54,2,2,22,54,0
54,2,2,22,54,0
56,2,2,22,56,0
57,2,2,22,57,0
57,2,2,22,57,0
58,2,2,22,58,0
58,2,2,22,58,0
59,2,2,22,59,0
61,2,2,22,22,0
61,2,2,22,39,0
61,2,2,22,61,0
62,2,2,22,62,0
64,2,2,22,53,0
66,2,2,22,66,0
67,2,2,22,32,0
71,2,2,22,49,0
74,2,2,22,34,0
74,2,2,22,34,0
76,2,2,22,76,0
77,2,2,22,44,0
80,2,2,22,43,0
82,2,2,22,82,0
90,2,2,22,38,0
93,2,2,22,31,0
97,2,2,22,44,0
98,2,2,22,98,0
104,2,2,22,39,1
108,2,2,22,40,1
112,2,2,22,43,1
22,5,2,22,17,0
23,5,2,22,19,0
23,5,2,22,23,0
24,5,2,22,15,0
24,5,2,22,22,0
24,5,2,22,24,0
25,5,2,22,25,0
25,5,2,22,25,0
26,5,2,22,23,0
28,5,2,22,28,0
29,5,2,22,16,0
30,5,2,22,19,0
30,5,2,22,23,0
30,5,2,22,30,0
31,5,2,22,15,0
31,5,2,22,17,0
31,5,2,22,17,0
31,5,2,22,24,0
32,5,2,22,11,0
32,5,2,22,17,0
32,5,2,22,18,0
32,5,2,22,24,0
32,5,2,22,25,0
34,5,2,22,28,0
34,5,2,22,34,0
34,5,2,22,34,0
35,5,2,22,21,0
35,5,2,22,22,0
35,5,2,22,33,0
35,5,2,22,35,0
36,5,2,22,36,0
37,5,2,22,27,0
37,5,2,22,27,0
37,5,2,22,36,0
38,5,2,22,18,0
38,5,2,22,27,0
38,5,2,22,32,0
38,5,2,22,38,0
38,5,2,22,38,0
39,5,2,22,9,0
39,5,2,22,14,0
39,5,2,22,24,0
39,5,2,22,36,0
39,5,2,22,39,0
40,5,2,22,15,0
40,5,2,22,25,0
40,5,2,22,29,0
40,5,2,22,40,0
40,5,2,22,40,0
41,5,2,22,38,0
41,5,2,22,41,0
42,5,2,22,26,0
42,5,2,22,26,0
42,5,2,22,42,0
43,5,2,22,36,0
43,5,2,22,41,0
44,5,2,22,28,0
44,5,2,22,30,0
44,5,2,22,35,0
44,5,2,22,44,0
45,5,2,22,30,0
45,5,2,22,45,0
45,5,2,22,45,0
46,5,2,22,46,0
47,5,2,22,11,0
47,5,2,22,22,0
47,5,2,22,29,0
47,5,2,22,38,0
47,5,2,22,47,0
47,5,2,22,47,0
48,5,2,22,48,0
49,5,2,22,34,0
49,5,2,22,46,0
51,5,2,22,36,0
51,5,2,22,49,0
51,5,2,22,51,0
51,5,2,22,51,0
51,5,2,22,51,0
52,5,2,22,52,0
52,5,2,22,52,0
54,5,2,22,54,0
54,5,2,22,54,0
55,5,2,22,55,0
55,5,2,22,55,0
56,5,2,22,56,0
58,5,2,22,45,0
58,5,2,22,57,0
59,5,2,22,56,0
59,5,2,22,59,0
59,5,2,22,59,0
60,5,2,22,60,0
61,5,2,22,46,0
61,5,2,22,48,0
61,5,2,22,54,0
61,5,2,22,61,0
63,5,2,22,63,0
64,5,2,22,42,0
64,5,2,22,57,0
64,5,2,22,64,0
64,5,2,22,64,0
67,5,2,22,44,0
69,5,2,22,69,0
71,5,2,22,33,0
71,5,2,22,44,0
71,5,2,22,47,0
71,5,2,22,71,0
77,5,2,22,47,0
81,5,2,22,81,0
84,5,2,22,47,0
84,5,2,22,51,0
84,5,2,22,81,0
87,5,2,22,30,0
87,5,2,22,87,0
93,5,2,22,32,0
97,5,2,22,38,0
100,5,2,22,43,0
100,5,2,22,66,0
118,5,2,22,53,1
132,5,2,22,49,1
22,8,2,22,14,0
22,8,2,22,16,0
22,8,2,22,18,0
22,8,2,22,19,0
22,8,2,22,22,0
24,8,2,22,23,0
26,8,2,22,14,0
28,8,2,22,28,0
29,8,2,22,29,0
30,8,2,22,13,0
33,8,2,22,14,0
33,8,2,22,15,0
34,8,2,22,17,0
34,8,2,22,25,0
36,8,2,22,27,0
37,8,2,22,31,0
37,8,2,22,33,0
38,8,2,22,26,0
39,8,2,22,39,0
40,8,2,22,19,0
40,8,2,22,23,0
41,8,2,22,41,0
44,8,2,22,35,0
44,8,2,22,44,0
45,8,2,22,31,0
45,8,2,22,35,0
46,8,2,22,14,0
46,8,2,22,46,0
46,8,2,22,46,0
47,8,2,22,28,0
48,8,2,22,29,0
48,8,2,22,48,0
49,8,2,22,34,0
49,8,2,22,40,0
50,8,2,22,50,0
53,8,2,22,53,0
54,8,2,22,39,0
56,8,2,22,56,0
60,8,2,22,60,0
61,8,2,22,33,0
64,8,2,22,37,0
64,8,2,22,50,0
66,8,2,22,66,0
67,8,2,22,67,0
67,8,2,22,67,0
71,8,2,22,33,0
75,8,2,22,75,0
77,8,2,22,61,0
84,8,2,22,42,0
93,8,2,22,59,0
93,8,2,22,72,0
129,8,2,22,45,1
22,10,2,22,6,0
22,10,2,22,21,0
23,10,2,22,11,0
26,10,2,22,11,0
26,10,2,22,17,0
37,10,2,22,32,0
37,10,2,22,37,0
39,10,2,22,39,0
39,10,2,22,39,0
40,10,2,22,38,0
41,10,2,22,32,0
48,10,2,22,31,0
49,10,2,22,34,0
50,10,2,22,40,0
56,10,2,22,56,0
64,10,2,22,39,0
64,10,2,22,41,0
66,10,2,22,66,0
75,10,2,22,75,0
80,10,2,22,60,0
86,10,2,22,86,0
87,10,2,22,87,0
90,10,2,22,53,0
22,12,2,22,22,0
24,12,2,22,20,0
26,12,2,22,26,0
27,12,2,22,18,0
30,12,2,22,10,0
41,12,2,22,38,0
64,12,2,22,64,0
71,12,2,22,28,0
81,12,2,22,81,0
31,15,2,22,19,0
36,15,2,22,36,0
46,15,2,22,23,0
41,18,2,22,15,0
58,18,2,22,42,0
30,20,2,22,30,0
47,20,2,22,47,0
67,20,2,22,56,0
25,25,2,22,23,0
26,25,2,22,13,0
67,25,2,22,67,0
37,30,2,22,37,0
38,38,2,22,34,0
79,79,2,22,44,0
22,0,3,22,7,0
23,0,3,22,12,0
26,0,3,22,2,0
28,0,3,22,17,0
28,0,3,22,17,0
32,0,3,22,16,0
33,0,3,22,19,0
36,0,3,22,21,0
37,0,3,22,35,0
38,0,3,22,31,0
39,0,3,22,26,0
43,0,3,22,43,0
48,0,3,22,35,0
54,0,3,22,54,0
58,0,3,22,58,0
22,2,3,22,22,0
24,2,3,22,19,0
25,2,3,22,14,0
28,2,3,22,25,0
29,2,3,22,23,0
29,2,3,22,29,0
30,2,3,22,13,0
31,2,3,22,5,0
31,2,3,22,20,0
31,2,3,22,25,0
31,2,3,22,31,0
32,2,3,22,7,0
32,2,3,22,17,0
32,2,3,22,24,0
32,2,3,22,32,0
32,2,3,22,32,0
33,2,3,22,28,0
33,2,3,22,33,0
34,2,3,22,14,0
34,2,3,22,16,0
34,2,3,22,34,0
34,2,3,22,34,0
35,2,3,22,9,0
35,2,3,22,19,0
35,2,3,22,21,0
35,2,3,22,34,0
36,2,3,22,23,0
36,2,3,22,27,0
36,2,3,22,36,0
37,2,3,22,36,0
39,2,3,22,20,0
39,2,3,22,20,0
39,2,3,22,24,0
39,2,3,22,26,0
39,2,3,22,33,0
39,2,3,22,34,0
39,2,3,22,36,0
40,2,3,22,26,0
40,2,3,22,40,0
41,2,3,22,12,0
41,2,3,22,17,0
41,2,3,22,31,0
41,2,3,22,31,0
41,2,3,22,41,0
42,2,3,22,35,0
42,2,3,22,37,0
42,2,3,22,39,0
42,2,3,22,42,0
43,2,3,22,30,0
43,2,3,22,43,0
43,2,3,22,43,0
43,2,3,22,43,0
44,2,3,22,39,0
44,2,3,22,41,0
44,2,3,22,41,0
44,2,3,22,44,0
45,2,3,22,31,0
45,2,3,22,43,0
46,2,3,22,33,0
46,2,3,22,46,0
46,2,3,22,46,0
46,2,3,22,46,0
47,2,3,22,43,0
47,2,3,22,47,0
47,2,3,22,47,0
47,2,3,22,47,0
48,2,3,22,48,0
48,2,3,22,48,0
49,2,3,22,49,0
50,2,3,22,35,0
50,2,3,22,43,0
50,2,3,22,45,0
50,2,3,22,50,0
51,2,3,22,51,0
52,2,3,22,52,0
53,2,3,22,53,0
53,2,3,22,53,0
53,2,3,22,53,0
53,2,3,22,53,0
53,2,3,22,53,0
53,2,3,22,53,0
54,2,3,22,30,0
54,2,3,22,45,0
54,2,3,22,54,0
54,2,3,22,54,0
54,2,3,22,54,0
55,2,3,22,55,0
55,2,3,22,55,0
56,2,3,22,56,0
56,2,3,22,56,0
58,2,3,22,58,0
59,2,3,22,46,0
59,2,3,22,59,0
59,2,3,22,59,0
60,2,3,22,60,0
60,2,3,22,60,0
62,2,3,22,62,0
63,2,3,22,63,0
63,2,3,22,63,0
63,2,3,22,63,0
64,2,3,22,49,0
64,2,3,22,64,0
64,2,3,22,64,0
65,2,3,22,65,0
65,2,3,22,65,0
66,2,3,22,66,0
66,2,3,22,66,0
66,2,3,22,66,0
67,2,3,22,37,0
67,2,3,22,61,0
67,2,3,22,62,0
67,2,3,22,67,0
68,2,3,22,68,0
68,2,3,22,68,0
70,2,3,22,70,0
71,2,3,22,30,0
71,2,3,22,71,0
72,2,3,22,72,0
74,2,3,22,41,0
74,2,3,22,53,0
77,2,3,22,74,0
78,2,3,22,78,0
79,2,3,22,79,0
80,2,3,22,44,0
81,2,3,22,81,0
81,2,3,22,81,0
84,2,3,22,84,0
87,2,3,22,48,0
87,2,3,22,76,0
90,2,3,22,52,0
90,2,3,22,67,0
90,2,3,22,73,0
90,2,3,22,75,0
90,2,3,22,86,0
91,2,3,22,91,0
93,2,3,22,62,0
93,2,3,22,64,0
93,2,3,22,68,0
94,2,3,22,64,0
97,2,3,22,76,0
100,2,3,22,100,0
112,2,3,22,69,1
112,2,3,22,70,1
125,2,3,22,125,1
28,5,3,22,28,0
28,5,3,22,28,0
29,5,3,22,18,0
32,5,3,22,32,0
33,5,3,22,25,0
37,5,3,22,37,0
38,5,3,22,23,0
38,5,3,22,38,0
42,5,3,22,41,0
43,5,3,22,24,0
43,5,3,22,29,0
43,5,3,22,31,0
43,5,3,22,43,0
43,5,3,22,43,0
44,5,3,22,24,0
44,5,3,22,25,0
44,5,3,22,44,0
45,5,3,22,10,0
46,5,3,22,41,0
46,5,3,22,46,0
47,5,3,22,27,0
47,5,3,22,44,0
48,5,3,22,40,0
48,5,3,22,40,0
48,5,3,22,48,0
48,5,3,22,48,0
49,5,3,22,49,0
50,5,3,22,39,0
51,5,3,22,39,0
51,5,3,22,45,0
51,5,3,22,51,0
52,5,3,22,52,0
52,5,3,22,52,0
53,5,3,22,53,0
55,5,3,22,55,0
55,5,3,22,55,0
55,5,3,22,55,0
56,5,3,22,56,0
56,5,3,22,56,0
57,5,3,22,57,0
58,5,3,22,46,0
58,5,3,22,58,0
59,5,3,22,59,0
60,5,3,22,60,0
60,5,3,22,60,0
60,5,3,22,60,0
61,5,3,22,24,0
61,5,3,22,35,0
62,5,3,22,62,0
63,5,3,22,63,0
64,5,3,22,53,0
64,5,3,22,58,0
64,5,3,22,62,0
64,5,3,22,64,0
65,5,3,22,65,0
65,5,3,22,65,0
67,5,3,22,59,0
67,5,3,22,61,0
68,5,3,22,63,0
70,5,3,22,70,0
73,5,3,22,73,0
73,5,3,22,73,0
73,5,3,22,73,0
74,5,3,22,49,0
74,5,3,22,68,0
74,5,3,22,74,0
74,5,3,22,74,0
75,5,3,22,75,0
76,5,3,22,76,0
77,5,3,22,43,0
77,5,3,22,52,0
77,5,3,22,60,0
77,5,3,22,77,0
79,5,3,22,79,0
81,5,3,22,81,0
82,5,3,22,82,0
82,5,3,22,82,0
83,5,3,22,83,0
84,5,3,22,84,0
87,5,3,22,73,0
87,5,3,22,87,0
90,5,3,22,49,0
90,5,3,22,62,0
90,5,3,22,67,0
90,5,3,22,72,0
93,5,3,22,61,0
97,5,3,22,52,0
97,5,3,22,63,0
97,5,3,22,66,0
97,5,3,22,67,0
97,5,3,22,97,0
98,5,3,22,98,0
100,5,3,22,45,0
100,5,3,22,54,0
101,5,3,22,44,1
101,5,3,22,75,1
101,5,3,22,78,1
104,5,3,22,36,1
104,5,3,22,76,1
105,5,3,22,105,1
108,5,3,22,33,1
108,5,3,22,58,1
108,5,3,22,76,1
108,5,3,22,108,1
112,5,3,22,68,1
121,5,3,22,121,1
22,8,3,22,13,0
32,8,3,22,15,0
32,8,3,22,17,0
32,8,3,22,32,0
35,8,3,22,28,0
35,8,3,22,30,0
36,8,3,22,36,0
46,8,3,22,46,0
48,8,3,22,33,0
52,8,3,22,52,0
52,8,3,22,52,0
54,8,3,22,42,0
55,8,3,22,50,0
57,8,3,22,57,0
58,8,3,22,53,0
61,8,3,22,38,0
63,8,3,22,63,0
64,8,3,22,59,0
64,8,3,22,62,0
65,8,3,22,65,0
67,8,3,22,58,0
67,8,3,22,67,0
71,8,3,22,71,0
72,8,3,22,72,0
73,8,3,22,73,0
77,8,3,22,77,0
77,8,3,22,77,0
80,8,3,22,51,0
84,8,3,22,82,0
87,8,3,22,82,0
93,8,3,22,58,0
93,8,3,22,79,0
97,8,3,22,57,0
97,8,3,22,73,0
99,8,3,22,99,0
101,8,3,22,62,1
104,8,3,22,76,1
104,8,3,22,81,1
108,8,3,22,66,1
118,8,3,22,52,1
140,8,3,22,70,1
143,8,3,22,50,1
159,8,3,22,78,1
35,10,3,22,35,0
37,10,3,22,31,0
40,10,3,22,28,0
44,10,3,22,44,0
47,10,3,22,47,0
48,10,3,22,48,0
53,10,3,22,53,0
54,10,3,22,54,0
61,10,3,22,53,0
67,10,3,22,40,0
71,10,3,22,71,0
77,10,3,22,59,0
80,10,3,22,74,0
81,10,3,22,81,0
84,10,3,22,84,0
93,10,3,22,75,0
97,10,3,22,97,0
27,12,3,22,27,0
31,12,3,22,24,0
34,12,3,22,19,0
63,12,3,22,63,0
64,12,3,22,16,0
74,12,3,22,47,0
74,12,3,22,49,0
74,12,3,22,58,0
82,12,3,22,82,0
100,12,3,22,47,0
108,12,3,22,75,1
65,15,3,22,65,0
70,15,3,22,70,0
89,15,3,22,89,0
104,15,3,22,67,1
37,20,3,22,27,0
68,20,3,22,68,0
69,20,3,22,69,0
42,22,3,22,42,0
67,40,3,22,67,0
25,0,5,22,22,0
30,0,5,22,28,0
35,0,5,22,35,0
38,0,5,22,38,0
56,0,5,22,56,0
61,0,5,22,61,0
77,0,5,22,77,0
87,0,5,22,87,0
27,2,5,22,21,0
30,2,5,22,25,0
32,2,5,22,32,0
33,2,5,22,20,0
34,2,5,22,17,0
37,2,5,22,31,0
38,2,5,22,22,0
39,2,5,22,31,0
41,2,5,22,28,0
42,2,5,22,42,0
44,2,5,22,44,0
44,2,5,22,44,0
44,2,5,22,44,0
46,2,5,22,46,0
46,2,5,22,46,0
46,2,5,22,46,0
49,2,5,22,45,0
51,2,5,22,51,0
51,2,5,22,51,0
53,2,5,22,53,0
53,2,5,22,53,0
54,2,5,22,34,0
55,2,5,22,55,0
55,2,5,22,55,0
58,2,5,22,46,0
58,2,5,22,58,0
59,2,5,22,59,0
59,2,5,22,59,0
61,2,5,22,42,0
61,2,5,22,61,0
62,2,5,22,62,0
63,2,5,22,63,0
64,2,5,22,64,0
67,2,5,22,36,0
67,2,5,22,67,0
67,2,5,22,67,0
70,2,5,22,70,0
73,2,5,22,73,0
74,2,5,22,56,0
74,2,5,22,74,0
74,2,5,22,74,0
77,2,5,22,77,0
77,2,5,22,77,0
79,2,5,22,79,0
80,2,5,22,80,0
83,2,5,22,83,0
84,2,5,22,84,0
85,2,5,22,85,0
86,2,5,22,86,0
90,2,5,22,80,0
91,2,5,22,91,0
93,2,5,22,78,0
96,2,5,22,96,0
97,2,5,22,97,0
99,2,5,22,99,0
26,5,5,22,16,0
44,5,5,22,44,0
46,5,5,22,46,0
51,5,5,22,51,0
56,5,5,22,56,0
59,5,5,22,59,0
60,5,5,22,60,0
61,5,5,22,61,0
61,5,5,22,61,0
64,5,5,22,64,0
70,5,5,22,70,0
70,5,5,22,70,0
71,5,5,22,55,0
71,5,5,22,66,0
71,5,5,22,71,0
74,5,5,22,74,0
75,5,5,22,75,0
76,5,5,22,76,0
78,5,5,22,78,0
79,5,5,22,79,0
82,5,5,22,82,0
87,5,5,22,72,0
90,5,5,22,73,0
96,5,5,22,96,0
96,5,5,22,96,0
101,5,5,22,101,1
102,5,5,22,102,1
105,5,5,22,105,1
106,5,5,22,106,1
145,5,5,22,145,1
149,5,5,22,149,1
152,5,5,22,152,1
159,5,5,22,110,1
30,8,5,22,30,0
35,8,5,22,29,0
48,8,5,22,34,0
58,8,5,22,58,0
61,8,5,22,61,0
64,8,5,22,64,0
72,8,5,22,72,0
73,8,5,22,73,0
75,8,5,22,75,0
77,8,5,22,77,0
80,8,5,22,80,0
88,8,5,22,88,0
90,8,5,22,67,0
90,8,5,22,69,0
91,8,5,22,91,0
91,8,5,22,91,0
93,8,5,22,68,0
100,8,5,22,69,0
122,8,5,22,88,1
124,8,5,22,124,1
136,8,5,22,90,1
150,8,5,22,67,1
52,10,5,22,52,0
90,10,5,22,90,0
106,10,5,22,106,1
58,12,5,22,57,0
101,12,5,22,59,1
151,12,5,22,81,1
77,15,5,22,62,0
72,18,5,22,72,0
44,20,5,22,44,0
82,78,5,22,82,0
28,0,6,22,28,0
69,0,6,22,69,0
26,2,6,22,21,0
56,2,6,22,56,0
76,2,6,22,76,0
82,2,6,22,82,0
84,2,6,22,84,0
90,2,6,22,90,0
93,2,6,22,93,0
99,2,6,22,99,0
111,2,6,22,111,1
129,2,6,22,129,1
59,5,6,22,59,0
82,5,6,22,82,0
84,5,6,22,79,0
90,5,6,22,90,0
117,5,6,22,117,1
120,5,6,22,120,1
129,5,6,22,63,1
151,5,6,22,151,1
79,8,6,22,79,0
85,8,6,22,85,0
87,8,6,22,58,0
100,8,6,22,69,0
108,8,6,22,66,1
122,8,6,22,122,1
146,8,6,22,72,1
71,10,6,22,66,0
101,18,6,22,89,1
118,2,7,22,118,1
110,5,7,22,110,1
23,2,0,23,17,0
27,2,0,23,7,0
25,8,0,23,25,0
23,0,1,23,16,0
25,0,1,23,18,0
25,0,1,23,25,0
27,0,1,23,13,0
27,0,1,23,14,0
48,0,1,23,19,0
23,2,1,23,5,0
23,2,1,23,5,0
23,2,1,23,14,0
23,2,1,23,15,0
23,2,1,23,17,0
23,2,1,23,22,0
25,2,1,23,20,0
26,2,1,23,26,0
28,2,1,23,21,0
28,2,1,23,28,0
29,2,1,23,27,0
29,2,1,23,29,0
29,2,1,23,29,0
30,2,1,23,26,0
31,2,1,23,19,0
32,2,1,23,29,0
33,2,1,23,18,0
34,2,1,23,34,0
35,2,1,23,35,0
36,2,1,23,29,0
37,2,1,23,17,0
39,2,1,23,39,0
40,2,1,23,22,0
40,2,1,23,23,0
40,2,1,23,28,0
44,2,1,23,19,0
44,2,1,23,35,0
45,2,1,23,37,0
46,2,1,23,27,0
46,2,1,23,46,0
47,2,1,23,29,0
48,2,1,23,33,0
75,2,1,23,75,0
23,5,1,23,15,0
23,5,1,23,15,0
23,5,1,23,22,0
28,5,1,23,17,0
31,5,1,23,24,0
31,5,1,23,28,0
36,5,1,23,16,0
36,5,1,23,19,0
36,5,1,23,25,0
36,5,1,23,36,0
37,5,1,23,14,0
60,5,1,23,60,0
90,5,1,23,46,0
23,8,1,23,17,0
23,8,1,23,19,0
28,8,1,23,28,0
28,8,1,23,28,0
31,8,1,23,20,0
31,8,1,23,31,0
32,8,1,23,26,0
33,8,1,23,25,0
38,8,1,23,31,0
40,8,1,23,36,0
41,8,1,23,37,0
23,10,1,23,19,0
23,10,1,23,22,0
56,10,1,23,56,0
39,12,1,23,32,0
25,15,1,23,23,0
23,20,1,23,9,0
24,22,1,23,20,0
48,48,1,23,21,0
23,0,2,23,4,0
23,0,2,23,10,0
23,0,2,23,11,0
23,0,2,23,11,0
23,0,2,23,13,0
23,0,2,23,16,0
23,0,2,23,18,0
27,0,2,23,18,0
27,0,2,23,18,0
29,0,2,23,7,0
29,0,2,23,29,0
30,0,2,23,21,0
31,0,2,23,31,0
32,0,2,23,12,0
32,0,2,23,28,0
33,0,2,23,8,0
33,0,2,23,24,0
34,0,2,23,19,0
35,0,2,23,4,0
38,0,2,23,14,0
39,0,2,23,18,0
39,0,2,23,29,0
40,0,2,23,40,0
41,0,2,23,6,0
41,0,2,23,17,0
41,0,2,23,35,0
42,0,2,23,42,0
43,0,2,23,29,0
44,0,2,23,12,0
45,0,2,23,12,0
45,0,2,23,17,0
47,0,2,23,36,0
48,0,2,23,48,0
50,0,2,23,36,0
52,0,2,23,52,0
52,0,2,23,52,0
54,0,2,23,54,0
58,0,2,23,58,0
66,0,2,23,66,0
67,0,2,23,33,0
23,2,2,23,6,0
23,2,2,23,6,0
23,2,2,23,6,0
23,2,2,23,7,0
23,2,2,23,7,0
23,2,2,23,10,0
23,2,2,23,17,0
23,2,2,23,17,0
23,2,2,23,17,0
23,2,2,23,17,0
23,2,2,23,18,0
24,2,2,23,6,0
24,2,2,23,16,0
25,2,2,23,5,0
25,2,2,23,15,0
25,2,2,23,25,0
26,2,2,23,8,0
26,2,2,23,14,0
26,2,2,23,15,0
26,2,2,23,24,0
26,2,2,23,26,0
27,2,2,23,19,0
27,2,2,23,23,0
27,2,2,23,24,0
27,2,2,23,26,0
28,2,2,23,19,0
28,2,2,23,22,0
28,2,2,23,28,0
29,2,2,23,29,0
30,2,2,23,11,0
30,2,2,23,14,0
30,2,2,23,23,0
31,2,2,23,6,0
31,2,2,23,10,0
31,2,2,23,15,0
31,2,2,23,18,0
31,2,2,23,19,0
31,2,2,23,19,0
31,2,2,23,19,0
31,2,2,23,19,0
31,2,2,23,22,0
31,2,2,23,24,0
31,2,2,23,28,0
31,2,2,23,28,0
31,2,2,23,31,0
31,2,2,23,31,0
32,2,2,23,6,0
32,2,2,23,13,0
32,2,2,23,20,0
32,2,2,23,25,0
32,2,2,23,25,0
32,2,2,23,31,0
32,2,2,23,32,0
33,2,2,23,18,0
33,2,2,23,19,0
33,2,2,23,22,0
33,2,2,23,24,0
33,2,2,23,28,0
33,2,2,23,28,0
34,2,2,23,16,0
34,2,2,23,16,0
34,2,2,23,21,0
34,2,2,23,28,0
34,2,2,23,32,0
34,2,2,23,34,0
35,2,2,23,21,0
35,2,2,23,22,0
35,2,2,23,27,0
36,2,2,23,8,0
36,2,2,23,18,0
36,2,2,23,21,0
36,2,2,23,22,0
36,2,2,23,29,0
36,2,2,23,32,0
36,2,2,23,36,0
37,2,2,23,4,0
37,2,2,23,18,0
37,2,2,23,34,0
37,2,2,23,37,0
38,2,2,23,29,0
38,2,2,23,38,0
38,2,2,23,38,0
39,2,2,23,13,0
39,2,2,23,19,0
39,2,2,23,20,0
39,2,2,23,22,0
39,2,2,23,29,0
39,2,2,23,34,0
39,2,2,23,39,0
39,2,2,23,39,0
40,2,2,23,15,0
40,2,2,23,27,0
40,2,2,23,30,0
40,2,2,23,37,0
40,2,2,23,40,0
40,2,2,23,40,0
41,2,2,23,24,0
41,2,2,23,38,0
41,2,2,23,41,0
42,2,2,23,15,0
42,2,2,23,17,0
42,2,2,23,17,0
42,2,2,23,29,0
42,2,2,23,35,0
42,2,2,23,42,0
43,2,2,23,34,0
44,2,2,23,18,0
44,2,2,23,29,0
44,2,2,23,29,0
44,2,2,23,32,0
44,2,2,23,34,0
44,2,2,23,35,0
44,2,2,23,42,0
45,2,2,23,25,0
45,2,2,23,29,0
45,2,2,23,29,0
45,2,2,23,38,0
45,2,2,23,38,0
45,2,2,23,45,0
45,2,2,23,45,0
45,2,2,23,45,0
45,2,2,23,45,0
46,2,2,23,19,0
46,2,2,23,28,0
46,2,2,23,31,0
46,2,2,23,31,0
46,2,2,23,37,0
46,2,2,23,41,0
46,2,2,23,44,0
46,2,2,23,46,0
47,2,2,23,35,0
47,2,2,23,46,0
47,2,2,23,47,0
48,2,2,23,19,0
48,2,2,23,44,0
49,2,2,23,44,0
49,2,2,23,45,0
50,2,2,23,22,0
50,2,2,23,31,0
50,2,2,23,38,0
51,2,2,23,36,0
53,2,2,23,53,0
53,2,2,23,53,0
53,2,2,23,53,0
53,2,2,23,53,0
53,2,2,23,53,0
54,2,2,23,25,0
54,2,2,23,46,0
55,2,2,23,55,0
55,2,2,23,55,0
57,2,2,23,57,0
57,2,2,23,57,0
58,2,2,23,31,0
58,2,2,23,34,0
58,2,2,23,58,0
58,2,2,23,58,0
61,2,2,23,43,0
61,2,2,23,49,0
61,2,2,23,61,0
64,2,2,23,36,0
64,2,2,23,44,0
64,2,2,23,64,0
66,2,2,23,66,0
67,2,2,23,32,0
67,2,2,23,48,0
71,2,2,23,31,0
74,2,2,23,44,0
84,2,2,23,42,0
85,2,2,23,85,0
23,5,2,23,9,0
23,5,2,23,15,0
23,5,2,23,15,0
23,5,2,23,22,0
24,5,2,23,16,0
24,5,2,23,24,0
26,5,2,23,11,0
27,5,2,23,25,0
29,5,2,23,17,0
29,5,2,23,18,0
29,5,2,23,19,0
29,5,2,23,29,0
30,5,2,23,28,0
30,5,2,23,30,0
30,5,2,23,30,0
31,5,2,23,7,0
31,5,2,23,9,0
31,5,2,23,20,0
31,5,2,23,22,0
31,5,2,23,23,0
31,5,2,23,25,0
31,5,2,23,26,0
31,5,2,23,27,0
31,5,2,23,30,0
31,5,2,23,31,0
32,5,2,23,20,0
32,5,2,23,30,0
32,5,2,23,30,0
32,5,2,23,31,0
33,5,2,23,11,0
33,5,2,23,17,0
33,5,2,23,23,0
33,5,2,23,24,0
33,5,2,23,31,0
34,5,2,23,18,0
34,5,2,23,29,0
34,5,2,23,34,0
35,5,2,23,17,0
35,5,2,23,35,0
36,5,2,23,23,0
36,5,2,23,27,0
36,5,2,23,31,0
36,5,2,23,36,0
36,5,2,23,36,0
36,5,2,23,36,0
37,5,2,23,22,0
37,5,2,23,25,0
38,5,2,23,10,0
38,5,2,23,19,0
38,5,2,23,28,0
38,5,2,23,31,0
38,5,2,23,34,0
38,5,2,23,38,0
39,5,2,23,14,0
39,5,2,23,29,0
39,5,2,23,32,0
40,5,2,23,16,0
40,5,2,23,19,0
40,5,2,23,37,0
41,5,2,23,27,0
42,5,2,23,42,0
43,5,2,23,31,0
43,5,2,23,36,0
44,5,2,23,37,0
44,5,2,23,38,0
45,5,2,23,34,0
45,5,2,23,34,0
45,5,2,23,37,0
47,5,2,23,28,0
47,5,2,23,32,0
47,5,2,23,38,0
47,5,2,23,39,0
47,5,2,23,44,0
47,5,2,23,47,0
47,5,2,23,47,0
48,5,2,23,48,0
48,5,2,23,48,0
48,5,2,23,48,0
49,5,2,23,32,0
50,5,2,23,39,0
51,5,2,23,26,0
51,5,2,23,51,0
53,5,2,23,53,0
54,5,2,23,36,0
54,5,2,23,54,0
56,5,2,23,56,0
57,5,2,23,57,0
58,5,2,23,58,0
60,5,2,23,60,0
61,5,2,23,49,0
61,5,2,23,61,0
62,5,2,23,58,0
62,5,2,23,62,0
64,5,2,23,64,0
64,5,2,23,64,0
64,5,2,23,64,0
65,5,2,23,65,0
67,5,2,23,67,0
68,5,2,23,68,0
70,5,2,23,70,0
71,5,2,23,39,0
71,5,2,23,42,0
74,5,2,23,43,0
80,5,2,23,37,0
80,5,2,23,41,0
81,5,2,23,81,0
82,5,2,23,82,0
84,5,2,23,84,0
86,5,2,23,86,0
87,5,2,23,42,0
87,5,2,23,56,0
90,5,2,23,48,0
93,5,2,23,53,0
101,5,2,23,27,1
115,5,2,23,65,1
118,5,2,23,46,1
118,5,2,23,48,1
23,8,2,23,12,0
23,8,2,23,19,0
26,8,2,23,19,0
26,8,2,23,26,0
31,8,2,23,26,0
33,8,2,23,16,0
33,8,2,23,23,0
34,8,2,23,33,0
35,8,2,23,31,0
36,8,2,23,36,0
36,8,2,23,36,0
37,8,2,23,30,0
39,8,2,23,38,0
39,8,2,23,39,0
40,8,2,23,9,0
43,8,2,23,31,0
44,8,2,23,27,0
44,8,2,23,32,0
44,8,2,23,43,0
46,8,2,23,44,0
49,8,2,23,32,0
51,8,2,23,51,0
52,8,2,23,52,0
53,8,2,23,53,0
58,8,2,23,41,0
58,8,2,23,43,0
59,8,2,23,59,0
61,8,2,23,33,0
64,8,2,23,64,0
65,8,2,23,65,0
66,8,2,23,66,0
67,8,2,23,51,0
67,8,2,23,67,0
72,8,2,23,72,0
74,8,2,23,25,0
74,8,2,23,41,0
74,8,2,23,45,0
77,8,2,23,43,0
84,8,2,23,84,0
108,8,2,23,41,1
115,8,2,23,43,1
146,8,2,23,65,1
23,10,2,23,22,0
23,10,2,23,23,0
23,10,2,23,23,0
26,10,2,23,26,0
29,10,2,23,15,0
29,10,2,23,25,0
32,10,2,23,32,0
33,10,2,23,31,0
34,10,2,23,16,0
35,10,2,23,20,0
41,10,2,23,34,0
43,10,2,23,30,0
45,10,2,23,45,0
46,10,2,23,41,0
49,10,2,23,47,0
77,10,2,23,66,0
84,10,2,23,38,0
108,10,2,23,59,1
23,12,2,23,21,0
26,12,2,23,20,0
31,12,2,23,31,0
73,12,2,23,73,0
24,15,2,23,24,0
28,15,2,23,28,0
32,15,2,23,32,0
57,15,2,23,57,0
58,15,2,23,47,0
62,15,2,23,62,0
140,15,2,23,37,1
67,20,2,23,67,0
23,22,2,23,8,0
28,22,2,23,28,0
28,28,2,23,15,0
28,28,2,23,17,0
77,30,2,23,77,0
65,57,2,23,65,0
23,0,3,23,12,0
23,0,3,23,14,0
23,0,3,23,16,0
27,0,3,23,11,0
28,0,3,23,16,0
28,0,3,23,25,0
30,0,3,23,27,0
31,0,3,23,20,0
32,0,3,23,26,0
39,0,3,23,39,0
43,0,3,23,16,0
44,0,3,23,20,0
44,0,3,23,27,0
44,0,3,23,36,0
52,0,3,23,52,0
52,0,3,23,52,0
54,0,3,23,49,0
56,0,3,23,56,0
64,0,3,23,64,0
68,0,3,23,68,0
78,0,3,23,78,0
23,2,3,23,15,0
23,2,3,23,16,0
23,2,3,23,19,0
23,2,3,23,22,0
23,2,3,23,22,0
23,2,3,23,23,0
23,2,3,23,23,0
23,2,3,23,23,0
25,2,3,23,22,0
26,2,3,23,16,0
26,2,3,23,23,0
27,2,3,23,11,0
27,2,3,23,17,0
27,2,3,23,27,0
28,2,3,23,28,0
28,2,3,23,28,0
29,2,3,23,26,0
29,2,3,23,29,0
30,2,3,23,12,0
30,2,3,23,19,0
30,2,3,23,25,0
30,2,3,23,30,0
31,2,3,23,11,0
31,2,3,23,16,0
31,2,3,23,19,0
31,2,3,23,24,0
33,2,3,23,16,0
33,2,3,23,23,0
33,2,3,23,24,0
33,2,3,23,25,0
33,2,3,23,33,0
34,2,3,23,34,0
35,2,3,23,11,0
35,2,3,23,17,0
35,2,3,23,34,0
35,2,3,23,35,0
36,2,3,23,20,0
36,2,3,23,22,0
36,2,3,23,23,0
36,2,3,23,27,0
36,2,3,23,28,0
37,2,3,23,23,0
38,2,3,23,24,0
38,2,3,23,34,0
38,2,3,23,38,0
39,2,3,23,19,0
39,2,3,23,28,0
39,2,3,23,36,0
39,2,3,23,39,0
40,2,3,23,20,0
40,2,3,23,27,0
40,2,3,23,36,0
40,2,3,23,40,0
40,2,3,23,40,0
40,2,3,23,40,0
41,2,3,23,27,0
41,2,3,23,30,0
41,2,3,23,38,0
41,2,3,23,41,0
42,2,3,23,34,0
42,2,3,23,35,0
42,2,3,23,42,0
42,2,3,23,42,0
43,2,3,23,31,0
44,2,3,23,4,0
44,2,3,23,33,0
44,2,3,23,44,0
45,2,3,23,37,0
45,2,3,23,39,0
45,2,3,23,41,0
45,2,3,23,45,0
46,2,3,23,26,0
46,2,3,23,29,0
47,2,3,23,44,0
47,2,3,23,47,0
47,2,3,23,47,0
47,2,3,23,47,0
49,2,3,23,31,0
49,2,3,23,46,0
49,2,3,23,49,0
49,2,3,23,49,0
50,2,3,23,26,0
50,2,3,23,33,0
50,2,3,23,38,0
50,2,3,23,41,0
51,2,3,23,20,0
51,2,3,23,37,0
51,2,3,23,39,0
52,2,3,23,40,0
52,2,3,23,52,0
52,2,3,23,52,0
52,2,3,23,52,0
53,2,3,23,53,0
54,2,3,23,37,0
54,2,3,23,54,0
55,2,3,23,55,0
55,2,3,23,55,0
56,2,3,23,51,0
57,2,3,23,57,0
57,2,3,23,57,0
57,2,3,23,57,0
57,2,3,23,57,0
58,2,3,23,27,0
58,2,3,23,40,0
58,2,3,23,58,0
58,2,3,23,58,0
59,2,3,23,59,0
60,2,3,23,60,0
60,2,3,23,60,0
61,2,3,23,58,0
61,2,3,23,59,0
63,2,3,23,63,0
63,2,3,23,63,0
63,2,3,23,63,0
64,2,3,23,53,0
64,2,3,23,64,0
64,2,3,23,64,0
65,2,3,23,65,0
65,2,3,23,65,0
65,2,3,23,65,0
65,2,3,23,65,0
66,2,3,23,61,0
66,2,3,23,66,0
66,2,3,23,66,0
66,2,3,23,66,0
67,2,3,23,20,0
67,2,3,23,53,0
67,2,3,23,67,0
67,2,3,23,67,0
68,2,3,23,65,0
68,2,3,23,68,0
68,2,3,23,68,0
69,2,3,23,69,0
71,2,3,23,27,0
71,2,3,23,31,0
71,2,3,23,38,0
71,2,3,23,59,0
71,2,3,23,60,0
72,2,3,23,72,0
72,2,3,23,72,0
75,2,3,23,75,0
77,2,3,23,54,0
77,2,3,23,73,0
78,2,3,23,78,0
80,2,3,23,80,0
83,2,3,23,62,0
84,2,3,23,51,0
84,2,3,23,76,0
87,2,3,23,62,0
87,2,3,23,64,0
88,2,3,23,88,0
90,2,3,23,74,0
93,2,3,23,55,0
93,2,3,23,72,0
93,2,3,23,91,0
97,2,3,23,45,0
98,2,3,23,98,0
100,2,3,23,91,0
104,2,3,23,75,1
129,2,3,23,58,1
26,5,3,23,24,0
28,5,3,23,23,0
29,5,3,23,29,0
30,5,3,23,19,0
32,5,3,23,32,0
32,5,3,23,32,0
33,5,3,23,27,0
33,5,3,23,30,0
33,5,3,23,32,0
35,5,3,23,8,0
35,5,3,23,19,0
35,5,3,23,32,0
35,5,3,23,34,0
37,5,3,23,19,0
38,5,3,23,38,0
41,5,3,23,32,0
41,5,3,23,36,0
41,5,3,23,39,0
42,5,3,23,34,0
43,5,3,23,33,0
43,5,3,23,40,0
43,5,3,23,43,0
44,5,3,23,29,0
44,5,3,23,30,0
44,5,3,23,34,0
44,5,3,23,35,0
44,5,3,23,40,0
44,5,3,23,44,0
44,5,3,23,44,0
45,5,3,23,37,0
46,5,3,23,43,0
47,5,3,23,47,0
47,5,3,23,47,0
48,5,3,23,46,0
48,5,3,23,48,0
49,5,3,23,34,0
49,5,3,23,46,0
49,5,3,23,49,0
51,5,3,23,34,0
51,5,3,23,51,0
52,5,3,23,52,0
53,5,3,23,53,0
53,5,3,23,53,0
53,5,3,23,53,0
54,5,3,23,20,0
54,5,3,23,39,0
55,5,3,23,55,0
56,5,3,23,56,0
57,5,3,23,53,0
57,5,3,23,57,0
57,5,3,23,57,0
57,5,3,23,57,0
58,5,3,23,44,0
59,5,3,23,59,0
59,5,3,23,59,0
61,5,3,23,34,0
61,5,3,23,45,0
61,5,3,23,48,0
62,5,3,23,62,0
63,5,3,23,63,0
63,5,3,23,63,0
64,5,3,23,48,0
64,5,3,23,57,0
64,5,3,23,64,0
64,5,3,23,64,0
64,5,3,23,64,0
64,5,3,23,64,0
65,5,3,23,65,0
66,5,3,23,66,0
67,5,3,23,40,0
67,5,3,23,51,0
67,5,3,23,58,0
67,5,3,23,60,0
67,5,3,23,60,0
67,5,3,23,67,0
67,5,3,23,67,0
68,5,3,23,68,0
69,5,3,23,69,0
69,5,3,23,69,0
71,5,3,23,68,0
71,5,3,23,71,0
72,5,3,23,72,0
73,5,3,23,73,0
74,5,3,23,72,0
74,5,3,23,74,0
76,5,3,23,76,0
76,5,3,23,76,0
77,5,3,23,44,0
77,5,3,23,73,0
77,5,3,23,77,0
80,5,3,23,56,0
80,5,3,23,72,0
81,5,3,23,81,0
83,5,3,23,83,0
83,5,3,23,83,0
84,5,3,23,61,0
84,5,3,23,66,0
84,5,3,23,71,0
84,5,3,23,84,0
84,5,3,23,84,0
87,5,3,23,76,0
90,5,3,23,60,0
92,5,3,23,92,0
93,5,3,23,53,0
97,5,3,23,86,0
101,5,3,23,50,1
101,5,3,23,62,1
104,5,3,23,32,1
104,5,3,23,44,1
104,5,3,23,104,1
112,5,3,23,44,1
115,5,3,23,52,1
115,5,3,23,65,1
129,5,3,23,73,1
23,8,3,23,20,0
26,8,3,23,26,0
29,8,3,23,27,0
32,8,3,23,24,0
37,8,3,23,24,0
41,8,3,23,23,0
41,8,3,23,36,0
43,8,3,23,37,0
44,8,3,23,21,0
44,8,3,23,44,0
44,8,3,23,44,0
45,8,3,23,11,0
50,8,3,23,50,0
51,8,3,23,47,0
51,8,3,23,51,0
53,8,3,23,53,0
54,8,3,23,49,0
56,8,3,23,56,0
57,8,3,23,57,0
58,8,3,23,41,0
58,8,3,23,58,0
59,8,3,23,59,0
59,8,3,23,59,0
60,8,3,23,60,0
60,8,3,23,60,0
61,8,3,23,44,0
61,8,3,23,61,0
67,8,3,23,56,0
67,8,3,23,66,0
67,8,3,23,67,0
68,8,3,23,68,0
69,8,3,23,69,0
71,8,3,23,43,0
71,8,3,23,71,0
71,8,3,23,71,0
72,8,3,23,72,0
74,8,3,23,69,0
74,8,3,23,73,0
74,8,3,23,74,0
75,8,3,23,75,0
77,8,3,23,74,0
77,8,3,23,77,0
80,8,3,23,40,0
80,8,3,23,68,0
82,8,3,23,82,0
84,8,3,23,64,0
84,8,3,23,83,0
86,8,3,23,86,0
92,8,3,23,92,0
93,8,3,23,57,0
101,8,3,23,91,1
104,8,3,23,61,1
129,8,3,23,51,1
151,8,3,23,64,1
151,8,3,23,75,1
151,8,3,23,86,1
156,8,3,23,66,1
23,10,3,23,11,0
33,10,3,23,21,0
33,10,3,23,33,0
51,10,3,23,51,0
57,10,3,23,57,0
57,10,3,23,57,0
60,10,3,23,60,0
61,10,3,23,61,0
62,10,3,23,62,0
66,10,3,23,66,0
67,10,3,23,67,0
74,10,3,23,74,0
76,10,3,23,76,0
77,10,3,23,77,0
78,10,3,23,78,0
80,10,3,23,58,0
80,10,3,23,58,0
80,10,3,23,80,0
98,10,3,23,98,0
100,10,3,23,66,0
101,10,3,23,73,1
106,10,3,23,106,1
118,10,3,23,77,1
129,10,3,23,63,1
27,12,3,23,27,0
50,12,3,23,39,0
52,12,3,23,52,0
58,12,3,23,46,0
63,12,3,23,63,0
64,12,3,23,52,0
71,12,3,23,71,0
97,12,3,23,60,0
101,12,3,23,58,1
156,12,3,23,69,1
25,15,3,23,25,0
34,15,3,23,34,0
77,15,3,23,44,0
54,18,3,23,54,0
61,20,3,23,61,0
80,20,3,23,59,0
161,20,3,23,73,1
44,22,3,23,21,0
75,22,3,23,75,0
75,22,3,23,75,0
41,25,3,23,41,0
87,25,3,23,87,0
31,30,3,23,31,0
28,0,5,23,27,0
39,0,5,23,30,0
39,0,5,23,31,0
43,0,5,23,33,0
50,0,5,23,49,0
56,0,5,23,56,0
66,0,5,23,66,0
72,0,5,23,72,0
26,2,5,23,26,0
29,2,5,23,29,0
31,2,5,23,29,0
32,2,5,23,7,0
33,2,5,23,31,0
35,2,5,23,26,0
37,2,5,23,30,0
37,2,5,23,37,0
41,2,5,23,31,0
43,2,5,23,32,0
45,2,5,23,45,0
45,2,5,23,45,0
46,2,5,23,46,0
47,2,5,23,47,0
47,2,5,23,47,0
49,2,5,23,49,0
49,2,5,23,49,0
51,2,5,23,51,0
52,2,5,23,52,0
52,2,5,23,52,0
53,2,5,23,53,0
53,2,5,23,53,0
54,2,5,23,54,0
55,2,5,23,55,0
55,2,5,23,55,0
56,2,5,23,56,0
58,2,5,23,58,0
61,2,5,23,52,0
64,2,5,23,64,0
72,2,5,23,72,0
72,2,5,23,72,0
76,2,5,23,76,0
76,2,5,23,76,0
77,2,5,23,34,0
77,2,5,23,77,0
78,2,5,23,78,0
80,2,5,23,78,0
80,2,5,23,80,0
84,2,5,23,79,0
84,2,5,23,83,0
87,2,5,23,87,0
93,2,5,23,68,0
103,2,5,23,103,1
113,2,5,23,113,1
30,5,5,23,30,0
39,5,5,23,31,0
43,5,5,23,43,0
43,5,5,23,43,0
44,5,5,23,44,0
44,5,5,23,44,0
45,5,5,23,45,0
46,5,5,23,46,0
51,5,5,23,51,0
54,5,5,23,54,0
60,5,5,23,60,0
62,5,5,23,62,0
64,5,5,23,64,0
64,5,5,23,64,0
64,5,5,23,64,0
66,5,5,23,66,0
70,5,5,23,70,0
71,5,5,23,71,0
74,5,5,23,74,0
74,5,5,23,74,0
77,5,5,23,54,0
77,5,5,23,55,0
78,5,5,23,78,0
79,5,5,23,79,0
80,5,5,23,80,0
81,5,5,23,81,0
82,5,5,23,82,0
85,5,5,23,85,0
85,5,5,23,85,0
86,5,5,23,86,0
87,5,5,23,87,0
87,5,5,23,87,0
87,5,5,23,87,0
88,5,5,23,82,0
89,5,5,23,89,0
89,5,5,23,89,0
90,5,5,23,62,0
91,5,5,23,91,0
97,5,5,23,75,0
98,5,5,23,98,0
100,5,5,23,71,0
108,5,5,23,91,1
115,5,5,23,100,1
118,5,5,23,96,1
122,5,5,23,65,1
122,5,5,23,71,1
129,5,5,23,63,1
64,8,5,23,64,0
64,8,5,23,64,0
67,8,5,23,67,0
72,8,5,23,72,0
74,8,5,23,56,0
76,8,5,23,76,0
77,8,5,23,56,0
77,8,5,23,77,0
80,8,5,23,77,0
80,8,5,23,80,0
82,8,5,23,82,0
83,8,5,23,83,0
84,8,5,23,68,0
90,8,5,23,90,0
92,8,5,23,92,0
96,8,5,23,96,0
97,8,5,23,64,0
101,8,5,23,65,1
105,8,5,23,105,1
112,8,5,23,112,1
115,8,5,23,76,1
115,8,5,23,115,1
118,8,5,23,64,1
118,8,5,23,118,1
126,8,5,23,56,1
136,8,5,23,73,1
47,10,5,23,44,0
49,10,5,23,49,0
66,10,5,23,66,0
75,10,5,23,75,0
78,10,5,23,78,0
79,10,5,23,79,0
84,10,5,23,63,0
100,10,5,23,69,0
129,10,5,23,62,1
141,10,5,23,141,1
44,12,5,23,22,0
70,12,5,23,70,0
84,12,5,23,69,0
95,12,5,23,95,0
104,12,5,23,52,1
118,12,5,23,105,1
74,15,5,23,65,0
77,15,5,23,67,0
35,18,5,23,35,0
36,0,6,23,19,0
25,2,6,23,16,0
30,2,6,23,15,0
45,2,6,23,45,0
46,2,6,23,46,0
54,2,6,23,54,0
68,2,6,23,68,0
74,2,6,23,74,0
83,2,6,23,83,0
93,2,6,23,93,0
109,2,6,23,109,1
117,2,6,23,117,1
51,5,6,23,49,0
65,5,6,23,65,0
66,5,6,23,66,0
73,5,6,23,73,0
77,5,6,23,77,0
89,5,6,23,89,0
92,5,6,23,92,0
99,5,6,23,99,0
117,5,6,23,117,1
125,5,6,23,125,1
85,8,6,23,85,0
89,8,6,23,89,0
118,8,6,23,62,1
118,8,6,23,91,1
45,10,6,23,43,0
75,10,6,23,75,0
113,10,6,23,113,1
126,10,6,23,93,1
65,0,7,23,65,0
44,2,7,23,44,0
66,2,7,23,66,0
61,5,7,23,61,0
25,2,0,25,13,0
25,2,0,25,17,0
25,0,1,25,12,0
25,0,1,25,21,0
27,0,1,25,10,0
28,0,1,25,17,0
31,0,1,25,8,0
34,0,1,25,31,0
40,0,1,25,26,0
58,0,1,25,58,0
25,2,1,25,5,0
25,2,1,25,7,0
25,2,1,25,11,0
25,2,1,25,23,0
26,2,1,25,23,0
27,2,1,25,13,0
28,2,1,25,23,0
31,2,1,25,31,0
32,2,1,25,6,0
33,2,1,25,33,0
36,2,1,25,22,0
37,2,1,25,18,0
39,2,1,25,12,0
43,2,1,25,24,0
25,5,1,25,17,0
25,5,1,25,18,0
25,5,1,25,22,0
31,5,1,25,29,0
31,5,1,25,31,0
34,5,1,25,24,0
34,5,1,25,34,0
35,5,1,25,23,0
36,5,1,25,35,0
39,5,1,25,33,0
43,5,1,25,43,0
28,8,1,25,24,0
29,8,1,25,20,0
29,8,1,25,23,0
33,8,1,25,32,0
34,8,1,25,22,0
35,8,1,25,35,0
44,8,1,25,28,0
25,10,1,25,15,0
25,15,1,25,17,0
34,18,1,25,32,0
73,18,1,25,73,0
64,64,1,25,25,0
25,0,2,25,5,0
25,0,2,25,7,0
25,0,2,25,7,0
25,0,2,25,9,0
25,0,2,25,10,0
25,0,2,25,11,0
25,0,2,25,11,0
25,0,2,25,12,0
26,0,2,25,6,0
27,0,2,25,27,0
29,0,2,25,23,0
30,0,2,25,25,0
31,0,2,25,9,0
31,0,2,25,19,0
31,0,2,25,21,0
32,0,2,25,13,0
32,0,2,25,18,0
32,0,2,25,26,0
33,0,2,25,17,0
33,0,2,25,23,0
34,0,2,25,25,0
34,0,2,25,32,0
35,0,2,25,23,0
35,0,2,25,24,0
36,0,2,25,21,0
37,0,2,25,37,0
44,0,2,25,6,0
44,0,2,25,41,0
46,0,2,25,12,0
46,0,2,25,32,0
52,0,2,25,52,0
56,0,2,25,56,0
64,0,2,25,34,0
25,2,2,25,5,0
25,2,2,25,11,0
25,2,2,25,11,0
25,2,2,25,14,0
25,2,2,25,15,0
25,2,2,25,15,0
25,2,2,25,16,0
25,2,2,25,18,0
25,2,2,25,19,0
25,2,2,25,20,0
25,2,2,25,20,0
25,2,2,25,21,0
25,2,2,25,23,0
25,2,2,25,24,0
26,2,2,25,12,0
26,2,2,25,21,0
26,2,2,25,24,0
26,2,2,25,26,0
27,2,2,25,11,0
27,2,2,25,21,0
28,2,2,25,6,0
28,2,2,25,15,0
28,2,2,25,15,0
28,2,2,25,16,0
28,2,2,25,21,0
28,2,2,25,28,0
29,2,2,25,15,0
29,2,2,25,28,0
30,2,2,25,15,0
30,2,2,25,25,0
30,2,2,25,25,0
31,2,2,25,19,0
31,2,2,25,20,0
31,2,2,25,22,0
31,2,2,25,31,0
32,2,2,25,13,0
32,2,2,25,15,0
32,2,2,25,19,0
32,2,2,25,22,0
32,2,2,25,26,0
32,2,2,25,27,0
32,2,2,25,31,0
32,2,2,25,32,0
33,2,2,25,19,0
33,2,2,25,29,0
33,2,2,25,30,0
34,2,2,25,8,0
34,2,2,25,16,0
34,2,2,25,25,0
34,2,2,25,26,0
34,2,2,25,34,0
34,2,2,25,34,0
35,2,2,25,18,0
35,2,2,25,21,0
35,2,2,25,22,0
35,2,2,25,30,0
35,2,2,25,35,0
35,2,2,25,35,0
36,2,2,25,18,0
37,2,2,25,24,0
37,2,2,25,25,0
37,2,2,25,28,0
38,2,2,25,31,0
38,2,2,25,31,0
38,2,2,25,33,0
39,2,2,25,39,0
40,2,2,25,10,0
40,2,2,25,31,0
40,2,2,25,40,0
41,2,2,25,26,0
41,2,2,25,41,0
41,2,2,25,41,0
42,2,2,25,19,0
42,2,2,25,26,0
42,2,2,25,42,0
43,2,2,25,40,0
43,2,2,25,41,0
44,2,2,25,21,0
44,2,2,25,23,0
44,2,2,25,23,0
44,2,2,25,32,0
44,2,2,25,35,0
44,2,2,25,40,0
44,2,2,25,41,0
44,2,2,25,44,0
45,2,2,25,27,0
45,2,2,25,37,0
45,2,2,25,45,0
46,2,2,25,30,0
46,2,2,25,45,0
47,2,2,25,32,0
47,2,2,25,34,0
47,2,2,25,37,0
48,2,2,25,48,0
49,2,2,25,15,0
49,2,2,25,42,0
50,2,2,25,34,0
50,2,2,25,36,0
51,2,2,25,25,0
51,2,2,25,31,0
51,2,2,25,35,0
51,2,2,25,47,0
52,2,2,25,52,0
53,2,2,25,53,0
53,2,2,25,53,0
53,2,2,25,53,0
53,2,2,25,53,0
54,2,2,25,39,0
54,2,2,25,54,0
54,2,2,25,54,0
56,2,2,25,56,0
59,2,2,25,59,0
59,2,2,25,59,0
61,2,2,25,31,0
61,2,2,25,40,0
61,2,2,25,53,0
61,2,2,25,58,0
61,2,2,25,61,0
62,2,2,25,62,0
67,2,2,25,41,0
69,2,2,25,69,0
71,2,2,25,71,0
74,2,2,25,45,0
77,2,2,25,41,0
77,2,2,25,58,0
80,2,2,25,40,0
84,2,2,25,52,0
122,2,2,25,57,1
136,2,2,25,67,1
150,2,2,25,85,1
25,5,2,25,17,0
25,5,2,25,18,0
25,5,2,25,22,0
26,5,2,25,16,0
26,5,2,25,17,0
26,5,2,25,26,0
28,5,2,25,14,0
30,5,2,25,19,0
30,5,2,25,25,0
30,5,2,25,26,0
31,5,2,25,19,0
31,5,2,25,20,0
32,5,2,25,13,0
33,5,2,25,13,0
33,5,2,25,16,0
33,5,2,25,33,0
35,5,2,25,19,0
35,5,2,25,23,0
35,5,2,25,26,0
36,5,2,25,28,0
37,5,2,25,16,0
37,5,2,25,21,0
37,5,2,25,36,0
38,5,2,25,16,0
38,5,2,25,34,0
39,5,2,25,23,0
39,5,2,25,26,0
39,5,2,25,37,0
39,5,2,25,39,0
40,5,2,25,29,0
40,5,2,25,40,0
41,5,2,25,13,0
41,5,2,25,29,0
41,5,2,25,41,0
42,5,2,25,24,0
42,5,2,25,34,0
42,5,2,25,36,0
42,5,2,25,40,0
42,5,2,25,42,0
42,5,2,25,42,0
42,5,2,25,42,0
43,5,2,25,36,0
43,5,2,25,43,0
44,5,2,25,26,0
44,5,2,25,34,0
44,5,2,25,37,0
44,5,2,25,41,0
44,5,2,25,44,0
45,5,2,25,36,0
45,5,2,25,39,0
45,5,2,25,45,0
46,5,2,25,31,0
46,5,2,25,44,0
46,5,2,25,46,0
46,5,2,25,46,0
47,5,2,25,41,0
48,5,2,25,22,0
48,5,2,25,26,0
48,5,2,25,37,0
48,5,2,25,48,0
49,5,2,25,43,0
49,5,2,25,48,0
49,5,2,25,49,0
50,5,2,25,37,0
51,5,2,25,51,0
52,5,2,25,52,0
53,5,2,25,53,0
54,5,2,25,54,0
56,5,2,25,56,0
56,5,2,25,56,0
58,5,2,25,37,0
60,5,2,25,60,0
60,5,2,25,60,0
61,5,2,25,61,0
62,5,2,25,62,0
62,5,2,25,62,0
64,5,2,25,64,0
67,5,2,25,45,0
67,5,2,25,46,0
67,5,2,25,67,0
77,5,2,25,31,0
80,5,2,25,54,0
81,5,2,25,81,0
96,5,2,25,96,0
100,5,2,25,63,0
104,5,2,25,32,1
25,8,2,25,11,0
25,8,2,25,19,0
25,8,2,25,20,0
25,8,2,25,21,0
26,8,2,25,22,0
31,8,2,25,21,0
33,8,2,25,33,0
37,8,2,25,28,0
39,8,2,25,19,0
39,8,2,25,31,0
40,8,2,25,23,0
40,8,2,25,30,0
41,8,2,25,41,0
42,8,2,25,38,0
42,8,2,25,42,0
43,8,2,25,33,0
44,8,2,25,31,0
44,8,2,25,35,0
45,8,2,25,37,0
45,8,2,25,42,0
48,8,2,25,48,0
49,8,2,25,48,0
50,8,2,25,50,0
54,8,2,25,41,0
54,8,2,25,53,0
54,8,2,25,54,0
54,8,2,25,54,0
54,8,2,25,54,0
57,8,2,25,57,0
58,8,2,25,25,0
66,8,2,25,66,0
67,8,2,25,50,0
74,8,2,25,47,0
74,8,2,25,58,0
76,8,2,25,76,0
118,8,2,25,56,1
25,10,2,25,7,0
25,10,2,25,19,0
25,10,2,25,25,0
31,10,2,25,18,0
39,10,2,25,39,0
40,10,2,25,40,0
41,10,2,25,36,0
41,10,2,25,41,0
45,10,2,25,45,0
48,10,2,25,36,0
61,10,2,25,40,0
64,10,2,25,35,0
64,10,2,25,48,0
93,10,2,25,56,0
115,10,2,25,62,1
25,12,2,25,19,0
27,12,2,25,23,0
31,12,2,25,9,0
32,12,2,25,32,0
37,12,2,25,37,0
40,12,2,25,40,0
41,12,2,25,14,0
44,12,2,25,32,0
44,12,2,25,44,0
47,12,2,25,32,0
61,12,2,25,25,0
25,15,2,25,14,0
25,15,2,25,20,0
25,15,2,25,22,0
41,15,2,25,41,0
50,15,2,25,50,0
54,15,2,25,39,0
132,15,2,25,42,1
25,18,2,25,25,0
55,18,2,25,55,0
29,20,2,25,29,0
31,20,2,25,9,0
31,20,2,25,25,0
43,20,2,25,43,0
44,20,2,25,41,0
27,22,2,25,25,0
28,22,2,25,28,0
44,25,2,25,44,0
58,25,2,25,28,0
46,28,2,25,20,0
58,28,2,25,43,0
32,32,2,25,18,0
61,61,2,25,41,0
25,0,3,25,15,0
27,0,3,25,14,0
27,0,3,25,19,0
28,0,3,25,13,0
28,0,3,25,14,0
29,0,3,25,18,0
35,0,3,25,16,0
35,0,3,25,23,0
37,0,3,25,15,0
37,0,3,25,36,0
39,0,3,25,39,0
41,0,3,25,17,0
42,0,3,25,19,0
43,0,3,25,43,0
44,0,3,25,32,0
51,0,3,25,51,0
56,0,3,25,56,0
57,0,3,25,57,0
58,0,3,25,44,0
58,0,3,25,58,0
59,0,3,25,59,0
60,0,3,25,60,0
61,0,3,25,61,0
25,2,3,25,12,0
25,2,3,25,13,0
25,2,3,25,13,0
25,2,3,25,13,0
25,2,3,25,17,0
25,2,3,25,20,0
25,2,3,25,21,0
25,2,3,25,21,0
25,2,3,25,23,0
25,2,3,25,24,0
26,2,3,25,16,0
26,2,3,25,18,0
26,2,3,25,21,0
26,2,3,25,26,0
27,2,3,25,25,0
27,2,3,25,27,0
28,2,3,25,23,0
28,2,3,25,24,0
28,2,3,25,25,0
28,2,3,25,28,0
30,2,3,25,15,0
30,2,3,25,20,0
30,2,3,25,21,0
30,2,3,25,24,0
30,2,3,25,28,0
30,2,3,25,29,0
30,2,3,25,30,0
30,2,3,25,30,0
31,2,3,25,17,0
31,2,3,25,20,0
31,2,3,25,25,0
31,2,3,25,26,0
31,2,3,25,28,0
32,2,3,25,22,0
32,2,3,25,27,0
32,2,3,25,32,0
32,2,3,25,32,0
33,2,3,25,23,0
33,2,3,25,26,0
33,2,3,25,30,0
33,2,3,25,33,0
34,2,3,25,18,0
34,2,3,25,22,0
34,2,3,25,23,0
34,2,3,25,25,0
34,2,3,25,30,0
34,2,3,25,34,0
34,2,3,25,34,0
35,2,3,25,20,0
35,2,3,25,23,0
35,2,3,25,35,0
36,2,3,25,22,0
36,2,3,25,23,0
36,2,3,25,24,0
36,2,3,25,24,0
36,2,3,25,27,0
36,2,3,25,31,0
36,2,3,25,31,0
36,2,3,25,36,0
37,2,3,25,18,0
37,2,3,25,25,0
37,2,3,25,30,0
38,2,3,25,19,0
39,2,3,25,38,0
39,2,3,25,39,0
40,2,3,25,17,0
40,2,3,25,19,0
40,2,3,25,22,0
40,2,3,25,25,0
40,2,3,25,27,0
40,2,3,25,33,0
40,2,3,25,36,0
41,2,3,25,30,0
41,2,3,25,41,0
41,2,3,25,41,0
42,2,3,25,17,0
42,2,3,25,30,0
42,2,3,25,35,0
42,2,3,25,39,0
42,2,3,25,39,0
42,2,3,25,42,0
43,2,3,25,37,0
43,2,3,25,43,0
44,2,3,25,20,0
44,2,3,25,31,0
44,2,3,25,39,0
44,2,3,25,40,0
44,2,3,25,44,0
45,2,3,25,37,0
45,2,3,25,42,0
45,2,3,25,43,0
45,2,3,25,45,0
45,2,3,25,45,0
46,2,3,25,43,0
46,2,3,25,46,0
47,2,3,25,47,0
48,2,3,25,34,0
48,2,3,25,35,0
48,2,3,25,43,0
48,2,3,25,43,0
48,2,3,25,48,0
48,2,3,25,48,0
49,2,3,25,49,0
50,2,3,25,50,0
51,2,3,25,51,0
51,2,3,25,51,0
51,2,3,25,51,0
52,2,3,25,52,0
52,2,3,25,52,0
52,2,3,25,52,0
52,2,3,25,52,0
52,2,3,25,52,0
52,2,3,25,52,0
53,2,3,25,53,0
53,2,3,25,53,0
53,2,3,25,53,0
53,2,3,25,53,0
54,2,3,25,37,0
54,2,3,25,54,0
55,2,3,25,55,0
55,2,3,25,55,0
56,2,3,25,56,0
56,2,3,25,56,0
56,2,3,25,56,0
57,2,3,25,57,0
57,2,3,25,57,0
58,2,3,25,22,0
58,2,3,25,34,0
58,2,3,25,37,0
58,2,3,25,58,0
59,2,3,25,59,0
59,2,3,25,59,0
60,2,3,25,60,0
60,2,3,25,60,0
60,2,3,25,60,0
60,2,3,25,60,0
61,2,3,25,17,0
61,2,3,25,34,0
61,2,3,25,36,0
61,2,3,25,41,0
61,2,3,25,56,0
61,2,3,25,61,0
61,2,3,25,61,0
62,2,3,25,62,0
64,2,3,25,50,0
64,2,3,25,64,0
65,2,3,25,65,0
66,2,3,25,66,0
66,2,3,25,66,0
66,2,3,25,66,0
67,2,3,25,25,0
67,2,3,25,34,0
67,2,3,25,41,0
67,2,3,25,49,0
69,2,3,25,69,0
69,2,3,25,69,0
69,2,3,25,69,0
70,2,3,25,70,0
71,2,3,25,31,0
72,2,3,25,72,0
72,2,3,25,72,0
73,2,3,25,73,0
73,2,3,25,73,0
74,2,3,25,54,0
74,2,3,25,65,0
75,2,3,25,75,0
82,2,3,25,69,0
84,2,3,25,77,0
91,2,3,25,91,0
97,2,3,25,97,0
112,2,3,25,33,1
114,2,3,25,114,1
115,2,3,25,79,1
118,2,3,25,69,1
122,2,3,25,56,1
129,2,3,25,64,1
132,2,3,25,62,1
25,5,3,25,12,0
25,5,3,25,14,0
25,5,3,25,18,0
27,5,3,25,9,0
27,5,3,25,27,0
28,5,3,25,26,0
29,5,3,25,10,0
31,5,3,25,25,0
31,5,3,25,31,0
33,5,3,25,31,0
35,5,3,25,10,0
35,5,3,25,26,0
36,5,3,25,25,0
36,5,3,25,33,0
36,5,3,25,35,0
36,5,3,25,36,0
37,5,3,25,37,0
38,5,3,25,31,0
38,5,3,25,37,0
38,5,3,25,37,0
39,5,3,25,39,0
41,5,3,25,36,0
42,5,3,25,42,0
42,5,3,25,42,0
42,5,3,25,42,0
44,5,3,25,44,0
45,5,3,25,25,0
45,5,3,25,45,0
47,5,3,25,33,0
47,5,3,25,39,0
47,5,3,25,44,0
47,5,3,25,47,0
47,5,3,25,47,0
47,5,3,25,47,0
47,5,3,25,47,0
48,5,3,25,41,0
48,5,3,25,48,0
49,5,3,25,38,0
49,5,3,25,40,0
50,5,3,25,50,0
50,5,3,25,50,0
51,5,3,25,27,0
51,5,3,25,32,0
51,5,3,25,36,0
51,5,3,25,41,0
51,5,3,25,42,0
51,5,3,25,45,0
51,5,3,25,47,0
51,5,3,25,49,0
51,5,3,25,51,0
51,5,3,25,51,0
52,5,3,25,52,0
54,5,3,25,41,0
54,5,3,25,51,0
55,5,3,25,55,0
55,5,3,25,55,0
55,5,3,25,55,0
56,5,3,25,56,0
56,5,3,25,56,0
56,5,3,25,56,0
56,5,3,25,56,0
57,5,3,25,57,0
58,5,3,25,26,0
58,5,3,25,44,0
58,5,3,25,57,0
58,5,3,25,58,0
58,5,3,25,58,0
59,5,3,25,56,0
59,5,3,25,59,0
59,5,3,25,59,0
61,5,3,25,57,0
61,5,3,25,60,0
63,5,3,25,63,0
64,5,3,25,61,0
64,5,3,25,64,0
64,5,3,25,64,0
65,5,3,25,65,0
65,5,3,25,65,0
65,5,3,25,65,0
66,5,3,25,66,0
66,5,3,25,66,0
66,5,3,25,66,0
68,5,3,25,68,0
69,5,3,25,69,0
71,5,3,25,64,0
72,5,3,25,72,0
73,5,3,25,73,0
75,5,3,25,75,0
76,5,3,25,76,0
76,5,3,25,76,0
77,5,3,25,37,0
79,5,3,25,79,0
82,5,3,25,82,0
84,5,3,25,38,0
84,5,3,25,77,0
84,5,3,25,84,0
86,5,3,25,86,0
87,5,3,25,65,0
88,5,3,25,88,0
92,5,3,25,92,0
101,5,3,25,39,1
108,5,3,25,69,1
108,5,3,25,69,1
108,5,3,25,108,1
112,5,3,25,63,1
126,5,3,25,73,1
126,5,3,25,87,1
31,8,3,25,31,0
36,8,3,25,25,0
38,8,3,25,20,0
44,8,3,25,26,0
44,8,3,25,31,0
44,8,3,25,42,0
44,8,3,25,44,0
47,8,3,25,47,0
49,8,3,25,20,0
50,8,3,25,50,0
51,8,3,25,36,0
56,8,3,25,56,0
58,8,3,25,58,0
59,8,3,25,59,0
60,8,3,25,60,0
60,8,3,25,60,0
61,8,3,25,31,0
61,8,3,25,33,0
63,8,3,25,63,0
65,8,3,25,65,0
67,8,3,25,57,0
70,8,3,25,70,0
71,8,3,25,54,0
71,8,3,25,71,0
74,8,3,25,41,0
74,8,3,25,68,0
79,8,3,25,79,0
80,8,3,25,43,0
84,8,3,25,84,0
85,8,3,25,85,0
87,8,3,25,56,0
90,8,3,25,56,0
93,8,3,25,54,0
93,8,3,25,83,0
93,8,3,25,92,0
95,8,3,25,95,0
109,8,3,25,109,1
112,8,3,25,94,1
114,8,3,25,114,1
115,8,3,25,62,1
118,8,3,25,81,1
122,8,3,25,58,1
122,8,3,25,67,1
129,8,3,25,63,1
140,8,3,25,67,1
143,8,3,25,61,1
154,8,3,25,74,1
25,10,3,25,12,0
25,10,3,25,25,0
31,10,3,25,17,0
43,10,3,25,43,0
43,10,3,25,43,0
44,10,3,25,40,0
48,10,3,25,44,0
49,10,3,25,27,0
49,10,3,25,35,0
51,10,3,25,51,0
53,10,3,25,53,0
54,10,3,25,53,0
58,10,3,25,51,0
58,10,3,25,58,0
61,10,3,25,59,0
66,10,3,25,66,0
68,10,3,25,68,0
68,10,3,25,68,0
70,10,3,25,70,0
80,10,3,25,59,0
88,10,3,25,88,0
109,10,3,25,109,1
113,10,3,25,113,1
29,12,3,25,29,0
33,12,3,25,33,0
51,12,3,25,51,0
68,12,3,25,68,0
72,12,3,25,72,0
74,12,3,25,74,0
74,12,3,25,74,0
82,12,3,25,82,0
92,12,3,25,92,0
32,15,3,25,32,0
47,15,3,25,32,0
48,15,3,25,44,0
50,15,3,25,41,0
56,15,3,25,56,0
74,15,3,25,74,0
77,15,3,25,77,0
101,15,3,25,60,1
27,18,3,25,26,0
33,18,3,25,33,0
74,18,3,25,33,0
40,20,3,25,33,0
69,20,3,25,69,0
78,20,3,25,78,0
58,22,3,25,53,0
54,25,3,25,36,0
129,25,3,25,75,1
62,30,3,25,62,0
50,32,3,25,43,0
84,52,3,25,39,0
68,54,3,25,68,0
29,0,5,25,29,0
31,0,5,25,31,0
32,0,5,25,32,0
33,0,5,25,21,0
35,0,5,25,22,0
35,0,5,25,27,0
36,0,5,25,36,0
41,0,5,25,41,0
43,0,5,25,35,0
52,0,5,25,52,0
69,0,5,25,50,0
25,2,5,25,12,0
28,2,5,25,28,0
29,2,5,25,23,0
31,2,5,25,17,0
32,2,5,25,28,0
33,2,5,25,21,0
35,2,5,25,35,0
36,2,5,25,36,0
37,2,5,25,37,0
38,2,5,25,28,0
38,2,5,25,38,0
39,2,5,25,39,0
41,2,5,25,41,0
42,2,5,25,29,0
42,2,5,25,42,0
44,2,5,25,44,0
46,2,5,25,30,0
46,2,5,25,46,0
48,2,5,25,48,0
48,2,5,25,48,0
50,2,5,25,47,0
51,2,5,25,51,0
51,2,5,25,51,0
52,2,5,25,52,0
52,2,5,25,52,0
53,2,5,25,53,0
53,2,5,25,53,0
54,2,5,25,32,0
55,2,5,25,55,0
55,2,5,25,55,0
56,2,5,25,56,0
56,2,5,25,56,0
58,2,5,25,58,0
58,2,5,25,58,0
59,2,5,25,59,0
63,2,5,25,63,0
64,2,5,25,46,0
64,2,5,25,61,0
65,2,5,25,65,0
67,2,5,25,67,0
67,2,5,25,67,0
69,2,5,25,69,0
69,2,5,25,69,0
74,2,5,25,74,0
76,2,5,25,76,0
77,2,5,25,69,0
77,2,5,25,77,0
77,2,5,25,77,0
80,2,5,25,59,0
81,2,5,25,81,0
82,2,5,25,82,0
82,2,5,25,82,0
84,2,5,25,66,0
85,2,5,25,85,0
86,2,5,25,86,0
93,2,5,25,24,0
93,2,5,25,82,0
96,2,5,25,96,0
101,2,5,25,86,1
106,2,5,25,106,1
122,2,5,25,63,1
123,2,5,25,123,1
129,2,5,25,76,1
25,5,5,25,24,0
25,5,5,25,24,0
30,5,5,25,28,0
30,5,5,25,30,0
42,5,5,25,33,0
45,5,5,25,45,0
45,5,5,25,45,0
45,5,5,25,45,0
46,5,5,25,46,0
46,5,5,25,46,0
47,5,5,25,38,0
51,5,5,25,51,0
53,5,5,25,53,0
53,5,5,25,53,0
54,5,5,25,54,0
54,5,5,25,54,0
54,5,5,25,54,0
56,5,5,25,56,0
56,5,5,25,56,0
57,5,5,25,57,0
57,5,5,25,57,0
60,5,5,25,60,0
60,5,5,25,60,0
61,5,5,25,61,0
62,5,5,25,62,0
62,5,5,25,62,0
62,5,5,25,62,0
65,5,5,25,65,0
67,5,5,25,53,0
67,5,5,25,67,0
69,5,5,25,69,0
71,5,5,25,69,0
71,5,5,25,71,0
71,5,5,25,71,0
72,5,5,25,72,0
72,5,5,25,72,0
73,5,5,25,73,0
74,5,5,25,74,0
85,5,5,25,85,0
90,5,5,25,90,0
92,5,5,25,92,0
93,5,5,25,77,0
97,5,5,25,45,0
99,5,5,25,99,0
101,5,5,25,72,1
106,5,5,25,106,1
106,5,5,25,106,1
109,5,5,25,109,1
110,5,5,25,110,1
112,5,5,25,85,1
114,5,5,25,114,1
118,5,5,25,60,1
118,5,5,25,118,1
119,5,5,25,119,1
120,5,5,25,120,1
121,5,5,25,121,1
129,5,5,25,108,1
132,5,5,25,86,1
37,8,5,25,37,0
41,8,5,25,41,0
48,8,5,25,43,0
52,8,5,25,52,0
52,8,5,25,52,0
59,8,5,25,59,0
60,8,5,25,60,0
64,8,5,25,64,0
77,8,5,25,72,0
77,8,5,25,77,0
78,8,5,25,78,0
93,8,5,25,90,0
97,8,5,25,75,0
98,8,5,25,98,0
105,8,5,25,105,1
112,8,5,25,56,1
115,8,5,25,84,1
116,8,5,25,116,1
132,8,5,25,88,1
174,8,5,25,72,1
71,10,5,25,71,0
71,10,5,25,71,0
74,10,5,25,74,0
77,10,5,25,77,0
78,10,5,25,78,0
96,10,5,25,96,0
42,12,5,25,42,0
48,12,5,25,48,0
58,12,5,25,51,0
80,12,5,25,67,0
122,12,5,25,61,1
126,12,5,25,126,1
140,12,5,25,88,1
97,15,5,25,96,0
143,15,5,25,63,1
118,20,5,25,84,1
86,0,6,25,86,0
109,0,6,25,109,1
26,2,6,25,26,0
28,2,6,25,28,0
37,2,6,25,32,0
39,2,6,25,29,0
46,2,6,25,28,0
47,2,6,25,47,0
60,2,6,25,60,0
66,2,6,25,66,0
76,2,6,25,76,0
85,2,6,25,85,0
87,2,6,25,87,0
91,2,6,25,91,0
95,2,6,25,95,0
102,2,6,25,102,1
109,2,6,25,109,1
102,5,6,25,102,1
109,5,6,25,109,1
111,5,6,25,111,1
115,5,6,25,115,1
132,5,6,25,132,1
68,8,6,25,68,0
103,8,6,25,103,1
108,8,6,25,72,1
111,8,6,25,111,1
112,8,6,25,112,1
117,8,6,25,117,1
169,8,6,25,93,1
80,10,6,25,80,0
103,10,6,25,103,1
115,10,6,25,115,1
111,12,6,25,111,1
164,12,6,25,107,1
129,15,6,25,129,1
100,20,6,25,64,0
77,22,6,25,72,0
56,56,6,25,22,0
63,2,7,25,63,0
97,2,7,25,97,0
111,2,7,25,111,1
100,10,7,25,100,0
25,18,7,25,19,0
27,0,1,27,9,0
27,0,1,27,20,0
27,2,1,27,12,0
27,2,1,27,17,0
27,2,1,27,24,0
27,2,1,27,24,0
31,2,1,27,29,0
32,2,1,27,12,0
36,2,1,27,18,0
37,2,1,27,9,0
45,2,1,27,25,0
45,2,1,27,45,0
51,2,1,27,35,0
27,5,1,27,17,0
27,5,1,27,19,0
27,5,1,27,24,0
27,5,1,27,27,0
28,5,1,27,22,0
31,5,1,27,31,0
36,5,1,27,11,0
46,5,1,27,41,0
53,5,1,27,53,0
32,8,1,27,32,0
39,8,1,27,22,0
40,8,1,27,40,0
29,10,1,27,24,0
29,10,1,27,29,0
31,10,1,27,26,0
57,10,1,27,57,0
27,12,1,27,22,0
27,18,1,27,16,0
27,0,2,27,15,0
27,0,2,27,17,0
27,0,2,27,19,0
27,0,2,27,23,0
27,0,2,27,27,0
28,0,2,27,7,0
29,0,2,27,21,0
31,0,2,27,24,0
32,0,2,27,23,0
33,0,2,27,33,0
34,0,2,27,18,0
34,0,2,27,19,0
36,0,2,27,18,0
42,0,2,27,16,0
50,0,2,27,34,0
71,0,2,27,38,0
27,2,2,27,9,0
27,2,2,27,14,0
27,2,2,27,14,0
27,2,2,27,15,0
27,2,2,27,16,0
27,2,2,27,16,0
27,2,2,27,16,0
27,2,2,27,21,0
27,2,2,27,21,0
27,2,2,27,24,0
27,2,2,27,24,0
27,2,2,27,25,0
27,2,2,27,26,0
27,2,2,27,26,0
28,2,2,27,10,0
28,2,2,27,17,0
29,2,2,27,6,0
29,2,2,27,19,0
29,2,2,27,20,0
29,2,2,27,26,0
30,2,2,27,18,0
30,2,2,27,21,0
30,2,2,27,30,0
30,2,2,27,30,0
30,2,2,27,30,0
31,2,2,27,7,0
31,2,2,27,17,0
31,2,2,27,24,0
31,2,2,27,28,0
31,2,2,27,31,0
32,2,2,27,19,0
32,2,2,27,32,0
33,2,2,27,8,0
33,2,2,27,19,0
33,2,2,27,27,0
33,2,2,27,27,0
33,2,2,27,33,0
34,2,2,27,12,0
34,2,2,27,16,0
34,2,2,27,17,0
34,2,2,27,26,0
35,2,2,27,8,0
35,2,2,27,25,0
35,2,2,27,35,0
36,2,2,27,8,0
36,2,2,27,33,0
37,2,2,27,20,0
37,2,2,27,30,0
37,2,2,27,34,0
37,2,2,27,36,0
38,2,2,27,21,0
38,2,2,27,22,0
39,2,2,27,29,0
39,2,2,27,36,0
40,2,2,27,8,0
40,2,2,27,33,0
40,2,2,27,37,0
40,2,2,27,38,0
41,2,2,27,17,0
41,2,2,27,19,0
42,2,2,27,33,0
43,2,2,27,22,0
43,2,2,27,25,0
43,2,2,27,29,0
43,2,2,27,30,0
43,2,2,27,43,0
44,2,2,27,27,0
44,2,2,27,27,0
44,2,2,27,29,0
44,2,2,27,33,0
44,2,2,27,40,0
44,2,2,27,44,0
45,2,2,27,32,0
45,2,2,27,45,0
46,2,2,27,20,0
46,2,2,27,27,0
46,2,2,27,32,0
46,2,2,27,33,0
46,2,2,27,43,0
47,2,2,27,25,0
47,2,2,27,26,0
47,2,2,27,32,0
47,2,2,27,33,0
48,2,2,27,27,0
48,2,2,27,44,0
49,2,2,27,20,0
49,2,2,27,26,0
49,2,2,27,31,0
49,2,2,27,47,0
50,2,2,27,31,0
50,2,2,27,50,0
50,2,2,27,50,0
52,2,2,27,52,0
53,2,2,27,53,0
54,2,2,27,53,0
54,2,2,27,54,0
55,2,2,27,55,0
57,2,2,27,57,0
58,2,2,27,41,0
60,2,2,27,60,0
61,2,2,27,61,0
64,2,2,27,40,0
64,2,2,27,48,0
67,2,2,27,67,0
73,2,2,27,73,0
77,2,2,27,53,0
79,2,2,27,79,0
80,2,2,27,47,0
80,2,2,27,80,0
87,2,2,27,59,0
27,5,2,27,15,0
27,5,2,27,17,0
27,5,2,27,18,0
27,5,2,27,19,0
27,5,2,27,20,0
27,5,2,27,21,0
27,5,2,27,22,0
27,5,2,27,27,0
28,5,2,27,14,0
28,5,2,27,28,0
28,5,2,27,28,0
29,5,2,27,15,0
30,5,2,27,17,0
30,5,2,27,21,0
30,5,2,27,25,0
31,5,2,27,17,0
31,5,2,27,18,0
31,5,2,27,21,0
31,5,2,27,30,0
32,5,2,27,18,0
32,5,2,27,26,0
32,5,2,27,29,0
33,5,2,27,15,0
33,5,2,27,32,0
34,5,2,27,26,0
34,5,2,27,34,0
35,5,2,27,13,0
35,5,2,27,35,0
36,5,2,27,18,0
36,5,2,27,36,0
36,5,2,27,36,0
37,5,2,27,25,0
37,5,2,27,31,0
37,5,2,27,32,0
37,5,2,27,37,0
37,5,2,27,37,0
37,5,2,27,37,0
38,5,2,27,15,0
38,5,2,27,31,0
38,5,2,27,38,0
39,5,2,27,17,0
39,5,2,27,27,0
39,5,2,27,31,0
39,5,2,27,39,0
40,5,2,27,38,0
40,5,2,27,40,0
41,5,2,27,30,0
42,5,2,27,18,0
42,5,2,27,30,0
42,5,2,27,31,0
42,5,2,27,42,0
43,5,2,27,30,0
43,5,2,27,31,0
43,5,2,27,43,0
43,5,2,27,43,0
43,5,2,27,43,0
44,5,2,27,25,0
44,5,2,27,38,0
44,5,2,27,44,0
45,5,2,27,27,0
45,5,2,27,31,0
45,5,2,27,35,0
45,5,2,27,45,0
46,5,2,27,31,0
46,5,2,27,46,0
46,5,2,27,46,0
47,5,2,27,31,0
47,5,2,27,33,0
47,5,2,27,38,0
47,5,2,27,39,0
47,5,2,27,47,0
47,5,2,27,47,0
48,5,2,27,39,0
48,5,2,27,48,0
49,5,2,27,27,0
49,5,2,27,29,0
49,5,2,27,34,0
49,5,2,27,36,0
49,5,2,27,39,0
50,5,2,27,41,0
50,5,2,27,50,0
51,5,2,27,42,0
54,5,2,27,54,0
57,5,2,27,57,0
57,5,2,27,57,0
58,5,2,27,43,0
58,5,2,27,58,0
60,5,2,27,60,0
64,5,2,27,57,0
65,5,2,27,65,0
67,5,2,27,47,0
67,5,2,27,53,0
67,5,2,27,57,0
79,5,2,27,79,0
80,5,2,27,80,0
83,5,2,27,83,0
87,5,2,27,35,0
101,5,2,27,59,1
27,8,2,27,8,0
27,8,2,27,16,0
27,8,2,27,27,0
30,8,2,27,30,0
31,8,2,27,25,0
32,8,2,27,17,0
34,8,2,27,20,0
34,8,2,27,34,0
37,8,2,27,22,0
37,8,2,27,23,0
42,8,2,27,12,0
42,8,2,27,42,0
44,8,2,27,28,0
51,8,2,27,51,0
54,8,2,27,45,0
56,8,2,27,56,0
56,8,2,27,56,0
61,8,2,27,43,0
61,8,2,27,61,0
63,8,2,27,63,0
64,8,2,27,43,0
71,8,2,27,37,0
71,8,2,27,42,0
80,8,2,27,80,0
97,8,2,27,49,0
97,8,2,27,55,0
126,8,2,27,54,1
27,10,2,27,17,0
29,10,2,27,29,0
31,10,2,27,21,0
34,10,2,27,23,0
35,10,2,27,28,0
43,10,2,27,43,0
45,10,2,27,41,0
48,10,2,27,48,0
48,10,2,27,48,0
50,10,2,27,50,0
62,10,2,27,62,0
67,10,2,27,24,0
93,10,2,27,43,0
27,12,2,27,9,0
27,12,2,27,24,0
28,12,2,27,28,0
33,12,2,27,33,0
41,12,2,27,16,0
42,12,2,27,31,0
43,12,2,27,40,0
61,12,2,27,61,0
67,12,2,27,67,0
27,15,2,27,17,0
44,15,2,27,30,0
54,15,2,27,54,0
78,15,2,27,78,0
38,18,2,27,38,0
38,20,2,27,35,0
47,20,2,27,47,0
93,38,2,27,38,0
27,0,3,27,9,0
27,0,3,27,11,0
30,0,3,27,17,0
30,0,3,27,28,0
30,0,3,27,30,0
31,0,3,27,17,0
31,0,3,27,23,0
31,0,3,27,24,0
31,0,3,27,31,0
34,0,3,27,29,0
34,0,3,27,34,0
35,0,3,27,14,0
35,0,3,27,35,0
36,0,3,27,36,0
36,0,3,27,36,0
37,0,3,27,37,0
40,0,3,27,28,0
41,0,3,27,19,0
42,0,3,27,35,0
43,0,3,27,19,0
44,0,3,27,22,0
44,0,3,27,44,0
47,0,3,27,47,0
53,0,3,27,53,0
58,0,3,27,58,0
62,0,3,27,62,0
67,0,3,27,39,0
67,0,3,27,67,0
68,0,3,27,68,0
101,0,3,27,34,1
27,2,3,27,6,0
27,2,3,27,8,0
27,2,3,27,9,0
27,2,3,27,18,0
27,2,3,27,20,0
27,2,3,27,21,0
27,2,3,27,21,0
27,2,3,27,24,0
27,2,3,27,24,0
28,2,3,27,16,0
28,2,3,27,19,0
28,2,3,27,24,0
29,2,3,27,18,0
29,2,3,27,18,0
30,2,3,27,22,0
30,2,3,27,27,0
30,2,3,27,30,0
31,2,3,27,14,0
31,2,3,27,15,0
31,2,3,27,21,0
31,2,3,27,23,0
31,2,3,27,24,0
31,2,3,27,27,0
31,2,3,27,28,0
31,2,3,27,31,0
32,2,3,27,16,0
32,2,3,27,25,0
33,2,3,27,20,0
33,2,3,27,22,0
33,2,3,27,29,0
33,2,3,27,33,0
33,2,3,27,33,0
34,2,3,27,5,0
34,2,3,27,12,0
34,2,3,27,19,0
34,2,3,27,28,0
34,2,3,27,30,0
34,2,3,27,31,0
34,2,3,27,34,0
34,2,3,27,34,0
34,2,3,27,34,0
35,2,3,27,22,0
35,2,3,27,23,0
35,2,3,27,26,0
35,2,3,27,29,0
35,2,3,27,30,0
35,2,3,27,31,0
35,2,3,27,35,0
35,2,3,27,35,0
36,2,3,27,15,0
36,2,3,27,15,0
36,2,3,27,27,0
36,2,3,27,31,0
36,2,3,27,34,0
36,2,3,27,36,0
37,2,3,27,11,0
37,2,3,27,23,0
37,2,3,27,28,0
37,2,3,27,37,0
37,2,3,27,37,0
38,2,3,27,11,0
38,2,3,27,20,0
38,2,3,27,21,0
38,2,3,27,31,0
38,2,3,27,33,0
38,2,3,27,38,0
39,2,3,27,16,0
39,2,3,27,19,0
39,2,3,27,20,0
39,2,3,27,25,0
39,2,3,27,32,0
39,2,3,27,38,0
39,2,3,27,39,0
40,2,3,27,19,0
40,2,3,27,35,0
40,2,3,27,36,0
40,2,3,27,36,0
41,2,3,27,30,0
41,2,3,27,40,0
41,2,3,27,41,0
41,2,3,27,41,0
42,2,3,27,20,0
43,2,3,27,9,0
43,2,3,27,34,0
43,2,3,27,39,0
44,2,3,27,30,0
44,2,3,27,39,0
44,2,3,27,41,0
44,2,3,27,44,0
44,2,3,27,44,0
44,2,3,27,44,0
44,2,3,27,44,0
44,2,3,27,44,0
45,2,3,27,28,0
45,2,3,27,35,0
45,2,3,27,45,0
46,2,3,27,33,0
46,2,3,27,37,0
46,2,3,27,46,0
47,2,3,27,25,0
47,2,3,27,28,0
47,2,3,27,39,0
47,2,3,27,47,0
48,2,3,27,23,0
48,2,3,27,30,0
48,2,3,27,48,0
48,2,3,27,48,0
48,2,3,27,48,0
49,2,3,27,17,0
49,2,3,27,31,0
49,2,3,27,49,0
49,2,3,27,49,0
50,2,3,27,36,0
50,2,3,27,38,0
50,2,3,27,39,0
50,2,3,27,50,0
51,2,3,27,51,0
51,2,3,27,51,0
52,2,3,27,52,0
52,2,3,27,52,0
52,2,3,27,52,0
53,2,3,27,53,0
53,2,3,27,53,0
54,2,3,27,47,0
54,2,3,27,54,0
55,2,3,27,55,0
55,2,3,27,55,0
55,2,3,27,55,0
56,2,3,27,56,0
57,2,3,27,44,0
57,2,3,27,57,0
58,2,3,27,31,0
58,2,3,27,58,0
60,2,3,27,60,0
60,2,3,27,60,0
61,2,3,27,60,0
62,2,3,27,62,0
62,2,3,27,62,0
62,2,3,27,62,0
63,2,3,27,63,0
63,2,3,27,63,0
64,2,3,27,40,0
64,2,3,27,64,0
64,2,3,27,64,0
65,2,3,27,65,0
67,2,3,27,24,0
67,2,3,27,34,0
67,2,3,27,53,0
67,2,3,27,58,0
67,2,3,27,62,0
68,2,3,27,67,0
69,2,3,27,69,0
69,2,3,27,69,0
70,2,3,27,70,0
71,2,3,27,25,0
71,2,3,27,32,0
71,2,3,27,71,0
72,2,3,27,72,0
72,2,3,27,72,0
73,2,3,27,73,0
74,2,3,27,27,0
74,2,3,27,71,0
76,2,3,27,76,0
77,2,3,27,77,0
80,2,3,27,75,0
80,2,3,27,80,0
81,2,3,27,81,0
84,2,3,27,31,0
86,2,3,27,66,0
87,2,3,27,57,0
89,2,3,27,89,0
90,2,3,27,71,0
96,2,3,27,96,0
97,2,3,27,84,0
100,2,3,27,63,0
100,2,3,27,100,0
101,2,3,27,55,1
103,2,3,27,103,1
132,2,3,27,71,1
27,5,3,27,8,0
27,5,3,27,17,0
27,5,3,27,19,0
27,5,3,27,20,0
27,5,3,27,22,0
28,5,3,27,22,0
28,5,3,27,28,0
30,5,3,27,20,0
30,5,3,27,24,0
31,5,3,27,14,0
31,5,3,27,22,0
33,5,3,27,18,0
33,5,3,27,23,0
33,5,3,27,32,0
35,5,3,27,31,0
37,5,3,27,23,0
38,5,3,27,35,0
38,5,3,27,38,0
39,5,3,27,30,0
41,5,3,27,34,0
41,5,3,27,35,0
41,5,3,27,36,0
42,5,3,27,31,0
42,5,3,27,42,0
43,5,3,27,26,0
43,5,3,27,36,0
44,5,3,27,35,0
44,5,3,27,43,0
44,5,3,27,44,0
45,5,3,27,26,0
45,5,3,27,45,0
45,5,3,27,45,0
46,5,3,27,17,0
46,5,3,27,22,0
46,5,3,27,27,0
47,5,3,27,28,0
47,5,3,27,38,0
47,5,3,27,42,0
47,5,3,27,47,0
47,5,3,27,47,0
47,5,3,27,47,0
47,5,3,27,47,0
47,5,3,27,47,0
47,5,3,27,47,0
48,5,3,27,45,0
49,5,3,27,49,0
49,5,3,27,49,0
50,5,3,27,31,0
50,5,3,27,50,0
51,5,3,27,40,0
54,5,3,27,40,0
54,5,3,27,54,0
55,5,3,27,55,0
55,5,3,27,55,0
55,5,3,27,55,0
55,5,3,27,55,0
56,5,3,27,55,0
56,5,3,27,56,0
56,5,3,27,56,0
56,5,3,27,56,0
56,5,3,27,56,0
57,5,3,27,57,0
57,5,3,27,57,0
57,5,3,27,57,0
57,5,3,27,57,0
57,5,3,27,57,0
57,5,3,27,57,0
59,5,3,27,59,0
60,5,3,27,60,0
60,5,3,27,60,0
60,5,3,27,60,0
61,5,3,27,35,0
61,5,3,27,41,0
61,5,3,27,60,0
61,5,3,27,61,0
61,5,3,27,61,0
63,5,3,27,63,0
63,5,3,27,63,0
63,5,3,27,63,0
63,5,3,27,63,0
64,5,3,27,39,0
64,5,3,27,46,0
64,5,3,27,49,0
64,5,3,27,53,0
65,5,3,27,65,0
66,5,3,27,66,0
67,5,3,27,44,0
67,5,3,27,67,0
67,5,3,27,67,0
68,5,3,27,68,0
68,5,3,27,68,0
68,5,3,27,68,0
69,5,3,27,69,0
70,5,3,27,70,0
71,5,3,27,70,0
71,5,3,27,71,0
75,5,3,27,75,0
76,5,3,27,76,0
77,5,3,27,77,0
78,5,3,27,78,0
80,5,3,27,49,0
80,5,3,27,60,0
80,5,3,27,67,0
80,5,3,27,80,0
80,5,3,27,80,0
81,5,3,27,81,0
82,5,3,27,82,0
82,5,3,27,82,0
83,5,3,27,83,0
83,5,3,27,83,0
84,5,3,27,44,0
84,5,3,27,84,0
85,5,3,27,85,0
85,5,3,27,85,0
86,5,3,27,42,0
87,5,3,27,78,0
88,5,3,27,88,0
91,5,3,27,69,0
93,5,3,27,57,0
93,5,3,27,75,0
95,5,3,27,95,0
97,5,3,27,56,0
97,5,3,27,64,0
97,5,3,27,67,0
97,5,3,27,68,0
97,5,3,27,77,0
97,5,3,27,97,0
98,5,3,27,98,0
100,5,3,27,71,0
101,5,3,27,41,1
101,5,3,27,56,1
101,5,3,27,75,1
102,5,3,27,102,1
104,5,3,27,71,1
105,5,3,27,105,1
122,5,3,27,60,1
27,8,3,27,15,0
29,8,3,27,23,0
30,8,3,27,30,0
39,8,3,27,24,0
42,8,3,27,25,0
44,8,3,27,35,0
45,8,3,27,39,0
47,8,3,27,40,0
47,8,3,27,43,0
49,8,3,27,37,0
49,8,3,27,49,0
50,8,3,27,44,0
53,8,3,27,53,0
54,8,3,27,49,0
55,8,3,27,55,0
55,8,3,27,55,0
60,8,3,27,60,0
61,8,3,27,39,0
62,8,3,27,62,0
63,8,3,27,63,0
63,8,3,27,63,0
64,8,3,27,64,0
66,8,3,27,58,0
69,8,3,27,69,0
69,8,3,27,69,0
70,8,3,27,70,0
74,8,3,27,74,0
74,8,3,27,74,0
76,8,3,27,76,0
80,8,3,27,55,0
87,8,3,27,76,0
87,8,3,27,81,0
89,8,3,27,89,0
90,8,3,27,77,0
95,8,3,27,95,0
100,8,3,27,55,0
122,8,3,27,49,1
143,8,3,27,77,1
33,10,3,27,29,0
40,10,3,27,28,0
44,10,3,27,44,0
53,10,3,27,53,0
59,10,3,27,59,0
65,10,3,27,65,0
67,10,3,27,60,0
79,10,3,27,79,0
80,10,3,27,80,0
84,10,3,27,59,0
118,10,3,27,78,1
44,12,3,27,38,0
45,12,3,27,25,0
55,12,3,27,55,0
57,12,3,27,57,0
60,12,3,27,60,0
74,12,3,27,33,0
101,12,3,27,87,1
108,12,3,27,71,1
44,15,3,27,40,0
63,15,3,27,63,0
132,15,3,27,70,1
37,18,3,27,28,0
56,18,3,27,56,0
58,18,3,27,58,0
61,18,3,27,52,0
61,18,3,27,61,0
76,18,3,27,76,0
40,20,3,27,40,0
51,20,3,27,51,0
35,22,3,27,31,0
44,22,3,27,44,0
35,25,3,27,35,0
39,25,3,27,39,0
97,28,3,27,45,0
80,67,3,27,65,0
85,81,3,27,85,0
85,85,3,27,67,0
27,0,5,27,19,0
28,0,5,27,19,0
37,0,5,27,10,0
40,0,5,27,40,0
77,0,5,27,77,0
27,2,5,27,9,0
30,2,5,27,30,0
31,2,5,27,14,0
31,2,5,27,18,0
32,2,5,27,18,0
32,2,5,27,26,0
32,2,5,27,32,0
33,2,5,27,19,0
34,2,5,27,21,0
35,2,5,27,19,0
35,2,5,27,33,0
36,2,5,27,23,0
38,2,5,27,38,0
42,2,5,27,42,0
43,2,5,27,43,0
50,2,5,27,50,0
52,2,5,27,52,0
53,2,5,27,53,0
53,2,5,27,53,0
53,2,5,27,53,0
54,2,5,27,54,0
56,2,5,27,56,0
56,2,5,27,56,0
56,2,5,27,56,0
57,2,5,27,57,0
58,2,5,27,58,0
59,2,5,27,59,0
61,2,5,27,61,0
63,2,5,27,63,0
64,2,5,27,58,0
64,2,5,27,64,0
66,2,5,27,66,0
67,2,5,27,67,0
69,2,5,27,69,0
70,2,5,27,70,0
70,2,5,27,70,0
71,2,5,27,71,0
71,2,5,27,71,0
74,2,5,27,67,0
74,2,5,27,74,0
76,2,5,27,76,0
76,2,5,27,76,0
80,2,5,27,50,0
81,2,5,27,81,0
83,2,5,27,83,0
86,2,5,27,86,0
90,2,5,27,90,0
93,2,5,27,57,0
97,2,5,27,59,0
98,2,5,27,98,0
100,2,5,27,83,0
101,2,5,27,55,1
112,2,5,27,112,1
143,2,5,27,72,1
27,5,5,27,11,0
31,5,5,27,14,0
31,5,5,27,31,0
33,5,5,27,33,0
41,5,5,27,41,0
44,5,5,27,43,0
44,5,5,27,44,0
46,5,5,27,46,0
48,5,5,27,48,0
53,5,5,27,53,0
54,5,5,27,54,0
54,5,5,27,54,0
54,5,5,27,54,0
60,5,5,27,60,0
61,5,5,27,61,0
61,5,5,27,61,0
63,5,5,27,63,0
63,5,5,27,63,0
65,5,5,27,65,0
65,5,5,27,65,0
65,5,5,27,65,0
67,5,5,27,67,0
69,5,5,27,69,0
71,5,5,27,71,0
71,5,5,27,71,0
77,5,5,27,52,0
77,5,5,27,63,0
80,5,5,27,64,0
80,5,5,27,65,0
80,5,5,27,80,0
82,5,5,27,82,0
83,5,5,27,83,0
83,5,5,27,83,0
83,5,5,27,83,0
84,5,5,27,79,0
84,5,5,27,84,0
84,5,5,27,84,0
87,5,5,27,61,0
87,5,5,27,84,0
89,5,5,27,89,0
90,5,5,27,90,0
94,5,5,27,94,0
95,5,5,27,95,0
95,5,5,27,95,0
97,5,5,27,76,0
97,5,5,27,77,0
100,5,5,27,65,0
101,5,5,27,101,1
103,5,5,27,103,1
108,5,5,27,79,1
112,5,5,27,107,1
115,5,5,27,115,1
116,5,5,27,116,1
129,5,5,27,78,1
140,5,5,27,69,1
36,8,5,27,35,0
43,8,5,27,43,0
46,8,5,27,26,0
46,8,5,27,46,0
49,8,5,27,49,0
51,8,5,27,51,0
52,8,5,27,52,0
53,8,5,27,53,0
55,8,5,27,55,0
64,8,5,27,64,0
67,8,5,27,67,0
69,8,5,27,69,0
77,8,5,27,68,0
77,8,5,27,77,0
77,8,5,27,77,0
77,8,5,27,77,0
79,8,5,27,79,0
87,8,5,27,76,0
88,8,5,27,88,0
89,8,5,27,89,0
90,8,5,27,90,0
93,8,5,27,78,0
100,8,5,27,72,0
101,8,5,27,89,1
102,8,5,27,102,1
103,8,5,27,103,1
109,8,5,27,109,1
109,8,5,27,109,1
113,8,5,27,113,1
120,8,5,27,120,1
46,10,5,27,46,0
50,10,5,27,50,0
64,10,5,27,38,0
67,10,5,27,67,0
69,10,5,27,69,0
79,10,5,27,79,0
84,10,5,27,84,0
87,10,5,27,61,0
88,10,5,27,88,0
103,10,5,27,103,1
104,10,5,27,59,1
29,12,5,27,28,0
49,12,5,27,39,0
53,12,5,27,53,0
84,12,5,27,67,0
118,12,5,27,74,1
118,12,5,27,107,1
78,15,5,27,78,0
104,15,5,27,98,1
140,15,5,27,76,1
56,28,5,27,56,0
90,38,5,27,54,0
40,40,5,27,21,0
27,2,6,27,19,0
47,2,6,27,47,0
48,2,6,27,38,0
60,2,6,27,60,0
77,2,6,27,77,0
87,2,6,27,87,0
95,2,6,27,95,0
104,2,6,27,53,1
120,2,6,27,120,1
70,5,6,27,70,0
71,5,6,27,71,0
83,5,6,27,83,0
90,5,6,27,72,0
95,5,6,27,95,0
95,5,6,27,95,0
109,5,6,27,109,1
110,5,6,27,110,1
114,5,6,27,114,1
116,5,6,27,116,1
118,5,6,27,118,1
72,8,6,27,72,0
87,8,6,27,71,0
106,8,6,27,106,1
109,8,6,27,109,1
111,8,6,27,111,1
115,8,6,27,115,1
116,8,6,27,116,1
62,10,6,27,62,0
64,10,6,27,64,0
113,10,6,27,113,1
116,10,6,27,116,1
67,12,6,27,67,0
129,12,6,27,90,1
84,15,6,27,84,0
94,15,6,27,94,0
65,2,7,27,65,0
76,5,7,27,76,0
149,5,7,27,149,1
63,8,7,27,63,0
106,12,7,27,106,1
112,18,7,27,66,1
28,8,0,28,20,0
29,0,1,28,19,0
31,0,1,28,31,0
28,2,1,28,14,0
28,2,1,28,18,0
29,2,1,28,21,0
31,2,1,28,16,0
35,2,1,28,35,0
37,2,1,28,23,0
44,2,1,28,16,0
44,2,1,28,44,0
31,5,1,28,27,0
36,5,1,28,27,0
38,5,1,28,26,0
97,5,1,28,44,0
31,8,1,28,25,0
33,10,1,28,30,0
34,15,1,28,33,0
43,20,1,28,43,0
31,25,1,28,31,0
28,0,2,28,6,0
28,0,2,28,15,0
28,0,2,28,17,0
28,0,2,28,18,0
28,0,2,28,19,0
28,0,2,28,20,0
28,0,2,28,24,0
28,0,2,28,24,0
29,0,2,28,6,0
29,0,2,28,21,0
30,0,2,28,30,0
31,0,2,28,21,0
31,0,2,28,24,0
33,0,2,28,33,0
36,0,2,28,28,0
38,0,2,28,6,0
39,0,2,28,33,0
40,0,2,28,40,0
43,0,2,28,41,0
43,0,2,28,41,0
49,0,2,28,20,0
64,0,2,28,64,0
28,2,2,28,2,0
28,2,2,28,12,0
28,2,2,28,14,0
28,2,2,28,14,0
28,2,2,28,15,0
28,2,2,28,19,0
28,2,2,28,19,0
28,2,2,28,19,0
28,2,2,28,20,0
28,2,2,28,21,0
28,2,2,28,25,0
28,2,2,28,26,0
29,2,2,28,4,0
29,2,2,28,20,0
30,2,2,28,16,0
30,2,2,28,20,0
31,2,2,28,8,0
31,2,2,28,13,0
31,2,2,28,19,0
31,2,2,28,31,0
32,2,2,28,10,0
32,2,2,28,25,0
32,2,2,28,26,0
32,2,2,28,26,0
32,2,2,28,29,0
33,2,2,28,15,0
33,2,2,28,33,0
33,2,2,28,33,0
33,2,2,28,33,0
34,2,2,28,20,0
34,2,2,28,34,0
35,2,2,28,17,0
35,2,2,28,33,0
36,2,2,28,18,0
36,2,2,28,18,0
36,2,2,28,24,0
36,2,2,28,36,0
37,2,2,28,12,0
37,2,2,28,22,0
38,2,2,28,17,0
38,2,2,28,24,0
38,2,2,28,24,0
38,2,2,28,26,0
38,2,2,28,38,0
39,2,2,28,27,0
39,2,2,28,28,0
39,2,2,28,34,0
39,2,2,28,35,0
39,2,2,28,39,0
40,2,2,28,27,0
40,2,2,28,27,0
40,2,2,28,34,0
40,2,2,28,37,0
40,2,2,28,40,0
41,2,2,28,13,0
41,2,2,28,25,0
41,2,2,28,41,0
42,2,2,28,19,0
43,2,2,28,28,0
43,2,2,28,31,0
43,2,2,28,33,0
43,2,2,28,43,0
44,2,2,28,44,0
45,2,2,28,28,0
45,2,2,28,33,0
45,2,2,28,45,0
46,2,2,28,23,0
46,2,2,28,30,0
46,2,2,28,46,0
47,2,2,28,47,0
48,2,2,28,26,0
48,2,2,28,30,0
48,2,2,28,33,0
49,2,2,28,48,0
49,2,2,28,49,0
50,2,2,28,48,0
51,2,2,28,51,0
54,2,2,28,54,0
59,2,2,28,59,0
59,2,2,28,59,0
60,2,2,28,60,0
60,2,2,28,60,0
61,2,2,28,54,0
63,2,2,28,63,0
63,2,2,28,63,0
64,2,2,28,43,0
64,2,2,28,64,0
66,2,2,28,66,0
66,2,2,28,66,0
68,2,2,28,68,0
71,2,2,28,53,0
76,2,2,28,76,0
77,2,2,28,39,0
80,2,2,28,30,0
80,2,2,28,38,0
87,2,2,28,87,0
90,2,2,28,55,0
28,5,2,28,14,0
28,5,2,28,14,0
28,5,2,28,15,0
28,5,2,28,15,0
28,5,2,28,19,0
28,5,2,28,21,0
28,5,2,28,23,0
28,5,2,28,24,0
30,5,2,28,28,0
32,5,2,28,23,0
32,5,2,28,23,0
34,5,2,28,29,0
34,5,2,28,34,0
35,5,2,28,21,0
35,5,2,28,35,0
36,5,2,28,34,0
38,5,2,28,33,0
39,5,2,28,37,0
40,5,2,28,36,0
41,5,2,28,25,0
41,5,2,28,30,0
41,5,2,28,35,0
41,5,2,28,37,0
41,5,2,28,41,0
42,5,2,28,34,0
42,5,2,28,42,0
42,5,2,28,42,0
43,5,2,28,41,0
44,5,2,28,25,0
44,5,2,28,31,0
45,5,2,28,18,0
45,5,2,28,34,0
47,5,2,28,39,0
48,5,2,28,35,0
50,5,2,28,43,0
50,5,2,28,43,0
51,5,2,28,51,0
52,5,2,28,52,0
54,5,2,28,54,0
55,5,2,28,55,0
62,5,2,28,62,0
66,5,2,28,66,0
67,5,2,28,37,0
67,5,2,28,54,0
90,5,2,28,46,0
91,5,2,28,91,0
100,5,2,28,56,0
28,8,2,28,8,0
28,8,2,28,12,0
28,8,2,28,14,0
28,8,2,28,20,0
28,8,2,28,23,0
28,8,2,28,24,0
28,8,2,28,27,0
29,8,2,28,20,0
30,8,2,28,28,0
32,8,2,28,19,0
33,8,2,28,27,0
36,8,2,28,36,0
37,8,2,28,26,0
37,8,2,28,30,0
38,8,2,28,30,0
38,8,2,28,38,0
39,8,2,28,24,0
39,8,2,28,39,0
40,8,2,28,23,0
40,8,2,28,36,0
44,8,2,28,36,0
45,8,2,28,30,0
45,8,2,28,32,0
45,8,2,28,42,0
46,8,2,28,46,0
47,8,2,28,47,0
49,8,2,28,46,0
53,8,2,28,53,0
64,8,2,28,51,0
68,8,2,28,68,0
71,8,2,28,71,0
90,8,2,28,41,0
126,8,2,28,61,1
28,10,2,28,18,0
28,10,2,28,22,0
28,10,2,28,27,0
28,10,2,28,27,0
29,10,2,28,29,0
34,10,2,28,22,0
37,10,2,28,27,0
37,10,2,28,34,0
38,10,2,28,16,0
42,10,2,28,25,0
43,10,2,28,43,0
45,10,2,28,45,0
45,10,2,28,45,0
46,10,2,28,42,0
48,10,2,28,26,0
50,10,2,28,37,0
80,10,2,28,80,0
112,10,2,28,51,1
28,12,2,28,28,0
28,12,2,28,28,0
32,12,2,28,32,0
40,12,2,28,38,0
44,12,2,28,38,0
48,12,2,28,44,0
48,12,2,28,48,0
41,15,2,28,41,0
28,18,2,28,22,0
37,20,2,28,37,0
38,20,2,28,29,0
45,20,2,28,35,0
84,20,2,28,37,0
36,28,2,28,36,0
33,32,2,28,33,0
51,51,2,28,34,0
54,54,2,28,28,0
55,55,2,28,45,0
28,0,3,28,13,0
29,0,3,28,29,0
31,0,3,28,12,0
31,0,3,28,22,0
33,0,3,28,28,0
33,0,3,28,33,0
36,0,3,28,16,0
36,0,3,28,23,0
37,0,3,28,34,0
39,0,3,28,39,0
40,0,3,28,30,0
42,0,3,28,22,0
42,0,3,28,32,0
47,0,3,28,41,0
52,0,3,28,52,0
57,0,3,28,57,0
59,0,3,28,59,0
60,0,3,28,60,0
60,0,3,28,60,0
60,0,3,28,60,0
67,0,3,28,67,0
71,0,3,28,61,0
77,0,3,28,36,0
90,0,3,28,29,0
28,2,3,28,7,0
28,2,3,28,8,0
28,2,3,28,15,0
28,2,3,28,15,0
28,2,3,28,16,0
28,2,3,28,18,0
28,2,3,28,18,0
28,2,3,28,22,0
28,2,3,28,25,0
28,2,3,28,28,0
28,2,3,28,28,0
30,2,3,28,30,0
31,2,3,28,20,0
31,2,3,28,28,0
31,2,3,28,29,0
31,2,3,28,30,0
31,2,3,28,31,0
31,2,3,28,31,0
32,2,3,28,8,0
32,2,3,28,16,0
32,2,3,28,23,0
32,2,3,28,26,0
32,2,3,28,30,0
33,2,3,28,6,0
33,2,3,28,9,0
33,2,3,28,14,0
33,2,3,28,24,0
33,2,3,28,32,0
33,2,3,28,33,0
33,2,3,28,33,0
34,2,3,28,24,0
35,2,3,28,21,0
36,2,3,28,4,0
36,2,3,28,24,0
36,2,3,28,36,0
37,2,3,28,25,0
37,2,3,28,30,0
37,2,3,28,34,0
37,2,3,28,36,0
38,2,3,28,19,0
38,2,3,28,38,0
38,2,3,28,38,0
38,2,3,28,38,0
39,2,3,28,17,0
39,2,3,28,25,0
39,2,3,28,33,0
40,2,3,28,26,0
40,2,3,28,36,0
40,2,3,28,40,0
40,2,3,28,40,0
41,2,3,28,15,0
41,2,3,28,21,0
41,2,3,28,25,0
41,2,3,28,33,0
41,2,3,28,41,0
42,2,3,28,25,0
42,2,3,28,35,0
42,2,3,28,41,0
43,2,3,28,22,0
43,2,3,28,43,0
44,2,3,28,19,0
44,2,3,28,24,0
44,2,3,28,24,0
44,2,3,28,28,0
44,2,3,28,28,0
44,2,3,28,32,0
44,2,3,28,33,0
44,2,3,28,34,0
44,2,3,28,42,0
44,2,3,28,44,0
44,2,3,28,44,0
44,2,3,28,44,0
44,2,3,28,44,0
45,2,3,28,30,0
45,2,3,28,33,0
45,2,3,28,35,0
45,2,3,28,41,0
45,2,3,28,45,0
46,2,3,28,40,0
46,2,3,28,46,0
46,2,3,28,46,0
47,2,3,28,29,0
47,2,3,28,47,0
47,2,3,28,47,0
47,2,3,28,47,0
48,2,3,28,48,0
48,2,3,28,48,0
49,2,3,28,32,0
49,2,3,28,34,0
49,2,3,28,40,0
49,2,3,28,49,0
49,2,3,28,49,0
50,2,3,28,33,0
50,2,3,28,50,0
51,2,3,28,27,0
51,2,3,28,31,0
51,2,3,28,31,0
51,2,3,28,37,0
51,2,3,28,40,0
51,2,3,28,47,0
51,2,3,28,49,0
51,2,3,28,51,0
51,2,3,28,51,0
51,2,3,28,51,0
51,2,3,28,51,0
52,2,3,28,52,0
53,2,3,28,43,0
53,2,3,28,53,0
53,2,3,28,53,0
54,2,3,28,51,0
54,2,3,28,54,0
55,2,3,28,55,0
55,2,3,28,55,0
55,2,3,28,55,0
55,2,3,28,55,0
56,2,3,28,56,0
56,2,3,28,56,0
58,2,3,28,58,0
58,2,3,28,58,0
59,2,3,28,59,0
59,2,3,28,59,0
61,2,3,28,61,0
62,2,3,28,62,0
63,2,3,28,63,0
63,2,3,28,63,0
63,2,3,28,63,0
63,2,3,28,63,0
64,2,3,28,22,0
64,2,3,28,48,0
64,2,3,28,58,0
64,2,3,28,64,0
64,2,3,28,64,0
64,2,3,28,64,0
65,2,3,28,65,0
65,2,3,28,65,0
66,2,3,28,66,0
66,2,3,28,66,0
66,2,3,28,66,0
67,2,3,28,51,0
67,2,3,28,67,0
67,2,3,28,67,0
67,2,3,28,67,0
67,2,3,28,67,0
67,2,3,28,67,0
68,2,3,28,68,0
71,2,3,28,29,0
71,2,3,28,71,0
72,2,3,28,72,0
74,2,3,28,48,0
74,2,3,28,74,0
77,2,3,28,45,0
77,2,3,28,67,0
78,2,3,28,78,0
82,2,3,28,82,0
83,2,3,28,83,0
84,2,3,28,79,0
87,2,3,28,39,0
87,2,3,28,73,0
92,2,3,28,92,0
93,2,3,28,44,0
93,2,3,28,77,0
97,2,3,28,62,0
97,2,3,28,66,0
101,2,3,28,41,1
118,2,3,28,56,1
28,5,3,28,12,0
28,5,3,28,14,0
28,5,3,28,21,0
28,5,3,28,21,0
28,5,3,28,23,0
29,5,3,28,26,0
30,5,3,28,26,0
31,5,3,28,30,0
32,5,3,28,15,0
32,5,3,28,32,0
33,5,3,28,13,0
34,5,3,28,34,0
35,5,3,28,18,0
35,5,3,28,33,0
36,5,3,28,19,0
36,5,3,28,30,0
37,5,3,28,20,0
38,5,3,28,27,0
39,5,3,28,31,0
39,5,3,28,39,0
41,5,3,28,31,0
41,5,3,28,33,0
41,5,3,28,34,0
41,5,3,28,37,0
42,5,3,28,30,0
43,5,3,28,29,0
44,5,3,28,31,0
44,5,3,28,32,0
44,5,3,28,44,0
45,5,3,28,36,0
45,5,3,28,44,0
46,5,3,28,26,0
46,5,3,28,41,0
47,5,3,28,45,0
47,5,3,28,47,0
47,5,3,28,47,0
47,5,3,28,47,0
48,5,3,28,26,0
48,5,3,28,44,0
48,5,3,28,48,0
48,5,3,28,48,0
49,5,3,28,35,0
49,5,3,28,49,0
50,5,3,28,44,0
50,5,3,28,50,0
51,5,3,28,46,0
51,5,3,28,49,0
51,5,3,28,51,0
51,5,3,28,51,0
52,5,3,28,52,0
52,5,3,28,52,0
55,5,3,28,55,0
55,5,3,28,55,0
56,5,3,28,56,0
56,5,3,28,56,0
56,5,3,28,56,0
57,5,3,28,57,0
58,5,3,28,54,0
58,5,3,28,56,0
58,5,3,28,58,0
58,5,3,28,58,0
61,5,3,28,38,0
61,5,3,28,48,0
61,5,3,28,53,0
61,5,3,28,61,0
62,5,3,28,62,0
62,5,3,28,62,0
63,5,3,28,63,0
64,5,3,28,57,0
64,5,3,28,59,0
64,5,3,28,63,0
64,5,3,28,64,0
65,5,3,28,65,0
66,5,3,28,66,0
67,5,3,28,67,0
68,5,3,28,68,0
69,5,3,28,69,0
70,5,3,28,70,0
71,5,3,28,71,0
71,5,3,28,71,0
72,5,3,28,72,0
72,5,3,28,72,0
74,5,3,28,71,0
75,5,3,28,75,0
76,5,3,28,76,0
77,5,3,28,77,0
80,5,3,28,58,0
80,5,3,28,64,0
80,5,3,28,77,0
82,5,3,28,82,0
84,5,3,28,26,0
84,5,3,28,62,0
84,5,3,28,84,0
86,5,3,28,86,0
87,5,3,28,68,0
90,5,3,28,60,0
90,5,3,28,90,0
91,5,3,28,91,0
97,5,3,28,57,0
97,5,3,28,71,0
100,5,3,28,53,0
100,5,3,28,85,0
101,5,3,28,63,1
108,5,3,28,68,1
112,5,3,28,88,1
115,5,3,28,53,1
118,5,3,28,47,1
118,5,3,28,84,1
28,8,3,28,20,0
29,8,3,28,21,0
29,8,3,28,25,0
30,8,3,28,29,0
31,8,3,28,21,0
34,8,3,28,34,0
39,8,3,28,30,0
41,8,3,28,41,0
44,8,3,28,32,0
44,8,3,28,44,0
44,8,3,28,44,0
45,8,3,28,38,0
46,8,3,28,46,0
47,8,3,28,38,0
47,8,3,28,47,0
51,8,3,28,49,0
51,8,3,28,51,0
51,8,3,28,51,0
54,8,3,28,54,0
55,8,3,28,55,0
56,8,3,28,56,0
57,8,3,28,57,0
58,8,3,28,58,0
58,8,3,28,58,0
59,8,3,28,59,0
60,8,3,28,60,0
60,8,3,28,60,0
61,8,3,28,41,0
61,8,3,28,61,0
62,8,3,28,62,0
64,8,3,28,56,0
66,8,3,28,66,0
66,8,3,28,66,0
69,8,3,28,69,0
70,8,3,28,70,0
71,8,3,28,58,0
71,8,3,28,71,0
72,8,3,28,72,0
74,8,3,28,74,0
75,8,3,28,75,0
78,8,3,28,78,0
80,8,3,28,49,0
81,8,3,28,81,0
84,8,3,28,47,0
84,8,3,28,82,0
93,8,3,28,81,0
97,8,3,28,36,0
97,8,3,28,97,0
100,8,3,28,100,0
105,8,3,28,105,1
112,8,3,28,78,1
151,8,3,28,68,1
30,10,3,28,20,0
31,10,3,28,31,0
36,10,3,28,19,0
40,10,3,28,29,0
45,10,3,28,45,0
54,10,3,28,54,0
56,10,3,28,44,0
56,10,3,28,56,0
58,10,3,28,58,0
59,10,3,28,59,0
61,10,3,28,61,0
64,10,3,28,60,0
72,10,3,28,72,0
79,10,3,28,79,0
90,10,3,28,73,0
112,10,3,28,77,1
126,10,3,28,76,1
136,10,3,28,69,1
28,12,3,28,27,0
39,12,3,28,39,0
50,12,3,28,45,0
53,12,3,28,53,0
62,12,3,28,62,0
67,12,3,28,67,0
143,12,3,28,73,1
28,15,3,28,23,0
37,15,3,28,37,0
41,15,3,28,41,0
49,15,3,28,47,0
51,15,3,28,51,0
52,15,3,28,52,0
56,15,3,28,56,0
56,15,3,28,56,0
63,15,3,28,63,0
65,15,3,28,65,0
69,15,3,28,69,0
77,15,3,28,58,0
96,15,3,28,96,0
112,15,3,28,81,1
66,18,3,28,66,0
61,20,3,28,48,0
62,20,3,28,62,0
62,20,3,28,62,0
73,22,3,28,73,0
88,25,3,28,88,0
50,45,3,28,50,0
112,54,3,28,68,1
28,0,5,28,9,0
28,0,5,28,11,0
28,0,5,28,26,0
30,0,5,28,26,0
36,0,5,28,36,0
38,0,5,28,34,0
40,0,5,28,40,0
44,0,5,28,20,0
45,0,5,28,36,0
46,0,5,28,46,0
79,0,5,28,79,0
28,2,5,28,14,0
28,2,5,28,21,0
28,2,5,28,23,0
28,2,5,28,25,0
28,2,5,28,27,0
30,2,5,28,17,0
30,2,5,28,29,0
31,2,5,28,25,0
31,2,5,28,31,0
32,2,5,28,15,0
32,2,5,28,16,0
33,2,5,28,14,0
35,2,5,28,33,0
35,2,5,28,35,0
37,2,5,28,37,0
38,2,5,28,38,0
38,2,5,28,38,0
39,2,5,28,28,0
42,2,5,28,41,0
44,2,5,28,41,0
44,2,5,28,44,0
45,2,5,28,39,0
46,2,5,28,43,0
46,2,5,28,43,0
47,2,5,28,47,0
47,2,5,28,47,0
52,2,5,28,52,0
52,2,5,28,52,0
55,2,5,28,55,0
56,2,5,28,56,0
56,2,5,28,56,0
56,2,5,28,56,0
57,2,5,28,57,0
58,2,5,28,54,0
58,2,5,28,58,0
60,2,5,28,60,0
61,2,5,28,60,0
61,2,5,28,61,0
64,2,5,28,64,0
64,2,5,28,64,0
65,2,5,28,65,0
67,2,5,28,67,0
70,2,5,28,70,0
70,2,5,28,70,0
72,2,5,28,72,0
72,2,5,28,72,0
73,2,5,28,73,0
74,2,5,28,53,0
74,2,5,28,74,0
74,2,5,28,74,0
76,2,5,28,76,0
78,2,5,28,78,0
80,2,5,28,64,0
81,2,5,28,81,0
82,2,5,28,61,0
85,2,5,28,85,0
86,2,5,28,86,0
87,2,5,28,48,0
89,2,5,28,89,0
95,2,5,28,95,0
108,2,5,28,108,1
126,2,5,28,81,1
28,5,5,28,13,0
31,5,5,28,23,0
31,5,5,28,30,0
41,5,5,28,23,0
44,5,5,28,26,0
48,5,5,28,19,0
48,5,5,28,38,0
49,5,5,28,49,0
50,5,5,28,50,0
51,5,5,28,51,0
54,5,5,28,54,0
54,5,5,28,54,0
55,5,5,28,55,0
58,5,5,28,58,0
59,5,5,28,59,0
60,5,5,28,60,0
60,5,5,28,60,0
60,5,5,28,60,0
61,5,5,28,49,0
61,5,5,28,61,0
65,5,5,28,65,0
67,5,5,28,67,0
67,5,5,28,67,0
69,5,5,28,69,0
71,5,5,28,68,0
71,5,5,28,71,0
72,5,5,28,72,0
72,5,5,28,72,0
73,5,5,28,73,0
73,5,5,28,73,0
73,5,5,28,73,0
74,5,5,28,74,0
77,5,5,28,47,0
77,5,5,28,74,0
77,5,5,28,77,0
77,5,5,28,77,0
77,5,5,28,77,0
80,5,5,28,80,0
80,5,5,28,80,0
81,5,5,28,81,0
83,5,5,28,83,0
84,5,5,28,55,0
84,5,5,28,58,0
85,5,5,28,85,0
86,5,5,28,56,0
87,5,5,28,87,0
88,5,5,28,88,0
88,5,5,28,88,0
89,5,5,28,89,0
91,5,5,28,91,0
92,5,5,28,92,0
92,5,5,28,92,0
93,5,5,28,79,0
99,5,5,28,99,0
100,5,5,28,74,0
100,5,5,28,75,0
104,5,5,28,104,1
108,5,5,28,101,1
108,5,5,28,108,1
115,5,5,28,73,1
118,5,5,28,118,1
136,5,5,28,67,1
30,8,5,28,30,0
35,8,5,28,35,0
39,8,5,28,39,0
40,8,5,28,40,0
48,8,5,28,48,0
50,8,5,28,50,0
53,8,5,28,53,0
54,8,5,28,54,0
59,8,5,28,59,0
66,8,5,28,66,0
66,8,5,28,66,0
67,8,5,28,67,0
69,8,5,28,69,0
71,8,5,28,63,0
72,8,5,28,72,0
74,8,5,28,73,0
77,8,5,28,55,0
77,8,5,28,77,0
78,8,5,28,78,0
80,8,5,28,80,0
81,8,5,28,81,0
84,8,5,28,68,0
84,8,5,28,71,0
84,8,5,28,84,0
84,8,5,28,84,0
84,8,5,28,84,0
85,8,5,28,85,0
86,8,5,28,86,0
89,8,5,28,89,0
92,8,5,28,92,0
99,8,5,28,99,0
101,8,5,28,101,1
126,8,5,28,73,1
164,8,5,28,77,1
28,10,5,28,27,0
54,10,5,28,54,0
63,10,5,28,63,0
67,10,5,28,67,0
74,10,5,28,74,0
77,10,5,28,77,0
84,10,5,28,62,0
87,10,5,28,58,0
88,10,5,28,88,0
90,10,5,28,64,0
93,10,5,28,56,0
94,10,5,28,94,0
101,10,5,28,101,1
118,10,5,28,64,1
126,10,5,28,68,1
126,10,5,28,80,1
140,10,5,28,66,1
52,12,5,28,52,0
67,12,5,28,66,0
73,12,5,28,73,0
80,12,5,28,40,0
82,12,5,28,82,0
94,12,5,28,94,0
126,12,5,28,71,1
80,15,5,28,67,0
107,15,5,28,107,1
126,15,5,28,69,1
66,22,5,28,66,0
51,25,5,28,39,0
151,32,5,28,121,1
28,0,6,28,19,0
42,0,6,28,42,0
30,2,6,28,30,0
53,2,6,28,53,0
81,2,6,28,81,0
88,2,6,28,88,0
89,2,6,28,89,0
90,2,6,28,90,0
92,2,6,28,92,0
95,2,6,28,95,0
33,5,6,28,31,0
34,5,6,28,34,0
41,5,6,28,35,0
42,5,6,28,42,0
52,5,6,28,52,0
71,5,6,28,71,0
74,5,6,28,74,0
75,5,6,28,75,0
76,5,6,28,76,0
82,5,6,28,82,0
83,5,6,28,83,0
85,5,6,28,85,0
89,5,6,28,89,0
97,5,6,28,97,0
100,5,6,28,100,0
109,5,6,28,109,1
117,5,6,28,117,1
136,5,6,28,77,1
136,5,6,28,83,1
154,5,6,28,154,1
32,8,6,28,20,0
70,8,6,28,70,0
75,8,6,28,75,0
97,8,6,28,97,0
112,8,6,28,112,1
121,8,6,28,121,1
121,8,6,28,121,1
145,8,6,28,145,1
69,10,6,28,69,0
74,10,6,28,74,0
84,10,6,28,76,0
104,10,6,28,104,1
112,10,6,28,112,1
113,10,6,28,113,1
132,10,6,28,132,1
56,12,6,28,56,0
109,12,6,28,109,1
132,12,6,28,77,1
100,18,6,28,73,0
52,52,6,28,39,0
34,2,7,28,34,0
43,2,7,28,43,0
63,2,7,28,63,0
78,2,7,28,78,0
101,5,7,28,73,1
71,8,7,28,54,0
83,8,7,28,83,0
94,8,7,28,94,0
94,10,7,28,94,0
93,10,9,28,93,0
30,0,1,30,22,0
30,2,1,30,14,0
30,2,1,30,23,0
35,2,1,30,13,0
36,2,1,30,36,0
40,2,1,30,19,0
30,5,1,30,10,0
30,5,1,30,16,0
30,5,1,30,25,0
30,5,1,30,26,0
30,5,1,30,28,0
31,5,1,30,28,0
41,5,1,30,35,0
44,5,1,30,44,0
46,5,1,30,46,0
54,5,1,30,54,0
80,5,1,30,80,0
30,8,1,30,16,0
32,8,1,30,32,0
33,8,1,30,23,0
35,8,1,30,30,0
49,8,1,30,26,0
34,10,1,30,33,0
49,10,1,30,36,0
50,12,1,30,48,0
30,0,2,30,5,0
30,0,2,30,8,0
30,0,2,30,16,0
34,0,2,30,6,0
34,0,2,30,10,0
34,0,2,30,19,0
35,0,2,30,14,0
37,0,2,30,21,0
40,0,2,30,28,0
41,0,2,30,24,0
42,0,2,30,28,0
47,0,2,30,47,0
30,2,2,30,10,0
30,2,2,30,16,0
30,2,2,30,17,0
30,2,2,30,19,0
30,2,2,30,21,0
30,2,2,30,23,0
30,2,2,30,23,0
30,2,2,30,24,0
30,2,2,30,26,0
30,2,2,30,27,0
30,2,2,30,27,0
31,2,2,30,13,0
31,2,2,30,21,0
31,2,2,30,23,0
32,2,2,30,17,0
32,2,2,30,19,0
32,2,2,30,19,0
32,2,2,30,21,0
33,2,2,30,16,0
34,2,2,30,25,0
34,2,2,30,34,0
35,2,2,30,23,0
36,2,2,30,16,0
36,2,2,30,20,0
36,2,2,30,25,0
36,2,2,30,29,0
36,2,2,30,36,0
37,2,2,30,8,0
37,2,2,30,19,0
37,2,2,30,25,0
37,2,2,30,29,0
38,2,2,30,23,0
38,2,2,30,25,0
39,2,2,30,38,0
39,2,2,30,39,0
40,2,2,30,17,0
41,2,2,30,28,0
41,2,2,30,31,0
41,2,2,30,36,0
41,2,2,30,37,0
42,2,2,30,32,0
42,2,2,30,38,0
42,2,2,30,41,0
43,2,2,30,34,0
44,2,2,30,15,0
44,2,2,30,19,0
44,2,2,30,44,0
44,2,2,30,44,0
46,2,2,30,27,0
46,2,2,30,31,0
46,2,2,30,46,0
47,2,2,30,32,0
49,2,2,30,26,0
49,2,2,30,49,0
49,2,2,30,49,0
50,2,2,30,46,0
50,2,2,30,50,0
51,2,2,30,36,0
52,2,2,30,52,0
52,2,2,30,52,0
56,2,2,30,56,0
60,2,2,30,60,0
71,2,2,30,71,0
77,2,2,30,43,0
80,2,2,30,35,0
108,2,2,30,37,1
150,2,2,30,45,1
30,5,2,30,14,0
30,5,2,30,14,0
30,5,2,30,14,0
30,5,2,30,21,0
30,5,2,30,24,0
30,5,2,30,27,0
33,5,2,30,17,0
33,5,2,30,26,0
33,5,2,30,33,0
35,5,2,30,17,0
35,5,2,30,19,0
35,5,2,30,23,0
35,5,2,30,35,0
37,5,2,30,25,0
38,5,2,30,23,0
38,5,2,30,26,0
39,5,2,30,27,0
39,5,2,30,28,0
39,5,2,30,32,0
41,5,2,30,23,0
41,5,2,30,32,0
41,5,2,30,41,0
42,5,2,30,38,0
43,5,2,30,18,0
43,5,2,30,31,0
43,5,2,30,40,0
44,5,2,30,27,0
44,5,2,30,44,0
45,5,2,30,23,0
47,5,2,30,39,0
47,5,2,30,40,0
49,5,2,30,42,0
51,5,2,30,51,0
52,5,2,30,52,0
54,5,2,30,42,0
54,5,2,30,47,0
54,5,2,30,54,0
54,5,2,30,54,0
54,5,2,30,54,0
60,5,2,30,60,0
62,5,2,30,62,0
71,5,2,30,59,0
77,5,2,30,57,0
79,5,2,30,79,0
82,5,2,30,82,0
84,5,2,30,35,0
30,8,2,30,18,0
30,8,2,30,19,0
30,8,2,30,21,0
30,8,2,30,25,0
30,8,2,30,25,0
34,8,2,30,34,0
35,8,2,30,31,0
38,8,2,30,31,0
38,8,2,30,36,0
44,8,2,30,29,0
44,8,2,30,32,0
45,8,2,30,45,0
46,8,2,30,36,0
46,8,2,30,44,0
47,8,2,30,47,0
49,8,2,30,37,0
49,8,2,30,49,0
51,8,2,30,51,0
63,8,2,30,63,0
84,8,2,30,42,0
104,8,2,30,62,1
112,8,2,30,73,1
126,8,2,30,68,1
30,10,2,30,12,0
30,10,2,30,21,0
34,10,2,30,28,0
35,10,2,30,10,0
35,10,2,30,31,0
56,10,2,30,56,0
65,10,2,30,65,0
72,10,2,30,72,0
129,10,2,30,47,1
30,12,2,30,29,0
60,12,2,30,60,0
70,12,2,30,70,0
77,12,2,30,37,0
30,15,2,30,29,0
31,15,2,30,23,0
49,15,2,30,44,0
64,15,2,30,38,0
49,18,2,30,31,0
30,22,2,30,30,0
30,0,3,30,5,0
30,0,3,30,18,0
30,0,3,30,18,0
30,0,3,30,19,0
30,0,3,30,20,0
30,0,3,30,21,0
30,0,3,30,27,0
31,0,3,30,30,0
31,0,3,30,31,0
40,0,3,30,34,0
40,0,3,30,38,0
41,0,3,30,41,0
44,0,3,30,44,0
45,0,3,30,31,0
49,0,3,30,44,0
51,0,3,30,51,0
59,0,3,30,59,0
30,2,3,30,6,0
30,2,3,30,10,0
30,2,3,30,16,0
30,2,3,30,17,0
30,2,3,30,17,0
30,2,3,30,19,0
30,2,3,30,19,0
30,2,3,30,23,0
30,2,3,30,24,0
30,2,3,30,25,0
30,2,3,30,26,0
30,2,3,30,26,0
30,2,3,30,26,0
30,2,3,30,28,0
30,2,3,30,28,0
31,2,3,30,11,0
31,2,3,30,15,0
31,2,3,30,15,0
31,2,3,30,24,0
31,2,3,30,24,0
31,2,3,30,25,0
31,2,3,30,27,0
31,2,3,30,31,0
31,2,3,30,31,0
33,2,3,30,19,0
33,2,3,30,23,0
33,2,3,30,27,0
33,2,3,30,33,0
33,2,3,30,33,0
34,2,3,30,19,0
34,2,3,30,28,0
34,2,3,30,33,0
34,2,3,30,34,0
35,2,3,30,20,0
35,2,3,30,25,0
35,2,3,30,27,0
35,2,3,30,35,0
36,2,3,30,17,0
36,2,3,30,21,0
36,2,3,30,36,0
37,2,3,30,22,0
37,2,3,30,22,0
37,2,3,30,30,0
38,2,3,30,8,0
38,2,3,30,17,0
38,2,3,30,20,0
38,2,3,30,24,0
38,2,3,30,35,0
39,2,3,30,14,0
39,2,3,30,24,0
39,2,3,30,38,0
39,2,3,30,39,0
39,2,3,30,39,0
39,2,3,30,39,0
40,2,3,30,30,0
40,2,3,30,39,0
40,2,3,30,40,0
41,2,3,30,31,0
41,2,3,30,33,0
41,2,3,30,39,0
42,2,3,30,38,0
42,2,3,30,42,0
42,2,3,30,42,0
43,2,3,30,16,0
43,2,3,30,18,0
43,2,3,30,31,0
43,2,3,30,33,0
43,2,3,30,43,0
44,2,3,30,22,0
44,2,3,30,25,0
44,2,3,30,27,0
44,2,3,30,29,0
44,2,3,30,30,0
44,2,3,30,36,0
44,2,3,30,37,0
44,2,3,30,44,0
44,2,3,30,44,0
45,2,3,30,24,0
45,2,3,30,33,0
45,2,3,30,38,0
45,2,3,30,42,0
45,2,3,30,42,0
45,2,3,30,45,0
45,2,3,30,45,0
45,2,3,30,45,0
45,2,3,30,45,0
46,2,3,30,27,0
46,2,3,30,46,0
47,2,3,30,47,0
48,2,3,30,34,0
48,2,3,30,35,0
48,2,3,30,45,0
48,2,3,30,48,0
49,2,3,30,46,0
50,2,3,30,33,0
50,2,3,30,46,0
51,2,3,30,39,0
52,2,3,30,52,0
53,2,3,30,53,0
53,2,3,30,53,0
54,2,3,30,34,0
55,2,3,30,55,0
56,2,3,30,56,0
56,2,3,30,56,0
58,2,3,30,41,0
58,2,3,30,47,0
58,2,3,30,58,0
58,2,3,30,58,0
58,2,3,30,58,0
58,2,3,30,58,0
61,2,3,30,29,0
61,2,3,30,57,0
61,2,3,30,60,0
61,2,3,30,61,0
61,2,3,30,61,0
61,2,3,30,61,0
61,2,3,30,61,0
62,2,3,30,62,0
62,2,3,30,62,0
62,2,3,30,62,0
63,2,3,30,63,0
64,2,3,30,28,0
64,2,3,30,35,0
64,2,3,30,49,0
64,2,3,30,64,0
65,2,3,30,65,0
67,2,3,30,67,0
67,2,3,30,67,0
67,2,3,30,67,0
67,2,3,30,67,0
67,2,3,30,67,0
69,2,3,30,69,0
71,2,3,30,56,0
72,2,3,30,72,0
74,2,3,30,74,0
74,2,3,30,74,0
75,2,3,30,75,0
75,2,3,30,75,0
79,2,3,30,79,0
80,2,3,30,38,0
82,2,3,30,82,0
84,2,3,30,39,0
84,2,3,30,77,0
84,2,3,30,84,0
87,2,3,30,41,0
90,2,3,30,34,0
90,2,3,30,42,0
90,2,3,30,90,0
96,2,3,30,96,0
97,2,3,30,55,0
108,2,3,30,87,1
118,2,3,30,58,1
119,2,3,30,119,1
122,2,3,30,56,1
129,2,3,30,62,1
30,5,3,30,23,0
30,5,3,30,26,0
30,5,3,30,28,0
31,5,3,30,24,0
31,5,3,30,26,0
31,5,3,30,31,0
32,5,3,30,32,0
33,5,3,30,33,0
34,5,3,30,20,0
34,5,3,30,34,0
35,5,3,30,26,0
36,5,3,30,36,0
37,5,3,30,23,0
37,5,3,30,37,0
38,5,3,30,23,0
38,5,3,30,33,0
38,5,3,30,33,0
38,5,3,30,38,0
38,5,3,30,38,0
39,5,3,30,33,0
41,5,3,30,18,0
41,5,3,30,37,0
41,5,3,30,41,0
42,5,3,30,28,0
42,5,3,30,42,0
42,5,3,30,42,0
42,5,3,30,42,0
43,5,3,30,28,0
44,5,3,30,42,0
44,5,3,30,44,0
44,5,3,30,44,0
46,5,3,30,41,0
46,5,3,30,46,0
47,5,3,30,45,0
47,5,3,30,47,0
48,5,3,30,22,0
48,5,3,30,39,0
49,5,3,30,43,0
51,5,3,30,51,0
52,5,3,30,52,0
54,5,3,30,54,0
57,5,3,30,57,0
57,5,3,30,57,0
58,5,3,30,31,0
58,5,3,30,58,0
58,5,3,30,58,0
59,5,3,30,59,0
61,5,3,30,40,0
61,5,3,30,60,0
61,5,3,30,61,0
62,5,3,30,62,0
63,5,3,30,63,0
63,5,3,30,63,0
65,5,3,30,65,0
66,5,3,30,66,0
66,5,3,30,66,0
67,5,3,30,45,0
68,5,3,30,68,0
69,5,3,30,69,0
70,5,3,30,70,0
71,5,3,30,29,0
71,5,3,30,38,0
71,5,3,30,60,0
71,5,3,30,61,0
71,5,3,30,71,0
72,5,3,30,72,0
73,5,3,30,65,0
74,5,3,30,40,0
74,5,3,30,63,0
74,5,3,30,74,0
74,5,3,30,74,0
74,5,3,30,74,0
74,5,3,30,74,0
75,5,3,30,75,0
77,5,3,30,72,0
78,5,3,30,78,0
80,5,3,30,53,0
80,5,3,30,77,0
84,5,3,30,62,0
84,5,3,30,77,0
84,5,3,30,84,0
85,5,3,30,85,0
85,5,3,30,85,0
86,5,3,30,86,0
87,5,3,30,65,0
90,5,3,30,40,0
93,5,3,30,60,0
97,5,3,30,97,0
101,5,3,30,90,1
108,5,3,30,50,1
113,5,3,30,113,1
136,5,3,30,72,1
154,5,3,30,87,1
30,8,3,30,27,0
33,8,3,30,25,0
34,8,3,30,14,0
34,8,3,30,25,0
38,8,3,30,19,0
39,8,3,30,23,0
40,8,3,30,40,0
41,8,3,30,41,0
42,8,3,30,38,0
44,8,3,30,28,0
44,8,3,30,28,0
44,8,3,30,44,0
44,8,3,30,44,0
45,8,3,30,45,0
45,8,3,30,45,0
45,8,3,30,45,0
46,8,3,30,34,0
46,8,3,30,46,0
49,8,3,30,49,0
50,8,3,30,40,0
53,8,3,30,53,0
54,8,3,30,54,0
55,8,3,30,55,0
55,8,3,30,55,0
55,8,3,30,55,0
58,8,3,30,52,0
58,8,3,30,58,0
58,8,3,30,58,0
59,8,3,30,59,0
59,8,3,30,59,0
61,8,3,30,42,0
61,8,3,30,61,0
63,8,3,30,63,0
67,8,3,30,67,0
71,8,3,30,61,0
74,8,3,30,74,0
77,8,3,30,68,0
78,8,3,30,78,0
79,8,3,30,79,0
80,8,3,30,57,0
80,8,3,30,61,0
81,8,3,30,81,0
83,8,3,30,83,0
84,8,3,30,69,0
84,8,3,30,79,0
87,8,3,30,61,0
90,8,3,30,57,0
93,8,3,30,67,0
93,8,3,30,93,0
100,8,3,30,54,0
104,8,3,30,67,1
104,8,3,30,104,1
108,8,3,30,60,1
112,8,3,30,46,1
115,8,3,30,33,1
132,8,3,30,62,1
30,10,3,30,21,0
32,10,3,30,32,0
37,10,3,30,37,0
38,10,3,30,28,0
53,10,3,30,53,0
54,10,3,30,52,0
55,10,3,30,55,0
55,10,3,30,55,0
61,10,3,30,61,0
61,10,3,30,61,0
74,10,3,30,55,0
77,10,3,30,37,0
82,10,3,30,82,0
100,10,3,30,78,0
112,10,3,30,61,1
115,10,3,30,67,1
118,10,3,30,71,1
132,10,3,30,96,1
161,10,3,30,74,1
30,12,3,30,19,0
30,12,3,30,26,0
30,12,3,30,30,0
33,12,3,30,33,0
37,12,3,30,31,0
39,12,3,30,27,0
41,12,3,30,41,0
47,12,3,30,37,0
54,12,3,30,54,0
57,12,3,30,57,0
60,12,3,30,60,0
61,12,3,30,58,0
33,15,3,30,17,0
46,15,3,30,46,0
51,15,3,30,51,0
77,15,3,30,53,0
89,15,3,30,89,0
129,15,3,30,70,1
67,18,3,30,48,0
69,18,3,30,69,0
43,20,3,30,42,0
58,20,3,30,42,0
154,20,3,30,72,1
56,22,3,30,56,0
39,25,3,30,39,0
62,25,3,30,62,0
50,32,3,30,50,0
65,32,3,30,65,0
108,40,3,30,82,1
64,64,3,30,42,0
30,0,5,30,18,0
30,0,5,30,25,0
31,0,5,30,31,0
31,0,5,30,31,0
36,0,5,30,23,0
37,0,5,30,37,0
46,0,5,30,46,0
47,0,5,30,47,0
49,0,5,30,49,0
61,0,5,30,61,0
104,0,5,30,57,1
30,2,5,30,8,0
30,2,5,30,14,0
30,2,5,30,21,0
30,2,5,30,27,0
31,2,5,30,14,0
31,2,5,30,24,0
31,2,5,30,25,0
31,2,5,30,31,0
35,2,5,30,34,0
36,2,5,30,35,0
37,2,5,30,24,0
38,2,5,30,38,0
41,2,5,30,25,0
41,2,5,30,41,0
41,2,5,30,41,0
42,2,5,30,42,0
44,2,5,30,44,0
44,2,5,30,44,0
44,2,5,30,44,0
44,2,5,30,44,0
46,2,5,30,46,0
47,2,5,30,47,0
48,2,5,30,46,0
48,2,5,30,47,0
48,2,5,30,48,0
49,2,5,30,49,0
52,2,5,30,52,0
53,2,5,30,53,0
53,2,5,30,53,0
56,2,5,30,56,0
56,2,5,30,56,0
59,2,5,30,59,0
61,2,5,30,61,0
61,2,5,30,61,0
61,2,5,30,61,0
61,2,5,30,61,0
62,2,5,30,62,0
63,2,5,30,63,0
64,2,5,30,64,0
64,2,5,30,64,0
64,2,5,30,64,0
67,2,5,30,62,0
70,2,5,30,70,0
71,2,5,30,71,0
71,2,5,30,71,0
72,2,5,30,72,0
73,2,5,30,73,0
73,2,5,30,73,0
77,2,5,30,77,0
78,2,5,30,78,0
78,2,5,30,78,0
80,2,5,30,45,0
82,2,5,30,82,0
84,2,5,30,63,0
84,2,5,30,84,0
85,2,5,30,85,0
86,2,5,30,86,0
96,2,5,30,96,0
97,2,5,30,97,0
100,2,5,30,100,0
108,2,5,30,69,1
30,5,5,30,27,0
32,5,5,30,32,0
33,5,5,30,33,0
34,5,5,30,34,0
35,5,5,30,19,0
36,5,5,30,36,0
42,5,5,30,18,0
43,5,5,30,43,0
44,5,5,30,22,0
48,5,5,30,38,0
49,5,5,30,38,0
51,5,5,30,46,0
51,5,5,30,48,0
54,5,5,30,54,0
54,5,5,30,54,0
56,5,5,30,56,0
58,5,5,30,58,0
61,5,5,30,61,0
61,5,5,30,61,0
62,5,5,30,62,0
65,5,5,30,65,0
66,5,5,30,66,0
67,5,5,30,67,0
69,5,5,30,69,0
69,5,5,30,69,0
69,5,5,30,69,0
70,5,5,30,70,0
70,5,5,30,70,0
71,5,5,30,71,0
74,5,5,30,74,0
74,5,5,30,74,0
74,5,5,30,74,0
76,5,5,30,76,0
76,5,5,30,76,0
77,5,5,30,77,0
79,5,5,30,79,0
80,5,5,30,80,0
82,5,5,30,82,0
87,5,5,30,47,0
87,5,5,30,71,0
89,5,5,30,89,0
89,5,5,30,89,0
92,5,5,30,92,0
93,5,5,30,57,0
94,5,5,30,94,0
97,5,5,30,32,0
100,5,5,30,58,0
100,5,5,30,66,0
103,5,5,30,103,1
103,5,5,30,103,1
103,5,5,30,103,1
111,5,5,30,111,1
112,5,5,30,75,1
118,5,5,30,63,1
132,5,5,30,84,1
143,5,5,30,85,1
49,8,5,30,49,0
53,8,5,30,53,0
56,8,5,30,56,0
61,8,5,30,61,0
63,8,5,30,63,0
65,8,5,30,65,0
67,8,5,30,42,0
68,8,5,30,68,0
71,8,5,30,71,0
72,8,5,30,72,0
73,8,5,30,73,0
77,8,5,30,77,0
77,8,5,30,77,0
79,8,5,30,79,0
80,8,5,30,56,0
81,8,5,30,81,0
83,8,5,30,83,0
83,8,5,30,83,0
83,8,5,30,83,0
84,8,5,30,84,0
85,8,5,30,85,0
88,8,5,30,88,0
95,8,5,30,95,0
100,8,5,30,46,0
103,8,5,30,103,1
105,8,5,30,105,1
112,8,5,30,95,1
120,8,5,30,120,1
161,8,5,30,60,1
55,10,5,30,55,0
59,10,5,30,59,0
59,10,5,30,59,0
59,10,5,30,59,0
67,10,5,30,51,0
91,10,5,30,91,0
112,10,5,30,66,1
113,10,5,30,113,1
143,10,5,30,82,1
41,12,5,30,41,0
59,12,5,30,59,0
71,12,5,30,70,0
104,12,5,30,71,1
118,12,5,30,56,1
129,12,5,30,79,1
132,12,5,30,87,1
87,15,5,30,58,0
104,15,5,30,89,1
81,18,5,30,81,0
84,18,5,30,77,0
104,18,5,30,74,1
53,20,5,30,53,0
90,20,5,30,68,0
77,22,5,30,77,0
87,22,5,30,79,0
45,25,5,30,45,0
59,25,5,30,59,0
70,50,5,30,70,0
99,72,5,30,99,0
34,0,6,30,34,0
39,2,6,30,39,0
48,2,6,30,37,0
51,2,6,30,51,0
69,2,6,30,69,0
69,2,6,30,69,0
74,2,6,30,74,0
85,2,6,30,85,0
96,2,6,30,96,0
105,2,6,30,105,1
126,2,6,30,126,1
53,5,6,30,53,0
61,5,6,30,61,0
74,5,6,30,71,0
77,5,6,30,71,0
84,5,6,30,84,0
84,5,6,30,84,0
87,5,6,30,87,0
90,5,6,30,74,0
95,5,6,30,95,0
100,5,6,30,100,0
103,5,6,30,103,1
110,5,6,30,110,1
118,5,6,30,118,1
121,5,6,30,121,1
166,5,6,30,68,1
30,8,6,30,28,0
61,8,6,30,61,0
84,8,6,30,81,0
84,8,6,30,84,0
91,8,6,30,91,0
112,8,6,30,112,1
117,8,6,30,117,1
127,8,6,30,127,1
159,8,6,30,93,1
60,10,6,30,60,0
68,10,6,30,68,0
74,10,6,30,57,0
136,10,6,30,91,1
37,12,6,30,37,0
115,12,6,30,115,1
159,12,6,30,79,1
174,12,6,30,108,1
74,15,6,30,74,0
75,30,6,30,75,0
41,2,7,30,41,0
116,5,7,30,116,1
106,8,7,30,106,1
125,8,7,30,125,1
45,5,10,30,45,0
32,5,0,32,9,0
32,2,1,32,11,0
32,2,1,32,22,0
32,2,1,32,32,0
37,2,1,32,37,0
44,2,1,32,11,0
45,2,1,32,33,0
32,5,1,32,23,0
35,5,1,32,22,0
35,5,1,32,23,0
32,8,1,32,26,0
33,8,1,32,33,0
35,8,1,32,24,0
32,10,1,32,16,0
32,20,1,32,20,0
55,30,1,32,55,0
32,0,2,32,1,0
32,0,2,32,18,0
32,0,2,32,21,0
34,0,2,32,7,0
34,0,2,32,18,0
37,0,2,32,37,0
41,0,2,32,30,0
108,0,2,32,34,1
32,2,2,32,8,0
32,2,2,32,8,0
32,2,2,32,12,0
32,2,2,32,12,0
32,2,2,32,13,0
32,2,2,32,14,0
32,2,2,32,15,0
32,2,2,32,16,0
32,2,2,32,17,0
32,2,2,32,18,0
32,2,2,32,20,0
32,2,2,32,20,0
32,2,2,32,21,0
32,2,2,32,24,0
32,2,2,32,26,0
32,2,2,32,27,0
32,2,2,32,28,0
32,2,2,32,29,0
32,2,2,32,29,0
32,2,2,32,31,0
32,2,2,32,31,0
33,2,2,32,6,0
33,2,2,32,32,0
34,2,2,32,27,0
34,2,2,32,30,0
35,2,2,32,12,0
35,2,2,32,18,0
35,2,2,32,25,0
35,2,2,32,25,0
35,2,2,32,33,0
35,2,2,32,35,0
35,2,2,32,35,0
36,2,2,32,19,0
37,2,2,32,28,0
37,2,2,32,31,0
38,2,2,32,31,0
38,2,2,32,38,0
39,2,2,32,7,0
39,2,2,32,37,0
39,2,2,32,39,0
39,2,2,32,39,0
40,2,2,32,40,0
41,2,2,32,26,0
42,2,2,32,25,0
42,2,2,32,38,0
43,2,2,32,19,0
43,2,2,32,20,0
43,2,2,32,26,0
43,2,2,32,26,0
43,2,2,32,34,0
43,2,2,32,41,0
44,2,2,32,44,0
46,2,2,32,46,0
47,2,2,32,25,0
54,2,2,32,54,0
57,2,2,32,57,0
57,2,2,32,57,0
58,2,2,32,33,0
58,2,2,32,39,0
77,2,2,32,63,0
32,5,2,32,11,0
32,5,2,32,14,0
32,5,2,32,16,0
32,5,2,32,20,0
32,5,2,32,22,0
32,5,2,32,26,0
32,5,2,32,30,0
33,5,2,32,30,0
35,5,2,32,35,0
37,5,2,32,16,0
40,5,2,32,22,0
40,5,2,32,40,0
40,5,2,32,40,0
41,5,2,32,22,0
41,5,2,32,31,0
43,5,2,32,33,0
44,5,2,32,44,0
46,5,2,32,35,0
46,5,2,32,36,0
49,5,2,32,43,0
49,5,2,32,49,0
50,5,2,32,29,0
50,5,2,32,38,0
51,5,2,32,46,0
53,5,2,32,53,0
53,5,2,32,53,0
54,5,2,32,36,0
54,5,2,32,54,0
60,5,2,32,60,0
60,5,2,32,60,0
63,5,2,32,63,0
74,5,2,32,35,0
74,5,2,32,46,0
77,5,2,32,54,0
97,5,2,32,32,0
97,5,2,32,45,0
112,5,2,32,38,1
32,8,2,32,15,0
32,8,2,32,27,0
32,8,2,32,31,0
32,8,2,32,31,0
33,8,2,32,28,0
36,8,2,32,20,0
38,8,2,32,38,0
41,8,2,32,41,0
42,8,2,32,28,0
42,8,2,32,42,0
44,8,2,32,40,0
46,8,2,32,38,0
47,8,2,32,47,0
49,8,2,32,49,0
52,8,2,32,52,0
60,8,2,32,60,0
61,8,2,32,61,0
64,8,2,32,64,0
69,8,2,32,69,0
73,8,2,32,73,0
87,8,2,32,75,0
100,8,2,32,65,0
32,10,2,32,18,0
32,10,2,32,19,0
32,10,2,32,20,0
38,10,2,32,30,0
57,10,2,32,57,0
61,10,2,32,48,0
70,10,2,32,70,0
77,10,2,32,40,0
32,12,2,32,25,0
32,12,2,32,25,0
37,12,2,32,10,0
45,12,2,32,34,0
56,12,2,32,56,0
74,12,2,32,36,0
32,15,2,32,29,0
37,15,2,32,37,0
32,18,2,32,15,0
41,18,2,32,41,0
42,18,2,32,36,0
43,18,2,32,41,0
34,20,2,32,20,0
38,20,2,32,28,0
45,25,2,32,45,0
56,25,2,32,56,0
33,28,2,32,33,0
93,30,2,32,42,0
38,38,2,32,20,0
40,40,2,32,17,0
32,0,3,32,11,0
32,0,3,32,13,0
32,0,3,32,16,0
32,0,3,32,17,0
32,0,3,32,22,0
32,0,3,32,27,0
36,0,3,32,19,0
36,0,3,32,28,0
36,0,3,32,32,0
38,0,3,32,8,0
39,0,3,32,27,0
40,0,3,32,28,0
41,0,3,32,8,0
41,0,3,32,18,0
42,0,3,32,14,0
42,0,3,32,42,0
44,0,3,32,31,0
47,0,3,32,47,0
48,0,3,32,48,0
54,0,3,32,42,0
80,0,3,32,44,0
32,2,3,32,11,0
32,2,3,32,11,0
32,2,3,32,11,0
32,2,3,32,15,0
32,2,3,32,16,0
32,2,3,32,17,0
32,2,3,32,17,0
32,2,3,32,18,0
32,2,3,32,21,0
32,2,3,32,21,0
32,2,3,32,22,0
32,2,3,32,23,0
32,2,3,32,23,0
32,2,3,32,23,0
32,2,3,32,24,0
32,2,3,32,25,0
32,2,3,32,31,0
32,2,3,32,32,0
33,2,3,32,21,0
33,2,3,32,26,0
33,2,3,32,33,0
34,2,3,32,15,0
34,2,3,32,18,0
35,2,3,32,10,0
35,2,3,32,22,0
35,2,3,32,28,0
36,2,3,32,26,0
36,2,3,32,27,0
37,2,3,32,13,0
37,2,3,32,16,0
37,2,3,32,37,0
38,2,3,32,24,0
38,2,3,32,31,0
39,2,3,32,35,0
39,2,3,32,36,0
39,2,3,32,39,0
39,2,3,32,39,0
40,2,3,32,18,0
40,2,3,32,28,0
41,2,3,32,31,0
41,2,3,32,34,0
41,2,3,32,36,0
41,2,3,32,41,0
42,2,3,32,27,0
42,2,3,32,30,0
42,2,3,32,32,0
42,2,3,32,34,0
42,2,3,32,35,0
42,2,3,32,35,0
42,2,3,32,42,0
42,2,3,32,42,0
43,2,3,32,32,0
43,2,3,32,35,0
43,2,3,32,43,0
43,2,3,32,43,0
43,2,3,32,43,0
44,2,3,32,28,0
44,2,3,32,29,0
44,2,3,32,30,0
44,2,3,32,40,0
44,2,3,32,41,0
44,2,3,32,43,0
44,2,3,32,44,0
44,2,3,32,44,0
44,2,3,32,44,0
44,2,3,32,44,0
45,2,3,32,19,0
45,2,3,32,38,0
46,2,3,32,29,0
47,2,3,32,33,0
47,2,3,32,47,0
47,2,3,32,47,0
47,2,3,32,47,0
47,2,3,32,47,0
48,2,3,32,35,0
49,2,3,32,49,0
50,2,3,32,31,0
50,2,3,32,44,0
50,2,3,32,50,0
50,2,3,32,50,0
51,2,3,32,48,0
51,2,3,32,51,0
52,2,3,32,52,0
52,2,3,32,52,0
52,2,3,32,52,0
52,2,3,32,52,0
54,2,3,32,39,0
54,2,3,32,54,0
55,2,3,32,55,0
55,2,3,32,55,0
55,2,3,32,55,0
56,2,3,32,56,0
57,2,3,32,57,0
57,2,3,32,57,0
57,2,3,32,57,0
57,2,3,32,57,0
58,2,3,32,57,0
59,2,3,32,59,0
60,2,3,32,60,0
60,2,3,32,60,0
61,2,3,32,61,0
61,2,3,32,61,0
64,2,3,32,32,0
65,2,3,32,65,0
66,2,3,32,66,0
66,2,3,32,66,0
67,2,3,32,47,0
67,2,3,32,67,0
67,2,3,32,67,0
67,2,3,32,67,0
68,2,3,32,68,0
68,2,3,32,68,0
68,2,3,32,68,0
69,2,3,32,69,0
70,2,3,32,70,0
70,2,3,32,70,0
71,2,3,32,49,0
71,2,3,32,50,0
71,2,3,32,61,0
71,2,3,32,71,0
71,2,3,32,71,0
72,2,3,32,72,0
72,2,3,32,72,0
74,2,3,32,74,0
77,2,3,32,29,0
79,2,3,32,79,0
84,2,3,32,41,0
87,2,3,32,36,0
87,2,3,32,55,0
93,2,3,32,80,0
95,2,3,32,95,0
101,2,3,32,59,1
101,2,3,32,72,1
122,2,3,32,52,1
32,5,3,32,21,0
32,5,3,32,22,0
32,5,3,32,23,0
32,5,3,32,23,0
32,5,3,32,26,0
32,5,3,32,26,0
32,5,3,32,26,0
32,5,3,32,27,0
32,5,3,32,28,0
32,5,3,32,28,0
32,5,3,32,30,0
33,5,3,32,26,0
33,5,3,32,33,0
34,5,3,32,29,0
35,5,3,32,35,0
37,5,3,32,37,0
39,5,3,32,31,0
39,5,3,32,39,0
40,5,3,32,40,0
41,5,3,32,31,0
41,5,3,32,35,0
42,5,3,32,30,0
42,5,3,32,42,0
43,5,3,32,30,0
43,5,3,32,43,0
43,5,3,32,43,0
44,5,3,32,44,0
45,5,3,32,34,0
46,5,3,32,41,0
47,5,3,32,31,0
47,5,3,32,39,0
48,5,3,32,44,0
48,5,3,32,48,0
48,5,3,32,48,0
49,5,3,32,48,0
50,5,3,32,38,0
50,5,3,32,50,0
50,5,3,32,50,0
52,5,3,32,52,0
52,5,3,32,52,0
52,5,3,32,52,0
52,5,3,32,52,0
52,5,3,32,52,0
53,5,3,32,53,0
53,5,3,32,53,0
54,5,3,32,26,0
54,5,3,32,54,0
54,5,3,32,54,0
57,5,3,32,57,0
57,5,3,32,57,0
58,5,3,32,58,0
58,5,3,32,58,0
59,5,3,32,59,0
60,5,3,32,60,0
60,5,3,32,60,0
61,5,3,32,59,0
61,5,3,32,60,0
61,5,3,32,61,0
61,5,3,32,61,0
62,5,3,32,62,0
62,5,3,32,62,0
63,5,3,32,63,0
63,5,3,32,63,0
64,5,3,32,64,0
65,5,3,32,65,0
65,5,3,32,65,0
65,5,3,32,65,0
65,5,3,32,65,0
66,5,3,32,66,0
66,5,3,32,66,0
66,5,3,32,66,0
67,5,3,32,67,0
68,5,3,32,68,0
68,5,3,32,68,0
69,5,3,32,69,0
69,5,3,32,69,0
70,5,3,32,70,0
71,5,3,32,46,0
71,5,3,32,66,0
71,5,3,32,71,0
72,5,3,32,72,0
72,5,3,32,72,0
72,5,3,32,72,0
74,5,3,32,63,0
74,5,3,32,65,0
74,5,3,32,65,0
74,5,3,32,73,0
75,5,3,32,75,0
77,5,3,32,77,0
77,5,3,32,77,0
80,5,3,32,64,0
80,5,3,32,76,0
80,5,3,32,80,0
82,5,3,32,68,0
84,5,3,32,51,0
84,5,3,32,57,0
84,5,3,32,63,0
84,5,3,32,68,0
84,5,3,32,75,0
84,5,3,32,77,0
87,5,3,32,87,0
90,5,3,32,39,0
93,5,3,32,49,0
97,5,3,32,66,0
97,5,3,32,81,0
97,5,3,32,92,0
100,5,3,32,46,0
101,5,3,32,75,1
102,5,3,32,102,1
104,5,3,32,65,1
105,5,3,32,105,1
105,5,3,32,105,1
108,5,3,32,108,1
112,5,3,32,67,1
112,5,3,32,81,1
115,5,3,32,76,1
151,5,3,32,36,1
151,5,3,32,70,1
32,8,3,32,11,0
32,8,3,32,13,0
32,8,3,32,19,0
32,8,3,32,21,0
32,8,3,32,24,0
32,8,3,32,28,0
32,8,3,32,31,0
32,8,3,32,31,0
32,8,3,32,31,0
40,8,3,32,36,0
41,8,3,32,35,0
43,8,3,32,43,0
45,8,3,32,39,0
48,8,3,32,48,0
48,8,3,32,48,0
51,8,3,32,41,0
52,8,3,32,52,0
53,8,3,32,53,0
53,8,3,32,53,0
54,8,3,32,54,0
57,8,3,32,57,0
60,8,3,32,60,0
62,8,3,32,62,0
65,8,3,32,65,0
66,8,3,32,66,0
67,8,3,32,33,0
67,8,3,32,67,0
71,8,3,32,63,0
71,8,3,32,71,0
73,8,3,32,73,0
73,8,3,32,73,0
74,8,3,32,74,0
77,8,3,32,77,0
84,8,3,32,75,0
84,8,3,32,84,0
86,8,3,32,86,0
86,8,3,32,86,0
90,8,3,32,90,0
104,8,3,32,56,1
112,8,3,32,73,1
114,8,3,32,114,1
117,8,3,32,117,1
126,8,3,32,70,1
32,10,3,32,31,0
32,10,3,32,32,0
44,10,3,32,44,0
45,10,3,32,45,0
47,10,3,32,47,0
47,10,3,32,47,0
48,10,3,32,30,0
48,10,3,32,48,0
49,10,3,32,49,0
53,10,3,32,53,0
53,10,3,32,53,0
53,10,3,32,53,0
57,10,3,32,57,0
58,10,3,32,55,0
68,10,3,32,68,0
69,10,3,32,69,0
84,10,3,32,84,0
87,10,3,32,59,0
94,10,3,32,94,0
97,10,3,32,76,0
100,10,3,32,86,0
101,10,3,32,44,1
32,12,3,32,21,0
32,12,3,32,24,0
49,12,3,32,38,0
54,12,3,32,54,0
57,12,3,32,57,0
58,12,3,32,56,0
59,12,3,32,59,0
100,12,3,32,87,0
101,12,3,32,80,1
32,15,3,32,22,0
51,15,3,32,51,0
54,15,3,32,54,0
69,15,3,32,69,0
73,15,3,32,73,0
84,15,3,32,84,0
150,15,3,32,70,1
55,18,3,32,55,0
32,22,3,32,26,0
84,30,3,32,53,0
129,30,3,32,72,1
74,59,3,32,66,0
32,0,5,32,15,0
32,0,5,32,32,0
35,0,5,32,24,0
35,0,5,32,35,0
37,0,5,32,28,0
39,0,5,32,33,0
40,0,5,32,40,0
53,0,5,32,53,0
65,0,5,32,65,0
32,2,5,32,10,0
32,2,5,32,12,0
32,2,5,32,16,0
32,2,5,32,22,0
32,2,5,32,24,0
32,2,5,32,27,0
32,2,5,32,31,0
32,2,5,32,31,0
33,2,5,32,25,0
33,2,5,32,33,0
35,2,5,32,35,0
36,2,5,32,9,0
36,2,5,32,11,0
37,2,5,32,29,0
38,2,5,32,38,0
39,2,5,32,23,0
39,2,5,32,39,0
40,2,5,32,34,0
40,2,5,32,40,0
41,2,5,32,33,0
43,2,5,32,43,0
44,2,5,32,33,0
44,2,5,32,44,0
45,2,5,32,45,0
45,2,5,32,45,0
45,2,5,32,45,0
49,2,5,32,49,0
50,2,5,32,39,0
51,2,5,32,46,0
54,2,5,32,36,0
54,2,5,32,54,0
54,2,5,32,54,0
55,2,5,32,55,0
55,2,5,32,55,0
56,2,5,32,56,0
56,2,5,32,56,0
59,2,5,32,59,0
59,2,5,32,59,0
60,2,5,32,60,0
60,2,5,32,60,0
61,2,5,32,61,0
61,2,5,32,61,0
61,2,5,32,61,0
61,2,5,32,61,0
63,2,5,32,63,0
63,2,5,32,63,0
63,2,5,32,63,0
66,2,5,32,66,0
67,2,5,32,61,0
67,2,5,32,67,0
67,2,5,32,67,0
67,2,5,32,67,0
68,2,5,32,68,0
69,2,5,32,69,0
71,2,5,32,61,0
73,2,5,32,73,0
74,2,5,32,27,0
74,2,5,32,74,0
74,2,5,32,74,0
77,2,5,32,50,0
77,2,5,32,55,0
77,2,5,32,67,0
77,2,5,32,77,0
78,2,5,32,78,0
79,2,5,32,79,0
83,2,5,32,83,0
83,2,5,32,83,0
84,2,5,32,71,0
85,2,5,32,85,0
89,2,5,32,89,0
97,2,5,32,60,0
99,2,5,32,99,0
101,2,5,32,101,1
105,2,5,32,105,1
114,2,5,32,114,1
32,5,5,32,15,0
32,5,5,32,28,0
36,5,5,32,36,0
37,5,5,32,30,0
37,5,5,32,37,0
38,5,5,32,38,0
39,5,5,32,39,0
45,5,5,32,45,0
47,5,5,32,44,0
51,5,5,32,49,0
52,5,5,32,52,0
52,5,5,32,52,0
53,5,5,32,53,0
53,5,5,32,53,0
54,5,5,32,39,0
54,5,5,32,54,0
55,5,5,32,55,0
56,5,5,32,56,0
56,5,5,32,56,0
57,5,5,32,57,0
58,5,5,32,58,0
60,5,5,32,60,0
62,5,5,32,62,0
62,5,5,32,62,0
63,5,5,32,63,0
65,5,5,32,65,0
65,5,5,32,65,0
66,5,5,32,66,0
67,5,5,32,67,0
67,5,5,32,67,0
69,5,5,32,69,0
70,5,5,32,70,0
70,5,5,32,70,0
71,5,5,32,71,0
72,5,5,32,72,0
72,5,5,32,72,0
74,5,5,32,74,0
74,5,5,32,74,0
75,5,5,32,75,0
76,5,5,32,76,0
77,5,5,32,23,0
79,5,5,32,79,0
80,5,5,32,43,0
80,5,5,32,61,0
80,5,5,32,62,0
80,5,5,32,70,0
81,5,5,32,81,0
81,5,5,32,81,0
81,5,5,32,81,0
82,5,5,32,82,0
83,5,5,32,83,0
84,5,5,32,70,0
84,5,5,32,84,0
84,5,5,32,84,0
85,5,5,32,85,0
88,5,5,32,88,0
90,5,5,32,56,0
93,5,5,32,71,0
97,5,5,32,97,0
98,5,5,32,98,0
98,5,5,32,98,0
100,5,5,32,100,0
103,5,5,32,103,1
120,5,5,32,120,1
136,5,5,32,136,1
150,5,5,32,64,1
154,5,5,32,79,1
32,8,5,32,24,0
32,8,5,32,30,0
35,8,5,32,35,0
41,8,5,32,41,0
42,8,5,32,42,0
50,8,5,32,23,0
54,8,5,32,54,0
56,8,5,32,56,0
57,8,5,32,57,0
58,8,5,32,49,0
62,8,5,32,62,0
64,8,5,32,40,0
65,8,5,32,65,0
70,8,5,32,70,0
70,8,5,32,70,0
71,8,5,32,67,0
77,8,5,32,62,0
78,8,5,32,78,0
78,8,5,32,78,0
79,8,5,32,79,0
80,8,5,32,80,0
84,8,5,32,84,0
87,8,5,32,87,0
90,8,5,32,67,0
90,8,5,32,84,0
103,8,5,32,103,1
107,8,5,32,107,1
126,8,5,32,69,1
73,10,5,32,73,0
73,10,5,32,73,0
74,10,5,32,58,0
99,10,5,32,99,0
112,10,5,32,62,1
115,10,5,32,62,1
118,10,5,32,118,1
37,12,5,32,23,0
63,12,5,32,63,0
73,12,5,32,73,0
84,12,5,32,59,0
84,12,5,32,84,0
102,12,5,32,102,1
107,12,5,32,107,1
110,12,5,32,110,1
77,15,5,32,37,0
80,15,5,32,53,0
68,18,5,32,68,0
71,18,5,32,53,0
71,20,5,32,71,0
93,20,5,32,78,0
93,22,5,32,70,0
80,28,5,32,66,0
93,28,5,32,54,0
100,42,5,32,71,0
69,55,5,32,69,0
61,0,6,32,61,0
34,2,6,32,20,0
36,2,6,32,36,0
47,2,6,32,47,0
51,2,6,32,51,0
59,2,6,32,59,0
78,2,6,32,78,0
84,2,6,32,84,0
90,2,6,32,90,0
91,2,6,32,91,0
94,2,6,32,94,0
95,2,6,32,95,0
119,2,6,32,119,1
32,5,6,32,25,0
65,5,6,32,65,0
68,5,6,32,68,0
71,5,6,32,71,0
76,5,6,32,76,0
77,5,6,32,67,0
77,5,6,32,77,0
85,5,6,32,85,0
89,5,6,32,89,0
90,5,6,32,90,0
104,5,6,32,104,1
108,5,6,32,108,1
111,5,6,32,111,1
117,5,6,32,117,1
119,5,6,32,119,1
133,5,6,32,133,1
32,8,6,32,30,0
65,8,6,32,65,0
72,8,6,32,72,0
83,8,6,32,83,0
84,8,6,32,61,0
96,8,6,32,96,0
119,8,6,32,119,1
128,8,6,32,128,1
143,8,6,32,81,1
143,8,6,32,143,1
59,10,6,32,59,0
64,10,6,32,57,0
75,10,6,32,75,0
93,10,6,32,72,0
104,10,6,32,104,1
116,10,6,32,116,1
120,10,6,32,120,1
182,10,6,32,104,1
62,12,6,32,62,0
80,12,6,32,80,0
82,12,6,32,82,0
91,12,6,32,91,0
108,12,6,32,108,1
151,12,6,32,151,1
57,15,6,32,57,0
70,15,6,32,70,0
78,15,6,32,78,0
32,18,6,32,32,0
76,18,6,32,76,0
49,20,6,32,49,0
68,22,6,32,68,0
32,2,7,32,24,0
36,2,7,32,36,0
52,2,7,32,52,0
64,2,7,32,64,0
111,2,7,32,111,1
121,5,7,32,121,1
126,5,7,32,126,1
129,15,7,32,128,1
100,20,7,32,100,0
65,5,8,32,65,0
77,12,8,32,77,0
32,25,8,32,19,0
47,15,0,33,18,0
33,0,1,33,23,0
46,0,1,33,46,0
33,2,1,33,20,0
33,2,1,33,23,0
33,2,1,33,28,0
36,2,1,33,17,0
33,5,1,33,10,0
33,5,1,33,11,0
36,5,1,33,24,0
40,5,1,33,40,0
41,5,1,33,33,0
41,5,1,33,41,0
33,8,1,33,28,0
39,8,1,33,22,0
33,15,1,33,18,0
33,22,1,33,18,0
33,25,1,33,21,0
33,0,2,33,6,0
33,0,2,33,17,0
33,0,2,33,18,0
33,0,2,33,19,0
34,0,2,33,25,0
43,0,2,33,43,0
44,0,2,33,33,0
33,2,2,33,7,0
33,2,2,33,8,0
33,2,2,33,10,0
33,2,2,33,18,0
33,2,2,33,19,0
33,2,2,33,20,0
33,2,2,33,20,0
33,2,2,33,21,0
33,2,2,33,25,0
33,2,2,33,26,0
33,2,2,33,27,0
33,2,2,33,31,0
33,2,2,33,31,0
33,2,2,33,32,0
34,2,2,33,14,0
34,2,2,33,23,0
34,2,2,33,23,0
34,2,2,33,28,0
34,2,2,33,32,0
35,2,2,33,11,0
35,2,2,33,27,0
35,2,2,33,35,0
36,2,2,33,21,0
36,2,2,33,31,0
36,2,2,33,34,0
37,2,2,33,29,0
37,2,2,33,29,0
37,2,2,33,29,0
37,2,2,33,32,0
37,2,2,33,37,0
37,2,2,33,37,0
38,2,2,33,38,0
40,2,2,33,35,0
43,2,2,33,19,0
43,2,2,33,37,0
44,2,2,33,25,0
44,2,2,33,27,0
47,2,2,33,28,0
47,2,2,33,37,0
48,2,2,33,24,0
49,2,2,33,35,0
50,2,2,33,19,0
51,2,2,33,51,0
54,2,2,33,54,0
67,2,2,33,45,0
71,2,2,33,49,0
33,5,2,33,8,0
33,5,2,33,9,0
33,5,2,33,15,0
34,5,2,33,18,0
37,5,2,33,18,0
37,5,2,33,37,0
38,5,2,33,20,0
38,5,2,33,38,0
39,5,2,33,31,0
42,5,2,33,27,0
42,5,2,33,42,0
43,5,2,33,24,0
44,5,2,33,31,0
48,5,2,33,48,0
51,5,2,33,51,0
53,5,2,33,53,0
59,5,2,33,59,0
61,5,2,33,37,0
61,5,2,33,45,0
63,5,2,33,63,0
67,5,2,33,52,0
74,5,2,33,66,0
90,5,2,33,57,0
146,5,2,33,51,1
33,8,2,33,18,0
33,8,2,33,29,0
33,8,2,33,29,0
34,8,2,33,23,0
34,8,2,33,26,0
35,8,2,33,21,0
37,8,2,33,28,0
40,8,2,33,40,0
43,8,2,33,30,0
44,8,2,33,27,0
44,8,2,33,35,0
46,8,2,33,33,0
46,8,2,33,42,0
47,8,2,33,45,0
50,8,2,33,47,0
55,8,2,33,55,0
58,8,2,33,38,0
87,8,2,33,54,0
104,8,2,33,70,1
33,10,2,33,21,0
33,10,2,33,33,0
54,10,2,33,26,0
78,10,2,33,78,0
108,10,2,33,37,1
47,12,2,33,47,0
53,12,2,33,53,0
33,15,2,33,21,0
39,15,2,33,39,0
44,15,2,33,32,0
40,18,2,33,29,0
80,18,2,33,80,0
42,20,2,33,42,0
67,20,2,33,38,0
33,22,2,33,17,0
33,0,3,33,9,0
33,0,3,33,10,0
33,0,3,33,10,0
33,0,3,33,11,0
33,0,3,33,13,0
33,0,3,33,16,0
33,0,3,33,18,0
33,0,3,33,19,0
33,0,3,33,19,0
33,0,3,33,24,0
33,0,3,33,24,0
33,0,3,33,25,0
33,0,3,33,28,0
33,0,3,33,29,0
35,0,3,33,13,0
36,0,3,33,13,0
36,0,3,33,21,0
37,0,3,33,13,0
44,0,3,33,32,0
44,0,3,33,33,0
46,0,3,33,46,0
33,2,3,33,9,0
33,2,3,33,14,0
33,2,3,33,15,0
33,2,3,33,15,0
33,2,3,33,16,0
33,2,3,33,19,0
33,2,3,33,19,0
33,2,3,33,20,0
33,2,3,33,22,0
33,2,3,33,22,0
33,2,3,33,22,0
33,2,3,33,23,0
33,2,3,33,24,0
33,2,3,33,24,0
33,2,3,33,24,0
33,2,3,33,25,0
33,2,3,33,25,0
33,2,3,33,26,0
33,2,3,33,27,0
33,2,3,33,31,0
33,2,3,33,31,0
33,2,3,33,31,0
33,2,3,33,32,0
33,2,3,33,33,0
33,2,3,33,33,0
34,2,3,33,34,0
34,2,3,33,34,0
35,2,3,33,29,0
35,2,3,33,35,0
36,2,3,33,30,0
36,2,3,33,36,0
37,2,3,33,20,0
37,2,3,33,26,0
38,2,3,33,12,0
38,2,3,33,29,0
38,2,3,33,34,0
38,2,3,33,36,0
38,2,3,33,36,0
38,2,3,33,37,0
38,2,3,33,38,0
39,2,3,33,18,0
39,2,3,33,31,0
39,2,3,33,32,0
40,2,3,33,24,0
40,2,3,33,40,0
41,2,3,33,28,0
41,2,3,33,41,0
43,2,3,33,29,0
43,2,3,33,29,0
44,2,3,33,31,0
44,2,3,33,39,0
44,2,3,33,44,0
44,2,3,33,44,0
45,2,3,33,45,0
46,2,3,33,46,0
46,2,3,33,46,0
47,2,3,33,25,0
47,2,3,33,26,0
47,2,3,33,41,0
47,2,3,33,44,0
47,2,3,33,47,0
48,2,3,33,25,0
48,2,3,33,26,0
48,2,3,33,30,0
49,2,3,33,49,0
49,2,3,33,49,0
49,2,3,33,49,0
50,2,3,33,32,0
50,2,3,33,35,0
50,2,3,33,46,0
51,2,3,33,30,0
51,2,3,33,44,0
52,2,3,33,52,0
54,2,3,33,30,0
54,2,3,33,54,0
54,2,3,33,54,0
56,2,3,33,56,0
56,2,3,33,56,0
57,2,3,33,57,0
57,2,3,33,57,0
57,2,3,33,57,0
58,2,3,33,18,0
58,2,3,33,24,0
58,2,3,33,46,0
58,2,3,33,51,0
58,2,3,33,58,0
58,2,3,33,58,0
59,2,3,33,59,0
59,2,3,33,59,0
61,2,3,33,57,0
61,2,3,33,61,0
63,2,3,33,63,0
63,2,3,33,63,0
63,2,3,33,63,0
63,2,3,33,63,0
64,2,3,33,40,0
71,2,3,33,44,0
71,2,3,33,52,0
71,2,3,33,60,0
74,2,3,33,29,0
74,2,3,33,46,0
74,2,3,33,53,0
75,2,3,33,75,0
75,2,3,33,75,0
77,2,3,33,52,0
77,2,3,33,76,0
77,2,3,33,77,0
78,2,3,33,78,0
79,2,3,33,79,0
89,2,3,33,89,0
102,2,3,33,102,1
33,5,3,33,13,0
33,5,3,33,14,0
33,5,3,33,14,0
33,5,3,33,15,0
33,5,3,33,19,0
33,5,3,33,24,0
33,5,3,33,24,0
33,5,3,33,28,0
33,5,3,33,30,0
33,5,3,33,31,0
33,5,3,33,32,0
33,5,3,33,33,0
34,5,3,33,24,0
35,5,3,33,10,0
36,5,3,33,29,0
37,5,3,33,37,0
39,5,3,33,39,0
40,5,3,33,31,0
40,5,3,33,40,0
41,5,3,33,34,0
43,5,3,33,41,0
44,5,3,33,20,0
44,5,3,33,40,0
44,5,3,33,41,0
44,5,3,33,44,0
46,5,3,33,37,0
46,5,3,33,46,0
46,5,3,33,46,0
47,5,3,33,40,0
48,5,3,33,48,0
48,5,3,33,48,0
49,5,3,33,49,0
50,5,3,33,26,0
50,5,3,33,46,0
50,5,3,33,50,0
51,5,3,33,37,0
51,5,3,33,38,0
51,5,3,33,51,0
51,5,3,33,51,0
52,5,3,33,52,0
52,5,3,33,52,0
53,5,3,33,53,0
53,5,3,33,53,0
54,5,3,33,44,0
54,5,3,33,54,0
55,5,3,33,55,0
56,5,3,33,56,0
56,5,3,33,56,0
56,5,3,33,56,0
57,5,3,33,57,0
57,5,3,33,57,0
57,5,3,33,57,0
57,5,3,33,57,0
57,5,3,33,57,0
58,5,3,33,58,0
60,5,3,33,60,0
61,5,3,33,61,0
61,5,3,33,61,0
63,5,3,33,63,0
64,5,3,33,38,0
64,5,3,33,62,0
64,5,3,33,64,0
65,5,3,33,65,0
66,5,3,33,66,0
66,5,3,33,66,0
67,5,3,33,57,0
67,5,3,33,67,0
67,5,3,33,67,0
67,5,3,33,67,0
69,5,3,33,69,0
70,5,3,33,70,0
71,5,3,33,40,0
71,5,3,33,42,0
71,5,3,33,71,0
72,5,3,33,72,0
72,5,3,33,72,0
74,5,3,33,63,0
74,5,3,33,74,0
75,5,3,33,75,0
75,5,3,33,75,0
76,5,3,33,76,0
80,5,3,33,40,0
85,5,3,33,85,0
87,5,3,33,70,0
87,5,3,33,84,0
92,5,3,33,92,0
101,5,3,33,56,1
104,5,3,33,52,1
105,5,3,33,105,1
108,5,3,33,71,1
33,8,3,33,26,0
36,8,3,33,28,0
41,8,3,33,41,0
44,8,3,33,42,0
45,8,3,33,31,0
45,8,3,33,45,0
48,8,3,33,37,0
48,8,3,33,48,0
48,8,3,33,48,0
49,8,3,33,49,0
50,8,3,33,46,0
51,8,3,33,32,0
51,8,3,33,51,0
51,8,3,33,51,0
52,8,3,33,52,0
54,8,3,33,32,0
54,8,3,33,42,0
57,8,3,33,57,0
58,8,3,33,58,0
58,8,3,33,58,0
60,8,3,33,60,0
61,8,3,33,58,0
62,8,3,33,62,0
63,8,3,33,63,0
64,8,3,33,64,0
67,8,3,33,67,0
68,8,3,33,68,0
68,8,3,33,68,0
69,8,3,33,69,0
71,8,3,33,71,0
74,8,3,33,74,0
79,8,3,33,79,0
80,8,3,33,74,0
90,8,3,33,63,0
101,8,3,33,61,1
102,8,3,33,102,1
104,8,3,33,72,1
114,8,3,33,114,1
159,8,3,33,74,1
33,10,3,33,29,0
33,10,3,33,32,0
35,10,3,33,22,0
45,10,3,33,42,0
51,10,3,33,51,0
53,10,3,33,53,0
54,10,3,33,54,0
55,10,3,33,55,0
61,10,3,33,45,0
66,10,3,33,66,0
77,10,3,33,77,0
80,10,3,33,80,0
81,10,3,33,81,0
87,10,3,33,83,0
104,10,3,33,49,1
118,10,3,33,67,1
38,12,3,33,38,0
44,12,3,33,40,0
46,12,3,33,46,0
56,12,3,33,56,0
62,12,3,33,62,0
67,12,3,33,67,0
122,12,3,33,63,1
146,12,3,33,77,1
33,15,3,33,20,0
33,15,3,33,24,0
33,15,3,33,31,0
43,15,3,33,43,0
44,15,3,33,32,0
63,15,3,33,63,0
64,15,3,33,32,0
92,15,3,33,92,0
108,15,3,33,69,1
38,18,3,33,38,0
97,18,3,33,36,0
101,18,3,33,73,1
100,20,3,33,75,0
41,22,3,33,41,0
122,22,3,33,61,1
55,28,3,33,55,0
104,28,3,33,48,1
59,30,3,33,59,0
41,35,3,33,41,0
40,40,3,33,31,0
49,40,3,33,43,0
81,45,3,33,81,0
33,0,5,33,15,0
33,0,5,33,21,0
33,0,5,33,22,0
33,0,5,33,31,0
40,0,5,33,16,0
42,0,5,33,42,0
46,0,5,33,46,0
60,0,5,33,60,0
64,0,5,33,53,0
33,2,5,33,8,0
33,2,5,33,9,0
33,2,5,33,11,0
33,2,5,33,12,0
33,2,5,33,18,0
33,2,5,33,25,0
33,2,5,33,26,0
33,2,5,33,28,0
33,2,5,33,28,0
33,2,5,33,29,0
33,2,5,33,30,0
33,2,5,33,30,0
33,2,5,33,31,0
33,2,5,33,32,0
34,2,5,33,23,0
34,2,5,33,26,0
36,2,5,33,21,0
36,2,5,33,36,0
36,2,5,33,36,0
37,2,5,33,22,0
37,2,5,33,31,0
38,2,5,33,38,0
38,2,5,33,38,0
42,2,5,33,35,0
42,2,5,33,42,0
42,2,5,33,42,0
42,2,5,33,42,0
44,2,5,33,44,0
44,2,5,33,44,0
45,2,5,33,45,0
46,2,5,33,46,0
47,2,5,33,35,0
47,2,5,33,41,0
47,2,5,33,47,0
48,2,5,33,48,0
49,2,5,33,49,0
50,2,5,33,40,0
50,2,5,33,50,0
51,2,5,33,51,0
51,2,5,33,51,0
55,2,5,33,55,0
57,2,5,33,57,0
58,2,5,33,58,0
60,2,5,33,60,0
61,2,5,33,61,0
65,2,5,33,65,0
65,2,5,33,65,0
69,2,5,33,69,0
69,2,5,33,69,0
69,2,5,33,69,0
69,2,5,33,69,0
71,2,5,33,71,0
77,2,5,33,40,0
77,2,5,33,77,0
78,2,5,33,78,0
79,2,5,33,79,0
84,2,5,33,70,0
85,2,5,33,85,0
87,2,5,33,74,0
97,2,5,33,58,0
98,2,5,33,98,0
117,2,5,33,117,1
33,5,5,33,31,0
34,5,5,33,34,0
37,5,5,33,26,0
37,5,5,33,37,0
38,5,5,33,35,0
41,5,5,33,41,0
42,5,5,33,34,0
42,5,5,33,42,0
48,5,5,33,48,0
50,5,5,33,42,0
50,5,5,33,43,0
50,5,5,33,50,0
51,5,5,33,51,0
53,5,5,33,53,0
53,5,5,33,53,0
55,5,5,33,55,0
58,5,5,33,29,0
58,5,5,33,58,0
59,5,5,33,59,0
59,5,5,33,59,0
59,5,5,33,59,0
60,5,5,33,60,0
61,5,5,33,55,0
62,5,5,33,58,0
66,5,5,33,66,0
66,5,5,33,66,0
66,5,5,33,66,0
67,5,5,33,67,0
68,5,5,33,68,0
70,5,5,33,70,0
72,5,5,33,72,0
73,5,5,33,73,0
73,5,5,33,73,0
74,5,5,33,73,0
75,5,5,33,61,0
75,5,5,33,75,0
77,5,5,33,77,0
77,5,5,33,77,0
78,5,5,33,78,0
79,5,5,33,79,0
80,5,5,33,80,0
81,5,5,33,81,0
81,5,5,33,81,0
81,5,5,33,81,0
84,5,5,33,61,0
84,5,5,33,63,0
84,5,5,33,72,0
84,5,5,33,84,0
84,5,5,33,84,0
86,5,5,33,86,0
92,5,5,33,92,0
93,5,5,33,93,0
97,5,5,33,75,0
98,5,5,33,98,0
100,5,5,33,100,0
101,5,5,33,63,1
102,5,5,33,102,1
104,5,5,33,54,1
126,5,5,33,73,1
136,5,5,33,72,1
156,5,5,33,69,1
35,8,5,33,15,0
36,8,5,33,26,0
46,8,5,33,46,0
49,8,5,33,49,0
50,8,5,33,50,0
52,8,5,33,52,0
54,8,5,33,46,0
55,8,5,33,55,0
57,8,5,33,57,0
58,8,5,33,40,0
59,8,5,33,59,0
59,8,5,33,59,0
61,8,5,33,38,0
61,8,5,33,61,0
65,8,5,33,65,0
67,8,5,33,67,0
67,8,5,33,67,0
70,8,5,33,70,0
71,8,5,33,71,0
72,8,5,33,72,0
73,8,5,33,73,0
74,8,5,33,74,0
75,8,5,33,75,0
81,8,5,33,81,0
82,8,5,33,82,0
84,8,5,33,81,0
86,8,5,33,86,0
87,8,5,33,79,0
87,8,5,33,87,0
90,8,5,33,83,0
95,8,5,33,95,0
97,8,5,33,40,0
98,8,5,33,98,0
101,8,5,33,101,1
104,8,5,33,104,1
112,8,5,33,74,1
115,8,5,33,75,1
118,8,5,33,75,1
122,8,5,33,103,1
132,8,5,33,55,1
136,8,5,33,72,1
136,8,5,33,86,1
166,8,5,33,63,1
50,10,5,33,45,0
64,10,5,33,64,0
65,10,5,33,65,0
71,10,5,33,59,0
76,10,5,33,76,0
77,10,5,33,50,0
80,10,5,33,61,0
85,10,5,33,85,0
89,10,5,33,89,0
90,10,5,33,75,0
93,10,5,33,93,0
101,10,5,33,64,1
108,10,5,33,108,1
117,10,5,33,117,1
58,12,5,33,58,0
60,12,5,33,60,0
64,12,5,33,64,0
77,12,5,33,77,0
77,12,5,33,77,0
82,12,5,33,82,0
95,12,5,33,95,0
97,12,5,33,75,0
151,12,5,33,93,1
49,15,5,33,49,0
61,15,5,33,60,0
71,15,5,33,63,0
104,15,5,33,50,1
45,18,5,33,44,0
58,20,5,33,58,0
48,22,5,33,48,0
82,22,5,33,82,0
78,25,5,33,78,0
87,25,5,33,87,0
88,28,5,33,88,0
129,30,5,33,129,1
33,0,6,33,11,0
49,2,6,33,48,0
49,2,6,33,49,0
50,2,6,33,45,0
51,2,6,33,51,0
59,2,6,33,59,0
66,2,6,33,66,0
67,2,6,33,67,0
77,2,6,33,77,0
77,2,6,33,77,0
79,2,6,33,79,0
80,2,6,33,80,0
89,2,6,33,89,0
95,2,6,33,95,0
33,5,6,33,21,0
41,5,6,33,31,0
49,5,6,33,38,0
56,5,6,33,56,0
58,5,6,33,58,0
67,5,6,33,67,0
69,5,6,33,69,0
71,5,6,33,63,0
72,5,6,33,72,0
74,5,6,33,74,0
77,5,6,33,77,0
79,5,6,33,79,0
80,5,6,33,80,0
85,5,6,33,85,0
87,5,6,33,78,0
89,5,6,33,89,0
96,5,6,33,96,0
100,5,6,33,81,0
108,5,6,33,68,1
112,5,6,33,112,1
113,5,6,33,113,1
122,5,6,33,69,1
130,5,6,33,130,1
57,8,6,33,57,0
64,8,6,33,64,0
67,8,6,33,61,0
72,8,6,33,72,0
85,8,6,33,85,0
105,8,6,33,105,1
105,8,6,33,105,1
117,8,6,33,117,1
69,10,6,33,69,0
71,10,6,33,71,0
83,10,6,33,83,0
84,10,6,33,84,0
120,10,6,33,120,1
129,10,6,33,73,1
129,10,6,33,92,1
64,12,6,33,64,0
69,12,6,33,69,0
101,12,6,33,101,1
129,12,6,33,75,1
126,18,6,33,67,1
72,20,6,33,72,0
88,22,6,33,88,0
90,22,6,33,79,0
35,35,6,33,19,0
45,2,7,33,45,0
56,5,7,33,56,0
66,5,7,33,66,0
74,5,7,33,68,0
139,5,7,33,139,1
77,10,7,33,68,0
113,10,7,33,113,1
33,5,8,33,21,0
42,0,1,35,10,0
45,2,1,35,31,0
35,5,1,35,19,0
35,5,1,35,22,0
35,0,2,35,21,0
35,0,2,35,24,0
35,0,2,35,25,0
35,0,2,35,30,0
36,0,2,35,20,0
41,0,2,35,16,0
43,0,2,35,25,0
35,2,2,35,5,0
35,2,2,35,8,0
35,2,2,35,10,0
35,2,2,35,11,0
35,2,2,35,15,0
35,2,2,35,17,0
35,2,2,35,18,0
35,2,2,35,22,0
35,2,2,35,23,0
35,2,2,35,25,0
35,2,2,35,27,0
35,2,2,35,27,0
35,2,2,35,27,0
35,2,2,35,30,0
35,2,2,35,31,0
35,2,2,35,31,0
35,2,2,35,34,0
35,2,2,35,34,0
35,2,2,35,34,0
35,2,2,35,34,0
36,2,2,35,25,0
36,2,2,35,25,0
36,2,2,35,29,0
39,2,2,35,20,0
42,2,2,35,16,0
43,2,2,35,31,0
47,2,2,35,38,0
47,2,2,35,41,0
47,2,2,35,43,0
48,2,2,35,48,0
58,2,2,35,30,0
61,2,2,35,61,0
35,5,2,35,11,0
35,5,2,35,12,0
35,5,2,35,18,0
35,5,2,35,25,0
35,5,2,35,31,0
36,5,2,35,33,0
36,5,2,35,36,0
37,5,2,35,29,0
38,5,2,35,23,0
39,5,2,35,22,0
39,5,2,35,35,0
40,5,2,35,25,0
40,5,2,35,28,0
41,5,2,35,38,0
42,5,2,35,27,0
42,5,2,35,42,0
46,5,2,35,43,0
48,5,2,35,31,0
50,5,2,35,50,0
52,5,2,35,52,0
54,5,2,35,38,0
59,5,2,35,59,0
61,5,2,35,61,0
74,5,2,35,74,0
35,8,2,35,12,0
35,8,2,35,19,0
35,8,2,35,28,0
35,8,2,35,31,0
36,8,2,35,18,0
40,8,2,35,15,0
41,8,2,35,41,0
46,8,2,35,41,0
54,8,2,35,32,0
55,8,2,35,55,0
59,8,2,35,59,0
77,8,2,35,31,0
87,8,2,35,53,0
35,10,2,35,18,0
35,10,2,35,30,0
35,10,2,35,30,0
43,10,2,35,28,0
150,10,2,35,58,1
46,12,2,35,31,0
58,12,2,35,37,0
61,12,2,35,39,0
35,15,2,35,31,0
44,18,2,35,41,0
49,18,2,35,49,0
71,18,2,35,60,0
35,20,2,35,10,0
35,25,2,35,26,0
42,25,2,35,42,0
42,30,2,35,42,0
43,38,2,35,43,0
45,45,2,35,20,0
56,56,2,35,33,0
35,0,3,35,12,0
35,0,3,35,18,0
35,0,3,35,25,0
35,0,3,35,26,0
35,0,3,35,27,0
35,0,3,35,28,0
35,0,3,35,31,0
42,0,3,35,42,0
43,0,3,35,34,0
44,0,3,35,25,0
45,0,3,35,20,0
55,0,3,35,55,0
35,2,3,35,11,0
35,2,3,35,13,0
35,2,3,35,14,0
35,2,3,35,16,0
35,2,3,35,16,0
35,2,3,35,18,0
35,2,3,35,19,0
35,2,3,35,19,0
35,2,3,35,19,0
35,2,3,35,19,0
35,2,3,35,22,0
35,2,3,35,25,0
35,2,3,35,26,0
35,2,3,35,29,0
35,2,3,35,30,0
35,2,3,35,31,0
35,2,3,35,33,0
35,2,3,35,34,0
35,2,3,35,34,0
35,2,3,35,35,0
36,2,3,35,32,0
36,2,3,35,36,0
38,2,3,35,22,0
38,2,3,35,31,0
40,2,3,35,30,0
40,2,3,35,39,0
41,2,3,35,26,0
42,2,3,35,23,0
42,2,3,35,42,0
43,2,3,35,43,0
44,2,3,35,17,0
44,2,3,35,25,0
44,2,3,35,38,0
44,2,3,35,38,0
44,2,3,35,44,0
44,2,3,35,44,0
44,2,3,35,44,0
44,2,3,35,44,0
45,2,3,35,28,0
45,2,3,35,34,0
45,2,3,35,40,0
46,2,3,35,42,0
47,2,3,35,31,0
47,2,3,35,47,0
48,2,3,35,48,0
49,2,3,35,49,0
50,2,3,35,34,0
50,2,3,35,36,0
50,2,3,35,43,0
50,2,3,35,50,0
50,2,3,35,50,0
50,2,3,35,50,0
51,2,3,35,51,0
53,2,3,35,53,0
54,2,3,35,54,0
55,2,3,35,55,0
55,2,3,35,55,0
56,2,3,35,56,0
56,2,3,35,56,0
57,2,3,35,57,0
58,2,3,35,35,0
59,2,3,35,59,0
59,2,3,35,59,0
60,2,3,35,60,0
60,2,3,35,60,0
61,2,3,35,56,0
63,2,3,35,63,0
64,2,3,35,39,0
65,2,3,35,65,0
68,2,3,35,68,0
68,2,3,35,68,0
71,2,3,35,29,0
73,2,3,35,73,0
74,2,3,35,74,0
77,2,3,35,30,0
77,2,3,35,40,0
77,2,3,35,72,0
80,2,3,35,36,0
81,2,3,35,81,0
84,2,3,35,28,0
97,2,3,35,56,0
100,2,3,35,43,0
104,2,3,35,56,1
132,2,3,35,57,1
136,2,3,35,58,1
35,5,3,35,5,0
35,5,3,35,8,0
35,5,3,35,13,0
35,5,3,35,14,0
35,5,3,35,17,0
35,5,3,35,18,0
35,5,3,35,19,0
35,5,3,35,23,0
35,5,3,35,24,0
35,5,3,35,28,0
35,5,3,35,29,0
35,5,3,35,31,0
35,5,3,35,32,0
35,5,3,35,34,0
39,5,3,35,29,0
39,5,3,35,31,0
40,5,3,35,25,0
40,5,3,35,31,0
42,5,3,35,17,0
43,5,3,35,29,0
44,5,3,35,40,0
45,5,3,35,45,0
46,5,3,35,46,0
47,5,3,35,47,0
48,5,3,35,48,0
48,5,3,35,48,0
49,5,3,35,28,0
49,5,3,35,49,0
50,5,3,35,50,0
51,5,3,35,44,0
51,5,3,35,50,0
52,5,3,35,52,0
53,5,3,35,53,0
53,5,3,35,53,0
54,5,3,35,45,0
54,5,3,35,49,0
54,5,3,35,54,0
56,5,3,35,56,0
57,5,3,35,57,0
57,5,3,35,57,0
58,5,3,35,44,0
58,5,3,35,54,0
58,5,3,35,58,0
59,5,3,35,59,0
59,5,3,35,59,0
59,5,3,35,59,0
61,5,3,35,44,0
61,5,3,35,61,0
62,5,3,35,62,0
64,5,3,35,52,0
64,5,3,35,64,0
65,5,3,35,65,0
67,5,3,35,67,0
67,5,3,35,67,0
69,5,3,35,69,0
69,5,3,35,69,0
71,5,3,35,67,0
71,5,3,35,71,0
71,5,3,35,71,0
72,5,3,35,72,0
74,5,3,35,64,0
75,5,3,35,75,0
77,5,3,35,77,0
80,5,3,35,80,0
84,5,3,35,67,0
90,5,3,35,52,0
104,5,3,35,47,1
115,5,3,35,34,1
161,5,3,35,55,1
35,8,3,35,19,0
35,8,3,35,21,0
35,8,3,35,23,0
35,8,3,35,30,0
36,8,3,35,25,0
40,8,3,35,39,0
42,8,3,35,42,0
45,8,3,35,23,0
46,8,3,35,46,0
47,8,3,35,47,0
48,8,3,35,40,0
48,8,3,35,45,0
50,8,3,35,31,0
50,8,3,35,49,0
52,8,3,35,52,0
52,8,3,35,52,0
53,8,3,35,53,0
57,8,3,35,57,0
60,8,3,35,60,0
61,8,3,35,61,0
63,8,3,35,63,0
63,8,3,35,63,0
64,8,3,35,64,0
65,8,3,35,65,0
67,8,3,35,48,0
67,8,3,35,67,0
72,8,3,35,72,0
82,8,3,35,82,0
88,8,3,35,88,0
104,8,3,35,66,1
112,8,3,35,74,1
112,8,3,35,75,1
151,8,3,35,40,1
35,10,3,35,16,0
35,10,3,35,20,0
35,10,3,35,27,0
37,10,3,35,27,0
43,10,3,35,43,0
44,10,3,35,30,0
54,10,3,35,43,0
58,10,3,35,58,0
70,10,3,35,70,0
78,10,3,35,78,0
84,10,3,35,71,0
101,10,3,35,65,1
126,10,3,35,91,1
136,10,3,35,70,1
150,10,3,35,65,1
151,10,3,35,70,1
40,12,3,35,27,0
60,12,3,35,60,0
84,12,3,35,78,0
38,15,3,35,20,0
40,15,3,35,40,0
50,15,3,35,50,0
64,15,3,35,57,0
104,15,3,35,39,1
39,20,3,35,39,0
58,20,3,35,53,0
35,22,3,35,29,0
60,22,3,35,60,0
59,25,3,35,59,0
118,28,3,35,75,1
61,42,3,35,61,0
68,42,3,35,68,0
50,50,3,35,47,0
60,52,3,35,60,0
35,0,5,35,13,0
35,0,5,35,30,0
49,0,5,35,49,0
53,0,5,35,53,0
58,0,5,35,58,0
63,0,5,35,63,0
35,2,5,35,8,0
35,2,5,35,23,0
35,2,5,35,23,0
35,2,5,35,25,0
35,2,5,35,26,0
35,2,5,35,26,0
35,2,5,35,28,0
35,2,5,35,28,0
35,2,5,35,29,0
35,2,5,35,31,0
35,2,5,35,32,0
37,2,5,35,23,0
37,2,5,35,23,0
37,2,5,35,31,0
37,2,5,35,34,0
39,2,5,35,20,0
39,2,5,35,39,0
40,2,5,35,29,0
40,2,5,35,33,0
40,2,5,35,36,0
41,2,5,35,28,0
42,2,5,35,42,0
43,2,5,35,43,0
44,2,5,35,28,0
44,2,5,35,43,0
44,2,5,35,44,0
48,2,5,35,48,0
51,2,5,35,51,0
51,2,5,35,51,0
52,2,5,35,52,0
54,2,5,35,34,0
54,2,5,35,54,0
55,2,5,35,55,0
56,2,5,35,56,0
56,2,5,35,56,0
57,2,5,35,57,0
57,2,5,35,57,0
58,2,5,35,44,0
58,2,5,35,58,0
58,2,5,35,58,0
59,2,5,35,59,0
61,2,5,35,61,0
61,2,5,35,61,0
63,2,5,35,63,0
64,2,5,35,64,0
64,2,5,35,64,0
66,2,5,35,66,0
66,2,5,35,66,0
67,2,5,35,63,0
67,2,5,35,67,0
68,2,5,35,68,0
70,2,5,35,70,0
71,2,5,35,35,0
71,2,5,35,38,0
73,2,5,35,73,0
77,2,5,35,77,0
79,2,5,35,79,0
84,2,5,35,40,0
86,2,5,35,86,0
87,2,5,35,68,0
90,2,5,35,68,0
101,2,5,35,45,1
111,2,5,35,111,1
115,2,5,35,57,1
35,5,5,35,9,0
35,5,5,35,12,0
35,5,5,35,15,0
35,5,5,35,21,0
35,5,5,35,26,0
35,5,5,35,27,0
35,5,5,35,32,0
35,5,5,35,32,0
38,5,5,35,25,0
42,5,5,35,18,0
44,5,5,35,41,0
44,5,5,35,44,0
47,5,5,35,47,0
49,5,5,35,38,0
50,5,5,35,38,0
52,5,5,35,52,0
53,5,5,35,53,0
54,5,5,35,54,0
54,5,5,35,54,0
58,5,5,35,58,0
58,5,5,35,58,0
59,5,5,35,59,0
59,5,5,35,59,0
59,5,5,35,59,0
62,5,5,35,62,0
62,5,5,35,62,0
62,5,5,35,62,0
64,5,5,35,64,0
64,5,5,35,64,0
65,5,5,35,65,0
65,5,5,35,65,0
65,5,5,35,65,0
66,5,5,35,66,0
66,5,5,35,66,0
67,5,5,35,67,0
69,5,5,35,69,0
70,5,5,35,70,0
71,5,5,35,71,0
71,5,5,35,71,0
74,5,5,35,74,0
75,5,5,35,75,0
77,5,5,35,68,0
77,5,5,35,71,0
78,5,5,35,78,0
79,5,5,35,79,0
79,5,5,35,79,0
80,5,5,35,58,0
80,5,5,35,73,0
80,5,5,35,79,0
80,5,5,35,80,0
85,5,5,35,85,0
87,5,5,35,87,0
93,5,5,35,40,0
93,5,5,35,90,0
100,5,5,35,95,0
113,5,5,35,113,1
115,5,5,35,62,1
122,5,5,35,122,1
48,8,5,35,48,0
49,8,5,35,45,0
50,8,5,35,49,0
52,8,5,35,52,0
56,8,5,35,56,0
59,8,5,35,59,0
61,8,5,35,60,0
63,8,5,35,63,0
67,8,5,35,67,0
67,8,5,35,67,0
68,8,5,35,68,0
71,8,5,35,71,0
74,8,5,35,74,0
77,8,5,35,63,0
77,8,5,35,77,0
78,8,5,35,78,0
78,8,5,35,78,0
80,8,5,35,80,0
84,8,5,35,75,0
86,8,5,35,86,0
87,8,5,35,54,0
89,8,5,35,89,0
89,8,5,35,89,0
97,8,5,35,54,0
97,8,5,35,65,0
98,8,5,35,98,0
99,8,5,35,99,0
101,8,5,35,69,1
103,8,5,35,103,1
104,8,5,35,66,1
105,8,5,35,105,1
105,8,5,35,105,1
106,8,5,35,106,1
112,8,5,35,77,1
126,8,5,35,70,1
35,10,5,35,26,0
35,10,5,35,28,0
46,10,5,35,26,0
71,10,5,35,71,0
77,10,5,35,77,0
77,10,5,35,77,0
83,10,5,35,83,0
84,10,5,35,72,0
90,10,5,35,90,0
97,10,5,35,45,0
97,10,5,35,61,0
100,10,5,35,100,0
101,10,5,35,93,1
105,10,5,35,105,1
108,10,5,35,40,1
136,10,5,35,68,1
35,12,5,35,23,0
48,12,5,35,48,0
58,12,5,35,58,0
64,12,5,35,60,0
68,12,5,35,68,0
98,12,5,35,98,0
115,15,5,35,79,1
46,18,5,35,46,0
55,18,5,35,55,0
63,18,5,35,63,0
79,18,5,35,79,0
69,20,5,35,69,0
82,20,5,35,82,0
122,20,5,35,83,1
44,28,5,35,44,0
66,35,5,35,66,0
40,40,5,35,33,0
129,40,5,35,113,1
105,45,5,35,105,1
35,2,6,35,23,0
35,2,6,35,33,0
36,2,6,35,6,0
36,2,6,35,34,0
44,2,6,35,27,0
59,2,6,35,59,0
60,2,6,35,60,0
64,2,6,35,64,0
67,2,6,35,62,0
101,2,6,35,101,1
108,2,6,35,108,1
35,5,6,35,28,0
39,5,6,35,26,0
40,5,6,35,27,0
40,5,6,35,40,0
49,5,6,35,36,0
56,5,6,35,56,0
57,5,6,35,57,0
61,5,6,35,61,0
73,5,6,35,73,0
80,5,6,35,58,0
81,5,6,35,81,0
87,5,6,35,87,0
91,5,6,35,91,0
95,5,6,35,95,0
108,5,6,35,70,1
108,5,6,35,108,1
113,5,6,35,113,1
122,5,6,35,69,1
124,5,6,35,124,1
126,5,6,35,126,1
50,8,6,35,50,0
64,8,6,35,64,0
72,8,6,35,72,0
73,8,6,35,73,0
80,8,6,35,80,0
108,8,6,35,104,1
113,8,6,35,113,1
126,8,6,35,82,1
127,8,6,35,127,1
65,10,6,35,65,0
78,10,6,35,78,0
88,10,6,35,88,0
92,10,6,35,92,0
69,12,6,35,69,0
71,18,6,35,67,0
71,22,6,35,71,0
35,32,6,35,34,0
77,32,6,35,73,0
45,2,7,35,45,0
48,5,7,35,45,0
100,5,7,35,100,0
133,5,7,35,133,1
66,8,7,35,66,0
150,18,7,35,150,1
128,20,7,35,128,1
66,2,8,35,66,0
37,0,1,37,17,0
37,2,1,37,26,0
42,5,1,37,37,0
53,5,1,37,53,0
37,8,1,37,24,0
37,8,1,37,29,0
38,8,1,37,38,0
37,10,1,37,22,0
37,0,2,37,15,0
42,0,2,37,6,0
43,0,2,37,14,0
37,2,2,37,3,0
37,2,2,37,15,0
37,2,2,37,16,0
37,2,2,37,17,0
37,2,2,37,17,0
37,2,2,37,21,0
37,2,2,37,22,0
37,2,2,37,26,0
37,2,2,37,28,0
37,2,2,37,29,0
37,2,2,37,32,0
37,2,2,37,32,0
37,2,2,37,32,0
37,2,2,37,33,0
37,2,2,37,34,0
38,2,2,37,24,0
38,2,2,37,28,0
40,2,2,37,20,0
40,2,2,37,23,0
40,2,2,37,36,0
41,2,2,37,35,0
41,2,2,37,41,0
43,2,2,37,25,0
43,2,2,37,32,0
46,2,2,37,22,0
46,2,2,37,46,0
47,2,2,37,47,0
51,2,2,37,35,0
51,2,2,37,41,0
52,2,2,37,52,0
54,2,2,37,34,0
54,2,2,37,54,0
57,2,2,37,57,0
64,2,2,37,40,0
67,2,2,37,39,0
74,2,2,37,40,0
37,5,2,37,6,0
37,5,2,37,11,0
37,5,2,37,17,0
37,5,2,37,17,0
37,5,2,37,20,0
37,5,2,37,20,0
37,5,2,37,21,0
37,5,2,37,25,0
37,5,2,37,26,0
37,5,2,37,27,0
37,5,2,37,28,0
37,5,2,37,35,0
38,5,2,37,35,0
38,5,2,37,38,0
39,5,2,37,34,0
40,5,2,37,35,0
40,5,2,37,38,0
41,5,2,37,41,0
44,5,2,37,33,0
45,5,2,37,20,0
48,5,2,37,38,0
50,5,2,37,47,0
52,5,2,37,52,0
56,5,2,37,56,0
62,5,2,37,62,0
67,5,2,37,52,0
73,5,2,37,73,0
126,5,2,37,40,1
37,8,2,37,10,0
37,8,2,37,16,0
37,8,2,37,22,0
37,8,2,37,31,0
38,8,2,37,38,0
52,8,2,37,52,0
53,8,2,37,53,0
56,8,2,37,56,0
71,8,2,37,35,0
47,10,2,37,37,0
37,12,2,37,20,0
78,12,2,37,78,0
84,12,2,37,61,0
37,15,2,37,35,0
45,15,2,37,38,0
51,18,2,37,51,0
80,20,2,37,45,0
59,25,2,37,59,0
40,35,2,37,40,0
37,0,3,37,16,0
37,0,3,37,25,0
38,0,3,37,31,0
40,0,3,37,20,0
43,0,3,37,5,0
46,0,3,37,29,0
37,2,3,37,6,0
37,2,3,37,6,0
37,2,3,37,9,0
37,2,3,37,13,0
37,2,3,37,15,0
37,2,3,37,16,0
37,2,3,37,20,0
37,2,3,37,21,0
37,2,3,37,21,0
37,2,3,37,22,0
37,2,3,37,22,0
37,2,3,37,22,0
37,2,3,37,23,0
37,2,3,37,23,0
37,2,3,37,24,0
37,2,3,37,27,0
37,2,3,37,31,0
37,2,3,37,31,0
37,2,3,37,31,0
37,2,3,37,34,0
37,2,3,37,35,0
37,2,3,37,35,0
37,2,3,37,36,0
37,2,3,37,36,0
37,2,3,37,36,0
38,2,3,37,16,0
38,2,3,37,38,0
39,2,3,37,29,0
39,2,3,37,35,0
40,2,3,37,30,0
40,2,3,37,38,0
41,2,3,37,23,0
41,2,3,37,33,0
41,2,3,37,36,0
41,2,3,37,40,0
41,2,3,37,41,0
42,2,3,37,31,0
42,2,3,37,32,0
42,2,3,37,35,0
43,2,3,37,33,0
43,2,3,37,43,0
43,2,3,37,43,0
44,2,3,37,25,0
44,2,3,37,32,0
44,2,3,37,39,0
44,2,3,37,44,0
45,2,3,37,28,0
45,2,3,37,34,0
45,2,3,37,45,0
45,2,3,37,45,0
45,2,3,37,45,0
46,2,3,37,37,0
46,2,3,37,46,0
47,2,3,37,19,0
48,2,3,37,39,0
48,2,3,37,45,0
48,2,3,37,48,0
49,2,3,37,30,0
49,2,3,37,34,0
49,2,3,37,49,0
49,2,3,37,49,0
51,2,3,37,36,0
51,2,3,37,37,0
52,2,3,37,51,0
55,2,3,37,55,0
55,2,3,37,55,0
56,2,3,37,56,0
57,2,3,37,57,0
58,2,3,37,58,0
58,2,3,37,58,0
59,2,3,37,59,0
62,2,3,37,62,0
64,2,3,37,32,0
64,2,3,37,41,0
64,2,3,37,64,0
66,2,3,37,66,0
67,2,3,37,67,0
71,2,3,37,61,0
71,2,3,37,70,0
77,2,3,37,43,0
77,2,3,37,64,0
90,2,3,37,64,0
90,2,3,37,76,0
90,2,3,37,90,0
101,2,3,37,64,1
104,2,3,37,50,1
37,5,3,37,14,0
37,5,3,37,14,0
37,5,3,37,17,0
37,5,3,37,19,0
37,5,3,37,19,0
37,5,3,37,23,0
37,5,3,37,25,0
37,5,3,37,26,0
37,5,3,37,27,0
37,5,3,37,27,0
37,5,3,37,28,0
37,5,3,37,28,0
37,5,3,37,31,0
38,5,3,37,38,0
38,5,3,37,38,0
39,5,3,37,36,0
40,5,3,37,40,0
43,5,3,37,39,0
46,5,3,37,31,0
46,5,3,37,46,0
46,5,3,37,46,0
47,5,3,37,43,0
48,5,3,37,38,0
48,5,3,37,45,0
48,5,3,37,48,0
48,5,3,37,48,0
48,5,3,37,48,0
50,5,3,37,40,0
54,5,3,37,34,0
56,5,3,37,56,0
56,5,3,37,56,0
56,5,3,37,56,0
57,5,3,37,57,0
57,5,3,37,57,0
58,5,3,37,58,0
58,5,3,37,58,0
59,5,3,37,59,0
60,5,3,37,60,0
61,5,3,37,53,0
61,5,3,37,59,0
61,5,3,37,61,0
63,5,3,37,63,0
64,5,3,37,49,0
64,5,3,37,64,0
65,5,3,37,65,0
65,5,3,37,65,0
66,5,3,37,66,0
67,5,3,37,55,0
67,5,3,37,67,0
67,5,3,37,67,0
71,5,3,37,49,0
71,5,3,37,71,0
72,5,3,37,72,0
76,5,3,37,76,0
76,5,3,37,76,0
77,5,3,37,49,0
77,5,3,37,55,0
80,5,3,37,67,0
81,5,3,37,81,0
85,5,3,37,85,0
90,5,3,37,80,0
93,5,3,37,66,0
101,5,3,37,57,1
103,5,3,37,103,1
112,5,3,37,68,1
118,5,3,37,55,1
136,5,3,37,24,1
150,5,3,37,68,1
151,5,3,37,35,1
37,8,3,37,14,0
37,8,3,37,19,0
37,8,3,37,24,0
37,8,3,37,28,0
37,8,3,37,31,0
37,8,3,37,31,0
37,8,3,37,34,0
37,8,3,37,37,0
38,8,3,37,33,0
38,8,3,37,38,0
41,8,3,37,16,0
43,8,3,37,25,0
43,8,3,37,43,0
48,8,3,37,37,0
55,8,3,37,55,0
55,8,3,37,55,0
57,8,3,37,57,0
59,8,3,37,59,0
61,8,3,37,35,0
62,8,3,37,62,0
67,8,3,37,37,0
72,8,3,37,72,0
73,8,3,37,73,0
74,8,3,37,74,0
77,8,3,37,58,0
93,8,3,37,48,0
93,8,3,37,54,0
104,8,3,37,76,1
108,8,3,37,67,1
115,8,3,37,37,1
118,8,3,37,54,1
37,10,3,37,18,0
37,10,3,37,25,0
37,10,3,37,28,0
37,10,3,37,31,0
42,10,3,37,42,0
44,10,3,37,44,0
47,10,3,37,38,0
47,10,3,37,47,0
48,10,3,37,48,0
49,10,3,37,49,0
51,10,3,37,51,0
54,10,3,37,54,0
55,10,3,37,55,0
58,10,3,37,35,0
60,10,3,37,60,0
62,10,3,37,62,0
64,10,3,37,64,0
69,10,3,37,69,0
70,10,3,37,70,0
71,10,3,37,28,0
71,10,3,37,65,0
82,10,3,37,82,0
97,10,3,37,58,0
58,12,3,37,45,0
61,12,3,37,61,0
74,12,3,37,74,0
80,12,3,37,78,0
101,12,3,37,89,1
146,12,3,37,62,1
37,15,3,37,20,0
41,15,3,37,31,0
84,15,3,37,65,0
71,18,3,37,55,0
71,18,3,37,56,0
90,18,3,37,63,0
66,20,3,37,66,0
49,22,3,37,49,0
53,28,3,37,53,0
56,56,3,37,44,0
37,0,5,37,13,0
37,0,5,37,15,0
37,0,5,37,18,0
37,0,5,37,20,0
37,0,5,37,24,0
37,0,5,37,27,0
37,0,5,37,35,0
37,0,5,37,36,0
37,0,5,37,37,0
38,0,5,37,29,0
40,0,5,37,24,0
40,0,5,37,40,0
46,0,5,37,46,0
51,0,5,37,51,0
60,0,5,37,60,0
37,2,5,37,7,0
37,2,5,37,12,0
37,2,5,37,13,0
37,2,5,37,15,0
37,2,5,37,15,0
37,2,5,37,16,0
37,2,5,37,19,0
37,2,5,37,19,0
37,2,5,37,19,0
37,2,5,37,22,0
37,2,5,37,23,0
37,2,5,37,24,0
37,2,5,37,25,0
37,2,5,37,26,0
37,2,5,37,26,0
37,2,5,37,27,0
37,2,5,37,30,0
37,2,5,37,30,0
37,2,5,37,31,0
37,2,5,37,31,0
37,2,5,37,31,0
37,2,5,37,31,0
37,2,5,37,31,0
37,2,5,37,33,0
37,2,5,37,33,0
37,2,5,37,34,0
37,2,5,37,35,0
37,2,5,37,36,0
38,2,5,37,15,0
40,2,5,37,21,0
40,2,5,37,40,0
41,2,5,37,37,0
42,2,5,37,31,0
42,2,5,37,37,0
42,2,5,37,42,0
44,2,5,37,41,0
44,2,5,37,44,0
44,2,5,37,44,0
45,2,5,37,38,0
46,2,5,37,44,0
47,2,5,37,31,0
47,2,5,37,44,0
47,2,5,37,47,0
47,2,5,37,47,0
47,2,5,37,47,0
48,2,5,37,34,0
48,2,5,37,48,0
49,2,5,37,39,0
49,2,5,37,40,0
49,2,5,37,41,0
50,2,5,37,50,0
51,2,5,37,48,0
52,2,5,37,52,0
52,2,5,37,52,0
53,2,5,37,53,0
54,2,5,37,54,0
55,2,5,37,55,0
57,2,5,37,57,0
57,2,5,37,57,0
58,2,5,37,58,0
59,2,5,37,59,0
59,2,5,37,59,0
59,2,5,37,59,0
60,2,5,37,60,0
61,2,5,37,61,0
62,2,5,37,62,0
64,2,5,37,60,0
64,2,5,37,64,0
65,2,5,37,57,0
65,2,5,37,65,0
66,2,5,37,66,0
66,2,5,37,66,0
69,2,5,37,69,0
70,2,5,37,70,0
70,2,5,37,70,0
74,2,5,37,74,0
74,2,5,37,74,0
74,2,5,37,74,0
75,2,5,37,75,0
77,2,5,37,77,0
79,2,5,37,79,0
79,2,5,37,79,0
80,2,5,37,80,0
80,2,5,37,80,0
82,2,5,37,82,0
88,2,5,37,88,0
88,2,5,37,88,0
95,2,5,37,95,0
104,2,5,37,83,1
106,2,5,37,106,1
121,2,5,37,121,1
143,2,5,37,64,1
37,5,5,37,16,0
37,5,5,37,20,0
37,5,5,37,22,0
37,5,5,37,26,0
37,5,5,37,36,0
40,5,5,37,28,0
40,5,5,37,40,0
41,5,5,37,41,0
46,5,5,37,40,0
47,5,5,37,45,0
48,5,5,37,34,0
51,5,5,37,41,0
53,5,5,37,53,0
54,5,5,37,23,0
54,5,5,37,44,0
54,5,5,37,47,0
55,5,5,37,55,0
55,5,5,37,55,0
56,5,5,37,56,0
58,5,5,37,41,0
58,5,5,37,58,0
59,5,5,37,59,0
60,5,5,37,60,0
61,5,5,37,61,0
61,5,5,37,61,0
62,5,5,37,62,0
63,5,5,37,63,0
63,5,5,37,63,0
64,5,5,37,44,0
64,5,5,37,57,0
65,5,5,37,65,0
65,5,5,37,65,0
67,5,5,37,51,0
67,5,5,37,67,0
67,5,5,37,67,0
68,5,5,37,68,0
68,5,5,37,68,0
70,5,5,37,70,0
70,5,5,37,70,0
71,5,5,37,43,0
72,5,5,37,72,0
74,5,5,37,74,0
77,5,5,37,77,0
78,5,5,37,78,0
79,5,5,37,79,0
80,5,5,37,64,0
81,5,5,37,81,0
81,5,5,37,81,0
81,5,5,37,81,0
83,5,5,37,83,0
83,5,5,37,83,0
84,5,5,37,84,0
84,5,5,37,84,0
85,5,5,37,85,0
87,5,5,37,87,0
87,5,5,37,87,0
90,5,5,37,63,0
93,5,5,37,60,0
95,5,5,37,95,0
97,5,5,37,55,0
99,5,5,37,99,0
99,5,5,37,99,0
100,5,5,37,43,0
100,5,5,37,65,0
100,5,5,37,67,0
104,5,5,37,77,1
104,5,5,37,84,1
104,5,5,37,104,1
107,5,5,37,107,1
112,5,5,37,68,1
50,8,5,37,50,0
52,8,5,37,52,0
53,8,5,37,53,0
54,8,5,37,54,0
55,8,5,37,55,0
60,8,5,37,60,0
63,8,5,37,63,0
64,8,5,37,64,0
65,8,5,37,65,0
67,8,5,37,67,0
72,8,5,37,72,0
73,8,5,37,73,0
79,8,5,37,79,0
80,8,5,37,80,0
81,8,5,37,81,0
82,8,5,37,82,0
84,8,5,37,84,0
85,8,5,37,85,0
86,8,5,37,86,0
91,8,5,37,91,0
95,8,5,37,95,0
97,8,5,37,97,0
100,8,5,37,100,0
101,8,5,37,97,1
104,8,5,37,104,1
107,8,5,37,107,1
150,8,5,37,71,1
37,10,5,37,24,0
37,10,5,37,24,0
37,10,5,37,25,0
37,10,5,37,26,0
48,10,5,37,48,0
50,10,5,37,44,0
55,10,5,37,55,0
57,10,5,37,57,0
58,10,5,37,46,0
60,10,5,37,60,0
71,10,5,37,71,0
74,10,5,37,46,0
74,10,5,37,74,0
80,10,5,37,62,0
81,10,5,37,81,0
82,10,5,37,82,0
90,10,5,37,61,0
99,10,5,37,99,0
54,12,5,37,54,0
57,12,5,37,57,0
63,12,5,37,63,0
64,12,5,37,60,0
65,12,5,37,65,0
66,12,5,37,66,0
77,12,5,37,61,0
97,12,5,37,76,0
67,15,5,37,66,0
69,15,5,37,69,0
87,15,5,37,87,0
108,15,5,37,66,1
64,18,5,37,64,0
48,20,5,37,48,0
108,20,5,37,108,1
58,22,5,37,58,0
91,35,5,37,91,0
71,38,5,37,71,0
37,0,6,37,11,0
37,0,6,37,35,0
110,0,6,37,110,1
37,2,6,37,21,0
37,2,6,37,21,0
37,2,6,37,30,0
37,2,6,37,32,0
40,2,6,37,40,0
44,2,6,37,44,0
45,2,6,37,45,0
47,2,6,37,47,0
51,2,6,37,49,0
54,2,6,37,54,0
54,2,6,37,54,0
61,2,6,37,61,0
82,2,6,37,82,0
88,2,6,37,88,0
91,2,6,37,91,0
93,2,6,37,93,0
93,2,6,37,93,0
103,2,6,37,103,1
45,5,6,37,45,0
51,5,6,37,51,0
61,5,6,37,61,0
65,5,6,37,65,0
71,5,6,37,63,0
71,5,6,37,71,0
71,5,6,37,71,0
72,5,6,37,72,0
75,5,6,37,75,0
75,5,6,37,75,0
78,5,6,37,78,0
79,5,6,37,79,0
88,5,6,37,88,0
91,5,6,37,91,0
101,5,6,37,67,1
107,5,6,37,107,1
113,5,6,37,113,1
118,5,6,37,118,1
119,5,6,37,119,1
126,5,6,37,73,1
128,5,6,37,128,1
41,8,6,37,41,0
75,8,6,37,75,0
88,8,6,37,88,0
89,8,6,37,89,0
90,8,6,37,90,0
93,8,6,37,78,0
93,8,6,37,93,0
96,8,6,37,96,0
96,8,6,37,96,0
103,8,6,37,103,1
129,8,6,37,85,1
131,8,6,37,131,1
139,8,6,37,139,1
60,10,6,37,60,0
64,10,6,37,64,0
77,10,6,37,77,0
79,10,6,37,79,0
100,10,6,37,100,0
70,18,6,37,70,0
101,22,6,37,88,1
109,22,6,37,109,1
76,25,6,37,76,0
50,32,6,37,47,0
109,32,6,37,109,1
69,50,6,37,69,0
48,0,7,37,48,0
77,5,7,37,77,0
88,8,7,37,88,0
96,12,7,37,96,0
106,18,7,37,106,1
86,20,7,37,86,0
129,25,7,37,129,1
60,2,8,37,60,0
118,2,8,37,118,1
67,32,8,37,67,0
37,30,9,37,27,0
83,10,12,37,83,0
57,57,20,37,54,0
38,2,1,38,25,0
39,2,1,38,26,0
39,2,1,38,39,0
40,2,1,38,15,0
38,5,1,38,22,0
38,5,1,38,23,0
38,10,1,38,21,0
38,15,1,38,17,0
38,0,2,38,5,0
38,0,2,38,11,0
38,0,2,38,11,0
38,0,2,38,21,0
38,2,2,38,4,0
38,2,2,38,11,0
38,2,2,38,11,0
38,2,2,38,18,0
38,2,2,38,19,0
38,2,2,38,20,0
38,2,2,38,22,0
38,2,2,38,23,0
39,2,2,38,34,0
40,2,2,38,19,0
42,2,2,38,30,0
44,2,2,38,27,0
44,2,2,38,36,0
47,2,2,38,28,0
47,2,2,38,36,0
47,2,2,38,40,0
51,2,2,38,32,0
59,2,2,38,59,0
61,2,2,38,32,0
84,2,2,38,72,0
38,5,2,38,6,0
38,5,2,38,9,0
38,5,2,38,23,0
38,5,2,38,23,0
38,5,2,38,24,0
38,5,2,38,24,0
38,5,2,38,29,0
38,5,2,38,31,0
38,5,2,38,32,0
38,5,2,38,32,0
38,5,2,38,35,0
41,5,2,38,22,0
43,5,2,38,29,0
44,5,2,38,28,0
44,5,2,38,42,0
47,5,2,38,34,0
48,5,2,38,48,0
50,5,2,38,30,0
50,5,2,38,31,0
52,5,2,38,52,0
57,5,2,38,57,0
69,5,2,38,69,0
101,5,2,38,78,1
115,5,2,38,42,1
38,8,2,38,12,0
38,8,2,38,18,0
38,8,2,38,34,0
40,8,2,38,40,0
43,8,2,38,43,0
44,8,2,38,32,0
45,8,2,38,45,0
45,8,2,38,45,0
45,8,2,38,45,0
38,10,2,38,34,0
93,10,2,38,41,0
38,12,2,38,22,0
38,12,2,38,31,0
38,12,2,38,35,0
39,12,2,38,39,0
47,12,2,38,40,0
51,12,2,38,48,0
118,15,2,38,60,1
38,18,2,38,20,0
38,20,2,38,28,0
39,22,2,38,36,0
40,40,2,38,29,0
38,0,3,38,12,0
38,0,3,38,19,0
38,0,3,38,21,0
38,0,3,38,21,0
52,0,3,38,52,0
53,0,3,38,53,0
38,2,3,38,6,0
38,2,3,38,6,0
38,2,3,38,9,0
38,2,3,38,10,0
38,2,3,38,13,0
38,2,3,38,13,0
38,2,3,38,15,0
38,2,3,38,16,0
38,2,3,38,19,0
38,2,3,38,19,0
38,2,3,38,20,0
38,2,3,38,20,0
38,2,3,38,20,0
38,2,3,38,21,0
38,2,3,38,21,0
38,2,3,38,27,0
38,2,3,38,28,0
38,2,3,38,29,0
38,2,3,38,30,0
38,2,3,38,30,0
38,2,3,38,30,0
38,2,3,38,32,0
38,2,3,38,33,0
38,2,3,38,34,0
38,2,3,38,34,0
39,2,3,38,23,0
39,2,3,38,33,0
40,2,3,38,36,0
41,2,3,38,34,0
42,2,3,38,30,0
43,2,3,38,25,0
43,2,3,38,43,0
43,2,3,38,43,0
44,2,3,38,33,0
44,2,3,38,42,0
46,2,3,38,46,0
47,2,3,38,47,0
48,2,3,38,40,0
48,2,3,38,48,0
48,2,3,38,48,0
49,2,3,38,29,0
49,2,3,38,39,0
49,2,3,38,49,0
51,2,3,38,35,0
53,2,3,38,53,0
53,2,3,38,53,0
53,2,3,38,53,0
55,2,3,38,55,0
58,2,3,38,44,0
58,2,3,38,48,0
59,2,3,38,59,0
60,2,3,38,60,0
60,2,3,38,60,0
60,2,3,38,60,0
62,2,3,38,62,0
64,2,3,38,53,0
64,2,3,38,64,0
65,2,3,38,65,0
70,2,3,38,70,0
71,2,3,38,36,0
71,2,3,38,47,0
74,2,3,38,44,0
74,2,3,38,58,0
77,2,3,38,77,0
77,2,3,38,77,0
80,2,3,38,59,0
84,2,3,38,44,0
93,2,3,38,43,0
94,2,3,38,94,0
95,2,3,38,95,0
38,5,3,38,15,0
38,5,3,38,16,0
38,5,3,38,17,0
38,5,3,38,17,0
38,5,3,38,19,0
38,5,3,38,19,0
38,5,3,38,21,0
38,5,3,38,22,0
38,5,3,38,23,0
38,5,3,38,26,0
38,5,3,38,27,0
38,5,3,38,31,0
38,5,3,38,32,0
38,5,3,38,32,0
38,5,3,38,35,0
38,5,3,38,38,0
38,5,3,38,38,0
41,5,3,38,36,0
42,5,3,38,33,0
42,5,3,38,39,0
44,5,3,38,38,0
44,5,3,38,39,0
44,5,3,38,44,0
45,5,3,38,45,0
46,5,3,38,46,0
48,5,3,38,48,0
49,5,3,38,48,0
50,5,3,38,35,0
54,5,3,38,36,0
55,5,3,38,55,0
60,5,3,38,60,0
61,5,3,38,26,0
63,5,3,38,63,0
67,5,3,38,61,0
67,5,3,38,67,0
68,5,3,38,68,0
69,5,3,38,69,0
71,5,3,38,60,0
74,5,3,38,65,0
77,5,3,38,52,0
80,5,3,38,55,0
81,5,3,38,81,0
81,5,3,38,81,0
84,5,3,38,84,0
85,5,3,38,85,0
87,5,3,38,61,0
90,5,3,38,31,0
101,5,3,38,54,1
102,5,3,38,102,1
108,5,3,38,48,1
118,5,3,38,75,1
126,5,3,38,86,1
132,5,3,38,53,1
132,5,3,38,58,1
38,8,3,38,23,0
38,8,3,38,33,0
38,8,3,38,35,0
38,8,3,38,36,0
43,8,3,38,30,0
49,8,3,38,40,0
51,8,3,38,40,0
51,8,3,38,51,0
52,8,3,38,52,0
57,8,3,38,57,0
67,8,3,38,60,0
68,8,3,38,68,0
69,8,3,38,69,0
71,8,3,38,71,0
73,8,3,38,73,0
74,8,3,38,69,0
74,8,3,38,74,0
84,8,3,38,68,0
87,8,3,38,87,0
93,8,3,38,62,0
108,8,3,38,28,1
38,10,3,38,26,0
41,10,3,38,41,0
52,10,3,38,52,0
54,10,3,38,54,0
81,10,3,38,81,0
84,10,3,38,84,0
38,12,3,38,27,0
38,12,3,38,30,0
40,12,3,38,30,0
64,12,3,38,64,0
65,12,3,38,65,0
67,12,3,38,39,0
129,12,3,38,75,1
38,15,3,38,15,0
38,15,3,38,35,0
38,15,3,38,36,0
41,15,3,38,41,0
87,15,3,38,58,0
93,15,3,38,71,0
122,15,3,38,84,1
43,18,3,38,23,0
97,18,3,38,74,0
54,20,3,38,30,0
44,22,3,38,38,0
71,22,3,38,71,0
70,30,3,38,70,0
59,52,3,38,59,0
38,0,5,38,19,0
38,0,5,38,19,0
38,0,5,38,20,0
38,0,5,38,30,0
38,0,5,38,33,0
47,0,5,38,36,0
54,0,5,38,54,0
55,0,5,38,55,0
38,2,5,38,17,0
38,2,5,38,18,0
38,2,5,38,19,0
38,2,5,38,21,0
38,2,5,38,22,0
38,2,5,38,23,0
38,2,5,38,25,0
38,2,5,38,26,0
38,2,5,38,28,0
38,2,5,38,28,0
38,2,5,38,29,0
38,2,5,38,29,0
38,2,5,38,29,0
38,2,5,38,30,0
38,2,5,38,30,0
38,2,5,38,31,0
38,2,5,38,32,0
38,2,5,38,34,0
38,2,5,38,34,0
39,2,5,38,39,0
40,2,5,38,40,0
41,2,5,38,41,0
42,2,5,38,18,0
43,2,5,38,41,0
43,2,5,38,43,0
44,2,5,38,30,0
44,2,5,38,37,0
45,2,5,38,43,0
46,2,5,38,43,0
46,2,5,38,46,0
50,2,5,38,50,0
50,2,5,38,50,0
50,2,5,38,50,0
51,2,5,38,51,0
52,2,5,38,52,0
53,2,5,38,47,0
53,2,5,38,53,0
54,2,5,38,54,0
55,2,5,38,55,0
55,2,5,38,55,0
56,2,5,38,56,0
57,2,5,38,57,0
57,2,5,38,57,0
58,2,5,38,58,0
61,2,5,38,61,0
63,2,5,38,63,0
65,2,5,38,65,0
66,2,5,38,66,0
66,2,5,38,66,0
67,2,5,38,67,0
69,2,5,38,69,0
70,2,5,38,70,0
74,2,5,38,29,0
74,2,5,38,63,0
78,2,5,38,78,0
81,2,5,38,81,0
87,2,5,38,87,0
89,2,5,38,89,0
90,2,5,38,46,0
95,2,5,38,95,0
97,2,5,38,97,0
38,5,5,38,23,0
38,5,5,38,29,0
38,5,5,38,29,0
41,5,5,38,30,0
42,5,5,38,42,0
44,5,5,38,39,0
46,5,5,38,36,0
49,5,5,38,40,0
52,5,5,38,52,0
53,5,5,38,53,0
53,5,5,38,53,0
53,5,5,38,53,0
54,5,5,38,54,0
55,5,5,38,55,0
55,5,5,38,55,0
55,5,5,38,55,0
57,5,5,38,57,0
58,5,5,38,57,0
58,5,5,38,58,0
58,5,5,38,58,0
62,5,5,38,62,0
62,5,5,38,62,0
63,5,5,38,63,0
63,5,5,38,63,0
64,5,5,38,60,0
64,5,5,38,64,0
64,5,5,38,64,0
65,5,5,38,65,0
66,5,5,38,66,0
66,5,5,38,66,0
66,5,5,38,66,0
66,5,5,38,66,0
66,5,5,38,66,0
68,5,5,38,65,0
68,5,5,38,68,0
69,5,5,38,69,0
69,5,5,38,69,0
69,5,5,38,69,0
69,5,5,38,69,0
71,5,5,38,63,0
71,5,5,38,71,0
72,5,5,38,72,0
73,5,5,38,73,0
73,5,5,38,73,0
74,5,5,38,45,0
74,5,5,38,70,0
77,5,5,38,77,0
77,5,5,38,77,0
78,5,5,38,78,0
80,5,5,38,37,0
80,5,5,38,64,0
81,5,5,38,81,0
83,5,5,38,83,0
84,5,5,38,46,0
84,5,5,38,84,0
85,5,5,38,85,0
85,5,5,38,85,0
90,5,5,38,90,0
93,5,5,38,48,0
93,5,5,38,81,0
100,5,5,38,71,0
100,5,5,38,95,0
104,5,5,38,51,1
104,5,5,38,80,1
106,5,5,38,106,1
109,5,5,38,109,1
118,5,5,38,62,1
122,5,5,38,90,1
38,8,5,38,30,0
42,8,5,38,24,0
44,8,5,38,37,0
54,8,5,38,53,0
56,8,5,38,56,0
59,8,5,38,59,0
63,8,5,38,63,0
64,8,5,38,57,0
66,8,5,38,66,0
67,8,5,38,58,0
69,8,5,38,69,0
70,8,5,38,70,0
70,8,5,38,70,0
71,8,5,38,71,0
74,8,5,38,67,0
74,8,5,38,68,0
74,8,5,38,74,0
75,8,5,38,75,0
77,8,5,38,74,0
78,8,5,38,78,0
80,8,5,38,65,0
82,8,5,38,82,0
84,8,5,38,79,0
89,8,5,38,89,0
90,8,5,38,59,0
91,8,5,38,91,0
93,8,5,38,85,0
95,8,5,38,95,0
102,8,5,38,102,1
108,8,5,38,108,1
114,8,5,38,114,1
114,8,5,38,114,1
123,8,5,38,123,1
132,8,5,38,72,1
38,10,5,38,22,0
40,10,5,38,39,0
44,10,5,38,36,0
48,10,5,38,48,0
54,10,5,38,38,0
63,10,5,38,63,0
76,10,5,38,76,0
77,10,5,38,77,0
78,10,5,38,78,0
80,10,5,38,80,0
87,10,5,38,56,0
104,10,5,38,72,1
51,12,5,38,51,0
56,12,5,38,56,0
60,12,5,38,60,0
63,12,5,38,63,0
71,12,5,38,71,0
74,12,5,38,74,0
76,15,5,38,76,0
146,15,5,38,59,1
38,18,5,38,33,0
43,18,5,38,43,0
62,18,5,38,62,0
74,18,5,38,74,0
51,20,5,38,44,0
74,20,5,38,68,0
100,28,5,38,93,0
57,35,5,38,57,0
44,38,5,38,44,0
40,40,5,38,37,0
38,0,6,38,29,0
38,0,6,38,33,0
54,0,6,38,54,0
72,0,6,38,72,0
38,2,6,38,22,0
38,2,6,38,24,0
38,2,6,38,28,0
38,2,6,38,30,0
38,2,6,38,31,0
38,2,6,38,33,0
38,2,6,38,34,0
38,2,6,38,38,0
44,2,6,38,24,0
48,2,6,38,48,0
53,2,6,38,53,0
54,2,6,38,54,0
58,2,6,38,58,0
62,2,6,38,62,0
62,2,6,38,62,0
64,2,6,38,64,0
67,2,6,38,67,0
80,2,6,38,59,0
80,2,6,38,80,0
83,2,6,38,83,0
84,2,6,38,84,0
85,2,6,38,85,0
120,2,6,38,120,1
41,5,6,38,41,0
41,5,6,38,41,0
46,5,6,38,46,0
55,5,6,38,55,0
57,5,6,38,57,0
58,5,6,38,47,0
58,5,6,38,58,0
66,5,6,38,66,0
66,5,6,38,66,0
70,5,6,38,70,0
76,5,6,38,76,0
77,5,6,38,77,0
85,5,6,38,85,0
86,5,6,38,86,0
93,5,6,38,93,0
93,5,6,38,93,0
99,5,6,38,99,0
101,5,6,38,101,1
110,5,6,38,110,1
112,5,6,38,112,1
128,5,6,38,128,1
38,8,6,38,31,0
51,8,6,38,51,0
58,8,6,38,58,0
60,8,6,38,60,0
76,8,6,38,76,0
84,8,6,38,75,0
95,8,6,38,95,0
104,8,6,38,104,1
107,8,6,38,107,1
112,8,6,38,112,1
116,8,6,38,116,1
120,8,6,38,120,1
120,8,6,38,120,1
123,8,6,38,123,1
38,10,6,38,20,0
91,10,6,38,91,0
100,10,6,38,100,0
112,10,6,38,93,1
119,10,6,38,119,1
139,10,6,38,139,1
58,12,6,38,58,0
62,12,6,38,62,0
63,12,6,38,63,0
102,12,6,38,102,1
64,15,6,38,61,0
98,20,6,38,98,0
108,22,6,38,69,1
105,30,6,38,105,1
80,40,6,38,79,0
92,0,7,38,92,0
63,2,7,38,63,0
74,2,7,38,74,0
99,2,7,38,99,0
69,8,7,38,69,0
78,8,7,38,78,0
100,12,7,38,80,0
62,62,14,38,59,0
40,0,2,40,21,0
40,0,2,40,22,0
40,0,2,40,24,0
40,0,2,40,32,0
40,0,2,40,36,0
40,2,2,40,12,0
40,2,2,40,15,0
40,2,2,40,19,0
40,2,2,40,19,0
40,2,2,40,23,0
40,2,2,40,24,0
40,2,2,40,30,0
40,2,2,40,31,0
42,2,2,40,13,0
42,2,2,40,20,0
45,2,2,40,33,0
47,2,2,40,47,0
50,2,2,40,19,0
50,2,2,40,44,0
52,2,2,40,52,0
90,2,2,40,67,0
40,5,2,40,18,0
40,5,2,40,19,0
40,5,2,40,27,0
40,5,2,40,28,0
44,5,2,40,38,0
48,5,2,40,30,0
49,5,2,40,46,0
49,5,2,40,49,0
40,8,2,40,19,0
40,8,2,40,26,0
40,8,2,40,26,0
40,8,2,40,28,0
40,8,2,40,33,0
40,8,2,40,35,0
40,8,2,40,36,0
46,8,2,40,39,0
48,8,2,40,48,0
50,8,2,40,50,0
62,8,2,40,62,0
40,10,2,40,27,0
40,10,2,40,30,0
40,10,2,40,36,0
68,10,2,40,68,0
71,10,2,40,71,0
97,10,2,40,36,0
40,12,2,40,22,0
40,12,2,40,23,0
40,15,2,40,22,0
43,15,2,40,43,0
40,0,3,40,3,0
40,0,3,40,10,0
40,0,3,40,12,0
40,0,3,40,17,0
40,0,3,40,22,0
40,0,3,40,24,0
40,0,3,40,25,0
40,0,3,40,26,0
40,0,3,40,36,0
54,0,3,40,35,0
40,2,3,40,18,0
40,2,3,40,19,0
40,2,3,40,19,0
40,2,3,40,21,0
40,2,3,40,21,0
40,2,3,40,23,0
40,2,3,40,24,0
40,2,3,40,25,0
40,2,3,40,25,0
40,2,3,40,25,0
40,2,3,40,27,0
40,2,3,40,27,0
40,2,3,40,29,0
40,2,3,40,30,0
40,2,3,40,30,0
40,2,3,40,31,0
40,2,3,40,31,0
40,2,3,40,32,0
40,2,3,40,32,0
40,2,3,40,33,0
40,2,3,40,34,0
40,2,3,40,35,0
40,2,3,40,35,0
40,2,3,40,39,0
40,2,3,40,39,0
42,2,3,40,31,0
42,2,3,40,42,0
43,2,3,40,39,0
43,2,3,40,43,0
44,2,3,40,44,0
45,2,3,40,43,0
45,2,3,40,45,0
46,2,3,40,46,0
47,2,3,40,47,0
49,2,3,40,40,0
49,2,3,40,47,0
49,2,3,40,49,0
49,2,3,40,49,0
50,2,3,40,40,0
52,2,3,40,52,0
54,2,3,40,52,0
54,2,3,40,54,0
54,2,3,40,54,0
55,2,3,40,55,0
55,2,3,40,55,0
56,2,3,40,56,0
58,2,3,40,58,0
59,2,3,40,59,0
64,2,3,40,64,0
65,2,3,40,65,0
69,2,3,40,69,0
71,2,3,40,51,0
71,2,3,40,71,0
74,2,3,40,59,0
77,2,3,40,46,0
79,2,3,40,68,0
80,2,3,40,40,0
87,2,3,40,87,0
90,2,3,40,90,0
104,2,3,40,46,1
40,5,3,40,12,0
40,5,3,40,15,0
40,5,3,40,20,0
40,5,3,40,21,0
40,5,3,40,21,0
40,5,3,40,24,0
40,5,3,40,27,0
40,5,3,40,29,0
40,5,3,40,30,0
40,5,3,40,31,0
40,5,3,40,35,0
41,5,3,40,41,0
46,5,3,40,33,0
46,5,3,40,46,0
47,5,3,40,31,0
49,5,3,40,40,0
49,5,3,40,42,0
49,5,3,40,49,0
50,5,3,40,50,0
50,5,3,40,50,0
51,5,3,40,51,0
52,5,3,40,52,0
54,5,3,40,29,0
54,5,3,40,54,0
54,5,3,40,54,0
56,5,3,40,56,0
56,5,3,40,56,0
60,5,3,40,60,0
61,5,3,40,57,0
61,5,3,40,61,0
61,5,3,40,61,0
61,5,3,40,61,0
64,5,3,40,52,0
64,5,3,40,55,0
64,5,3,40,60,0
66,5,3,40,66,0
67,5,3,40,42,0
67,5,3,40,67,0
74,5,3,40,32,0
76,5,3,40,76,0
77,5,3,40,41,0
77,5,3,40,57,0
77,5,3,40,59,0
77,5,3,40,62,0
82,5,3,40,82,0
97,5,3,40,97,0
101,5,3,40,64,1
40,8,3,40,11,0
40,8,3,40,19,0
40,8,3,40,20,0
40,8,3,40,33,0
40,8,3,40,39,0
44,8,3,40,37,0
46,8,3,40,37,0
56,8,3,40,56,0
59,8,3,40,59,0
60,8,3,40,60,0
61,8,3,40,61,0
63,8,3,40,63,0
67,8,3,40,67,0
84,8,3,40,59,0
87,8,3,40,36,0
87,8,3,40,59,0
100,8,3,40,44,0
154,8,3,40,64,1
40,10,3,40,4,0
40,10,3,40,23,0
40,10,3,40,28,0
45,10,3,40,45,0
46,10,3,40,28,0
46,10,3,40,46,0
48,10,3,40,48,0
53,10,3,40,53,0
57,10,3,40,57,0
67,10,3,40,67,0
67,10,3,40,67,0
68,10,3,40,68,0
68,10,3,40,68,0
140,10,3,40,57,1
40,12,3,40,27,0
40,12,3,40,29,0
47,12,3,40,42,0
57,12,3,40,57,0
84,12,3,40,54,0
100,12,3,40,63,0
56,15,3,40,56,0
51,18,3,40,51,0
60,18,3,40,60,0
48,20,3,40,43,0
48,20,3,40,48,0
52,25,3,40,52,0
101,38,3,40,79,1
56,42,3,40,56,0
76,76,3,40,43,0
90,86,3,40,65,0
40,0,5,40,16,0
40,0,5,40,24,0
40,0,5,40,29,0
40,0,5,40,29,0
40,0,5,40,33,0
44,0,5,40,19,0
46,0,5,40,35,0
55,0,5,40,55,0
40,2,5,40,12,0
40,2,5,40,16,0
40,2,5,40,16,0
40,2,5,40,23,0
40,2,5,40,25,0
40,2,5,40,26,0
40,2,5,40,27,0
40,2,5,40,27,0
40,2,5,40,27,0
40,2,5,40,28,0
40,2,5,40,29,0
40,2,5,40,31,0
40,2,5,40,31,0
40,2,5,40,31,0
40,2,5,40,32,0
40,2,5,40,33,0
40,2,5,40,36,0
40,2,5,40,36,0
40,2,5,40,38,0
40,2,5,40,39,0
40,2,5,40,39,0
40,2,5,40,40,0
41,2,5,40,18,0
44,2,5,40,44,0
45,2,5,40,45,0
47,2,5,40,24,0
47,2,5,40,47,0
47,2,5,40,47,0
49,2,5,40,49,0
51,2,5,40,51,0
51,2,5,40,51,0
51,2,5,40,51,0
52,2,5,40,52,0
52,2,5,40,52,0
52,2,5,40,52,0
52,2,5,40,52,0
54,2,5,40,54,0
54,2,5,40,54,0
54,2,5,40,54,0
57,2,5,40,57,0
57,2,5,40,57,0
58,2,5,40,34,0
59,2,5,40,59,0
59,2,5,40,59,0
61,2,5,40,61,0
62,2,5,40,62,0
62,2,5,40,62,0
62,2,5,40,62,0
63,2,5,40,63,0
66,2,5,40,66,0
67,2,5,40,67,0
67,2,5,40,67,0
69,2,5,40,69,0
71,2,5,40,71,0
71,2,5,40,71,0
78,2,5,40,78,0
78,2,5,40,78,0
80,2,5,40,80,0
104,2,5,40,58,1
132,2,5,40,132,1
40,5,5,40,27,0
40,5,5,40,29,0
40,5,5,40,35,0
41,5,5,40,33,0
43,5,5,40,36,0
43,5,5,40,43,0
43,5,5,40,43,0
44,5,5,40,31,0
44,5,5,40,44,0
45,5,5,40,44,0
46,5,5,40,36,0
49,5,5,40,40,0
54,5,5,40,54,0
56,5,5,40,56,0
56,5,5,40,56,0
57,5,5,40,57,0
58,5,5,40,58,0
58,5,5,40,58,0
60,5,5,40,60,0
61,5,5,40,61,0
62,5,5,40,62,0
63,5,5,40,63,0
63,5,5,40,63,0
63,5,5,40,63,0
64,5,5,40,57,0
66,5,5,40,66,0
68,5,5,40,68,0
68,5,5,40,68,0
68,5,5,40,68,0
70,5,5,40,70,0
70,5,5,40,70,0
74,5,5,40,57,0
74,5,5,40,67,0
75,5,5,40,75,0
75,5,5,40,75,0
76,5,5,40,76,0
76,5,5,40,76,0
78,5,5,40,78,0
79,5,5,40,79,0
81,5,5,40,81,0
82,5,5,40,82,0
84,5,5,40,84,0
87,5,5,40,87,0
90,5,5,40,38,0
90,5,5,40,70,0
93,5,5,40,80,0
97,5,5,40,97,0
100,5,5,40,55,0
101,5,5,40,78,1
104,5,5,40,55,1
104,5,5,40,73,1
104,5,5,40,78,1
115,5,5,40,68,1
122,5,5,40,54,1
44,8,5,40,43,0
46,8,5,40,46,0
55,8,5,40,55,0
60,8,5,40,60,0
62,8,5,40,62,0
63,8,5,40,63,0
70,8,5,40,70,0
79,8,5,40,79,0
80,8,5,40,80,0
81,8,5,40,81,0
83,8,5,40,83,0
89,8,5,40,89,0
91,8,5,40,91,0
93,8,5,40,89,0
101,8,5,40,96,1
126,8,5,40,56,1
40,10,5,40,14,0
40,10,5,40,39,0
64,10,5,40,64,0
67,10,5,40,52,0
84,10,5,40,84,0
87,10,5,40,87,0
92,10,5,40,92,0
93,10,5,40,82,0
112,10,5,40,70,1
137,10,5,40,137,1
65,12,5,40,65,0
66,12,5,40,66,0
66,12,5,40,66,0
69,12,5,40,69,0
71,12,5,40,69,0
71,12,5,40,71,0
79,12,5,40,79,0
95,12,5,40,95,0
101,12,5,40,63,1
146,12,5,40,95,1
43,15,5,40,37,0
52,15,5,40,52,0
86,15,5,40,86,0
88,15,5,40,88,0
100,15,5,40,84,0
129,15,5,40,62,1
40,18,5,40,34,0
44,18,5,40,27,0
59,18,5,40,59,0
76,18,5,40,76,0
67,20,5,40,67,0
77,28,5,40,61,0
108,30,5,40,66,1
73,32,5,40,73,0
100,32,5,40,95,0
73,35,5,40,73,0
77,35,5,40,72,0
115,35,5,40,97,1
63,38,5,40,63,0
97,40,5,40,97,0
40,0,6,40,20,0
40,0,6,40,29,0
84,0,6,40,84,0
40,2,6,40,24,0
40,2,6,40,25,0
40,2,6,40,29,0
40,2,6,40,32,0
40,2,6,40,32,0
40,2,6,40,36,0
40,2,6,40,39,0
50,2,6,40,44,0
51,2,6,40,51,0
53,2,6,40,53,0
55,2,6,40,55,0
56,2,6,40,56,0
67,2,6,40,67,0
69,2,6,40,69,0
73,2,6,40,73,0
79,2,6,40,79,0
85,2,6,40,85,0
88,2,6,40,88,0
100,2,6,40,67,0
129,2,6,40,129,1
40,5,6,40,21,0
40,5,6,40,23,0
40,5,6,40,30,0
40,5,6,40,30,0
40,5,6,40,32,0
42,5,6,40,42,0
54,5,6,40,54,0
65,5,6,40,65,0
66,5,6,40,66,0
68,5,6,40,68,0
69,5,6,40,69,0
71,5,6,40,56,0
80,5,6,40,80,0
81,5,6,40,81,0
82,5,6,40,82,0
82,5,6,40,82,0
84,5,6,40,65,0
93,5,6,40,93,0
96,5,6,40,96,0
97,5,6,40,97,0
108,5,6,40,97,1
110,5,6,40,110,1
116,5,6,40,116,1
67,8,6,40,67,0
78,8,6,40,78,0
80,8,6,40,80,0
80,8,6,40,80,0
95,8,6,40,95,0
98,8,6,40,98,0
98,8,6,40,98,0
107,8,6,40,107,1
139,8,6,40,139,1
84,10,6,40,77,0
103,10,6,40,103,1
107,10,6,40,107,1
112,10,6,40,106,1
118,10,6,40,118,1
124,10,6,40,124,1
104,12,6,40,104,1
101,18,6,40,91,1
84,20,6,40,84,0
61,22,6,40,61,0
130,28,6,40,130,1
75,30,6,40,75,0
84,30,6,40,71,0
40,0,7,40,33,0
55,2,7,40,55,0
94,2,7,40,94,0
123,2,7,40,123,1
40,5,7,40,21,0
49,5,7,40,49,0
80,5,7,40,80,0
82,5,7,40,82,0
127,5,7,40,127,1
135,5,7,40,135,1
53,8,7,40,53,0
81,8,7,40,81,0
95,8,7,40,95,0
96,8,7,40,96,0
80,10,7,40,73,0
109,10,7,40,109,1
139,12,7,40,139,1
81,18,7,40,81,0
62,18,8,40,62,0
149,20,11,40,149,1
51,0,1,42,36,0
42,2,1,42,23,0
45,2,1,42,35,0
43,5,1,42,43,0
54,5,1,42,52,0
42,8,1,42,29,0
42,30,1,42,24,0
42,0,2,42,10,0
42,2,2,42,10,0
42,2,2,42,11,0
42,2,2,42,12,0
42,2,2,42,13,0
42,2,2,42,14,0
42,2,2,42,21,0
42,2,2,42,22,0
42,2,2,42,31,0
42,2,2,42,35,0
42,2,2,42,36,0
46,2,2,42,35,0
54,2,2,42,39,0
64,2,2,42,53,0
42,5,2,42,16,0
42,5,2,42,25,0
42,5,2,42,30,0
42,5,2,42,30,0
42,5,2,42,38,0
42,5,2,42,38,0
43,5,2,42,39,0
46,5,2,42,46,0
49,5,2,42,45,0
51,5,2,42,51,0
52,5,2,42,52,0
42,8,2,42,32,0
64,8,2,42,64,0
42,10,2,42,16,0
42,10,2,42,17,0
64,10,2,42,39,0
77,10,2,42,40,0
42,12,2,42,18,0
42,12,2,42,31,0
42,25,2,42,33,0
42,32,2,42,23,0
43,35,2,42,42,0
50,40,2,42,50,0
54,54,2,42,28,0
42,0,3,42,10,0
42,0,3,42,12,0
42,0,3,42,16,0
42,0,3,42,21,0
44,0,3,42,31,0
42,2,3,42,13,0
42,2,3,42,17,0
42,2,3,42,19,0
42,2,3,42,20,0
42,2,3,42,21,0
42,2,3,42,22,0
42,2,3,42,22,0
42,2,3,42,22,0
42,2,3,42,23,0
42,2,3,42,23,0
42,2,3,42,23,0
42,2,3,42,24,0
42,2,3,42,25,0
42,2,3,42,25,0
42,2,3,42,25,0
42,2,3,42,26,0
42,2,3,42,28,0
42,2,3,42,29,0
42,2,3,42,31,0
42,2,3,42,31,0
42,2,3,42,31,0
42,2,3,42,32,0
42,2,3,42,33,0
42,2,3,42,35,0
42,2,3,42,37,0
42,2,3,42,38,0
42,2,3,42,39,0
42,2,3,42,40,0
42,2,3,42,40,0
45,2,3,42,25,0
45,2,3,42,45,0
46,2,3,42,32,0
47,2,3,42,47,0
50,2,3,42,40,0
50,2,3,42,46,0
50,2,3,42,50,0
51,2,3,42,42,0
52,2,3,42,52,0
52,2,3,42,52,0
54,2,3,42,54,0
55,2,3,42,55,0
55,2,3,42,55,0
58,2,3,42,47,0
58,2,3,42,47,0
62,2,3,42,62,0
63,2,3,42,63,0
64,2,3,42,64,0
66,2,3,42,66,0
68,2,3,42,68,0
72,2,3,42,72,0
73,2,3,42,73,0
84,2,3,42,36,0
96,2,3,42,96,0
122,2,3,42,60,1
42,5,3,42,15,0
42,5,3,42,17,0
42,5,3,42,20,0
42,5,3,42,21,0
42,5,3,42,22,0
42,5,3,42,24,0
42,5,3,42,26,0
42,5,3,42,27,0
42,5,3,42,27,0
42,5,3,42,29,0
42,5,3,42,30,0
42,5,3,42,30,0
42,5,3,42,31,0
44,5,3,42,44,0
45,5,3,42,15,0
45,5,3,42,45,0
46,5,3,42,16,0
46,5,3,42,32,0
46,5,3,42,39,0
48,5,3,42,44,0
49,5,3,42,49,0
51,5,3,42,34,0
51,5,3,42,51,0
57,5,3,42,57,0
58,5,3,42,58,0
58,5,3,42,58,0
61,5,3,42,53,0
61,5,3,42,58,0
62,5,3,42,62,0
63,5,3,42,63,0
64,5,3,42,64,0
67,5,3,42,60,0
69,5,3,42,69,0
71,5,3,42,71,0
72,5,3,42,72,0
72,5,3,42,72,0
72,5,3,42,72,0
73,5,3,42,73,0
74,5,3,42,35,0
77,5,3,42,77,0
85,5,3,42,85,0
101,5,3,42,66,1
108,5,3,42,78,1
118,5,3,42,74,1
129,5,3,42,59,1
133,5,3,42,133,1
151,5,3,42,65,1
151,5,3,42,73,1
42,8,3,42,20,0
42,8,3,42,34,0
48,8,3,42,40,0
48,8,3,42,48,0
49,8,3,42,49,0
51,8,3,42,34,0
53,8,3,42,53,0
57,8,3,42,57,0
61,8,3,42,44,0
61,8,3,42,61,0
62,8,3,42,62,0
63,8,3,42,63,0
69,8,3,42,69,0
69,8,3,42,69,0
69,8,3,42,69,0
70,8,3,42,70,0
71,8,3,42,41,0
77,8,3,42,43,0
77,8,3,42,60,0
84,8,3,42,84,0
100,8,3,42,63,0
140,8,3,42,47,1
151,8,3,42,70,1
159,8,3,42,80,1
42,10,3,42,23,0
42,10,3,42,37,0
45,10,3,42,45,0
49,10,3,42,49,0
65,10,3,42,65,0
70,10,3,42,70,0
80,10,3,42,75,0
115,10,3,42,54,1
42,12,3,42,33,0
45,12,3,42,45,0
46,12,3,42,43,0
48,12,3,42,40,0
50,12,3,42,50,0
54,12,3,42,35,0
70,12,3,42,70,0
99,12,3,42,99,0
42,15,3,42,22,0
58,15,3,42,54,0
60,15,3,42,60,0
156,15,3,42,57,1
51,20,3,42,51,0
42,32,3,42,35,0
42,0,5,42,16,0
42,0,5,42,17,0
42,0,5,42,24,0
42,0,5,42,27,0
42,0,5,42,28,0
42,0,5,42,38,0
47,0,5,42,47,0
48,0,5,42,38,0
53,0,5,42,53,0
56,0,5,42,56,0
42,2,5,42,1,0
42,2,5,42,4,0
42,2,5,42,19,0
42,2,5,42,21,0
42,2,5,42,22,0
42,2,5,42,23,0
42,2,5,42,23,0
42,2,5,42,24,0
42,2,5,42,25,0
42,2,5,42,28,0
42,2,5,42,28,0
42,2,5,42,31,0
42,2,5,42,32,0
42,2,5,42,34,0
42,2,5,42,34,0
42,2,5,42,36,0
42,2,5,42,36,0
42,2,5,42,39,0
42,2,5,42,42,0
43,2,5,42,18,0
43,2,5,42,18,0
44,2,5,42,38,0
44,2,5,42,41,0
44,2,5,42,43,0
44,2,5,42,44,0
45,2,5,42,22,0
45,2,5,42,45,0
46,2,5,42,30,0
46,2,5,42,46,0
48,2,5,42,34,0
48,2,5,42,48,0
48,2,5,42,48,0
49,2,5,42,28,0
49,2,5,42,36,0
49,2,5,42,49,0
53,2,5,42,53,0
53,2,5,42,53,0
53,2,5,42,53,0
54,2,5,42,23,0
56,2,5,42,56,0
58,2,5,42,58,0
59,2,5,42,59,0
59,2,5,42,59,0
61,2,5,42,40,0
62,2,5,42,62,0
63,2,5,42,63,0
64,2,5,42,57,0
64,2,5,42,58,0
66,2,5,42,66,0
69,2,5,42,69,0
69,2,5,42,69,0
71,2,5,42,56,0
73,2,5,42,73,0
73,2,5,42,73,0
79,2,5,42,79,0
82,2,5,42,82,0
85,2,5,42,85,0
86,2,5,42,86,0
87,2,5,42,61,0
88,2,5,42,88,0
93,2,5,42,40,0
42,5,5,42,18,0
42,5,5,42,19,0
42,5,5,42,26,0
42,5,5,42,28,0
42,5,5,42,35,0
42,5,5,42,40,0
44,5,5,42,44,0
46,5,5,42,29,0
47,5,5,42,22,0
47,5,5,42,38,0
47,5,5,42,47,0
48,5,5,42,48,0
48,5,5,42,48,0
50,5,5,42,40,0
51,5,5,42,49,0
51,5,5,42,51,0
52,5,5,42,52,0
53,5,5,42,53,0
53,5,5,42,53,0
55,5,5,42,55,0
56,5,5,42,56,0
57,5,5,42,57,0
58,5,5,42,41,0
58,5,5,42,58,0
62,5,5,42,62,0
62,5,5,42,62,0
66,5,5,42,66,0
67,5,5,42,67,0
67,5,5,42,67,0
67,5,5,42,67,0
70,5,5,42,70,0
72,5,5,42,72,0
76,5,5,42,76,0
77,5,5,42,60,0
77,5,5,42,65,0
77,5,5,42,68,0
80,5,5,42,78,0
81,5,5,42,81,0
81,5,5,42,81,0
90,5,5,42,69,0
90,5,5,42,74,0
91,5,5,42,91,0
93,5,5,42,93,0
96,5,5,42,96,0
100,5,5,42,100,0
106,5,5,42,106,1
112,5,5,42,112,1
113,5,5,42,113,1
117,5,5,42,117,1
122,5,5,42,75,1
126,5,5,42,49,1
42,8,5,42,8,0
42,8,5,42,15,0
42,8,5,42,21,0
42,8,5,42,25,0
42,8,5,42,38,0
42,8,5,42,40,0
56,8,5,42,56,0
57,8,5,42,57,0
59,8,5,42,59,0
60,8,5,42,60,0
61,8,5,42,61,0
62,8,5,42,62,0
62,8,5,42,62,0
68,8,5,42,68,0
80,8,5,42,79,0
87,8,5,42,87,0
93,8,5,42,62,0
98,8,5,42,98,0
118,8,5,42,29,1
118,8,5,42,36,1
42,10,5,42,24,0
42,10,5,42,30,0
48,10,5,42,47,0
67,10,5,42,65,0
67,10,5,42,67,0
71,10,5,42,71,0
71,10,5,42,71,0
72,10,5,42,72,0
82,10,5,42,82,0
88,10,5,42,88,0
81,12,5,42,81,0
100,12,5,42,89,0
118,12,5,42,96,1
122,12,5,42,82,1
161,12,5,42,66,1
53,15,5,42,53,0
60,15,5,42,60,0
77,15,5,42,77,0
49,20,5,42,49,0
52,32,5,42,52,0
68,42,5,42,68,0
143,50,5,42,99,1
42,0,6,42,14,0
42,0,6,42,24,0
58,0,6,42,58,0
42,2,6,42,18,0
42,2,6,42,26,0
42,2,6,42,29,0
42,2,6,42,29,0
42,2,6,42,29,0
42,2,6,42,31,0
42,2,6,42,36,0
42,2,6,42,36,0
42,2,6,42,40,0
48,2,6,42,42,0
48,2,6,42,48,0
49,2,6,42,33,0
51,2,6,42,51,0
52,2,6,42,52,0
55,2,6,42,55,0
63,2,6,42,63,0
66,2,6,42,66,0
72,2,6,42,72,0
73,2,6,42,73,0
78,2,6,42,78,0
80,2,6,42,76,0
81,2,6,42,81,0
115,2,6,42,65,1
116,2,6,42,116,1
129,2,6,42,77,1
42,5,6,42,23,0
42,5,6,42,23,0
42,5,6,42,32,0
42,5,6,42,39,0
45,5,6,42,45,0
47,5,6,42,29,0
49,5,6,42,46,0
53,5,6,42,53,0
55,5,6,42,55,0
59,5,6,42,59,0
59,5,6,42,59,0
68,5,6,42,68,0
70,5,6,42,70,0
72,5,6,42,72,0
73,5,6,42,73,0
74,5,6,42,74,0
79,5,6,42,79,0
87,5,6,42,87,0
90,5,6,42,81,0
101,5,6,42,101,1
101,5,6,42,101,1
109,5,6,42,109,1
111,5,6,42,111,1
114,5,6,42,114,1
118,5,6,42,64,1
120,5,6,42,120,1
131,5,6,42,131,1
42,8,6,42,15,0
42,8,6,42,40,0
57,8,6,42,57,0
60,8,6,42,60,0
66,8,6,42,66,0
68,8,6,42,68,0
73,8,6,42,73,0
74,8,6,42,74,0
77,8,6,42,77,0
81,8,6,42,81,0
87,8,6,42,83,0
91,8,6,42,91,0
91,8,6,42,91,0
93,8,6,42,93,0
95,8,6,42,95,0
107,8,6,42,107,1
124,8,6,42,124,1
42,10,6,42,21,0
70,10,6,42,70,0
77,10,6,42,77,0
79,10,6,42,79,0
87,10,6,42,80,0
87,10,6,42,84,0
90,10,6,42,61,0
102,10,6,42,102,1
129,10,6,42,38,1
98,12,6,42,98,0
151,12,6,42,118,1
45,15,6,42,45,0
65,15,6,42,65,0
96,15,6,42,96,0
58,18,6,42,58,0
115,18,6,42,115,1
90,20,6,42,61,0
146,20,6,42,146,1
42,0,7,42,22,0
42,0,7,42,28,0
42,0,7,42,36,0
42,0,7,42,39,0
56,2,7,42,56,0
73,2,7,42,73,0
109,2,7,42,109,1
47,5,7,42,47,0
61,5,7,42,61,0
80,5,7,42,80,0
93,5,7,42,93,0
96,5,7,42,96,0
125,18,7,42,125,1
164,28,7,42,134,1
59,38,9,42,40,0
43,28,10,42,43,0
43,8,1,43,23,0
43,0,2,43,16,0
43,0,2,43,20,0
43,0,2,43,22,0
43,2,2,43,9,0
43,2,2,43,17,0
43,2,2,43,17,0
43,2,2,43,18,0
43,2,2,43,18,0
43,2,2,43,18,0
43,2,2,43,21,0
43,2,2,43,28,0
43,2,2,43,31,0
46,2,2,43,46,0
55,2,2,43,55,0
43,5,2,43,8,0
43,5,2,43,13,0
43,5,2,43,19,0
43,5,2,43,28,0
49,5,2,43,41,0
54,5,2,43,54,0
43,8,2,43,22,0
43,8,2,43,29,0
43,8,2,43,31,0
45,8,2,43,42,0
49,8,2,43,49,0
54,8,2,43,37,0
44,10,2,43,44,0
43,18,2,43,23,0
53,53,2,43,39,0
43,0,3,43,19,0
43,0,3,43,24,0
43,0,3,43,27,0
45,0,3,43,45,0
53,0,3,43,53,0
43,2,3,43,12,0
43,2,3,43,15,0
43,2,3,43,16,0
43,2,3,43,16,0
43,2,3,43,16,0
43,2,3,43,18,0
43,2,3,43,19,0
43,2,3,43,20,0
43,2,3,43,22,0
43,2,3,43,24,0
43,2,3,43,26,0
43,2,3,43,28,0
43,2,3,43,34,0
43,2,3,43,39,0
43,2,3,43,40,0
43,2,3,43,41,0
43,2,3,43,42,0
43,2,3,43,42,0
44,2,3,43,21,0
44,2,3,43,26,0
44,2,3,43,44,0
46,2,3,43,46,0
47,2,3,43,47,0
49,2,3,43,49,0
51,2,3,43,51,0
52,2,3,43,45,0
57,2,3,43,57,0
59,2,3,43,59,0
59,2,3,43,59,0
64,2,3,43,29,0
72,2,3,43,72,0
79,2,3,43,79,0
90,2,3,43,38,0
43,5,3,43,19,0
43,5,3,43,19,0
43,5,3,43,29,0
43,5,3,43,29,0
43,5,3,43,29,0
43,5,3,43,30,0
43,5,3,43,32,0
43,5,3,43,34,0
43,5,3,43,39,0
44,5,3,43,27,0
47,5,3,43,32,0
50,5,3,43,38,0
50,5,3,43,40,0
50,5,3,43,50,0
52,5,3,43,52,0
54,5,3,43,54,0
58,5,3,43,58,0
59,5,3,43,59,0
63,5,3,43,63,0
68,5,3,43,68,0
71,5,3,43,52,0
71,5,3,43,71,0
73,5,3,43,73,0
74,5,3,43,33,0
74,5,3,43,74,0
78,5,3,43,78,0
78,5,3,43,78,0
80,5,3,43,39,0
80,5,3,43,71,0
87,5,3,43,81,0
90,5,3,43,58,0
43,8,3,43,28,0
43,8,3,43,28,0
43,8,3,43,29,0
45,8,3,43,34,0
46,8,3,43,46,0
49,8,3,43,49,0
49,8,3,43,49,0
56,8,3,43,56,0
61,8,3,43,61,0
64,8,3,43,64,0
68,8,3,43,68,0
71,8,3,43,38,0
71,8,3,43,63,0
74,8,3,43,74,0
140,8,3,43,60,1
43,10,3,43,29,0
71,10,3,43,55,0
87,10,3,43,69,0
150,10,3,43,69,1
46,12,3,43,41,0
43,15,3,43,32,0
45,15,3,43,41,0
77,15,3,43,61,0
55,20,3,43,55,0
69,20,3,43,69,0
53,28,3,43,53,0
43,32,3,43,43,0
100,38,3,43,76,0
43,0,5,43,13,0
43,0,5,43,17,0
43,0,5,43,21,0
43,0,5,43,24,0
43,0,5,43,29,0
43,0,5,43,29,0
43,0,5,43,33,0
43,0,5,43,33,0
43,0,5,43,41,0
67,0,5,43,25,0
43,2,5,43,5,0
43,2,5,43,11,0
43,2,5,43,21,0
43,2,5,43,25,0
43,2,5,43,25,0
43,2,5,43,25,0
43,2,5,43,25,0
43,2,5,43,26,0
43,2,5,43,27,0
43,2,5,43,28,0
43,2,5,43,28,0
43,2,5,43,32,0
43,2,5,43,33,0
43,2,5,43,34,0
43,2,5,43,34,0
43,2,5,43,35,0
43,2,5,43,36,0
43,2,5,43,36,0
43,2,5,43,37,0
43,2,5,43,37,0
43,2,5,43,39,0
43,2,5,43,42,0
43,2,5,43,42,0
43,2,5,43,42,0
43,2,5,43,43,0
44,2,5,43,40,0
46,2,5,43,24,0
46,2,5,43,46,0
47,2,5,43,31,0
47,2,5,43,47,0
49,2,5,43,49,0
49,2,5,43,49,0
51,2,5,43,51,0
51,2,5,43,51,0
54,2,5,43,45,0
54,2,5,43,54,0
54,2,5,43,54,0
55,2,5,43,55,0
55,2,5,43,55,0
58,2,5,43,30,0
58,2,5,43,58,0
61,2,5,43,61,0
61,2,5,43,61,0
63,2,5,43,63,0
65,2,5,43,65,0
65,2,5,43,65,0
66,2,5,43,66,0
67,2,5,43,67,0
67,2,5,43,67,0
68,2,5,43,68,0
71,2,5,43,40,0
71,2,5,43,59,0
76,2,5,43,76,0
77,2,5,43,77,0
78,2,5,43,78,0
79,2,5,43,58,0
79,2,5,43,79,0
80,2,5,43,76,0
81,2,5,43,81,0
82,2,5,43,82,0
88,2,5,43,88,0
93,2,5,43,52,0
98,2,5,43,98,0
122,2,5,43,59,1
43,5,5,43,14,0
43,5,5,43,17,0
43,5,5,43,20,0
43,5,5,43,20,0
43,5,5,43,22,0
43,5,5,43,26,0
43,5,5,43,27,0
43,5,5,43,30,0
43,5,5,43,32,0
43,5,5,43,33,0
43,5,5,43,37,0
44,5,5,43,21,0
46,5,5,43,38,0
46,5,5,43,46,0
47,5,5,43,35,0
47,5,5,43,43,0
49,5,5,43,32,0
49,5,5,43,36,0
49,5,5,43,40,0
51,5,5,43,51,0
51,5,5,43,51,0
52,5,5,43,52,0
53,5,5,43,53,0
54,5,5,43,54,0
56,5,5,43,56,0
56,5,5,43,56,0
58,5,5,43,32,0
58,5,5,43,47,0
58,5,5,43,58,0
60,5,5,43,60,0
61,5,5,43,61,0
63,5,5,43,63,0
64,5,5,43,49,0
64,5,5,43,61,0
64,5,5,43,64,0
66,5,5,43,66,0
66,5,5,43,66,0
66,5,5,43,66,0
67,5,5,43,67,0
67,5,5,43,67,0
68,5,5,43,68,0
68,5,5,43,68,0
68,5,5,43,68,0
69,5,5,43,69,0
72,5,5,43,72,0
73,5,5,43,73,0
74,5,5,43,62,0
75,5,5,43,75,0
77,5,5,43,60,0
77,5,5,43,77,0
78,5,5,43,78,0
80,5,5,43,63,0
81,5,5,43,81,0
81,5,5,43,81,0
83,5,5,43,83,0
86,5,5,43,86,0
86,5,5,43,86,0
86,5,5,43,86,0
99,5,5,43,99,0
112,5,5,43,106,1
112,5,5,43,112,1
122,5,5,43,73,1
161,5,5,43,81,1
43,8,5,43,18,0
43,8,5,43,26,0
43,8,5,43,27,0
43,8,5,43,39,0
43,8,5,43,41,0
43,8,5,43,43,0
53,8,5,43,53,0
55,8,5,43,55,0
57,8,5,43,57,0
60,8,5,43,60,0
61,8,5,43,49,0
64,8,5,43,56,0
64,8,5,43,64,0
64,8,5,43,64,0
69,8,5,43,69,0
73,8,5,43,73,0
76,8,5,43,76,0
84,8,5,43,78,0
85,8,5,43,85,0
86,8,5,43,86,0
87,8,5,43,63,0
97,8,5,43,97,0
103,8,5,43,103,1
104,8,5,43,58,1
118,8,5,43,77,1
122,8,5,43,105,1
129,8,5,43,63,1
43,10,5,43,25,0
43,10,5,43,38,0
43,10,5,43,38,0
45,10,5,43,45,0
66,10,5,43,66,0
72,10,5,43,72,0
72,10,5,43,72,0
77,10,5,43,67,0
84,10,5,43,65,0
90,10,5,43,90,0
120,10,5,43,120,1
43,12,5,43,41,0
47,12,5,43,47,0
55,12,5,43,55,0
67,12,5,43,62,0
74,12,5,43,74,0
84,12,5,43,47,0
97,12,5,43,76,0
72,15,5,43,72,0
84,15,5,43,82,0
74,18,5,43,68,0
58,20,5,43,58,0
82,20,5,43,82,0
46,30,5,43,46,0
57,30,5,43,57,0
90,30,5,43,90,0
87,71,5,43,80,0
44,0,6,43,32,0
52,0,6,43,52,0
63,0,6,43,63,0
43,2,6,43,23,0
43,2,6,43,33,0
43,2,6,43,33,0
43,2,6,43,36,0
43,2,6,43,37,0
44,2,6,43,43,0
51,2,6,43,47,0
73,2,6,43,73,0
87,2,6,43,87,0
96,2,6,43,96,0
43,5,6,43,13,0
43,5,6,43,14,0
43,5,6,43,17,0
43,5,6,43,24,0
43,5,6,43,41,0
43,5,6,43,43,0
46,5,6,43,41,0
55,5,6,43,55,0
73,5,6,43,73,0
74,5,6,43,74,0
75,5,6,43,75,0
76,5,6,43,76,0
77,5,6,43,77,0
81,5,6,43,81,0
82,5,6,43,82,0
87,5,6,43,87,0
91,5,6,43,91,0
92,5,6,43,92,0
102,5,6,43,102,1
57,8,6,43,57,0
62,8,6,43,62,0
71,8,6,43,71,0
74,8,6,43,66,0
74,8,6,43,74,0
84,8,6,43,84,0
86,8,6,43,86,0
86,8,6,43,86,0
93,8,6,43,74,0
94,8,6,43,94,0
96,8,6,43,96,0
112,8,6,43,112,1
134,8,6,43,134,1
51,10,6,43,51,0
69,10,6,43,69,0
72,10,6,43,72,0
74,10,6,43,74,0
104,10,6,43,90,1
118,10,6,43,118,1
107,12,6,43,107,1
122,12,6,43,122,1
78,15,6,43,78,0
88,15,6,43,88,0
93,15,6,43,93,0
80,18,6,43,80,0
87,18,6,43,81,0
97,18,6,43,97,0
80,22,6,43,61,0
89,25,6,43,89,0
68,28,6,43,68,0
47,35,6,43,47,0
53,35,6,43,53,0
43,2,7,43,28,0
63,2,7,43,63,0
66,2,7,43,66,0
69,2,7,43,69,0
109,2,7,43,109,1
43,5,7,43,14,0
69,5,7,43,69,0
79,5,7,43,79,0
80,5,7,43,80,0
83,5,7,43,83,0
84,5,7,43,83,0
102,5,7,43,102,1
71,8,7,43,71,0
70,30,7,43,70,0
67,20,8,43,66,0
43,0,9,43,35,0
45,5,1,45,39,0
47,5,1,45,47,0
69,5,1,45,69,0
45,28,1,45,22,0
64,0,2,45,64,0
45,2,2,45,4,0
45,2,2,45,15,0
45,2,2,45,18,0
45,2,2,45,27,0
45,2,2,45,27,0
45,2,2,45,42,0
47,2,2,45,38,0
54,2,2,45,50,0
45,5,2,45,27,0
45,5,2,45,31,0
45,5,2,45,31,0
45,5,2,45,44,0
46,5,2,45,46,0
50,5,2,45,50,0
58,5,2,45,47,0
75,5,2,45,75,0
45,8,2,45,21,0
45,8,2,45,22,0
45,8,2,45,33,0
45,8,2,45,37,0
46,8,2,45,46,0
45,12,2,45,22,0
45,12,2,45,36,0
45,12,2,45,39,0
50,12,2,45,44,0
58,12,2,45,42,0
87,12,2,45,46,0
45,15,2,45,35,0
45,0,3,45,17,0
45,0,3,45,24,0
45,2,3,45,6,0
45,2,3,45,9,0
45,2,3,45,18,0
45,2,3,45,19,0
45,2,3,45,21,0
45,2,3,45,26,0
45,2,3,45,27,0
45,2,3,45,30,0
45,2,3,45,31,0
45,2,3,45,31,0
45,2,3,45,32,0
45,2,3,45,36,0
45,2,3,45,37,0
45,2,3,45,38,0
45,2,3,45,39,0
45,2,3,45,45,0
46,2,3,45,45,0
51,2,3,45,47,0
51,2,3,45,51,0
51,2,3,45,51,0
53,2,3,45,53,0
62,2,3,45,62,0
67,2,3,45,67,0
67,2,3,45,67,0
80,2,3,45,46,0
80,2,3,45,60,0
84,2,3,45,68,0
101,2,3,45,64,1
45,5,3,45,19,0
45,5,3,45,20,0
45,5,3,45,23,0
45,5,3,45,24,0
45,5,3,45,35,0
45,5,3,45,40,0
46,5,3,45,46,0
48,5,3,45,31,0
48,5,3,45,48,0
49,5,3,45,49,0
49,5,3,45,49,0
51,5,3,45,51,0
51,5,3,45,51,0
51,5,3,45,51,0
53,5,3,45,53,0
54,5,3,45,54,0
58,5,3,45,58,0
60,5,3,45,60,0
63,5,3,45,63,0
63,5,3,45,63,0
69,5,3,45,69,0
71,5,3,45,42,0
84,5,3,45,55,0
100,5,3,45,50,0
115,5,3,45,46,1
125,5,3,45,125,1
45,8,3,45,24,0
45,8,3,45,26,0
45,8,3,45,28,0
45,8,3,45,42,0
45,8,3,45,43,0
47,8,3,45,35,0
49,8,3,45,44,0
51,8,3,45,51,0
54,8,3,45,54,0
64,8,3,45,64,0
74,8,3,45,66,0
74,8,3,45,69,0
84,8,3,45,38,0
96,8,3,45,96,0
108,8,3,45,73,1
45,10,3,45,29,0
59,10,3,45,59,0
48,12,3,45,48,0
72,18,3,45,72,0
56,20,3,45,56,0
126,20,3,45,53,1
112,22,3,45,60,1
46,32,3,45,42,0
45,0,5,45,20,0
45,0,5,45,32,0
45,0,5,45,36,0
48,0,5,45,39,0
45,2,5,45,14,0
45,2,5,45,19,0
45,2,5,45,19,0
45,2,5,45,19,0
45,2,5,45,21,0
45,2,5,45,24,0
45,2,5,45,25,0
45,2,5,45,26,0
45,2,5,45,26,0
45,2,5,45,30,0
45,2,5,45,30,0
45,2,5,45,31,0
45,2,5,45,34,0
45,2,5,45,34,0
45,2,5,45,35,0
45,2,5,45,35,0
45,2,5,45,36,0
45,2,5,45,36,0
45,2,5,45,41,0
45,2,5,45,41,0
45,2,5,45,43,0
45,2,5,45,43,0
45,2,5,45,44,0
45,2,5,45,44,0
46,2,5,45,46,0
47,2,5,45,15,0
48,2,5,45,48,0
48,2,5,45,48,0
50,2,5,45,49,0
51,2,5,45,51,0
51,2,5,45,51,0
52,2,5,45,52,0
52,2,5,45,52,0
55,2,5,45,55,0
57,2,5,45,57,0
57,2,5,45,57,0
58,2,5,45,58,0
60,2,5,45,60,0
62,2,5,45,62,0
62,2,5,45,62,0
63,2,5,45,63,0
64,2,5,45,64,0
66,2,5,45,66,0
69,2,5,45,69,0
71,2,5,45,71,0
71,2,5,45,71,0
74,2,5,45,50,0
75,2,5,45,75,0
81,2,5,45,81,0
45,5,5,45,17,0
45,5,5,45,24,0
45,5,5,45,29,0
45,5,5,45,30,0
45,5,5,45,30,0
45,5,5,45,30,0
45,5,5,45,32,0
45,5,5,45,32,0
45,5,5,45,32,0
45,5,5,45,34,0
50,5,5,45,50,0
51,5,5,45,51,0
58,5,5,45,58,0
61,5,5,45,61,0
62,5,5,45,62,0
63,5,5,45,63,0
69,5,5,45,69,0
70,5,5,45,70,0
71,5,5,45,67,0
72,5,5,45,72,0
72,5,5,45,72,0
74,5,5,45,74,0
75,5,5,45,75,0
76,5,5,45,76,0
77,5,5,45,67,0
80,5,5,45,80,0
87,5,5,45,52,0
96,5,5,45,96,0
96,5,5,45,96,0
103,5,5,45,103,1
104,5,5,45,60,1
104,5,5,45,76,1
110,5,5,45,110,1
129,5,5,45,95,1
143,5,5,45,72,1
45,8,5,45,36,0
47,8,5,45,34,0
50,8,5,45,44,0
56,8,5,45,56,0
65,8,5,45,65,0
67,8,5,45,63,0
82,8,5,45,82,0
84,8,5,45,53,0
87,8,5,45,61,0
88,8,5,45,88,0
88,8,5,45,88,0
94,8,5,45,94,0
95,8,5,45,95,0
101,8,5,45,58,1
101,8,5,45,71,1
101,8,5,45,101,1
115,8,5,45,59,1
156,8,5,45,68,1
164,8,5,45,69,1
50,10,5,45,50,0
67,10,5,45,67,0
84,10,5,45,65,0
101,10,5,45,84,1
143,10,5,45,71,1
146,10,5,45,75,1
45,12,5,45,33,0
61,12,5,45,54,0
61,12,5,45,59,0
69,12,5,45,69,0
77,12,5,45,50,0
84,12,5,45,56,0
86,12,5,45,86,0
98,12,5,45,98,0
49,15,5,45,49,0
58,15,5,45,56,0
108,15,5,45,70,1
60,18,5,45,60,0
79,18,5,45,79,0
79,20,5,45,79,0
115,22,5,45,99,1
86,28,5,45,86,0
100,30,5,45,79,0
45,0,6,45,31,0
45,0,6,45,35,0
45,2,6,45,24,0
45,2,6,45,24,0
45,2,6,45,29,0
45,2,6,45,30,0
45,2,6,45,33,0
45,2,6,45,36,0
45,2,6,45,37,0
45,2,6,45,37,0
45,2,6,45,37,0
45,2,6,45,40,0
45,2,6,45,42,0
45,2,6,45,45,0
46,2,6,45,34,0
47,2,6,45,47,0
50,2,6,45,47,0
59,2,6,45,59,0
62,2,6,45,62,0
72,2,6,45,72,0
77,2,6,45,77,0
83,2,6,45,83,0
84,2,6,45,84,0
108,2,6,45,84,1
45,5,6,45,21,0
45,5,6,45,27,0
45,5,6,45,28,0
45,5,6,45,31,0
45,5,6,45,34,0
45,5,6,45,34,0
45,5,6,45,37,0
45,5,6,45,39,0
45,5,6,45,44,0
48,5,6,45,48,0
49,5,6,45,49,0
58,5,6,45,58,0
58,5,6,45,58,0
61,5,6,45,41,0
61,5,6,45,61,0
61,5,6,45,61,0
69,5,6,45,69,0
78,5,6,45,78,0
80,5,6,45,69,0
80,5,6,45,80,0
89,5,6,45,89,0
90,5,6,45,90,0
94,5,6,45,94,0
97,5,6,45,97,0
98,5,6,45,98,0
103,5,6,45,103,1
106,5,6,45,106,1
116,5,6,45,116,1
121,5,6,45,121,1
138,5,6,45,138,1
45,8,6,45,35,0
47,8,6,45,36,0
66,8,6,45,66,0
78,8,6,45,78,0
81,8,6,45,81,0
82,8,6,45,82,0
103,8,6,45,103,1
110,8,6,45,110,1
115,8,6,45,79,1
115,8,6,45,115,1
46,10,6,45,36,0
57,10,6,45,57,0
66,10,6,45,66,0
73,10,6,45,73,0
81,10,6,45,81,0
82,10,6,45,82,0
91,10,6,45,91,0
114,10,6,45,114,1
126,10,6,45,81,1
45,12,6,45,24,0
65,12,6,45,65,0
59,15,6,45,59,0
77,15,6,45,65,0
127,20,6,45,127,1
71,38,6,45,71,0
110,79,6,45,110,1
45,2,7,45,32,0
45,2,7,45,35,0
45,2,7,45,41,0
55,2,7,45,55,0
56,2,7,45,56,0
56,2,7,45,56,0
67,2,7,45,67,0
76,2,7,45,76,0
83,2,7,45,83,0
94,2,7,45,94,0
140,2,7,45,140,1
45,5,7,45,40,0
77,5,7,45,77,0
86,5,7,45,86,0
116,5,7,45,116,1
121,5,7,45,121,1
107,18,7,45,107,1
45,2,8,45,35,0
146,5,8,45,146,1
78,10,10,45,78,0
47,8,1,47,40,0
47,0,2,47,23,0
47,2,2,47,13,0
47,2,2,47,21,0
47,5,2,47,21,0
47,5,2,47,23,0
47,5,2,47,24,0
47,5,2,47,28,0
47,5,2,47,38,0
47,5,2,47,43,0
48,5,2,47,31,0
52,5,2,47,52,0
84,5,2,47,84,0
47,8,2,47,21,0
54,8,2,47,54,0
47,10,2,47,35,0
47,10,2,47,44,0
76,10,2,47,76,0
106,10,2,47,77,1
47,12,2,47,32,0
47,0,3,47,24,0
47,0,3,47,28,0
47,0,3,47,41,0
47,2,3,47,11,0
47,2,3,47,15,0
47,2,3,47,18,0
47,2,3,47,22,0
47,2,3,47,22,0
47,2,3,47,24,0
47,2,3,47,24,0
47,2,3,47,25,0
47,2,3,47,27,0
47,2,3,47,27,0
47,2,3,47,29,0
47,2,3,47,29,0
47,2,3,47,31,0
47,2,3,47,33,0
47,2,3,47,37,0
47,2,3,47,44,0
47,2,3,47,44,0
47,2,3,47,47,0
51,2,3,47,37,0
53,2,3,47,53,0
58,2,3,47,58,0
67,2,3,47,36,0
67,2,3,47,42,0
71,2,3,47,71,0
74,2,3,47,40,0
80,2,3,47,48,0
89,2,3,47,89,0
47,5,3,47,13,0
47,5,3,47,18,0
47,5,3,47,26,0
47,5,3,47,28,0
47,5,3,47,35,0
47,5,3,47,42,0
47,5,3,47,42,0
47,5,3,47,45,0
50,5,3,47,50,0
51,5,3,47,37,0
58,5,3,47,47,0
61,5,3,47,61,0
66,5,3,47,66,0
67,5,3,47,65,0
69,5,3,47,69,0
73,5,3,47,73,0
74,5,3,47,41,0
115,5,3,47,61,1
132,5,3,47,54,1
47,8,3,47,24,0
47,8,3,47,29,0
47,8,3,47,29,0
47,8,3,47,46,0
47,8,3,47,46,0
47,8,3,47,47,0
59,8,3,47,59,0
60,8,3,47,60,0
61,8,3,47,34,0
61,8,3,47,59,0
63,8,3,47,63,0
74,8,3,47,74,0
80,8,3,47,65,0
101,8,3,47,76,1
54,10,3,47,54,0
58,10,3,47,58,0
60,10,3,47,60,0
101,10,3,47,72,1
47,15,3,47,36,0
72,72,3,47,70,0
47,0,5,47,31,0
47,0,5,47,44,0
47,2,5,47,11,0
47,2,5,47,15,0
47,2,5,47,18,0
47,2,5,47,22,0
47,2,5,47,22,0
47,2,5,47,23,0
47,2,5,47,23,0
47,2,5,47,24,0
47,2,5,47,24,0
47,2,5,47,25,0
47,2,5,47,25,0
47,2,5,47,28,0
47,2,5,47,31,0
47,2,5,47,32,0
47,2,5,47,33,0
47,2,5,47,33,0
47,2,5,47,34,0
47,2,5,47,34,0
47,2,5,47,38,0
47,2,5,47,39,0
47,2,5,47,39,0
47,2,5,47,39,0
47,2,5,47,40,0
47,2,5,47,42,0
47,2,5,47,43,0
47,2,5,47,43,0
47,2,5,47,45,0
47,2,5,47,47,0
48,2,5,47,37,0
48,2,5,47,48,0
49,2,5,47,34,0
51,2,5,47,39,0
52,2,5,47,52,0
53,2,5,47,53,0
54,2,5,47,54,0
55,2,5,47,55,0
56,2,5,47,56,0
57,2,5,47,57,0
59,2,5,47,59,0
61,2,5,47,55,0
64,2,5,47,20,0
64,2,5,47,64,0
67,2,5,47,67,0
67,2,5,47,67,0
74,2,5,47,74,0
75,2,5,47,75,0
75,2,5,47,75,0
76,2,5,47,76,0
79,2,5,47,79,0
81,2,5,47,81,0
85,2,5,47,85,0
85,2,5,47,85,0
89,2,5,47,89,0
108,2,5,47,108,1
115,2,5,47,59,1
47,5,5,47,21,0
47,5,5,47,23,0
47,5,5,47,25,0
47,5,5,47,26,0
47,5,5,47,26,0
47,5,5,47,32,0
47,5,5,47,32,0
47,5,5,47,35,0
47,5,5,47,35,0
47,5,5,47,36,0
47,5,5,47,36,0
47,5,5,47,39,0
47,5,5,47,42,0
47,5,5,47,42,0
47,5,5,47,46,0
48,5,5,47,37,0
49,5,5,47,49,0
51,5,5,47,48,0
53,5,5,47,53,0
54,5,5,47,54,0
58,5,5,47,58,0
60,5,5,47,60,0
62,5,5,47,62,0
63,5,5,47,63,0
65,5,5,47,65,0
69,5,5,47,69,0
69,5,5,47,69,0
71,5,5,47,71,0
72,5,5,47,72,0
73,5,5,47,73,0
75,5,5,47,75,0
75,5,5,47,75,0
76,5,5,47,76,0
77,5,5,47,77,0
79,5,5,47,79,0
84,5,5,47,71,0
86,5,5,47,86,0
90,5,5,47,49,0
91,5,5,47,91,0
91,5,5,47,91,0
101,5,5,47,63,1
108,5,5,47,78,1
112,5,5,47,56,1
122,5,5,47,50,1
126,5,5,47,42,1
140,5,5,47,127,1
47,8,5,47,35,0
47,8,5,47,45,0
49,8,5,47,49,0
55,8,5,47,55,0
56,8,5,47,56,0
58,8,5,47,58,0
61,8,5,47,54,0
63,8,5,47,63,0
69,8,5,47,69,0
69,8,5,47,69,0
71,8,5,47,71,0
71,8,5,47,71,0
72,8,5,47,72,0
72,8,5,47,72,0
74,8,5,47,74,0
76,8,5,47,76,0
77,8,5,47,72,0
77,8,5,47,77,0
78,8,5,47,78,0
79,8,5,47,79,0
82,8,5,47,82,0
90,8,5,47,90,0
93,8,5,47,28,0
97,8,5,47,97,0
126,8,5,47,62,1
126,8,5,47,69,1
150,8,5,47,72,1
156,8,5,47,70,1
156,8,5,47,74,1
47,10,5,47,17,0
47,10,5,47,46,0
47,10,5,47,47,0
56,10,5,47,56,0
70,10,5,47,70,0
72,10,5,47,72,0
74,10,5,47,74,0
75,10,5,47,75,0
77,10,5,47,71,0
80,10,5,47,44,0
92,10,5,47,92,0
47,12,5,47,46,0
52,12,5,47,52,0
52,12,5,47,52,0
54,12,5,47,54,0
61,12,5,47,42,0
61,12,5,47,59,0
67,12,5,47,67,0
110,12,5,47,110,1
47,15,5,47,33,0
64,15,5,47,46,0
47,18,5,47,33,0
47,25,5,47,38,0
49,25,5,47,49,0
47,28,5,47,26,0
68,35,5,47,68,0
73,38,5,47,73,0
79,76,5,47,79,0
83,83,5,47,71,0
53,0,6,47,53,0
47,2,6,47,18,0
47,2,6,47,20,0
47,2,6,47,26,0
47,2,6,47,30,0
47,2,6,47,31,0
47,2,6,47,31,0
47,2,6,47,32,0
47,2,6,47,34,0
47,2,6,47,38,0
47,2,6,47,44,0
47,2,6,47,44,0
47,2,6,47,45,0
50,2,6,47,37,0
54,2,6,47,54,0
54,2,6,47,54,0
55,2,6,47,55,0
68,2,6,47,68,0
73,2,6,47,73,0
75,2,6,47,75,0
76,2,6,47,76,0
78,2,6,47,78,0
88,2,6,47,88,0
97,2,6,47,97,0
100,2,6,47,100,0
47,5,6,47,29,0
49,5,6,47,44,0
56,5,6,47,56,0
61,5,6,47,61,0
62,5,6,47,62,0
65,5,6,47,65,0
65,5,6,47,65,0
66,5,6,47,66,0
68,5,6,47,68,0
73,5,6,47,73,0
74,5,6,47,74,0
77,5,6,47,76,0
79,5,6,47,79,0
79,5,6,47,79,0
80,5,6,47,80,0
84,5,6,47,48,0
84,5,6,47,84,0
87,5,6,47,87,0
89,5,6,47,89,0
90,5,6,47,77,0
92,5,6,47,92,0
93,5,6,47,93,0
97,5,6,47,63,0
99,5,6,47,99,0
99,5,6,47,99,0
100,5,6,47,79,0
101,5,6,47,101,1
118,5,6,47,64,1
120,5,6,47,120,1
125,5,6,47,125,1
47,8,6,47,20,0
47,8,6,47,27,0
47,8,6,47,35,0
51,8,6,47,51,0
54,8,6,47,53,0
57,8,6,47,57,0
78,8,6,47,78,0
78,8,6,47,78,0
89,8,6,47,89,0
90,8,6,47,90,0
100,8,6,47,66,0
51,10,6,47,51,0
66,10,6,47,66,0
72,10,6,47,72,0
80,10,6,47,80,0
83,10,6,47,83,0
89,10,6,47,89,0
89,10,6,47,89,0
100,10,6,47,66,0
108,10,6,47,89,1
119,10,6,47,119,1
74,12,6,47,74,0
80,12,6,47,80,0
113,12,6,47,113,1
118,12,6,47,65,1
154,12,6,47,129,1
47,15,6,47,18,0
47,15,6,47,24,0
118,18,6,47,118,1
89,22,6,47,89,0
97,22,6,47,76,0
104,42,6,47,104,1
47,0,7,47,20,0
47,0,7,47,26,0
47,0,7,47,36,0
47,2,7,47,31,0
47,2,7,47,32,0
47,2,7,47,47,0
63,2,7,47,63,0
66,2,7,47,66,0
47,5,7,47,28,0
62,5,7,47,62,0
70,5,7,47,70,0
86,5,7,47,86,0
101,5,7,47,101,1
106,5,7,47,106,1
129,5,7,47,67,1
47,8,7,47,42,0
78,8,7,47,78,0
80,8,7,47,62,0
85,8,7,47,85,0
119,8,7,47,119,1
128,8,7,47,128,1
125,10,7,47,125,1
85,12,7,47,85,0
69,18,7,47,69,0
149,18,7,47,149,1
77,32,7,47,64,0
47,0,8,47,28,0
47,2,8,47,31,0
64,2,8,47,64,0
85,2,8,47,85,0
47,5,8,47,34,0
47,5,8,47,40,0
86,5,8,47,86,0
80,10,8,47,74,0
82,18,8,47,82,0
159,25,8,47,123,1
69,5,12,47,69,0
48,2,2,48,27,0
48,2,2,48,31,0
48,2,2,48,31,0
48,2,2,48,36,0
48,2,2,48,36,0
48,2,2,48,38,0
48,5,2,48,29,0
48,5,2,48,29,0
48,5,2,48,31,0
48,5,2,48,37,0
58,5,2,48,35,0
48,8,2,48,31,0
48,8,2,48,46,0
58,8,2,48,58,0
50,12,2,48,47,0
48,0,3,48,21,0
55,0,3,48,55,0
75,0,3,48,75,0
48,2,3,48,13,0
48,2,3,48,17,0
48,2,3,48,20,0
48,2,3,48,23,0
48,2,3,48,23,0
48,2,3,48,28,0
48,2,3,48,30,0
48,2,3,48,31,0
48,2,3,48,32,0
48,2,3,48,34,0
48,2,3,48,37,0
48,2,3,48,44,0
50,2,3,48,42,0
56,2,3,48,56,0
60,2,3,48,60,0
61,2,3,48,61,0
65,2,3,48,65,0
77,2,3,48,53,0
48,5,3,48,31,0
48,5,3,48,35,0
48,5,3,48,37,0
48,5,3,48,38,0
48,5,3,48,40,0
48,5,3,48,40,0
48,5,3,48,41,0
48,5,3,48,42,0
48,5,3,48,46,0
48,5,3,48,48,0
56,5,3,48,56,0
61,5,3,48,27,0
61,5,3,48,61,0
62,5,3,48,62,0
66,5,3,48,66,0
80,5,3,48,52,0
84,5,3,48,84,0
110,5,3,48,110,1
48,8,3,48,28,0
48,8,3,48,29,0
48,8,3,48,37,0
54,8,3,48,54,0
62,8,3,48,62,0
73,8,3,48,73,0
74,8,3,48,61,0
100,8,3,48,71,0
48,10,3,48,15,0
48,10,3,48,22,0
67,10,3,48,67,0
56,15,3,48,56,0
108,18,3,48,66,1
48,20,3,48,35,0
80,38,3,48,80,0
53,53,3,48,37,0
48,0,5,48,33,0
48,0,5,48,38,0
48,2,5,48,15,0
48,2,5,48,15,0
48,2,5,48,17,0
48,2,5,48,19,0
48,2,5,48,22,0
48,2,5,48,23,0
48,2,5,48,23,0
48,2,5,48,25,0
48,2,5,48,26,0
48,2,5,48,29,0
48,2,5,48,30,0
48,2,5,48,31,0
48,2,5,48,36,0
48,2,5,48,38,0
48,2,5,48,40,0
48,2,5,48,41,0
48,2,5,48,42,0
48,2,5,48,43,0
48,2,5,48,43,0
48,2,5,48,43,0
48,2,5,48,44,0
48,2,5,48,48,0
48,2,5,48,48,0
49,2,5,48,49,0
51,2,5,48,21,0
60,2,5,48,60,0
61,2,5,48,41,0
62,2,5,48,62,0
62,2,5,48,62,0
64,2,5,48,64,0
65,2,5,48,65,0
67,2,5,48,67,0
71,2,5,48,66,0
71,2,5,48,71,0
71,2,5,48,71,0
74,2,5,48,74,0
83,2,5,48,68,0
84,2,5,48,35,0
84,2,5,48,66,0
84,2,5,48,84,0
48,5,5,48,17,0
48,5,5,48,19,0
48,5,5,48,27,0
48,5,5,48,29,0
48,5,5,48,29,0
48,5,5,48,31,0
48,5,5,48,35,0
48,5,5,48,35,0
48,5,5,48,37,0
48,5,5,48,38,0
48,5,5,48,39,0
48,5,5,48,47,0
55,5,5,48,55,0
57,5,5,48,57,0
57,5,5,48,57,0
58,5,5,48,32,0
59,5,5,48,59,0
61,5,5,48,35,0
63,5,5,48,63,0
66,5,5,48,66,0
67,5,5,48,53,0
67,5,5,48,67,0
74,5,5,48,63,0
77,5,5,48,66,0
77,5,5,48,77,0
79,5,5,48,79,0
79,5,5,48,79,0
80,5,5,48,61,0
80,5,5,48,63,0
84,5,5,48,84,0
94,5,5,48,94,0
97,5,5,48,54,0
97,5,5,48,90,0
99,5,5,48,99,0
100,5,5,48,64,0
102,5,5,48,102,1
104,5,5,48,104,1
107,5,5,48,107,1
122,5,5,48,100,1
140,5,5,48,74,1
48,8,5,48,38,0
56,8,5,48,56,0
57,8,5,48,57,0
60,8,5,48,59,0
72,8,5,48,72,0
72,8,5,48,72,0
86,8,5,48,86,0
90,8,5,48,66,0
48,10,5,48,22,0
48,10,5,48,36,0
49,10,5,48,32,0
59,10,5,48,59,0
64,10,5,48,64,0
69,10,5,48,69,0
110,10,5,48,110,1
68,12,5,48,68,0
72,12,5,48,72,0
80,12,5,48,61,0
97,12,5,48,78,0
143,12,5,48,64,1
64,15,5,48,62,0
48,18,5,48,26,0
48,18,5,48,42,0
71,18,5,48,71,0
87,18,5,48,86,0
58,20,5,48,54,0
115,20,5,48,60,1
69,28,5,48,69,0
71,32,5,48,71,0
48,35,5,48,17,0
53,53,5,48,40,0
60,60,5,48,56,0
48,0,6,48,20,0
48,0,6,48,22,0
48,0,6,48,37,0
49,0,6,48,43,0
48,2,6,48,21,0
48,2,6,48,24,0
48,2,6,48,28,0
48,2,6,48,30,0
48,2,6,48,33,0
48,2,6,48,34,0
48,2,6,48,44,0
48,2,6,48,45,0
48,2,6,48,45,0
48,2,6,48,45,0
51,2,6,48,51,0
52,2,6,48,52,0
56,2,6,48,56,0
58,2,6,48,58,0
59,2,6,48,59,0
65,2,6,48,65,0
69,2,6,48,69,0
76,2,6,48,76,0
79,2,6,48,79,0
84,2,6,48,56,0
89,2,6,48,89,0
101,2,6,48,101,1
48,5,6,48,13,0
48,5,6,48,18,0
48,5,6,48,33,0
48,5,6,48,37,0
48,5,6,48,37,0
60,5,6,48,60,0
63,5,6,48,63,0
74,5,6,48,38,0
74,5,6,48,74,0
77,5,6,48,77,0
77,5,6,48,77,0
79,5,6,48,79,0
82,5,6,48,82,0
82,5,6,48,82,0
85,5,6,48,85,0
86,5,6,48,86,0
98,5,6,48,98,0
105,5,6,48,105,1
110,5,6,48,110,1
119,5,6,48,119,1
122,5,6,48,70,1
126,5,6,48,79,1
132,5,6,48,65,1
48,8,6,48,48,0
58,8,6,48,54,0
60,8,6,48,60,0
64,8,6,48,64,0
65,8,6,48,65,0
67,8,6,48,67,0
75,8,6,48,75,0
82,8,6,48,82,0
82,8,6,48,82,0
87,8,6,48,82,0
95,8,6,48,95,0
97,8,6,48,97,0
103,8,6,48,103,1
104,8,6,48,104,1
113,8,6,48,113,1
117,8,6,48,117,1
48,10,6,48,36,0
49,10,6,48,49,0
52,10,6,48,52,0
60,10,6,48,60,0
88,10,6,48,88,0
48,12,6,48,31,0
60,12,6,48,60,0
76,12,6,48,76,0
97,12,6,48,74,0
101,12,6,48,101,1
80,15,6,48,78,0
108,15,6,48,106,1
92,18,6,48,92,0
57,20,6,48,57,0
114,25,6,48,114,1
53,2,7,48,53,0
64,2,7,48,64,0
66,2,7,48,66,0
83,2,7,48,83,0
48,5,7,48,45,0
51,5,7,48,51,0
67,5,7,48,67,0
71,5,7,48,71,0
79,5,7,48,79,0
82,5,7,48,82,0
90,5,7,48,90,0
140,5,7,48,140,1
59,8,7,48,59,0
64,8,7,48,56,0
70,8,7,48,70,0
73,8,7,48,73,0
77,8,7,48,77,0
81,8,7,48,81,0
128,8,7,48,128,1
48,10,7,48,35,0
90,10,7,48,72,0
68,15,7,48,68,0
71,20,7,48,71,0
64,22,7,48,64,0
121,28,7,48,121,1
166,28,7,48,119,1
49,32,7,48,29,0
53,5,8,48,53,0
72,5,8,48,72,0
65,15,8,48,65,0
53,53,8,48,49,0
58,2,9,48,35,0
63,2,9,48,63,0
50,5,1,50,28,0
50,2,2,50,19,0
50,2,2,50,32,0
67,5,2,50,67,0
50,8,2,50,39,0
61,8,2,50,61,0
71,8,2,50,26,0
50,12,2,50,32,0
50,15,2,50,32,0
50,0,3,50,33,0
50,0,3,50,34,0
50,2,3,50,15,0
50,2,3,50,23,0
50,2,3,50,26,0
50,2,3,50,30,0
50,2,3,50,33,0
50,2,3,50,34,0
50,2,3,50,43,0
53,2,3,50,53,0
65,2,3,50,65,0
73,2,3,50,73,0
112,2,3,50,60,1
50,5,3,50,24,0
50,5,3,50,25,0
50,5,3,50,34,0
50,5,3,50,37,0
50,5,3,50,38,0
50,5,3,50,39,0
50,5,3,50,45,0
55,5,3,50,55,0
62,5,3,50,62,0
68,5,3,50,68,0
122,5,3,50,43,1
50,8,3,50,18,0
50,8,3,50,34,0
50,8,3,50,44,0
67,8,3,50,67,0
50,10,3,50,21,0
50,10,3,50,44,0
50,10,3,50,46,0
67,10,3,50,67,0
80,10,3,50,39,0
146,12,3,50,69,1
77,15,3,50,77,0
54,18,3,50,54,0
50,25,3,50,34,0
50,32,3,50,25,0
50,0,5,50,38,0
50,0,5,50,42,0
55,0,5,50,42,0
58,0,5,50,58,0
50,2,5,50,7,0
50,2,5,50,14,0
50,2,5,50,15,0
50,2,5,50,19,0
50,2,5,50,25,0
50,2,5,50,25,0
50,2,5,50,26,0
50,2,5,50,28,0
50,2,5,50,32,0
50,2,5,50,32,0
50,2,5,50,38,0
51,2,5,50,51,0
54,2,5,50,54,0
55,2,5,50,55,0
56,2,5,50,56,0
60,2,5,50,60,0
60,2,5,50,60,0
64,2,5,50,64,0
67,2,5,50,29,0
67,2,5,50,40,0
68,2,5,50,68,0
77,2,5,50,77,0
81,2,5,50,81,0
81,2,5,50,81,0
94,2,5,50,94,0
112,2,5,50,61,1
50,5,5,50,22,0
50,5,5,50,27,0
50,5,5,50,39,0
50,5,5,50,45,0
50,5,5,50,49,0
50,5,5,50,50,0
53,5,5,50,53,0
54,5,5,50,54,0
54,5,5,50,54,0
57,5,5,50,57,0
58,5,5,50,39,0
58,5,5,50,58,0
60,5,5,50,60,0
63,5,5,50,63,0
67,5,5,50,67,0
72,5,5,50,72,0
74,5,5,50,74,0
78,5,5,50,78,0
79,5,5,50,79,0
87,5,5,50,87,0
92,5,5,50,92,0
96,5,5,50,96,0
100,5,5,50,65,0
100,5,5,50,100,0
104,5,5,50,57,1
111,5,5,50,111,1
115,5,5,50,67,1
50,8,5,50,41,0
50,8,5,50,42,0
56,8,5,50,56,0
61,8,5,50,61,0
64,8,5,50,64,0
76,8,5,50,76,0
77,8,5,50,77,0
80,8,5,50,68,0
80,8,5,50,80,0
82,8,5,50,82,0
82,8,5,50,82,0
88,8,5,50,88,0
89,8,5,50,89,0
90,8,5,50,90,0
94,8,5,50,94,0
97,8,5,50,69,0
97,8,5,50,85,0
61,10,5,50,61,0
64,10,5,50,64,0
71,10,5,50,63,0
76,10,5,50,76,0
78,10,5,50,78,0
90,10,5,50,75,0
90,10,5,50,79,0
98,10,5,50,98,0
122,10,5,50,53,1
151,10,5,50,73,1
50,12,5,50,30,0
70,12,5,50,70,0
74,12,5,50,74,0
126,12,5,50,70,1
62,15,5,50,62,0
70,15,5,50,70,0
143,18,5,50,78,1
71,20,5,50,71,0
76,30,5,50,76,0
129,35,5,50,95,1
50,0,6,50,17,0
50,0,6,50,33,0
62,0,6,50,62,0
50,2,6,50,18,0
50,2,6,50,20,0
50,2,6,50,28,0
50,2,6,50,31,0
50,2,6,50,33,0
50,2,6,50,33,0
50,2,6,50,35,0
50,2,6,50,39,0
50,2,6,50,42,0
50,2,6,50,46,0
54,2,6,50,54,0
55,2,6,50,55,0
58,2,6,50,50,0
64,2,6,50,44,0
64,2,6,50,64,0
67,2,6,50,67,0
67,2,6,50,67,0
100,2,6,50,59,0
50,5,6,50,9,0
50,5,6,50,25,0
50,5,6,50,30,0
50,5,6,50,37,0
50,5,6,50,37,0
50,5,6,50,49,0
52,5,6,50,52,0
60,5,6,50,60,0
61,5,6,50,55,0
61,5,6,50,61,0
62,5,6,50,62,0
67,5,6,50,67,0
73,5,6,50,73,0
74,5,6,50,70,0
78,5,6,50,78,0
79,5,6,50,79,0
80,5,6,50,80,0
87,5,6,50,71,0
90,5,6,50,90,0
91,5,6,50,91,0
97,5,6,50,68,0
108,5,6,50,73,1
115,5,6,50,115,1
116,5,6,50,116,1
119,5,6,50,119,1
122,5,6,50,53,1
124,5,6,50,124,1
50,8,6,50,33,0
50,8,6,50,40,0
50,8,6,50,45,0
51,8,6,50,51,0
74,8,6,50,74,0
91,8,6,50,91,0
98,8,6,50,98,0
102,8,6,50,102,1
104,8,6,50,27,1
109,8,6,50,109,1
140,8,6,50,140,1
55,10,6,50,55,0
84,10,6,50,84,0
101,10,6,50,101,1
105,10,6,50,105,1
135,10,6,50,135,1
79,12,6,50,79,0
108,12,6,50,98,1
166,18,6,50,100,1
76,25,6,50,76,0
50,2,7,50,25,0
50,2,7,50,40,0
50,2,7,50,48,0
62,2,7,50,62,0
75,2,7,50,75,0
50,5,7,50,28,0
50,5,7,50,29,0
50,5,7,50,39,0
50,5,7,50,44,0
50,5,7,50,45,0
60,5,7,50,60,0
61,5,7,50,61,0
70,5,7,50,70,0
77,5,7,50,71,0
80,5,7,50,80,0
81,5,7,50,81,0
93,5,7,50,77,0
109,5,7,50,109,1
118,5,7,50,71,1
54,8,7,50,53,0
72,8,7,50,72,0
50,10,7,50,33,0
55,10,7,50,55,0
67,10,7,50,67,0
94,10,7,50,94,0
50,25,7,50,33,0
50,2,8,50,29,0
50,2,8,50,38,0
103,5,8,50,103,1
97,8,8,50,97,0
51,12,8,50,51,0
81,5,9,50,81,0
126,18,9,50,126,1
51,8,1,51,38,0
51,25,1,51,41,0
51,2,2,51,38,0
51,2,2,51,44,0
51,5,2,51,20,0
51,5,2,51,20,0
51,5,2,51,34,0
51,5,2,51,35,0
51,5,2,51,37,0
51,5,2,51,44,0
51,5,2,51,50,0
54,5,2,51,54,0
57,5,2,51,57,0
51,8,2,51,24,0
51,15,2,51,25,0
51,18,2,51,51,0
52,52,2,51,37,0
51,0,3,51,27,0
51,2,3,51,17,0
51,2,3,51,30,0
51,2,3,51,31,0
51,2,3,51,33,0
51,2,3,51,37,0
51,2,3,51,41,0
51,2,3,51,41,0
51,2,3,51,47,0
51,2,3,51,47,0
53,2,3,51,53,0
101,2,3,51,57,1
51,5,3,51,28,0
51,5,3,51,30,0
51,5,3,51,31,0
51,5,3,51,37,0
51,5,3,51,39,0
51,5,3,51,40,0
51,5,3,51,44,0
52,5,3,51,52,0
53,5,3,51,53,0
63,5,3,51,63,0
51,8,3,51,40,0
51,8,3,51,41,0
51,8,3,51,43,0
52,8,3,51,52,0
63,8,3,51,63,0
51,10,3,51,23,0
54,10,3,51,54,0
100,10,3,51,62,0
51,12,3,51,38,0
108,12,3,51,100,1
51,15,3,51,49,0
101,18,3,51,74,1
92,20,3,51,92,0
69,25,3,51,69,0
51,0,5,51,15,0
51,0,5,51,17,0
51,0,5,51,23,0
51,0,5,51,28,0
51,2,5,51,12,0
51,2,5,51,25,0
51,2,5,51,29,0
51,2,5,51,31,0
51,2,5,51,31,0
51,2,5,51,32,0
51,2,5,51,34,0
51,2,5,51,41,0
51,2,5,51,42,0
51,2,5,51,45,0
51,2,5,51,50,0
57,2,5,51,57,0
58,2,5,51,58,0
64,2,5,51,64,0
65,2,5,51,65,0
67,2,5,51,38,0
68,2,5,51,68,0
74,2,5,51,74,0
108,2,5,51,47,1
51,5,5,51,26,0
51,5,5,51,30,0
51,5,5,51,40,0
51,5,5,51,40,0
51,5,5,51,44,0
51,5,5,51,49,0
53,5,5,51,53,0
55,5,5,51,55,0
56,5,5,51,56,0
65,5,5,51,65,0
65,5,5,51,65,0
71,5,5,51,71,0
76,5,5,51,76,0
83,5,5,51,83,0
84,5,5,51,63,0
85,5,5,51,68,0
90,5,5,51,90,0
93,5,5,51,93,0
108,5,5,51,108,1
151,5,5,51,80,1
51,8,5,51,47,0
53,8,5,51,53,0
55,8,5,51,55,0
57,8,5,51,57,0
57,8,5,51,57,0
64,8,5,51,64,0
74,8,5,51,74,0
79,8,5,51,79,0
90,8,5,51,84,0
97,8,5,51,97,0
100,8,5,51,52,0
108,8,5,51,79,1
75,10,5,51,75,0
80,10,5,51,80,0
87,10,5,51,53,0
108,10,5,51,67,1
97,12,5,51,69,0
104,12,5,51,74,1
129,12,5,51,81,1
151,12,5,51,56,1
86,18,5,51,86,0
118,18,5,51,85,1
132,22,5,51,96,1
89,56,5,51,89,0
51,0,6,51,9,0
51,0,6,51,22,0
51,0,6,51,28,0
51,0,6,51,38,0
51,2,6,51,11,0
51,2,6,51,14,0
51,2,6,51,19,0
51,2,6,51,22,0
51,2,6,51,23,0
51,2,6,51,26,0
51,2,6,51,37,0
51,2,6,51,38,0
51,2,6,51,41,0
51,2,6,51,43,0
51,2,6,51,47,0
51,2,6,51,49,0
51,2,6,51,50,0
51,2,6,51,51,0
52,2,6,51,52,0
53,2,6,51,53,0
58,2,6,51,58,0
58,2,6,51,58,0
62,2,6,51,62,0
63,2,6,51,63,0
72,2,6,51,72,0
74,2,6,51,61,0
79,2,6,51,79,0
83,2,6,51,83,0
84,2,6,51,58,0
84,2,6,51,84,0
89,2,6,51,89,0
90,2,6,51,90,0
94,2,6,51,94,0
51,5,6,51,18,0
51,5,6,51,22,0
51,5,6,51,27,0
51,5,6,51,34,0
51,5,6,51,37,0
51,5,6,51,37,0
51,5,6,51,42,0
51,5,6,51,49,0
51,5,6,51,49,0
54,5,6,51,47,0
57,5,6,51,57,0
58,5,6,51,58,0
59,5,6,51,59,0
59,5,6,51,59,0
62,5,6,51,62,0
68,5,6,51,68,0
68,5,6,51,68,0
71,5,6,51,71,0
81,5,6,51,81,0
89,5,6,51,89,0
96,5,6,51,96,0
97,5,6,51,97,0
97,5,6,51,97,0
105,5,6,51,105,1
156,5,6,51,98,1
67,8,6,51,65,0
67,8,6,51,67,0
85,8,6,51,85,0
85,8,6,51,85,0
108,8,6,51,83,1
110,8,6,51,110,1
140,8,6,51,114,1
51,10,6,51,15,0
51,10,6,51,30,0
63,10,6,51,63,0
81,10,6,51,81,0
95,10,6,51,95,0
98,10,6,51,98,0
100,10,6,51,100,0
115,10,6,51,115,1
61,12,6,51,61,0
90,12,6,51,90,0
85,18,6,51,85,0
73,22,6,51,73,0
96,25,6,51,96,0
84,30,6,51,84,0
76,52,6,51,76,0
51,2,7,51,15,0
51,2,7,51,30,0
51,2,7,51,30,0
51,2,7,51,30,0
51,2,7,51,41,0
51,2,7,51,43,0
51,2,7,51,49,0
54,2,7,51,54,0
56,2,7,51,56,0
60,2,7,51,60,0
67,2,7,51,67,0
114,2,7,51,114,1
51,5,7,51,24,0
54,5,7,51,46,0
56,5,7,51,56,0
67,5,7,51,67,0
72,5,7,51,72,0
72,5,7,51,72,0
79,5,7,51,79,0
80,5,7,51,65,0
91,5,7,51,91,0
119,5,7,51,119,1
65,8,7,51,65,0
87,8,7,51,74,0
84,10,7,51,54,0
86,10,7,51,86,0
156,10,7,51,156,1
51,12,7,51,42,0
89,12,7,51,89,0
87,15,7,51,83,0
67,18,7,51,67,0
166,20,7,51,133,1
111,25,7,51,111,1
86,28,7,51,86,0
51,0,8,51,23,0
83,2,8,51,83,0
51,5,8,51,33,0
115,8,8,51,66,1
110,10,8,51,110,1
100,22,8,51,100,0
72,10,9,51,72,0
63,5,18,51,63,0
52,0,2,52,13,0
52,2,2,52,18,0
52,2,2,52,28,0
52,2,2,52,29,0
52,2,2,52,29,0
52,2,2,52,32,0
52,2,2,52,39,0
62,2,2,52,62,0
52,5,2,52,40,0
55,5,2,52,55,0
52,8,2,52,21,0
52,12,2,52,11,0
52,15,2,52,28,0
52,0,3,52,22,0
52,2,3,52,18,0
52,2,3,52,19,0
52,2,3,52,24,0
52,2,3,52,24,0
52,2,3,52,25,0
52,2,3,52,25,0
52,2,3,52,28,0
52,2,3,52,31,0
52,2,3,52,32,0
52,2,3,52,32,0
52,2,3,52,32,0
52,2,3,52,33,0
52,2,3,52,52,0
53,2,3,52,53,0
54,2,3,52,54,0
56,2,3,52,56,0
56,2,3,52,56,0
62,2,3,52,62,0
63,2,3,52,63,0
86,2,3,52,62,0
52,5,3,52,33,0
52,5,3,52,34,0
52,5,3,52,36,0
52,5,3,52,41,0
52,5,3,52,42,0
52,5,3,52,43,0
52,5,3,52,44,0
52,5,3,52,47,0
52,5,3,52,49,0
52,5,3,52,52,0
52,5,3,52,52,0
57,5,3,52,57,0
61,5,3,52,38,0
62,5,3,52,62,0
68,5,3,52,68,0
71,5,3,52,71,0
87,5,3,52,75,0
94,5,3,52,69,0
52,8,3,52,24,0
52,8,3,52,33,0
52,8,3,52,38,0
52,8,3,52,41,0
52,8,3,52,51,0
55,8,3,52,55,0
59,8,3,52,59,0
64,8,3,52,64,0
65,8,3,52,65,0
122,8,3,52,46,1
53,10,3,52,53,0
52,12,3,52,37,0
84,15,3,52,61,0
52,20,3,52,37,0
52,25,3,52,28,0
52,30,3,52,34,0
52,0,5,52,14,0
52,0,5,52,17,0
52,0,5,52,31,0
52,0,5,52,36,0
52,0,5,52,51,0
55,0,5,52,55,0
62,0,5,52,62,0
79,0,5,52,60,0
52,2,5,52,11,0
52,2,5,52,14,0
52,2,5,52,16,0
52,2,5,52,18,0
52,2,5,52,22,0
52,2,5,52,24,0
52,2,5,52,24,0
52,2,5,52,26,0
52,2,5,52,26,0
52,2,5,52,28,0
52,2,5,52,29,0
52,2,5,52,32,0
52,2,5,52,32,0
52,2,5,52,32,0
52,2,5,52,33,0
52,2,5,52,35,0
52,2,5,52,37,0
52,2,5,52,45,0
52,2,5,52,47,0
52,2,5,52,47,0
52,2,5,52,50,0
52,2,5,52,51,0
53,2,5,52,53,0
57,2,5,52,57,0
60,2,5,52,60,0
61,2,5,52,43,0
67,2,5,52,67,0
70,2,5,52,70,0
72,2,5,52,72,0
74,2,5,52,30,0
76,2,5,52,76,0
81,2,5,52,81,0
91,2,5,52,91,0
93,2,5,52,69,0
103,2,5,52,103,1
108,2,5,52,30,1
52,5,5,52,21,0
52,5,5,52,24,0
52,5,5,52,25,0
52,5,5,52,30,0
52,5,5,52,37,0
52,5,5,52,38,0
52,5,5,52,40,0
52,5,5,52,40,0
52,5,5,52,43,0
52,5,5,52,45,0
52,5,5,52,46,0
52,5,5,52,48,0
52,5,5,52,51,0
52,5,5,52,51,0
54,5,5,52,54,0
58,5,5,52,58,0
60,5,5,52,60,0
63,5,5,52,63,0
64,5,5,52,43,0
68,5,5,52,68,0
69,5,5,52,69,0
69,5,5,52,69,0
70,5,5,52,70,0
70,5,5,52,70,0
70,5,5,52,70,0
71,5,5,52,69,0
72,5,5,52,72,0
72,5,5,52,72,0
75,5,5,52,75,0
75,5,5,52,75,0
80,5,5,52,56,0
80,5,5,52,61,0
80,5,5,52,80,0
81,5,5,52,81,0
84,5,5,52,61,0
84,5,5,52,66,0
84,5,5,52,73,0
88,5,5,52,88,0
89,5,5,52,89,0
90,5,5,52,90,0
99,5,5,52,99,0
104,5,5,52,53,1
112,5,5,52,75,1
126,5,5,52,60,1
52,8,5,52,40,0
52,8,5,52,41,0
52,8,5,52,45,0
52,8,5,52,52,0
59,8,5,52,59,0
60,8,5,52,60,0
62,8,5,52,62,0
68,8,5,52,68,0
69,8,5,52,69,0
71,8,5,52,71,0
72,8,5,52,72,0
74,8,5,52,74,0
74,8,5,52,74,0
75,8,5,52,75,0
87,8,5,52,87,0
100,8,5,52,52,0
112,8,5,52,103,1
140,8,5,52,77,1
143,8,5,52,55,1
52,10,5,52,39,0
52,10,5,52,47,0
58,10,5,52,58,0
60,10,5,52,60,0
71,10,5,52,59,0
84,10,5,52,53,0
87,10,5,52,87,0
52,12,5,52,37,0
90,12,5,52,69,0
146,12,5,52,61,1
154,12,5,52,42,1
52,15,5,52,28,0
52,15,5,52,41,0
54,15,5,52,54,0
75,15,5,52,75,0
108,15,5,52,108,1
52,18,5,52,29,0
52,18,5,52,38,0
75,18,5,52,75,0
97,20,5,52,97,0
62,25,5,52,62,0
90,25,5,52,78,0
104,48,5,52,104,1
95,95,5,52,42,0
52,0,6,52,14,0
52,0,6,52,18,0
52,0,6,52,24,0
52,0,6,52,32,0
52,0,6,52,36,0
52,0,6,52,37,0
52,2,6,52,14,0
52,2,6,52,18,0
52,2,6,52,21,0
52,2,6,52,21,0
52,2,6,52,21,0
52,2,6,52,23,0
52,2,6,52,24,0
52,2,6,52,25,0
52,2,6,52,25,0
52,2,6,52,26,0
52,2,6,52,28,0
52,2,6,52,28,0
52,2,6,52,30,0
52,2,6,52,30,0
52,2,6,52,31,0
52,2,6,52,33,0
52,2,6,52,35,0
52,2,6,52,38,0
52,2,6,52,38,0
52,2,6,52,39,0
52,2,6,52,43,0
52,2,6,52,44,0
52,2,6,52,44,0
52,2,6,52,44,0
52,2,6,52,46,0
52,2,6,52,49,0
52,2,6,52,50,0
52,2,6,52,52,0
53,2,6,52,53,0
60,2,6,52,60,0
62,2,6,52,62,0
77,2,6,52,77,0
77,2,6,52,77,0
81,2,6,52,81,0
81,2,6,52,81,0
82,2,6,52,82,0
94,2,6,52,94,0
95,2,6,52,95,0
95,2,6,52,95,0
96,2,6,52,96,0
52,5,6,52,17,0
52,5,6,52,27,0
52,5,6,52,31,0
52,5,6,52,32,0
52,5,6,52,34,0
52,5,6,52,44,0
52,5,6,52,47,0
52,5,6,52,52,0
53,5,6,52,53,0
54,5,6,52,54,0
55,5,6,52,55,0
60,5,6,52,60,0
61,5,6,52,61,0
63,5,6,52,63,0
65,5,6,52,65,0
67,5,6,52,56,0
67,5,6,52,67,0
67,5,6,52,67,0
67,5,6,52,67,0
70,5,6,52,70,0
75,5,6,52,75,0
75,5,6,52,75,0
76,5,6,52,76,0
76,5,6,52,76,0
77,5,6,52,31,0
78,5,6,52,78,0
81,5,6,52,81,0
83,5,6,52,83,0
85,5,6,52,85,0
86,5,6,52,86,0
87,5,6,52,87,0
89,5,6,52,89,0
90,5,6,52,77,0
93,5,6,52,93,0
95,5,6,52,95,0
95,5,6,52,95,0
97,5,6,52,97,0
98,5,6,52,98,0
103,5,6,52,103,1
112,5,6,52,92,1
126,5,6,52,126,1
52,8,6,52,34,0
52,8,6,52,36,0
52,8,6,52,43,0
53,8,6,52,53,0
64,8,6,52,64,0
76,8,6,52,76,0
83,8,6,52,83,0
87,8,6,52,66,0
89,8,6,52,89,0
95,8,6,52,95,0
97,8,6,52,92,0
99,8,6,52,99,0
100,8,6,52,72,0
101,8,6,52,73,1
102,8,6,52,102,1
110,8,6,52,110,1
118,8,6,52,73,1
52,10,6,52,42,0
52,10,6,52,45,0
59,10,6,52,59,0
60,10,6,52,60,0
93,10,6,52,54,0
115,10,6,52,115,1
52,12,6,52,31,0
52,12,6,52,33,0
78,12,6,52,78,0
97,12,6,52,97,0
52,18,6,52,51,0
60,18,6,52,60,0
82,18,6,52,82,0
95,18,6,52,95,0
104,18,6,52,104,1
113,18,6,52,113,1
161,18,6,52,131,1
67,20,6,52,67,0
60,25,6,52,60,0
79,25,6,52,79,0
84,25,6,52,84,0
64,35,6,52,64,0
94,35,6,52,94,0
101,38,6,52,101,1
114,40,6,52,114,1
118,52,6,52,118,1
52,0,7,52,29,0
74,0,7,52,74,0
52,2,7,52,26,0
52,2,7,52,30,0
52,2,7,52,32,0
52,2,7,52,33,0
52,2,7,52,37,0
52,2,7,52,47,0
56,2,7,52,56,0
60,2,7,52,60,0
61,2,7,52,61,0
65,2,7,52,65,0
66,2,7,52,66,0
67,2,7,52,67,0
72,2,7,52,72,0
86,2,7,52,86,0
95,2,7,52,95,0
52,5,7,52,36,0
52,5,7,52,48,0
60,5,7,52,60,0
61,5,7,52,61,0
65,5,7,52,65,0
69,5,7,52,69,0
71,5,7,52,61,0
87,5,7,52,87,0
90,5,7,52,90,0
93,5,7,52,68,0
100,5,7,52,84,0
101,5,7,52,66,1
101,5,7,52,101,1
118,5,7,52,118,1
52,8,7,52,22,0
52,8,7,52,26,0
52,8,7,52,30,0
52,8,7,52,51,0
57,8,7,52,57,0
62,8,7,52,62,0
63,8,7,52,63,0
76,8,7,52,76,0
82,8,7,52,82,0
105,8,7,52,105,1
108,8,7,52,108,1
152,8,7,52,152,1
52,10,7,52,32,0
52,10,7,52,43,0
71,10,7,52,58,0
77,12,7,52,66,0
94,12,7,52,94,0
90,15,7,52,90,0
76,18,7,52,76,0
79,18,7,52,79,0
116,20,7,52,116,1
94,25,7,52,94,0
61,28,7,52,61,0
90,30,7,52,90,0
135,30,7,52,135,1
52,2,8,52,40,0
52,2,8,52,44,0
53,2,8,52,53,0
61,2,8,52,61,0
64,2,8,52,64,0
52,5,8,52,30,0
63,5,8,52,63,0
73,5,8,52,73,0
77,5,8,52,77,0
106,5,8,52,106,1
70,8,8,52,70,0
82,8,8,52,82,0
83,12,8,52,83,0
83,2,9,52,83,0
61,5,9,52,61,0
67,5,9,52,67,0
52,10,9,52,48,0
52,12,9,52,47,0
86,5,11,52,86,0
53,0,2,53,14,0
53,2,2,53,44,0
67,5,2,53,52,0
61,8,2,53,61,0
67,8,2,53,56,0
53,10,2,53,33,0
53,0,3,53,23,0
53,2,3,53,31,0
53,2,3,53,36,0
59,2,3,53,59,0
72,2,3,53,72,0
78,2,3,53,78,0
53,5,3,53,20,0
54,5,3,53,54,0
55,5,3,53,55,0
69,5,3,53,69,0
92,5,3,53,92,0
60,8,3,53,60,0
63,8,3,53,63,0
67,8,3,53,67,0
53,10,3,53,53,0
64,10,3,53,64,0
66,12,3,53,66,0
77,12,3,53,59,0
87,18,3,53,61,0
53,20,3,53,47,0
53,0,5,53,13,0
53,2,5,53,18,0
53,2,5,53,32,0
53,2,5,53,38,0
53,2,5,53,39,0
53,2,5,53,46,0
58,2,5,53,29,0
59,2,5,53,59,0
64,2,5,53,64,0
67,2,5,53,67,0
89,2,5,53,89,0
53,5,5,53,26,0
53,5,5,53,40,0
53,5,5,53,41,0
53,5,5,53,42,0
53,5,5,53,46,0
56,5,5,53,56,0
61,5,5,53,61,0
61,5,5,53,61,0
63,5,5,53,63,0
65,5,5,53,65,0
65,5,5,53,65,0
69,5,5,53,69,0
105,5,5,53,105,1
129,5,5,53,37,1
57,8,5,53,57,0
60,8,5,53,60,0
92,8,5,53,92,0
110,8,5,53,110,1
64,10,5,53,64,0
115,10,5,53,115,1
64,12,5,53,64,0
77,12,5,53,76,0
82,15,5,53,82,0
108,15,5,53,71,1
97,18,5,53,97,0
73,20,5,53,73,0
53,32,5,53,34,0
115,48,5,53,102,1
53,2,6,53,26,0
53,2,6,53,27,0
53,2,6,53,29,0
53,2,6,53,33,0
53,2,6,53,35,0
53,2,6,53,37,0
53,2,6,53,49,0
55,2,6,53,55,0
56,2,6,53,56,0
64,2,6,53,64,0
77,2,6,53,77,0
86,2,6,53,86,0
147,2,6,53,147,1
53,5,6,53,24,0
53,5,6,53,33,0
53,5,6,53,36,0
53,5,6,53,38,0
54,5,6,53,54,0
59,5,6,53,59,0
61,5,6,53,61,0
63,5,6,53,63,0
68,5,6,53,68,0
71,5,6,53,71,0
72,5,6,53,72,0
76,5,6,53,76,0
78,5,6,53,78,0
79,5,6,53,79,0
84,5,6,53,79,0
90,5,6,53,90,0
99,5,6,53,99,0
101,5,6,53,60,1
103,5,6,53,103,1
107,5,6,53,107,1
124,5,6,53,124,1
151,5,6,53,119,1
53,8,6,53,31,0
53,8,6,53,50,0
63,8,6,53,63,0
90,8,6,53,90,0
94,8,6,53,94,0
111,8,6,53,111,1
122,8,6,53,122,1
53,10,6,53,44,0
61,10,6,53,61,0
63,10,6,53,63,0
72,12,6,53,72,0
77,12,6,53,77,0
100,12,6,53,92,0
103,12,6,53,103,1
76,15,6,53,76,0
98,15,6,53,98,0
97,18,6,53,97,0
89,22,6,53,89,0
77,28,6,53,77,0
104,28,6,53,104,1
53,0,7,53,12,0
58,0,7,53,58,0
53,2,7,53,25,0
53,2,7,53,37,0
53,2,7,53,42,0
53,2,7,53,51,0
53,2,7,53,53,0
54,2,7,53,54,0
54,2,7,53,54,0
67,2,7,53,67,0
83,2,7,53,83,0
93,2,7,53,56,0
53,5,7,53,36,0
53,5,7,53,41,0
53,5,7,53,52,0
63,5,7,53,63,0
65,5,7,53,65,0
66,5,7,53,66,0
80,5,7,53,80,0
81,5,7,53,81,0
82,5,7,53,82,0
85,5,7,53,85,0
101,5,7,53,101,1
105,5,7,53,105,1
63,8,7,53,63,0
73,8,7,53,73,0
76,8,7,53,76,0
85,8,7,53,85,0
87,8,7,53,87,0
104,8,7,53,69,1
62,10,7,53,62,0
53,12,7,53,41,0
109,25,7,53,109,1
82,28,7,53,82,0
53,2,8,53,28,0
53,2,8,53,49,0
57,5,8,53,57,0
53,8,8,53,53,0
53,2,9,53,48,0
132,12,9,53,53,1
71,8,11,53,71,0
67,8,2,54,33,0
54,10,2,54,44,0
54,12,2,54,52,0
60,18,2,54,60,0
54,0,3,54,25,0
54,2,3,54,34,0
62,2,3,54,62,0
54,5,3,54,21,0
58,5,3,54,29,0
63,5,3,54,63,0
78,5,3,54,78,0
67,8,3,54,63,0
54,10,3,54,52,0
54,10,3,54,53,0
75,10,3,54,75,0
54,12,3,54,19,0
54,12,3,54,35,0
54,0,5,54,29,0
58,0,5,54,58,0
54,2,5,54,26,0
54,2,5,54,28,0
54,2,5,54,30,0
54,2,5,54,38,0
54,2,5,54,40,0
54,2,5,54,44,0
54,2,5,54,46,0
54,2,5,54,50,0
68,2,5,54,68,0
71,2,5,54,71,0
74,2,5,54,74,0
84,2,5,54,84,0
54,5,5,54,28,0
54,5,5,54,38,0
54,5,5,54,38,0
54,5,5,54,51,0
62,5,5,54,62,0
62,5,5,54,62,0
69,5,5,54,69,0
73,5,5,54,73,0
79,5,5,54,79,0
83,5,5,54,83,0
87,5,5,54,87,0
112,5,5,54,57,1
54,8,5,54,22,0
54,8,5,54,28,0
54,8,5,54,49,0
56,8,5,54,56,0
67,8,5,54,67,0
108,8,5,54,108,1
54,10,5,54,39,0
54,10,5,54,44,0
57,10,5,54,57,0
63,12,5,54,63,0
68,12,5,54,68,0
100,12,5,54,69,0
57,18,5,54,57,0
54,20,5,54,45,0
58,22,5,54,54,0
82,32,5,54,82,0
54,0,6,54,8,0
54,2,6,54,18,0
54,2,6,54,25,0
54,2,6,54,30,0
54,2,6,54,42,0
54,2,6,54,45,0
54,2,6,54,51,0
54,2,6,54,51,0
56,2,6,54,56,0
58,2,6,54,42,0
61,2,6,54,61,0
64,2,6,54,42,0
66,2,6,54,66,0
74,2,6,54,74,0
113,2,6,54,113,1
54,5,6,54,17,0
54,5,6,54,36,0
54,5,6,54,42,0
54,5,6,54,44,0
54,5,6,54,44,0
54,5,6,54,44,0
54,5,6,54,49,0
54,5,6,54,52,0
58,5,6,54,58,0
59,5,6,54,59,0
61,5,6,54,61,0
64,5,6,54,64,0
69,5,6,54,69,0
74,5,6,54,74,0
82,5,6,54,82,0
83,5,6,54,83,0
87,5,6,54,87,0
91,5,6,54,91,0
93,5,6,54,93,0
96,5,6,54,96,0
97,5,6,54,56,0
71,8,6,54,71,0
82,8,6,54,82,0
90,8,6,54,90,0
97,8,6,54,97,0
66,10,6,54,66,0
67,10,6,54,67,0
108,10,6,54,76,1
82,12,6,54,82,0
123,12,6,54,123,1
79,15,6,54,79,0
54,18,6,54,44,0
57,18,6,54,57,0
76,18,6,54,76,0
54,20,6,54,34,0
73,20,6,54,73,0
93,20,6,54,93,0
54,2,7,54,22,0
54,2,7,54,31,0
54,2,7,54,32,0
54,2,7,54,32,0
54,2,7,54,32,0
54,2,7,54,41,0
54,2,7,54,44,0
54,2,7,54,48,0
56,2,7,54,56,0
59,2,7,54,59,0
54,5,7,54,43,0
54,5,7,54,46,0
54,5,7,54,47,0
54,5,7,54,52,0
58,5,7,54,58,0
66,5,7,54,66,0
71,5,7,54,71,0
101,5,7,54,78,1
106,5,7,54,106,1
112,5,7,54,57,1
54,8,7,54,34,0
60,8,7,54,60,0
73,8,7,54,73,0
74,8,7,54,74,0
112,8,7,54,112,1
88,10,7,54,88,0
71,15,7,54,69,0
105,20,7,54,105,1
106,35,7,54,106,1
132,45,7,54,132,1
69,53,7,54,69,0
54,2,8,54,30,0
79,8,8,54,79,0
84,8,8,54,73,0
54,5,10,54,40,0
73,5,10,54,73,0
55,2,2,55,24,0
55,8,2,55,37,0
71,10,2,55,71,0
55,22,2,55,31,0
55,2,3,55,39,0
55,2,3,55,39,0
55,2,3,55,41,0
55,2,3,55,54,0
55,5,3,55,33,0
55,5,3,55,43,0
55,5,3,55,51,0
61,5,3,55,61,0
62,5,3,55,62,0
67,5,3,55,67,0
96,5,3,55,96,0
55,8,3,55,39,0
55,8,3,55,45,0
55,8,3,55,46,0
55,8,3,55,48,0
71,8,3,55,51,0
129,8,3,55,48,1
55,10,3,55,53,0
66,10,3,55,66,0
77,10,3,55,77,0
57,18,3,55,57,0
55,0,5,55,51,0
55,2,5,55,17,0
55,2,5,55,33,0
55,2,5,55,34,0
55,2,5,55,36,0
55,2,5,55,38,0
56,2,5,55,56,0
61,2,5,55,61,0
62,2,5,55,62,0
64,2,5,55,64,0
64,2,5,55,64,0
85,2,5,55,85,0
90,2,5,55,90,0
90,2,5,55,90,0
55,5,5,55,25,0
55,5,5,55,31,0
55,5,5,55,36,0
55,5,5,55,40,0
55,5,5,55,41,0
55,5,5,55,42,0
55,5,5,55,42,0
55,5,5,55,46,0
55,5,5,55,48,0
55,5,5,55,48,0
55,5,5,55,52,0
55,5,5,55,55,0
58,5,5,55,58,0
62,5,5,55,62,0
62,5,5,55,62,0
64,5,5,55,64,0
65,5,5,55,65,0
65,5,5,55,65,0
66,5,5,55,66,0
69,5,5,55,69,0
72,5,5,55,72,0
74,5,5,55,72,0
83,5,5,55,83,0
55,8,5,55,10,0
55,8,5,55,38,0
55,8,5,55,38,0
55,8,5,55,46,0
63,8,5,55,63,0
63,8,5,55,63,0
64,8,5,55,64,0
65,8,5,55,65,0
67,8,5,55,67,0
70,8,5,55,70,0
71,8,5,55,71,0
91,8,5,55,91,0
94,8,5,55,94,0
103,8,5,55,103,1
55,10,5,55,55,0
66,10,5,55,66,0
77,10,5,55,77,0
83,10,5,55,83,0
84,10,5,55,66,0
96,10,5,55,96,0
68,12,5,55,68,0
55,18,5,55,43,0
74,20,5,55,74,0
55,22,5,55,55,0
55,0,6,55,19,0
55,0,6,55,30,0
55,0,6,55,37,0
55,0,6,55,47,0
55,2,6,55,17,0
55,2,6,55,21,0
55,2,6,55,24,0
55,2,6,55,26,0
55,2,6,55,26,0
55,2,6,55,31,0
55,2,6,55,33,0
55,2,6,55,34,0
55,2,6,55,44,0
55,2,6,55,44,0
55,2,6,55,45,0
55,2,6,55,45,0
55,2,6,55,45,0
55,2,6,55,49,0
55,2,6,55,52,0
55,2,6,55,53,0
57,2,6,55,57,0
64,2,6,55,64,0
64,2,6,55,64,0
67,2,6,55,67,0
70,2,6,55,70,0
73,2,6,55,73,0
76,2,6,55,76,0
77,2,6,55,77,0
79,2,6,55,79,0
83,2,6,55,83,0
91,2,6,55,91,0
55,5,6,55,23,0
55,5,6,55,36,0
55,5,6,55,36,0
55,5,6,55,37,0
55,5,6,55,42,0
55,5,6,55,51,0
55,5,6,55,52,0
55,5,6,55,52,0
60,5,6,55,60,0
61,5,6,55,34,0
62,5,6,55,62,0
62,5,6,55,62,0
62,5,6,55,62,0
64,5,6,55,51,0
64,5,6,55,64,0
69,5,6,55,69,0
76,5,6,55,76,0
76,5,6,55,76,0
77,5,6,55,73,0
78,5,6,55,78,0
81,5,6,55,81,0
82,5,6,55,82,0
82,5,6,55,82,0
83,5,6,55,83,0
86,5,6,55,86,0
87,5,6,55,87,0
89,5,6,55,89,0
89,5,6,55,89,0
90,5,6,55,90,0
91,5,6,55,91,0
92,5,6,55,92,0
96,5,6,55,96,0
98,5,6,55,98,0
101,5,6,55,101,1
101,5,6,55,101,1
124,5,6,55,124,1
55,8,6,55,33,0
55,8,6,55,38,0
55,8,6,55,43,0
55,8,6,55,45,0
55,8,6,55,55,0
55,8,6,55,55,0
58,8,6,55,58,0
61,8,6,55,61,0
68,8,6,55,68,0
68,8,6,55,68,0
71,8,6,55,71,0
74,8,6,55,67,0
78,8,6,55,78,0
81,8,6,55,81,0
84,8,6,55,82,0
85,8,6,55,85,0
90,8,6,55,88,0
95,8,6,55,95,0
97,8,6,55,97,0
101,8,6,55,101,1
109,8,6,55,109,1
115,8,6,55,115,1
63,10,6,55,63,0
66,10,6,55,66,0
71,10,6,55,71,0
78,10,6,55,78,0
80,10,6,55,68,0
89,10,6,55,89,0
69,15,6,55,69,0
76,15,6,55,76,0
88,15,6,55,88,0
109,15,6,55,109,1
62,18,6,55,62,0
81,20,6,55,81,0
71,22,6,55,68,0
66,25,6,55,66,0
63,28,6,55,63,0
93,28,6,55,93,0
79,30,6,55,79,0
87,32,6,55,81,0
55,40,6,55,41,0
55,0,7,55,25,0
55,2,7,55,22,0
55,2,7,55,24,0
55,2,7,55,24,0
55,2,7,55,32,0
55,2,7,55,34,0
55,2,7,55,44,0
55,2,7,55,48,0
55,2,7,55,49,0
55,2,7,55,53,0
55,2,7,55,53,0
57,2,7,55,57,0
59,2,7,55,59,0
61,2,7,55,61,0
65,2,7,55,65,0
66,2,7,55,66,0
70,2,7,55,70,0
71,2,7,55,71,0
87,2,7,55,87,0
89,2,7,55,89,0
97,2,7,55,48,0
105,2,7,55,105,1
115,2,7,55,51,1
129,2,7,55,129,1
55,5,7,55,38,0
55,5,7,55,42,0
55,5,7,55,42,0
55,5,7,55,54,0
57,5,7,55,57,0
58,5,7,55,58,0
58,5,7,55,58,0
59,5,7,55,59,0
62,5,7,55,62,0
64,5,7,55,58,0
67,5,7,55,67,0
69,5,7,55,69,0
71,5,7,55,71,0
79,5,7,55,79,0
84,5,7,55,84,0
87,5,7,55,79,0
87,5,7,55,87,0
88,5,7,55,88,0
55,8,7,55,36,0
55,8,7,55,37,0
55,8,7,55,52,0
66,8,7,55,66,0
87,8,7,55,87,0
92,8,7,55,92,0
96,8,7,55,96,0
100,8,7,55,100,0
117,8,7,55,117,1
55,10,7,55,55,0
75,10,7,55,75,0
88,10,7,55,88,0
90,10,7,55,90,0
113,10,7,55,113,1
67,15,7,55,67,0
108,22,7,55,108,1
89,50,7,55,89,0
67,0,8,55,67,0
55,2,8,55,24,0
55,2,8,55,30,0
55,2,8,55,46,0
60,2,8,55,60,0
67,2,8,55,28,0
55,5,8,55,33,0
63,5,8,55,63,0
67,5,8,55,67,0
75,5,8,55,75,0
61,8,8,55,58,0
129,8,8,55,105,1
83,10,8,55,83,0
55,12,8,55,49,0
117,28,8,55,117,1
81,2,9,55,81,0
72,5,9,55,72,0
112,5,9,55,108,1
65,8,9,55,65,0
121,2,10,55,121,1
55,5,10,55,55,0
87,8,11,55,87,0
56,2,3,56,36,0
56,2,3,56,52,0
70,10,3,56,70,0
74,10,3,56,51,0
56,0,5,56,22,0
56,2,5,56,41,0
56,2,5,56,41,0
56,2,5,56,43,0
103,2,5,56,103,1
56,5,5,56,35,0
59,5,5,56,59,0
64,5,5,56,53,0
91,5,5,56,91,0
96,5,5,56,96,0
56,8,5,56,35,0
98,8,5,56,98,0
118,8,5,56,118,1
56,10,5,56,46,0
84,10,5,56,84,0
115,18,5,56,87,1
70,25,5,56,70,0
60,28,5,56,60,0
56,0,6,56,28,0
56,0,6,56,29,0
56,2,6,56,24,0
56,2,6,56,28,0
56,2,6,56,34,0
56,2,6,56,38,0
56,2,6,56,41,0
56,2,6,56,47,0
60,2,6,56,60,0
60,2,6,56,60,0
63,2,6,56,63,0
110,2,6,56,110,1
56,5,6,56,24,0
56,5,6,56,42,0
57,5,6,56,57,0
61,5,6,56,52,0
66,5,6,56,66,0
66,5,6,56,66,0
67,5,6,56,67,0
72,5,6,56,72,0
72,5,6,56,72,0
89,5,6,56,89,0
129,5,6,56,60,1
56,8,6,56,50,0
67,8,6,56,63,0
79,8,6,56,79,0
90,8,6,56,52,0
56,10,6,56,51,0
56,10,6,56,56,0
108,10,6,56,77,1
156,10,6,56,126,1
82,15,6,56,82,0
70,22,6,56,70,0
95,22,6,56,95,0
56,0,7,56,33,0
56,2,7,56,27,0
56,2,7,56,44,0
56,2,7,56,52,0
77,2,7,56,77,0
79,2,7,56,79,0
85,2,7,56,85,0
87,2,7,56,51,0
108,2,7,56,108,1
56,5,7,56,36,0
56,5,7,56,53,0
56,5,7,56,54,0
58,5,7,56,58,0
65,5,7,56,65,0
66,5,7,56,66,0
70,5,7,56,70,0
101,5,7,56,101,1
101,5,7,56,101,1
56,8,7,56,55,0
62,8,7,56,62,0
86,8,7,56,86,0
87,8,7,56,87,0
88,8,7,56,88,0
93,8,7,56,93,0
95,8,7,56,95,0
112,8,7,56,112,1
113,8,7,56,113,1
122,8,7,56,78,1
56,12,7,56,48,0
75,12,7,56,75,0
86,12,7,56,86,0
97,20,7,56,97,0
89,28,7,56,89,0
56,2,8,56,26,0
56,5,8,56,15,0
65,5,8,56,65,0
71,5,8,56,71,0
74,5,8,56,74,0
115,5,8,56,113,1
76,8,8,56,76,0
107,8,8,56,107,1
64,12,8,56,62,0
56,5,9,56,52,0
61,5,9,56,61,0
71,5,9,56,71,0
85,8,9,56,85,0
67,10,9,56,67,0
56,53,9,56,47,0
56,2,10,56,33,0
61,8,12,56,61,0
57,5,2,57,32,0
57,5,2,57,40,0
71,8,2,57,42,0
65,12,2,57,65,0
57,2,3,57,23,0
57,2,3,57,28,0
57,2,3,57,31,0
63,2,3,57,63,0
57,10,3,57,48,0
71,10,3,57,34,0
150,28,3,57,56,1
57,0,5,57,33,0
57,2,5,57,17,0
57,2,5,57,48,0
57,2,5,57,52,0
57,2,5,57,56,0
64,2,5,57,64,0
70,2,5,57,70,0
57,5,5,57,34,0
57,5,5,57,37,0
57,5,5,57,51,0
57,5,5,57,53,0
61,5,5,57,41,0
66,5,5,57,66,0
74,5,5,57,74,0
79,5,5,57,79,0
97,5,5,57,70,0
67,8,5,57,67,0
71,8,5,57,71,0
90,8,5,57,36,0
70,10,5,57,70,0
94,10,5,57,94,0
96,12,5,57,96,0
59,18,5,57,59,0
69,18,5,57,69,0
57,2,6,57,21,0
57,2,6,57,28,0
57,2,6,57,31,0
57,2,6,57,31,0
57,2,6,57,35,0
57,2,6,57,42,0
57,2,6,57,42,0
57,2,6,57,42,0
57,2,6,57,45,0
57,2,6,57,53,0
57,2,6,57,57,0
57,2,6,57,57,0
63,2,6,57,63,0
74,2,6,57,74,0
76,2,6,57,76,0
85,2,6,57,66,0
57,5,6,57,28,0
57,5,6,57,45,0
57,5,6,57,49,0
57,5,6,57,57,0
77,5,6,57,77,0
85,5,6,57,85,0
93,5,6,57,76,0
108,5,6,57,73,1
166,5,6,57,110,1
57,8,6,57,39,0
57,8,6,57,52,0
57,8,6,57,54,0
85,8,6,57,85,0
133,8,6,57,133,1
164,8,6,57,63,1
57,10,6,57,37,0
57,10,6,57,54,0
57,10,6,57,57,0
85,10,6,57,85,0
97,10,6,57,66,0
64,12,6,57,64,0
64,15,6,57,64,0
69,15,6,57,69,0
117,18,6,57,117,1
80,22,6,57,80,0
57,0,7,57,41,0
57,0,7,57,55,0
57,0,7,57,56,0
57,2,7,57,19,0
57,2,7,57,21,0
57,2,7,57,22,0
57,2,7,57,40,0
57,2,7,57,40,0
57,2,7,57,40,0
57,2,7,57,44,0
57,2,7,57,44,0
57,2,7,57,45,0
57,2,7,57,45,0
57,2,7,57,46,0
57,2,7,57,54,0
64,2,7,57,59,0
68,2,7,57,68,0
78,2,7,57,78,0
80,2,7,57,61,0
85,2,7,57,85,0
95,2,7,57,95,0
57,5,7,57,36,0
57,5,7,57,51,0
57,5,7,57,56,0
67,5,7,57,58,0
72,5,7,57,72,0
74,5,7,57,74,0
76,5,7,57,76,0
77,5,7,57,33,0
77,5,7,57,69,0
77,5,7,57,77,0
82,5,7,57,82,0
83,5,7,57,83,0
57,8,7,57,43,0
61,8,7,57,61,0
61,8,7,57,61,0
70,8,7,57,70,0
74,8,7,57,74,0
81,8,7,57,81,0
85,8,7,57,85,0
89,8,7,57,89,0
110,8,7,57,110,1
57,10,7,57,38,0
57,10,7,57,41,0
61,10,7,57,61,0
86,10,7,57,86,0
122,12,7,57,122,1
118,15,7,57,118,1
57,2,8,57,32,0
57,2,8,57,33,0
57,2,8,57,36,0
57,2,8,57,37,0
57,2,8,57,44,0
57,2,8,57,46,0
61,2,8,57,61,0
90,2,8,57,90,0
102,2,8,57,102,1
57,5,8,57,34,0
57,5,8,57,41,0
57,5,8,57,42,0
58,5,8,57,58,0
65,5,8,57,65,0
75,5,8,57,75,0
81,5,8,57,81,0
90,5,8,57,90,0
99,5,8,57,99,0
79,8,8,57,79,0
77,10,8,57,64,0
105,18,8,57,105,1
57,2,9,57,53,0
71,5,9,57,60,0
57,8,9,57,50,0
70,8,9,57,70,0
77,8,9,57,77,0
94,8,9,57,94,0
128,22,9,57,128,1
91,32,9,57,91,0
84,5,18,57,84,0
90,20,2,58,58,0
58,2,5,58,52,0
64,2,5,58,55,0
72,2,5,58,72,0
58,5,5,58,29,0
58,5,5,58,38,0
58,5,5,58,46,0
58,5,5,58,57,0
68,5,5,58,68,0
68,5,5,58,68,0
84,5,5,58,84,0
67,8,5,58,67,0
63,10,5,58,63,0
71,10,5,58,71,0
77,10,5,58,61,0
77,10,5,58,73,0
100,10,5,58,84,0
91,12,5,58,91,0
136,15,5,58,80,1
86,18,5,58,86,0
58,0,6,58,21,0
58,2,6,58,49,0
58,2,6,58,58,0
58,5,6,58,30,0
58,5,6,58,37,0
78,5,6,58,78,0
78,5,6,58,78,0
85,5,6,58,85,0
100,5,6,58,77,0
101,5,6,58,60,1
84,8,6,58,84,0
95,8,6,58,95,0
67,10,6,58,67,0
70,10,6,58,70,0
94,15,6,58,94,0
64,40,6,58,64,0
58,2,7,58,53,0
58,2,7,58,57,0
65,2,7,58,65,0
58,5,7,58,31,0
58,5,7,58,44,0
58,5,7,58,50,0
76,5,7,58,76,0
77,5,7,58,77,0
79,5,7,58,79,0
100,5,7,58,67,0
122,5,7,58,96,1
132,5,7,58,132,1
58,8,7,58,51,0
64,8,7,58,64,0
71,8,7,58,71,0
119,8,7,58,119,1
129,8,7,58,129,1
58,2,8,58,33,0
61,2,8,58,61,0
91,2,8,58,91,0
79,5,8,58,79,0
87,5,8,58,87,0
58,8,8,58,41,0
58,2,9,58,43,0
58,5,9,58,54,0
58,15,9,58,49,0
58,2,10,58,53,0
58,2,10,58,54,0
74,12,10,58,74,0
73,18,11,58,73,0
78,2,15,58,78,0
59,15,2,59,37,0
59,5,3,59,48,0
59,2,5,59,45,0
90,2,5,59,90,0
80,5,5,59,66,0
59,8,5,59,30,0
59,8,5,59,44,0
86,10,5,59,86,0
64,12,5,59,64,0
82,20,5,59,82,0
59,2,6,59,26,0
59,2,6,59,27,0
59,2,6,59,35,0
59,2,6,59,44,0
80,2,6,59,52,0
59,5,6,59,50,0
59,5,6,59,56,0
59,5,6,59,57,0
69,5,6,59,69,0
84,5,6,59,84,0
90,5,6,59,38,0
91,5,6,59,91,0
93,5,6,59,93,0
84,8,6,59,65,0
61,10,6,59,61,0
84,18,6,59,84,0
105,28,6,59,105,1
59,2,7,59,43,0
59,2,7,59,58,0
63,2,7,59,63,0
60,5,7,59,60,0
88,5,7,59,88,0
89,5,7,59,89,0
104,5,7,59,70,1
96,8,7,59,96,0
144,8,7,59,144,1
59,10,7,59,32,0
59,10,7,59,41,0
125,10,7,59,125,1
95,12,7,59,95,0
60,22,7,59,60,0
59,2,8,59,34,0
59,2,8,59,55,0
59,5,8,59,43,0
59,5,8,59,47,0
61,5,8,59,61,0
79,5,8,59,79,0
97,5,8,59,97,0
59,2,9,59,41,0
61,5,9,59,61,0
75,5,9,59,75,0
59,8,9,59,49,0
67,10,9,59,67,0
66,15,9,59,66,0
59,2,10,59,57,0
70,8,10,59,70,0
66,8,12,59,66,0
60,2,3,60,29,0
104,12,3,60,55,1
60,2,5,60,50,0
66,2,5,60,66,0
90,2,5,60,62,0
60,5,5,60,47,0
60,5,5,60,57,0
100,5,5,60,68,0
60,8,5,60,32,0
60,8,5,60,46,0
69,8,5,60,69,0
70,8,5,60,70,0
60,10,5,60,39,0
103,10,5,60,103,1
83,15,5,60,83,0
77,20,5,60,77,0
60,2,6,60,36,0
60,2,6,60,43,0
60,2,6,60,57,0
66,2,6,60,66,0
60,5,6,60,36,0
60,5,6,60,41,0
60,5,6,60,49,0
60,5,6,60,53,0
60,5,6,60,56,0
60,5,6,60,60,0
67,5,6,60,58,0
87,5,6,60,76,0
90,5,6,60,60,0
60,8,6,60,31,0
96,8,6,60,96,0
97,8,6,60,97,0
102,8,6,60,102,1
75,10,6,60,75,0
75,10,6,60,75,0
82,10,6,60,82,0
93,10,6,60,93,0
75,12,6,60,75,0
60,0,7,60,8,0
60,2,7,60,42,0
60,2,7,60,48,0
60,2,7,60,50,0
60,2,7,60,52,0
60,2,7,60,58,0
87,2,7,60,87,0
60,5,7,60,58,0
64,5,7,60,64,0
75,5,7,60,75,0
84,5,7,60,84,0
93,5,7,60,93,0
99,5,7,60,99,0
107,5,7,60,107,1
60,8,7,60,51,0
60,8,7,60,57,0
69,8,7,60,69,0
105,8,7,60,105,1
60,10,7,60,49,0
96,10,7,60,96,0
69,12,7,60,69,0
84,12,7,60,84,0
88,12,7,60,88,0
60,2,8,60,21,0
60,2,8,60,50,0
60,2,8,60,59,0
71,2,8,60,71,0
60,5,8,60,45,0
60,5,8,60,48,0
60,5,8,60,50,0
67,5,8,60,67,0
77,5,8,60,77,0
79,5,8,60,79,0
88,5,8,60,88,0
89,5,8,60,89,0
114,5,8,60,114,1
60,8,8,60,52,0
81,8,8,60,81,0
90,8,8,60,90,0
92,8,8,60,92,0
68,10,8,60,68,0
70,10,8,60,70,0
79,12,8,60,79,0
62,15,8,60,62,0
90,18,8,60,90,0
113,18,8,60,113,1
60,0,9,60,54,0
60,2,9,60,42,0
60,2,9,60,44,0
60,2,9,60,53,0
60,2,9,60,54,0
86,2,9,60,86,0
71,5,9,60,71,0
83,5,9,60,83,0
88,5,9,60,88,0
119,5,9,60,119,1
60,8,9,60,58,0
61,8,9,60,61,0
71,8,9,60,71,0
92,8,9,60,92,0
60,10,9,60,56,0
60,5,10,60,60,0
62,5,10,60,62,0
60,8,10,60,54,0
60,2,12,60,55,0
122,10,12,60,122,1
86,2,15,60,86,0
64,5,17,60,64,0
61,12,2,61,37,0
61,5,3,61,43,0
112,10,3,61,67,1
61,2,5,61,52,0
61,8,5,61,49,0
61,10,5,61,45,0
90,10,5,61,90,0
105,20,5,61,105,1
61,2,6,61,58,0
61,5,6,61,24,0
61,5,6,61,29,0
61,5,6,61,51,0
71,5,6,61,71,0
61,8,6,61,59,0
69,8,6,61,69,0
80,8,6,61,63,0
91,8,6,61,91,0
87,12,6,61,87,0
61,18,6,61,53,0
70,18,6,61,70,0
61,2,7,61,55,0
124,2,7,61,124,1
61,5,7,61,40,0
61,5,7,61,59,0
82,5,7,61,82,0
83,5,7,61,83,0
75,8,7,61,75,0
81,8,7,61,81,0
87,8,7,61,78,0
137,8,7,61,137,1
61,10,7,61,60,0
67,10,7,61,67,0
99,10,7,61,99,0
113,15,7,61,113,1
132,32,7,61,132,1
61,2,8,61,33,0
61,2,8,61,49,0
73,5,8,61,73,0
61,8,8,61,46,0
96,8,8,61,96,0
61,2,9,61,31,0
61,2,9,61,53,0
61,2,9,61,59,0
63,2,9,61,63,0
66,10,9,61,66,0
90,15,9,61,90,0
73,10,3,62,73,0
62,5,5,62,48,0
67,5,5,62,67,0
80,5,5,62,71,0
100,8,5,62,63,0
62,15,5,62,62,0
84,18,5,62,84,0
62,5,6,62,49,0
78,5,6,62,78,0
75,8,6,62,75,0
101,8,6,62,79,1
107,8,6,62,107,1
84,12,6,62,59,0
112,12,6,62,81,1
93,22,6,62,93,0
67,5,7,62,67,0
70,5,7,62,70,0
91,5,7,62,91,0
93,5,7,62,64,0
96,5,7,62,96,0
85,8,7,62,85,0
62,10,7,62,62,0
64,12,7,62,64,0
95,12,7,62,95,0
88,0,8,62,88,0
76,2,8,62,76,0
88,2,8,62,88,0
62,5,8,62,40,0
62,5,8,62,51,0
70,5,8,62,70,0
74,5,8,62,74,0
77,5,8,62,77,0
81,5,8,62,81,0
62,8,8,62,48,0
82,8,8,62,82,0
78,10,8,62,78,0
70,28,8,62,70,0
76,2,9,62,76,0
83,2,9,62,83,0
62,5,9,62,32,0
62,5,9,62,41,0
62,5,9,62,44,0
62,5,9,62,58,0
73,5,9,62,73,0
84,10,9,62,84,0
62,12,9,62,59,0
62,2,10,62,46,0
62,5,10,62,58,0
70,5,10,62,70,0
91,5,10,62,91,0
62,8,10,62,57,0
111,8,11,62,111,1
62,2,12,62,55,0
72,8,14,62,72,0
63,8,3,63,45,0
63,8,3,63,49,0
63,5,5,63,60,0
80,5,5,63,64,0
80,5,5,63,80,0
63,10,5,63,46,0
83,10,5,63,83,0
71,12,5,63,64,0
63,25,5,63,63,0
63,2,6,63,52,0
74,2,6,63,74,0
67,5,6,63,67,0
63,8,6,63,49,0
63,12,6,63,56,0
72,12,6,63,72,0
63,15,6,63,59,0
83,18,6,63,83,0
63,5,7,63,41,0
63,8,7,63,58,0
63,8,7,63,61,0
66,10,7,63,66,0
81,12,7,63,81,0
63,15,7,63,54,0
98,15,7,63,98,0
63,2,8,63,61,0
74,2,8,63,74,0
79,2,8,63,79,0
63,5,8,63,55,0
63,5,8,63,62,0
98,8,8,63,98,0
63,2,9,63,52,0
63,5,9,63,57,0
69,5,9,63,69,0
65,10,9,63,65,0
63,15,9,63,60,0
63,2,11,63,52,0
73,5,11,63,73,0
71,10,2,64,40,0
70,5,5,64,70,0
96,8,5,64,96,0
108,2,6,64,62,1
64,5,6,64,53,0
87,5,6,64,71,0
74,8,6,64,74,0
80,10,6,64,80,0
64,12,6,64,47,0
86,12,6,64,86,0
64,18,6,64,59,0
64,2,7,64,49,0
64,5,7,64,58,0
68,5,7,64,68,0
71,5,7,64,71,0
64,10,7,64,56,0
108,12,7,64,108,1
118,12,7,64,100,1
74,22,7,64,64,0
64,5,8,64,41,0
64,5,8,64,53,0
64,5,8,64,55,0
84,5,8,64,55,0
64,8,8,64,37,0
64,8,8,64,46,0
66,8,8,64,66,0
64,12,8,64,60,0
64,15,8,64,55,0
80,18,8,64,71,0
64,2,9,64,33,0
64,2,9,64,54,0
127,2,9,64,127,1
64,5,9,64,49,0
64,5,9,64,55,0
67,5,9,64,67,0
67,5,9,64,67,0
70,5,9,64,70,0
75,5,9,64,75,0
106,5,9,64,106,1
106,5,9,64,106,1
106,5,9,64,106,1
86,50,9,64,86,0
64,2,10,64,42,0
73,2,10,64,73,0
64,5,10,64,56,0
64,5,10,64,63,0
83,8,10,64,83,0
79,8,11,64,79,0
77,12,12,64,77,0
71,10,14,64,71,0
106,5,15,64,106,1
81,2,16,64,81,0
82,8,3,65,82,0
65,2,6,65,45,0
65,8,6,65,62,0
65,10,6,65,61,0
94,10,6,65,94,0
70,2,7,65,70,0
74,15,7,65,74,0
65,18,7,65,40,0
81,2,8,65,81,0
80,5,8,65,80,0
102,8,8,65,102,1
108,8,8,65,108,1
65,5,9,65,40,0
102,2,10,65,102,1
65,5,10,65,59,0
75,5,10,65,75,0
77,5,10,65,77,0
69,5,11,65,69,0
65,5,14,65,65,0
66,12,3,66,49,0
66,8,7,66,43,0
100,8,7,66,100,0
79,5,8,66,79,0
91,5,8,66,91,0
78,8,8,66,78,0
66,2,9,66,64,0
83,2,9,66,83,0
144,5,9,66,144,1
66,8,9,66,34,0
70,5,10,66,70,0
68,18,10,66,68,0
66,20,11,66,62,0
69,5,5,67,69,0
77,8,5,67,77,0
71,12,5,67,71,0
80,2,7,67,47,0
71,5,7,67,71,0
73,5,7,67,73,0
67,8,7,67,45,0
78,8,7,67,78,0
74,5,8,67,63,0
87,5,8,67,66,0
104,5,8,67,104,1
120,5,8,67,120,1
71,8,8,67,71,0
67,10,8,67,44,0
87,10,8,67,87,0
67,12,8,67,58,0
67,15,8,67,47,0
67,2,9,67,54,0
67,5,9,67,55,0
69,5,9,67,69,0
128,8,9,67,128,1
69,10,9,67,69,0
93,15,9,67,93,0
80,5,10,67,80,0
97,5,10,67,97,0
95,8,10,67,95,0
67,18,10,67,66,0
74,2,11,67,74,0
67,2,14,67,54,0
67,5,14,67,60,0
67,10,14,67,58,0
67,5,15,67,63,0
91,12,15,67,91,0
67,5,16,67,60,0
72,8,6,68,72,0
70,2,7,68,70,0
70,5,7,68,70,0
68,10,7,68,67,0
78,12,7,68,78,0
93,2,8,68,93,0
90,5,8,68,63,0
95,10,8,68,95,0
68,2,9,68,48,0
68,2,9,68,58,0
70,5,9,68,70,0
135,8,10,68,135,1
74,5,12,68,74,0
121,2,15,68,121,1
89,8,22,68,89,0
91,8,6,69,91,0
69,2,8,69,54,0
79,8,8,69,79,0
111,8,8,69,111,1
150,38,8,69,123,1
80,5,9,69,80,0
102,10,9,69,102,1
69,12,10,69,67,0
69,8,12,69,69,0
72,2,14,69,72,0
69,2,15,69,57,0
70,22,9,70,45,0
117,30,9,70,117,1
70,2,10,70,53,0
84,5,10,70,84,0
75,5,14,70,75,0
70,8,14,70,61,0
111,10,14,70,111,1
92,15,6,71,92,0
85,15,7,71,85,0
83,8,17,71,83,0
86,8,5,72,86,0
76,2,8,72,76,0
83,5,8,72,83,0
76,2,9,72,76,0
82,2,11,72,82,0
94,5,12,72,94,0
107,10,12,72,107,1
76,5,14,72,76,0
101,5,14,72,101,1
114,2,18,72,114,1
145,10,8,73,145,1
73,2,11,73,60,0
80,5,8,74,58,0
76,5,10,74,76,0
81,5,11,74,81,0
100,2,12,74,100,0
74,2,16,74,72,0
92,5,14,75,92,0
99,2,14,76,99,0
77,5,9,77,74,0
94,2,15,77,94,0
92,5,15,77,92,0
80,8,15,77,80,0
78,12,7,78,67,0
85,5,23,78,85,0
118,18,6,79,118,1
88,5,14,79,88,0
79,2,18,79,76,0
82,12,3,82,44,0
94,2,16,82,94,0
98,5,16,82,98,0
110,8,17,82,110,1
101,2,10,101,93,1
