AirPressure,AirTemperature,RelativeHumidity,WindSpeed
1009.3,20.2,86,0.5
1009.2,19.6,87,0.9
1009.0,18.4,91,0.4
1009.1,17.4,95,0.3
1009.6,16.8,95,0.4
1010.1,19.0,79,1.4
1010.6,20.7,82,0.8
1010.9,23.3,66,1.8
1010.4,26.5,56,2.4
1010.7,28.0,52,1.6
1010.6,29.5,46,1.2
1009.9,31.4,42,2.1
1009.4,29.8,57,1.5
1009.1,30.0,55,1.5
1008.9,29.5,52,1.1
1008.8,29.8,46,0.4
1009.0,27.8,64,2.2
1009.3,25.7,79,0.8
1009.7,23.9,79,1.8
1010.4,22.7,79,1.4
1011.1,23.1,77,2.3
1011.5,22.7,80,2.4
1011.5,23.1,77,2.9
1011.2,22.9,78,3.4
1010.5,23.3,76,2
1009.8,23.3,74,3
1009.8,22.7,77,0.7
1010.0,21.6,83,1.9
1010.4,20.2,90,0.2
1010.7,20.0,93,0.5
1011.0,23.6,83,1.8
1011.4,25.5,69,2.6
1011.7,27.5,65,3.2
1011.0,28.2,62,4.6
1010.6,28.6,62,4.2
1010.4,28.1,63,4.2
1009.5,27.3,65,4.9
1008.9,27.9,64,5.2
1008.4,27.4,65,4.1
1008.0,26.3,68,3.6
1008.1,25.7,70,3.4
1008.5,25.0,72,2.6
1008.7,24.7,73,2.4
1009.1,24.7,71,2
1009.4,24.5,73,2.6
1009.8,24.2,75,2.8
1009.8,24.0,76,1.6
1009.0,23.5,78,2.4
1008.3,23.9,76,2.9
1007.2,23.5,77,2.5
1006.9,22.5,82,1.4
1006.3,22.8,79,2.5
1006.7,22.2,83,0.7
1007.1,21.3,89,0.8
1007.3,23.4,78,0.5
1007.4,25.3,71,1.2
1006.9,27.7,63,1
1006.8,28.2,59,0.5
1006.0,29.7,53,1.3
1005.3,30.2,54,1.1
1004.3,31.2,52,1.9
1003.5,30.7,55,2
1003.2,29.8,63,1.9
1003.3,28.6,70,1
1003.2,28.0,71,1.6
1003.6,26.8,82,0.7
1004.0,26.2,83,0.8
1004.2,25.8,84,1.1
1004.8,25.1,86,1.2
1004.8,24.2,89,1.6
1004.6,24.0,88,1.7
1005.2,24.0,91,0.8
1004.4,23.2,94,0.9
1003.6,23.1,93,0.6
1003.5,22.5,88,2.1
1003.2,21.4,93,0.3
1003.1,20.9,89,0.5
1003.5,20.9,86,0.3
1003.5,21.6,80,1.9
1004.1,24.1,78,0.7
1003.7,26.6,67,1
1003.8,30.1,49,4.7
1003.5,30.9,49,2.6
1003.1,31.6,48,1.3
1002.7,31.2,55,4.7
1002.3,30.4,58,3.3
1002.6,29.0,63,2.5
1003.6,23.8,83,3.8
1004.9,21.3,94,2.7
1006.0,20.8,95,1.5
1006.6,20.4,95,2.4
1008.7,20.2,93,0.9
1009.5,20.0,96,1.8
1009.6,19.7,93,1.1
1009.4,19.9,94,0.3
1009.0,19.8,97,0.5
1008.2,19.9,97,1
1008.1,20.1,97,0.4
1008.5,19.5,96,1.6
1009.2,19.3,96,0.7
1009.2,19.3,97,0.3
1009.7,19.4,98,0.6
1010.7,19.4,96,2.4
1011.5,19.6,95,0.8
1011.8,19.6,95,2.2
1011.8,19.9,93,1.6
1011.9,19.7,91,2.6
1011.9,19.8,92,2.9
1011.5,19.8,91,0.9
1011.5,19.7,90,1.5
1010.5,19.3,90,1.8
1011.0,19.5,93,0.1
1011.7,19.1,94,0.2
1012.1,18.7,95,0.8
1013.1,18.2,95,1.1
1013.8,18.0,95,0.6
1014.9,17.9,96,0.9
1015.0,17.7,97,1.3
1014.5,17.5,95,1.8
1013.8,17.6,94,1.8
1013.0,17.6,95,1.7
1012.6,17.5,97,1.1
1012.5,17.7,97,0.3
1012.5,17.6,97,1.3
1013.2,17.8,97,0.4
1013.6,17.8,97,1.1
1013.8,18.1,96,1.8
1014.0,19.3,94,1.2
1014.2,20.5,87,2.9
1014.4,20.7,82,2.1
1014.0,20.6,86,2.4
1013.7,20.3,87,2.2
1012.8,20.9,89,1.8
1012.3,20.4,89,1.8
1012.4,18.7,93,3
1011.9,18.5,91,2.3
1012.0,18.5,92,1
1012.6,18.5,92,0.8
1013.5,18.4,95,0.2
1013.5,18.2,97,1
1013.7,18.2,97,0.9
1013.5,18.3,97,1
1012.9,18.3,96,1.7
1012.1,18.2,96,1.5
1011.9,18.2,97,1
1011.4,17.9,97,0.3
1011.0,18.0,98,0
1011.4,18.1,97,0.2
1011.6,17.7,98,0.5
1012.1,17.9,98,0.6
1012.6,19.2,94,0.6
1012.9,21.6,84,0.8
1012.9,23.3,65,0.8
1012.8,24.8,57,0.9
1012.0,26.2,49,1.3
1011.3,26.9,51,1.4
1010.4,28.0,41,1.7
1009.3,28.8,40,2.1
1008.7,28.5,49,1.9
1008.5,27.7,54,2.7
1008.9,26.3,61,2.5
1009.5,24.5,66,0.5
1010.3,21.3,83,0.2
1010.7,20.1,88,2.1
1010.8,19.9,86,2.3
1010.9,20.8,79,3
1010.5,20.9,77,3
1010.3,20.8,76,4
1010.2,20.7,75,2.7
1010.2,17.9,87,1.5
1010.0,16.5,92,0.8
1010.2,16.0,92,0.6
1010.5,16.7,85,1.4
1011.2,17.1,81,0.6
1012.0,19.2,71,0.6
1012.1,22.6,58,1.7
1012.0,25.5,49,1
1011.7,27.4,38,0.9
1011.3,29.2,40,1.7
1010.4,30.0,35,0.8
1009.6,30.6,33,1.8
1009.0,29.8,49,1.4
1008.7,27.7,61,1.5
1008.5,27.2,64,1.3
1009.1,26.8,65,1.4
1009.4,25.9,68,0.9
1009.6,22.7,86,1
1010.5,21.9,89,1.1
1010.9,20.9,91,0.5
1011.3,20.3,94,0
1010.8,20.1,94,0.4
1010.3,19.8,91,1.6
1010.0,19.6,93,0.5
1009.8,19.0,96,0.2
1009.3,19.8,91,0.5
1009.1,19.5,93,0.4
1009.3,19.5,93,0.5
1009.8,19.7,92,1.1
1010.3,22.4,76,1.4
1010.6,24.0,72,2.3
1010.5,26.2,66,0.1
1010.4,27.8,58,0.7
1009.9,28.8,52,0.4
1009.5,29.6,47,1.5
1008.7,31.2,47,2.1
1008.4,28.4,62,1.8
1007.8,28.9,59,2.3
1007.5,27.3,69,1.8
1007.8,26.4,70,2
1008.2,25.6,73,2.6
1008.6,24.8,76,2.2
1009.4,24.7,75,1.7
1009.9,24.0,78,1.9
1010.0,24.0,76,1.8
1009.8,23.8,77,2
1009.4,23.4,79,2.1
1008.8,23.6,78,2.3
1007.8,23.8,76,3.6
1007.4,23.3,79,1.9
1007.3,22.4,82,1.6
1007.7,22.1,83,1.9
1007.9,22.5,81,2.3
1008.6,24.0,75,2.4
1008.5,26.2,68,2.7
1008.5,28.5,64,1.2
1008.3,30.1,54,1.3
1007.8,31.1,52,1.6
1007.4,31.1,52,2.5
1006.3,30.9,53,2.1
1006.4,29.4,66,2
1006.7,25.7,91,1.9
1006.3,26.8,82,2.3
1007.1,25.8,83,2.3
1007.9,24.9,82,2.5
1008.9,23.1,91,0.9
1010.2,22.3,92,1.3
1010.7,21.8,95,0.6
1011.3,21.6,95,1
1011.5,21.0,93,2.7
1011.4,20.4,92,2.4
1011.3,20.4,92,0.7
1010.8,20.1,92,2.1
1010.8,19.5,95,0.7
1011.0,19.2,95,0.4
1011.2,19.4,95,0.2
1011.4,19.3,94,1
1012.1,19.6,93,0.9
1012.9,20.0,91,2
1013.4,20.0,91,1.6
1013.5,20.0,91,1.4
1013.3,20.6,88,2.4
1013.4,20.2,86,2
1012.7,19.7,92,1.9
1012.7,19.7,91,1.4
1012.6,19.5,91,1.2
1012.7,18.9,92,0.7
1012.8,18.8,92,0.8
1013.5,18.7,94,0.6
1013.8,18.2,95,0.9
1014.2,18.3,92,1.3
1014.8,18.2,92,0.7
1014.8,18.2,96,0.5
1014.6,18.1,97,0.5
1014.2,18.1,95,1.2
1013.9,18.2,96,0.7
1013.7,18.2,95,0.9
1013.4,18.0,93,2.6
1013.5,18.1,87,1.6
1013.4,18.1,87,1.6
1013.8,18.3,87,1.5
1014.2,18.8,81,1.9
1014.3,19.9,80,1.4
1014.2,20.3,76,3.3
1014.0,21.0,73,5.2
1013.8,21.3,75,3.8
1013.2,22.2,75,3.7
1012.5,21.7,75,3.2
1011.9,22.0,74,4.3
1011.5,21.5,76,3.7
1011.2,21.1,82,2.7
1010.8,21.6,78,3.8
1011.1,21.4,76,2.9
1011.2,21.1,78,1.5
1011.7,20.6,80,2.3
1011.9,21.2,77,2.2
1012.1,21.7,74,2.7
1011.8,21.7,73,3.9
1011.1,21.8,73,4
1010.8,21.8,73,3.1
1010.0,21.8,73,3
1009.6,21.5,74,3.6
1009.8,21.5,74,2.2
1009.6,21.2,76,3.2
1010.2,21.1,77,2.3
1010.6,22.4,73,1.3
1010.6,24.4,69,2.1
1010.5,25.7,65,0.9
1010.2,27.4,61,0.8
1009.4,28.6,60,1.5
1008.9,29.4,57,2
1008.1,29.2,59,2.5
1008.0,27.8,70,2.6
1007.4,26.9,70,2
1007.2,26.4,74,0.5
1007.0,25.8,80,0.8
1007.1,25.4,80,1.6
1007.4,24.7,82,1.8
1008.0,23.5,87,0.9
1008.3,23.5,86,0.9
1008.5,23.2,87,0.9
1008.4,21.7,95,0.3
1007.9,21.0,96,0
1007.5,20.7,97,0.2
1006.8,20.4,97,0.1
1006.1,20.4,95,0.3
1005.9,20.0,96,0.3
1005.9,19.8,96,0.2
1006.1,21.1,91,0.6
1006.7,22.5,86,0.3
1007.0,24.1,79,0.9
1007.5,26.2,74,0.2
1007.2,28.3,67,0.7
1006.9,30.2,62,0.8
1006.7,30.0,66,1.5
1006.5,29.8,67,2.7
1006.4,29.2,70,3.2
1006.0,29.3,71,2.8
1005.7,28.9,72,3.4
1005.9,28.7,72,3.2
1006.8,28.3,72,1.2
1007.5,27.8,74,2.5
1008.6,27.0,78,2.5
1009.2,26.0,81,1.9
1009.7,25.5,77,0.8
1010.6,23.7,88,4.2
1011.9,21.6,85,3.8
1012.0,21.5,83,1.6
1012.2,21.5,81,1.2
1012.4,20.3,87,0.7
1013.0,20.5,84,2.6
1013.5,20.6,81,2
1014.8,19.4,89,2.7
1016.2,18.9,91,3.1
1016.4,18.7,92,1.9
1016.2,19.4,86,2.9
1016.3,20.0,85,1.6
1015.6,22.6,71,2.5
1015.0,23.8,67,3.1
1014.5,22.7,71,3.1
1014.1,21.8,73,3.9
1013.8,21.5,73,2.4
1014.0,20.4,82,2.4
1014.3,19.6,77,3.1
1015.5,16.9,78,4.2
1016.2,15.8,89,3.1
1016.6,15.7,91,2.8
1016.1,15.9,93,2.6
1015.7,16.3,93,1.9
1014.9,17.1,91,2.9
1013.8,17.8,88,3.2
1012.8,18.1,88,1.7
1011.8,18.6,87,2
1011.3,19.8,77,3
1011.2,19.9,79,1.9
1011.2,18.9,88,2.7
1012.0,18.4,96,0.2
1012.8,18.5,97,0.5
1012.7,19.4,96,0.5
1013.0,19.4,96,0.8
1013.0,19.3,96,1.1
1012.6,19.9,96,0.8
1012.5,20.3,93,0.4
1012.0,20.6,96,0.3
1011.4,20.3,97,0.5
1010.9,20.3,97,0.8
1010.6,20.0,97,1
1010.8,20.1,97,0.1
1011.3,20.1,98,0.2
1010.6,19.7,98,0.8
1012.0,20.0,98,0.5
1011.9,19.9,98,0.6
1011.7,19.8,98,0.2
1011.7,19.7,98,0
1011.0,19.6,98,0.5
1010.4,19.5,98,0.7
1009.9,19.6,98,0.5
1009.8,19.6,98,0.7
1009.5,19.5,98,0.1
1010.0,19.6,98,0
1010.8,19.6,98,0.4
1011.4,20.4,98,0.1
1011.4,21.4,96,1
1011.5,22.8,89,0.9
1011.0,25.6,76,1.7
1011.1,25.6,73,1.6
1010.7,26.7,76,1.2
1009.9,25.8,77,2.8
1009.7,25.6,76,2.6
1009.6,26.9,72,2.3
1009.4,25.8,76,3.2
1009.3,25.1,79,3.7
1009.3,24.2,81,1.9
1009.5,23.0,86,1.7
1009.8,22.1,91,0.1
1009.9,20.6,95,0.2
1010.2,20.3,97,0.1
1010.0,20.2,97,0.2
1009.5,19.9,97,0.2
1009.1,19.5,98,0.1
1008.8,19.8,97,0.6
1008.6,19.6,97,0.4
1008.7,19.1,98,0.8
1009.4,18.9,98,0.5
1010.0,19.7,98,0.9
1010.6,22.4,87,0.2
1010.6,24.4,78,0.5
1010.5,25.5,78,1
1010.1,28.0,70,1.2
1009.3,28.7,67,1
1008.5,30.3,58,1.6
1007.8,30.5,57,2
1007.2,30.0,66,1.9
1006.9,29.1,66,0.8
1006.9,26.4,87,0.2
1007.6,25.4,91,0.7
1008.1,24.6,94,0.5
1008.6,23.9,96,0.5
1009.1,24.0,94,0.3
1009.4,23.6,95,1.6
1009.7,23.3,95,1.3
1009.6,23.1,93,0.7
1009.2,22.6,94,0.2
1008.7,22.1,95,0.3
1008.9,21.3,96,0.6
1009.0,20.9,97,0.8
1009.2,21.3,96,0.8
1010.0,21.2,96,0
1010.3,21.5,96,0
1011.1,22.7,93,0.3
1011.3,24.7,84,0.3
1011.7,26.2,78,1
1011.8,26.1,80,2.8
1012.4,23.8,84,4
1012.2,23.6,85,3.2
1011.8,23.0,85,3.5
1011.4,22.6,88,1.6
1011.4,22.6,88,2.3
1011.6,22.0,93,1
1012.3,21.6,91,3.4
1012.6,20.9,93,2.4
1013.4,20.5,93,1.7
1014.1,20.2,93,2.5
1014.7,19.8,93,2.9
1014.9,19.6,95,1.9
1014.6,19.5,96,2.2
1014.2,19.5,96,2.1
1013.7,19.6,96,1.3
1013.0,19.7,96,2.2
1012.7,19.5,95,1.8
1013.0,19.5,95,2.2
1013.5,19.5,94,2.7
1014.2,19.4,94,1.5
1014.7,19.4,95,1.9
1015.1,19.4,95,2.3
1015.6,19.6,95,1.3
1015.8,19.1,92,2.9
1015.3,20.3,90,3.3
1014.3,20.6,86,3.4
1013.6,20.7,84,3.7
1013.2,20.7,83,3.1
1012.8,20.8,84,3.8
1012.7,20.8,83,3.4
1013.1,20.5,85,2.2
1013.0,20.0,89,2.3
1013.0,20.4,86,3.3
1012.9,20.6,88,3.7
1013.3,21.1,85,2.9
1012.8,20.6,91,3.9
1012.2,21.4,85,4
1011.6,21.7,84,1.7
1011.2,21.1,89,2.8
1010.6,21.5,87,1.6
1010.3,21.3,89,1
1010.4,21.0,92,0.2
1010.5,20.7,96,0.4
1010.6,20.6,97,1.5
1010.5,22.0,90,1.2
1011.1,23.2,86,0.6
1011.5,24.0,85,1
1011.1,25.1,79,0.7
1010.7,26.3,77,0.9
1010.4,27.3,71,1.6
1009.8,27.7,73,0.6
1009.3,26.3,77,1.3
1009.3,25.2,82,0.7
1009.3,24.2,88,1.1
1009.7,23.6,92,0.6
1010.1,23.8,93,1
1010.3,23.2,96,0.2
1010.5,23.0,97,0
1010.6,23.0,97,0.3
1010.6,23.0,97,0
1010.5,22.9,96,0.7
1009.8,22.8,97,0.2
1009.1,22.7,98,0
1008.3,22.6,98,0
1008.2,22.6,98,0.1
1008.2,22.6,98,0.2
1008.6,22.6,98,0.6
1009.1,22.7,96,1.5
1009.5,22.8,96,0.4
1009.9,23.0,96,0.1
1009.9,23.2,93,0.9
1009.8,24.6,88,1.2
1009.6,25.9,80,2.3
1009.2,25.1,79,1
1008.7,25.3,77,1
1008.3,25.0,77,0.5
1007.7,24.7,84,1.3
1007.5,25.0,80,1
1007.3,25.5,79,0.6
1007.4,24.4,88,0.3
1007.7,23.7,91,0.8
1008.0,23.4,88,1.1
1008.1,23.3,85,0.2
1007.7,22.1,91,1.4
1007.3,21.9,92,1.1
1006.8,21.5,95,1.1
1006.3,21.1,96,0.4
1006.0,20.9,96,0.4
1006.2,20.4,97,0.3
1006.4,20.6,97,0.1
1006.8,20.6,97,0
1007.2,20.9,97,0.2
1007.6,22.2,91,0.2
1007.4,23.9,86,0.4
1007.5,25.2,79,0.7
1007.0,26.2,72,1.5
1006.4,27.7,66,1.3
1005.7,29.0,62,1.3
1004.9,29.8,59,1.3
1004.2,29.5,59,1.1
1003.8,29.8,54,0.9
1003.7,29.3,56,0.8
1004.1,27.6,64,2.3
1004.4,25.9,68,1.4
1004.9,24.7,70,0.8
1005.6,23.9,76,1
1006.3,22.9,87,0.4
1006.3,22.2,94,0.3
1005.7,22.4,90,0.4
1005.0,22.6,90,0.7
1004.4,22.9,87,0.9
1004.2,22.1,91,0.8
1004.4,22.0,93,0.1
1004.5,21.7,94,0.1
1005.2,21.7,94,0.7
1005.3,21.7,94,0.2
1005.5,23.2,85,0.9
1005.9,24.4,81,0.6
1006.3,26.5,70,0.9
1006.3,27.5,61,0.8
1006.4,28.4,59,0.6
1005.8,28.4,65,2.4
1005.3,26.8,73,2.4
1005.1,24.3,85,0.8
1005.3,23.1,94,1.2
1005.4,22.2,95,0.6
1005.6,21.9,96,0.2
1005.1,21.6,97,1.4
1004.9,21.5,97,1.6
1005.6,21.6,97,0.2
1005.9,21.5,97,0.5
1006.9,21.6,96,1
1005.7,21.3,97,0.9
1004.9,21.5,98,0.8
1003.8,21.5,98,0.5
1003.3,21.5,98,1.1
1004.4,21.5,98,1.2
1004.5,21.3,97,0.8
1004.5,21.4,97,0.5
1005.4,21.4,98,0.1
1005.1,21.5,97,2.7
1005.6,22.8,94,1
1006.6,23.6,91,0.1
1006.9,23.5,94,0.2
1006.9,23.8,95,0.4
1006.3,23.8,95,0.7
1005.0,24.3,95,0.5
1003.9,24.7,94,1.2
1003.8,24.9,90,0.4
1004.7,25.0,89,0.8
1004.9,24.5,87,1.7
1005.5,23.5,95,0.3
1006.6,23.1,96,0
1007.2,22.7,97,0.5
1007.9,22.5,96,0.2
1008.2,22.2,97,0
1008.0,22.0,97,0.3
1007.1,21.8,96,0.6
1007.1,21.5,96,0.8
1007.2,21.6,96,0.2
1006.9,21.5,94,1.7
1007.1,21.6,94,1
1007.4,21.7,93,1.2
1008.0,21.7,93,1.3
1008.6,22.8,89,1.5
1008.9,25.0,81,0.6
1009.0,26.1,80,1.4
1008.8,27.0,78,1.3
1009.0,27.4,76,1.2
1009.1,27.0,73,2.2
1008.9,26.6,70,2.7
1008.4,26.4,73,2.4
1008.0,26.3,71,2.8
1007.3,25.5,72,3.6
1007.4,25.8,73,3.8
1007.6,24.5,69,2.3
1008.0,23.3,69,3.2
1008.4,23.0,75,3.5
1009.0,23.2,74,3.1
1009.3,23.3,76,3.6
1009.4,23.5,76,4.5
1009.4,23.2,78,4
1009.3,23.1,80,4.3
1009.2,23.3,77,3.9
1009.3,22.9,81,3.4
1009.9,22.3,84,4.1
1010.2,22.5,78,2.6
1010.6,22.8,80,2.4
1011.1,24.0,76,2.8
1011.4,26.3,63,3.4
1011.4,27.1,62,3.7
1011.4,27.4,56,5.4
1011.2,28.5,58,3.6
1010.8,28.0,60,3.8
1010.3,28.3,57,4.4
1009.9,28.1,56,3.4
1009.5,28.2,55,4.4
1009.5,27.4,58,3.2
1009.8,25.6,62,4
1010.3,25.4,65,3.8
1010.6,23.8,70,3.6
1011.2,24.1,70,3.7
1011.6,23.6,73,3.4
1012.0,23.3,72,2.7
1011.7,23.7,72,2.8
1011.3,23.6,68,3.6
1010.7,23.7,68,1.9
1010.2,23.1,71,3.6
1009.8,23.2,71,2.7
1009.8,22.9,73,2.6
1010.1,23.0,72,2.7
1010.4,24.1,69,2.7
1010.9,25.3,64,2.5
1011.1,25.8,63,3.6
1011.4,27.0,57,4.3
1011.1,28.0,56,5.1
1010.5,29.0,54,4.4
1009.9,29.4,52,4.4
1009.5,29.0,55,4.4
1008.8,29.1,53,4.1
1008.6,29.1,53,4.5
1008.4,28.4,54,3.8
1008.4,27.1,58,4.6
1008.8,25.5,63,4.5
1008.9,24.5,65,3.2
1009.3,24.2,68,3.9
1009.8,24.0,68,3.1
1010.0,23.7,70,2.6
1009.9,23.6,72,3.2
1009.2,23.6,69,2.6
1008.6,23.5,69,2.2
1008.3,23.0,71,1.8
1008.1,22.3,75,1.4
1008.0,21.8,75,1.4
1008.4,22.2,72,2.6
1009.1,23.1,70,1.8
1009.5,25.0,68,2.4
1009.5,27.1,62,2.4
1009.3,28.4,60,2.4
1009.0,29.4,58,3.7
1008.9,30.3,52,2.2
1007.9,31.1,53,2
1007.3,31.4,50,1.6
1006.6,31.5,51,2.2
1006.4,30.0,61,1.5
1006.1,29.2,60,1.6
1006.5,28.2,62,2.2
1006.7,26.1,69,2.4
1007.4,25.0,71,2.1
1008.4,24.7,73,1.5
1008.8,24.4,73,1.8
1009.0,24.3,73,1.6
1008.6,24.5,74,2.5
1008.0,24.4,73,1.9
1007.3,24.0,74,2
1006.7,23.9,75,1.6
1006.3,22.9,82,0.7
1006.7,21.7,89,1.3
1006.9,21.5,88,0.3
1007.2,21.7,88,0.1
1007.3,24.0,77,0.8
1007.4,26.5,68,1
1007.3,28.1,66,0.7
1007.3,28.8,65,2.7
1007.1,29.3,63,3.3
1006.6,30.0,58,2.9
1006.2,29.9,63,2.1
1005.8,29.9,64,3
1005.5,29.3,66,2.8
1005.4,29.4,67,2.5
1005.6,28.5,69,1.6
1005.8,28.4,70,1.5
1006.1,27.4,75,0.8
1006.4,25.4,87,0.3
1006.9,24.5,91,0.6
1007.3,23.6,94,0.4
1006.9,23.9,91,0.9
1006.4,23.3,93,1.4
1006.0,23.4,91,1.5
1005.8,23.0,91,0.2
1005.4,23.0,89,0.5
1005.4,22.4,91,0
1005.7,21.6,95,0
1006.1,22.8,88,0.3
1006.6,23.5,86,0.3
1006.7,25.7,77,0.3
1006.6,28.0,71,0.8
1006.7,29.1,64,2.2
1006.5,30.1,64,1.3
1005.8,31.7,54,1.1
1004.9,33.1,50,2.4
1004.4,32.7,50,2.3
1004.6,29.4,72,2.4
1004.5,28.6,70,2.1
1004.9,27.2,83,2.1
1005.5,26.6,87,1.6
1006.1,26.7,86,1
1006.6,26.2,90,0.3
1007.1,26.0,91,1
1007.5,25.4,92,0.3
1007.4,24.6,95,0.1
1007.2,24.1,95,0.1
,,,
,,,
,,,
,,,
,,,
,,,
,,,
,,,
,,,
,,,
,,,
,,,
,,,
,,,
,,,
,,,
,,,
,,,
,,,
,,,
,,,
,,,
,,,
,,,
,,,
,,,
,,,
,,,
,,,
,,,
,,,
1009.9,22.2,80,2.8
1009.7,20.0,76,1
1009.5,19.0,78,0.8
1009.6,19.1,79,1
1010.0,19.8,83,2
1010.6,20.5,76,2.8
1011.1,21.5,75,3.7
1011.4,23.1,71,4.9
1011.3,25.7,63,3.5
1011.7,27.9,59,0.9
1011.7,29.0,66,1.5
1011.5,28.9,71,2.1
1010.8,28.3,73,1.6
1010.5,28.0,71,1.6
1010.0,28.8,55,1.3
1009.8,28.2,57,1.7
1009.9,27.0,61,1.2
1010.0,26.0,66,0.7
1010.3,24.3,74,0.8
1010.8,23.3,57,0.9
1011.6,23.2,55,1.1
1012.0,23.2,61,1.5
1011.9,23.0,59,2.7
1011.5,23.7,59,3.8
1011.0,24.9,64,3.7
1010.4,25.0,61,3.3
1010.2,25.3,65,3.7
1010.5,24.5,72,2.2
1010.9,24.0,77,2.1
1011.2,24.3,77,3.4
1011.6,25.0,70,3.7
1012.1,25.7,68,4
1012.4,26.3,66,5.1
1011.6,28.2,59,4.5
1010.7,28.7,59,6.4
1010.5,29.1,59,6.7
1009.6,29.0,57,6.9
1009.0,28.7,57,7
1008.7,27.8,61,7.7
1008.4,27.6,63,6.5
1008.5,26.5,65,6
1008.8,25.6,69,6
1009.0,25.2,70,4.9
1009.6,25.2,69,5.6
1009.9,25.2,71,4.8
1010.1,25.0,71,4.8
1010.2,25.2,70,3.9
1009.4,25.4,70,4.5
1008.9,25.0,72,3.6
1007.9,24.6,74,2.8
1007.3,24.7,75,3.7
1007.0,23.7,80,2.7
1007.0,23.1,82,2.3
1007.6,23.1,83,2.2
1007.8,24.1,78,2.4
1008.0,25.6,73,3.2
1007.6,26.5,67,3.4
1007.5,27.9,61,1.8
1006.8,27.7,73,0.8
1006.2,29.0,73,1.1
1005.5,28.9,75,1.1
1004.9,28.8,75,1.5
1004.8,27.6,78,2.3
1004.3,27.3,79,1.1
1004.0,28.1,71,1
1004.5,28.3,67,0.8
1004.7,27.4,69,0.6
1005.0,27.0,74,1.4
1005.2,25.9,80,0.6
1005.3,25.5,83,0.7
1005.5,25.6,84,0.2
1005.6,25.6,87,1.1
1005.0,25.0,86,2.2
1004.4,24.7,87,2.7
1003.9,25.0,73,1.2
1004.1,25.1,75,0.9
1003.9,25.6,70,0.7
1003.9,25.3,78,0.6
1004.1,26.2,74,1.3
1004.7,27.3,66,1.1
1004.5,29.2,56,1.5
1004.7,29.4,57,2
1004.7,28.8,71,2.9
1004.6,29.7,71,3
1004.5,27.7,77,3
1004.2,26.9,81,3.9
1004.3,23.7,84,3.8
1004.5,21.8,94,3.4
1005.4,20.7,93,4.4
1006.3,19.9,95,3.9
1006.9,19.6,95,2.6
1009.2,19.3,96,2.6
1010.2,18.9,96,2.8
1010.0,19.5,96,1.2
1009.8,19.3,98,1.5
1009.5,19.6,98,1.7
1009.0,19.7,99,0.3
1009.0,19.2,98,0.9
1008.9,19.1,98,1.5
1009.4,19.1,97,0.7
1009.8,19.0,98,0.5
1010.5,18.8,98,2
1011.3,18.9,97,2.6
1012.2,18.8,97,2.2
1012.4,19.0,97,3
1012.7,19.0,94,2.8
1012.4,19.7,91,3.2
1012.5,19.4,91,2.9
1011.9,19.6,88,1.9
1011.8,19.6,85,1.2
1011.2,19.7,91,1.3
1011.6,19.6,87,1.2
1012.1,18.6,90,1
1012.7,18.5,97,0.5
1013.4,18.5,98,2.1
1014.0,18.6,98,1.8
1015.2,18.0,98,2.3
1015.5,18.2,98,2.2
1015.4,18.1,99,0.7
1014.5,18.0,99,0.8
1013.3,18.1,99,1.9
1013.4,18.1,99,0
1013.1,18.1,98,2.3
1013.1,18.1,99,1.1
1013.9,18.0,99,0.5
1014.0,17.9,99,1
1014.4,18.2,99,2.2
1014.9,18.5,96,0
1014.8,19.6,90,1.5
1014.8,20.7,85,1.5
1014.9,20.4,91,0.3
1014.4,20.0,95,1.5
1013.6,20.2,92,0.6
1013.1,19.6,93,2.4
1013.0,18.5,94,3.4
1012.6,19.0,95,0.4
1012.7,18.9,98,0.4
1013.3,18.9,98,1.1
1013.8,18.6,99,0.9
1014.1,18.6,99,0.6
1014.2,18.4,98,2.9
1014.1,18.4,97,3.4
1013.4,18.1,98,2.6
1012.8,18.2,96,2.5
1012.6,18.2,97,0.8
1011.9,17.9,98,0.8
1012.0,17.5,99,0.5
1012.1,17.5,99,0.6
1012.3,17.3,98,0.6
1012.6,16.9,98,0.6
1013.3,18.0,97,1.1
1013.5,20.6,87,1.9
1013.7,22.4,79,1.1
1013.6,23.7,68,1.4
1012.9,24.8,69,0.9
1012.4,25.8,65,1.2
1011.5,26.3,68,2.3
1010.4,26.8,62,2.6
1009.8,27.6,54,1.5
1009.4,26.3,56,1.1
1009.6,26.3,47,1.3
1010.1,24.5,55,1
1010.7,22.1,71,1.1
1011.0,22.0,75,2.8
1011.1,21.7,74,4.2
1011.2,22.2,71,4.9
1011.1,22.1,68,4.1
1010.8,22.1,69,3.6
1010.7,21.2,74,3.1
1010.7,20.5,76,2
1010.6,19.9,76,2.2
1010.5,19.5,80,2.7
1011.0,19.3,79,3.1
1011.7,18.9,82,3.1
1012.4,20.2,77,3.8
1012.8,22.1,71,4.4
1012.7,24.5,66,3.6
1012.7,26.6,59,0.7
1012.3,27.6,71,0.9
1011.8,26.6,73,2.5
1011.1,27.1,71,2.2
1010.6,26.5,78,2
1009.9,25.5,80,0.6
1009.7,25.3,79,0.8
1010.1,24.8,80,0.5
1010.3,24.1,81,0.3
1010.4,22.7,72,0.4
1011.1,22.5,72,0.7
1011.7,21.5,79,0.6
1011.9,21.6,78,1.1
1011.3,21.4,80,1.3
1010.8,21.7,82,2.2
1010.4,22.0,85,1.6
1010.1,22.0,84,3.5
1009.7,21.7,86,3.6
1009.6,21.6,85,3.1
1009.9,21.4,85,3.6
1010.3,21.6,86,3.1
1010.9,22.5,82,3.7
1011.2,24.0,76,2.7
1011.4,25.1,73,2.3
1011.3,26.2,71,0.7
1011.0,27.4,68,1
1010.8,26.4,79,1.2
1010.3,27.3,76,2.8
1009.6,27.3,74,3.2
1008.9,27.5,75,2.4
1008.4,27.5,72,2.2
1008.5,27.0,76,1.2
1008.8,26.2,79,0.1
1009.3,26.1,70,3.6
1009.8,25.9,70,3.2
1010.4,25.6,72,3.4
1010.4,25.5,71,4.7
1010.3,25.3,71,3.7
1009.8,25.3,72,4.9
1009.3,25.3,71,4.3
1008.5,25.0,75,4.1
1007.8,24.9,75,3.6
1007.8,24.5,78,3.4
1008.1,23.7,81,2.9
1008.4,23.4,84,2.2
1009.2,24.6,79,2.8
1009.3,25.7,75,3.3
1009.3,28.1,64,0.6
1009.3,28.9,70,1.1
1008.8,28.9,74,0.9
1008.6,27.7,72,0.9
1007.5,27.7,77,0.6
1007.9,26.7,78,1.6
1007.4,26.0,85,2.1
1007.4,25.6,85,3.1
1008.3,23.7,88,3
1008.7,22.4,94,3.5
1010.1,21.8,95,2.6
1010.9,21.0,96,3.5
1011.6,21.2,94,3.4
1012.5,20.0,94,4
1012.7,19.7,93,3
1012.2,19.5,94,3.6
1012.2,19.4,93,3.1
1011.9,19.2,94,2.4
1011.7,19.0,96,2.1
1011.9,19.1,96,2.1
1011.9,19.0,96,2.6
1012.4,18.8,96,1.6
1012.8,18.8,95,3.2
1013.5,19.0,94,3.2
1014.2,19.0,96,3
1014.3,18.7,95,3.3
1014.2,18.9,95,3
1014.4,18.5,96,3.3
1013.6,18.4,96,3.5
1013.5,18.2,96,3
1013.2,18.5,97,2.3
1013.2,18.3,95,2.2
1013.6,18.4,96,2.1
1014.3,18.0,96,2.4
1014.6,17.8,96,1.8
1014.9,17.8,96,2.1
1015.3,17.7,95,1
1015.4,18.2,93,1
1015.2,18.3,96,1.1
1014.9,18.6,96,0.2
1014.5,18.1,94,0.5
1014.2,18.3,86,2.2
1014.0,18.4,83,1.2
1014.0,18.6,81,0.6
1014.0,18.6,80,0.9
1014.3,18.5,82,0.7
1014.7,19.3,85,0.3
1014.9,20.4,78,0.4
1014.7,21.6,76,0.5
1014.6,22.4,69,4
1014.2,22.8,68,3.9
1013.5,23.4,66,6.2
1012.9,23.6,65,6
1012.4,23.1,68,4.8
1011.8,22.8,69,6
1011.4,22.9,69,5.3
1011.3,23.0,68,5.6
1011.5,22.7,69,5.5
1011.5,22.6,69,6.7
1011.9,22.6,70,7.3
1012.2,22.6,70,7.8
1012.5,22.8,72,7.4
1012.3,22.8,72,6.4
1011.6,22.8,72,5.8
1011.2,22.7,76,5.6
1010.6,22.7,74,5.7
1010.2,22.7,74,4.4
1010.2,22.2,77,4.1
1010.2,22.1,79,4.2
1010.7,21.8,80,2.7
1011.2,22.2,79,4.1
1011.3,23.5,73,4.7
1011.3,24.7,72,1.5
1010.9,26.6,65,3.4
1010.5,26.7,77,1.3
1010.1,26.3,83,1.3
1009.8,24.9,85,2.1
1009.1,24.5,86,1
1008.4,24.7,84,0.3
1008.0,24.7,83,0.3
1007.8,25.4,80,0.4
1007.7,24.9,83,0
1008.1,24.1,86,1.1
1008.6,24.2,86,1.9
1008.8,23.9,86,2.4
1009.3,23.2,90,0.3
1009.0,22.9,91,0.3
1008.6,22.3,94,0.3
1008.0,22.8,93,2.1
1007.3,23.0,92,2.5
1006.6,22.5,93,2.2
1006.5,22.6,93,2.5
1006.3,22.5,94,3.1
1006.7,22.6,92,3.6
1007.2,23.5,88,2.5
1007.4,26.2,79,2.9
1008.0,28.7,74,1.5
1008.0,28.0,81,1.6
1008.0,29.1,80,2.2
1008.4,27.4,87,1.9
1008.0,27.3,88,2.3
1007.5,27.6,87,1.9
1007.5,26.8,90,2.1
1006.9,26.8,88,2.2
1007.2,26.5,89,2.8
1008.1,26.0,91,2.6
1008.7,25.5,93,2.2
1009.7,25.1,91,1.9
1010.0,25.1,88,2.7
1010.7,24.0,90,2.3
1011.3,23.6,85,3.5
1011.5,22.6,76,4.7
1011.9,22.4,75,2.4
1012.5,22.5,66,1.7
1012.9,21.0,87,2.2
1013.4,21.3,84,2
1014.3,19.2,94,1.6
1015.1,18.6,96,2.1
1016.1,18.9,89,1.8
1016.6,19.0,80,1.3
1016.6,20.0,87,3.1
1016.3,20.4,86,3.2
1016.1,21.3,84,1.2
1015.4,23.1,66,1.5
1015.1,24.3,55,1.6
1014.7,23.2,62,1.3
1014.3,22.5,63,1.2
1014.2,21.1,61,1.4
1014.5,21.3,45,0.9
1015.5,20.7,61,0.6
1016.5,17.8,87,3.7
1016.7,17.3,93,4.3
1016.0,17.2,93,1
1015.5,17.9,88,4.2
1014.7,18.8,79,5
1013.6,19.7,75,5.7
1012.7,20.5,73,4.8
1011.8,20.8,73,5.6
1011.5,20.8,74,6
1011.6,20.5,79,5.6
1011.8,19.5,87,4.2
1012.5,18.9,95,1.4
1013.0,18.9,97,0.5
1013.2,19.7,93,4.3
1013.7,19.7,96,2.1
1013.4,20.0,96,2.8
1013.0,20.5,93,2.7
1013.0,20.6,96,1
1012.3,20.5,97,0.8
1011.6,21.0,94,3.3
1011.3,21.0,94,3.2
1010.9,20.9,97,1.9
1010.9,20.9,97,2.7
1011.8,20.5,98,2.6
1010.7,20.4,98,2.8
1012.4,20.5,99,1.7
1012.5,20.5,99,2.1
1012.2,20.4,99,0.8
1012.1,20.4,99,1.8
1011.5,20.4,99,0.5
1010.8,20.5,99,0.3
1010.4,20.6,99,2.2
1010.5,20.6,99,1.2
1010.2,20.4,99,2.1
1010.7,20.3,99,0.8
1011.5,20.5,100,1.2
1012.1,20.9,99,0.9
1012.0,21.5,98,2.1
1012.1,23.1,92,0.1
1012.0,23.8,88,2
1012.0,25.0,83,3.3
1011.7,25.4,78,3.5
1010.8,26.8,77,2.3
1010.4,26.7,76,3.2
1010.3,26.4,75,3.4
1009.8,26.7,76,2.1
1009.6,26.2,74,0.8
1009.7,24.4,82,1.8
1010.0,23.6,84,3.6
1010.5,22.6,90,0.3
1010.5,22.3,92,0.3
1010.7,22.8,88,0.8
1010.5,22.3,90,0.6
1009.9,22.4,89,1.6
1009.5,22.7,91,2.1
1009.2,22.5,92,2.8
1009.1,22.4,93,2.6
1009.4,22.0,95,0.9
1009.7,21.6,97,1.9
1010.5,21.8,95,2.7
1011.1,22.8,89,2.3
1011.2,23.7,87,2.8
1011.0,24.9,82,1.3
1010.7,27.4,77,0.5
1010.4,27.8,77,1.8
1009.9,28.5,77,1.4
1009.3,27.8,79,1.1
1008.4,26.9,83,1.2
1008.1,27.5,78,1.6
1008.0,26.6,83,0.8
1008.2,26.4,82,1.2
1008.7,25.5,89,0.3
1009.2,24.9,91,0.3
1009.8,24.4,94,0.2
1009.9,24.4,93,0.4
1010.2,25.2,88,2.6
1010.2,25.1,88,2.7
1009.8,24.9,88,2.3
1009.3,23.7,89,0.3
1009.5,23.5,90,1.1
1009.3,23.4,91,0.6
1009.8,23.3,94,0.3
1010.4,23.2,93,0.2
1010.9,23.8,92,0.6
1011.6,24.9,90,1.6
1011.9,26.4,79,2.6
1012.4,25.6,85,2.8
1012.9,23.5,89,4.6
1012.8,22.9,88,4.1
1012.6,24.2,82,4
1012.0,24.8,77,3.8
1011.7,23.3,82,3.7
1011.7,22.8,84,3.9
1011.9,22.2,85,4.7
1012.6,21.3,88,5
1013.0,21.2,87,3.7
1013.8,20.4,89,4.3
1014.3,20.2,87,4
1015.0,20.0,89,3.3
1015.0,19.9,88,2.2
1015.2,19.9,90,2.3
1014.8,20.0,89,2.5
1014.2,19.6,92,2.2
1013.6,19.5,90,2.3
1013.3,19.5,88,2
1013.3,19.3,87,3.8
1013.9,19.5,86,2.9
1014.6,19.5,88,3
1015.1,19.5,89,2.5
1015.5,19.8,89,2
1016.0,19.7,86,2.7
1016.0,20.4,82,1.9
1015.5,21.2,81,2.1
1014.5,22.1,79,0.9
1014.1,22.0,78,2.4
1013.4,20.9,83,2.3
1013.2,21.0,84,0.5
1012.9,21.3,83,0.6
1013.3,20.3,90,0.4
1013.6,20.0,97,0.5
1013.9,19.9,97,0
1013.4,20.0,97,0.3
1013.5,20.2,94,1.3
1013.1,20.4,92,0.8
1012.8,20.5,92,0.8
1012.4,20.9,91,0.4
1011.6,20.8,93,0.8
1011.0,21.0,93,1
1011.1,20.8,96,0.2
1011.3,20.6,98,0.8
1011.2,20.6,98,0.3
1010.9,20.9,99,1.9
1011.3,21.7,98,1.4
1012.0,21.7,98,1.3
1012.2,22.4,97,0.5
1011.9,23.2,94,0.2
1011.8,24.5,91,0.2
1011.5,25.3,88,2.5
1011.2,24.5,90,3.1
1010.5,23.9,91,2.6
1010.3,23.9,91,2.7
1010.0,24.1,90,2.1
1010.5,23.8,91,2.3
1010.8,23.2,94,1.5
1011.0,23.0,95,0.7
1011.3,23.0,95,1.3
1011.4,23.0,95,1
1011.4,22.9,95,1.6
1011.3,22.9,95,0.6
1010.6,23.0,95,0.5
1009.7,22.9,96,0
1009.1,22.7,98,0.1
1008.8,22.6,99,0
1009.1,22.6,98,0.3
1009.5,22.6,98,1.2
1010.0,22.7,97,1.7
1010.3,22.7,95,1.4
1010.7,23.0,93,2.2
1010.5,23.4,90,1.3
1010.8,24.1,88,2.2
1010.8,24.1,87,1.9
1010.3,25.2,85,2.3
1009.7,25.3,81,1.8
1009.0,25.6,79,2
1008.5,26.2,78,1.4
1008.3,25.1,82,2.8
1008.1,24.6,81,0.6
1008.2,23.9,83,0.3
1008.5,23.3,90,2
1008.5,22.8,93,1.1
1008.8,22.7,90,0.5
1008.6,22.2,86,0.2
1008.0,22.1,88,0.8
1007.6,21.8,91,0.5
1007.1,21.3,92,0.3
1006.7,21.1,91,0.2
1006.8,21.1,91,0.3
1007.1,21.6,90,0.3
1007.4,21.8,91,1.4
1007.8,22.1,93,0.9
1008.2,23.1,89,0
1008.1,23.7,86,1.9
1008.1,24.7,84,0.5
1007.9,26.5,75,1.8
1007.4,27.1,75,2.6
1007.1,26.1,75,2.9
1006.1,26.7,75,2.2
1005.4,26.6,78,1.4
1005.0,26.1,79,0.7
1005.1,26.1,71,1.7
1005.1,25.7,69,0.8
1005.2,24.8,76,0.9
1005.7,24.2,80,0.4
1006.1,24.2,82,1.2
1006.9,24.2,84,2.6
1006.6,24.0,84,3.1
1006.2,23.9,78,2.9
1005.9,23.6,82,0.6
1004.9,22.9,84,0.6
1004.8,22.7,84,0.8
1005.1,22.6,85,0.4
1005.2,22.6,85,0.8
1005.8,22.3,86,0.4
1005.7,22.4,86,0.4
1006.2,23.6,81,2.2
1006.5,24.5,81,2
1007.1,25.8,77,1.2
1007.3,26.2,71,1.5
1007.4,26.9,78,0.7
1006.6,26.5,83,0.4
1006.2,26.4,79,0.7
1005.7,26.0,86,1.9
1005.7,24.9,88,2.3
1005.7,22.5,95,1.5
1006.0,21.3,97,0.1
1005.8,20.7,98,0.2
1005.6,21.8,98,2.1
1006.3,21.7,99,1.4
1006.8,21.6,99,0.2
1007.4,21.6,99,1.4
1006.3,21.7,99,5.1
1005.3,21.7,98,3.9
1004.3,22.0,97,5
1004.9,22.1,96,0.9
1004.9,21.8,99,1
1005.0,21.7,98,3.2
1005.1,21.8,98,3.2
1005.5,21.9,98,5.6
1005.3,22.2,96,5.5
1006.0,22.6,94,3.9
1007.2,22.8,95,3.2
1007.5,23.1,98,0.3
1007.4,23.1,97,1.1
1006.6,23.3,97,3.8
1005.2,24.1,94,5
1004.6,24.6,92,3.1
1004.9,24.2,93,2.3
1005.2,24.0,91,2.6
1005.7,24.0,94,0.3
1006.5,23.6,94,0.6
1007.2,23.4,95,0.6
1008.0,23.5,95,0.7
1008.7,23.2,97,1
1008.9,23.2,96,0.9
1008.7,22.7,96,0.2
1007.9,22.4,95,0.6
1007.8,22.3,96,0.8
1007.8,22.4,97,0.6
1007.4,22.3,97,0.2
1007.7,22.4,98,0.3
1008.0,22.3,98,0.5
1008.4,22.4,98,1.4
1009.1,22.9,96,0.8
1009.4,23.9,94,1.4
1009.4,25.8,84,1.9
1009.4,27.1,80,0.9
1009.1,27.4,73,5.7
1009.1,27.7,69,5.7
1008.8,27.7,67,6.2
1008.3,28.3,67,5.4
1007.5,27.9,66,5
1007.0,27.7,62,5.5
1007.4,26.5,67,5.4
1007.7,25.5,70,5.2
1008.1,24.8,71,5.5
1009.0,24.7,73,3.9
1009.1,24.8,72,5.6
1009.5,24.8,72,4.7
1009.6,24.5,75,3.7
1009.9,24.6,71,3.7
1009.6,24.5,73,4.4
1009.3,24.5,73,4.4
1009.4,24.6,66,4.5
1009.7,24.4,68,6
1010.0,24.4,70,5.8
1010.1,24.5,68,5.9
1010.7,25.2,63,6.7
1011.1,26.2,61,8.6
1011.1,27.4,60,7.1
1011.1,28.6,57,6.5
1011.0,28.9,53,5.8
1010.6,28.9,54,7
1010.3,28.9,53,6
1010.1,28.5,55,6.9
1009.8,28.6,54,6
1009.3,28.3,55,5.9
1009.6,27.0,56,4.9
1010.2,26.2,62,4.8
1010.4,25.3,68,7.1
1011.3,25.0,68,6
1011.6,24.9,67,5.7
1012.1,24.7,68,5.7
1011.8,24.6,68,6.4
1011.3,24.5,68,6.3
1010.8,24.4,67,6.1
1010.4,24.3,68,7.2
1010.2,24.0,70,4.9
1010.1,24.2,69,6.5
1010.2,24.1,68,6.3
1010.7,24.5,67,6.1
1011.1,25.5,64,6.1
1011.2,27.1,59,5.9
1011.3,27.8,55,5.8
1011.1,28.4,55,7.3
1010.6,29.2,50,5.3
1010.2,29.8,47,6.1
1009.7,30.3,48,6.2
1009.1,30.0,47,6.7
1008.8,29.8,49,5.9
1008.5,28.7,49,5.9
1008.7,27.7,53,6.3
1009.1,26.4,61,5.1
1009.1,25.5,63,4.7
1009.5,25.2,62,5.1
1010.1,25.1,64,5.7
1010.2,25.3,65,6
1010.1,24.9,64,5.1
1009.5,24.8,67,5
1008.8,24.7,68,5.2
1008.5,24.6,68,5.1
1008.5,24.4,69,4.5
1008.2,24.4,67,4.3
1008.8,24.5,68,4.8
1009.3,24.8,67,4.4
1009.8,25.3,67,5
1010.0,26.9,63,4.7
1009.9,28.0,58,5.8
1009.8,29.0,55,6.3
1009.6,30.1,51,4
1008.7,30.8,54,1
1008.1,31.2,57,0.6
1007.6,31.1,54,2.6
1007.3,30.9,50,2.6
1006.8,30.2,51,1.1
1006.8,29.7,56,1
1006.9,28.0,64,1.6
1007.8,26.5,65,5.9
1008.8,25.8,65,4.3
1009.2,25.7,66,5.9
1009.4,25.6,69,4.1
1009.1,25.4,68,4.4
1008.6,25.2,71,3.8
1007.9,25.3,71,3.7
1007.3,25.1,71,3.5
1006.9,24.4,75,2.5
1007.2,23.2,80,2.3
1007.4,23.4,81,2
1007.7,23.8,79,2.7
1008.0,24.7,76,2.4
1008.1,27.2,73,0.3
1008.3,26.2,85,1.6
1008.5,27.1,80,2
1008.3,28.1,77,2.4
1007.8,28.5,73,1.8
1007.5,28.9,76,2.1
1007.1,27.9,78,2
1006.8,28.0,78,1.9
1006.5,26.8,80,1.4
1006.8,26.5,79,1.4
1006.8,25.8,84,1
1006.9,25.2,84,0.1
1007.1,24.7,87,0
1007.6,24.2,90,0.1
1007.8,24.3,90,1.1
1007.4,24.8,88,2.3
1006.8,24.7,88,1.1
1006.4,25.2,86,2.7
1006.2,24.6,88,2.3
1005.9,24.2,91,2.3
1005.9,24.3,89,2.4
1006.2,23.7,91,0.7
1006.7,23.9,92,1.3
1007.3,25.1,85,2.3
1007.3,26.8,79,1.1
1007.4,28.2,74,1.5
1007.5,29.3,70,1.2
1007.3,30.1,68,2
1006.8,29.6,75,2.6
1006.3,29.7,75,3.2
1006.1,29.6,76,2.6
1005.9,29.2,78,2.9
1005.7,28.3,81,1.4
1005.8,27.7,83,1.7
1006.2,28.0,79,0.6
1006.7,27.8,80,0.7
1007.2,27.5,78,0.3
1007.7,27.0,84,0.4
1008.0,26.5,86,1.4
1008.0,26.2,86,0
1007.6,26.4,85,0.9
,,,
,,,
,,,
,,,
,,,
,,,
,,,
,,,
,,,
,,,
,,,
,,,
,,,
,,,
,,,
,,,
,,,
,,,
,,,
,,,
,,,
,,,
,,,
,,,
,,,
,,,
,,,
,,,
,,,
,,,
,,,
920.5,16.8,40,0.3
920.2,17.1,34,0.5
920.0,16.9,34,1.4
919.8,15.5,42,2
920.2,15.1,46,1.9
920.6,15.7,55,1.8
921.2,17.4,62,0.5
921.6,19.8,67,0.4
921.9,21.7,64,1.4
922.3,23.6,67,2.1
922.3,23.7,66,3.8
922.0,24.1,70,3.3
921.4,23.9,77,3.8
921.2,21.9,84,4.1
920.9,22.9,71,2.4
920.8,21.6,76,1.7
920.9,21.5,76,0.3
921.0,19.5,85,0.2
921.3,18.9,46,0.4
921.8,18.9,42,1.5
922.5,18.2,42,1.3
922.9,19.2,37,1.7
922.9,19.9,37,2.7
922.5,18.8,38,0.8
921.9,17.0,56,1.4
921.3,18.0,71,1.7
921.2,18.0,87,1.7
921.1,17.5,95,1.7
921.3,17.4,97,1.6
921.7,17.4,95,1.9
922.1,17.9,94,2.6
922.7,18.3,95,2.5
922.9,18.8,93,2.7
922.7,20.5,85,3.2
922.1,19.9,88,3.1
921.7,20.5,85,3.5
921.0,21.2,81,3
920.4,20.5,82,3.4
920.0,20.0,87,2.8
919.7,19.5,90,2.7
919.6,18.8,92,2.1
920.1,18.2,95,1.3
920.1,17.8,96,1.8
920.5,17.9,94,1
920.9,17.8,95,0.2
921.1,18.1,93,1.2
921.1,18.1,94,1.9
920.2,17.9,95,0.8
919.6,18.0,94,1.4
918.7,17.2,98,0.1
918.2,17.1,96,0.7
917.7,17.6,92,0.6
917.9,17.1,94,1
918.3,17.5,91,0.3
918.4,18.8,90,0.7
918.8,20.1,87,1
918.7,22.1,79,1.7
918.7,22.2,79,1.6
918.2,22.5,80,1.6
917.7,22.9,82,1.4
917.0,23.6,79,1.3
916.6,22.2,89,2.4
916.2,21.2,92,3.3
915.8,21.0,91,3.7
915.9,21.3,85,1.9
916.3,21.3,84,1.1
916.5,21.0,88,1.2
916.7,20.9,92,0.9
917.1,20.8,96,1.6
917.1,19.9,97,1
916.9,20.8,86,2.6
916.9,19.9,86,2.8
916.5,18.5,98,4.1
915.8,18.9,81,3.9
915.4,19.2,74,1.8
915.5,19.4,76,1.1
915.4,19.4,71,1.1
915.5,19.8,80,2
915.6,20.2,80,1.7
916.0,22.2,65,2.4
916.1,22.5,68,4.3
916.3,23.7,69,2.2
916.5,20.7,93,3.2
916.1,20.5,97,3.7
915.9,20.0,100,3.5
915.0,19.7,100,3.9
915.2,18.8,100,4
915.3,17.6,100,3.2
915.6,16.9,100,2
916.2,15.7,100,1.2
916.7,15.0,100,4.1
918.6,15.1,100,2.8
919.6,14.9,100,1
919.3,15.0,100,2.6
919.1,15.1,100,2.9
918.6,15.2,100,1.6
918.1,15.1,100,0.3
918.2,15.2,100,1.4
918.3,15.1,100,0.6
918.3,14.9,100,1.7
918.5,14.9,100,3
919.5,14.6,100,1.9
920.1,14.7,100,2.2
920.8,14.4,100,1.5
921.1,14.5,100,1.7
921.4,14.5,100,1.2
921.2,14.5,100,2.1
921.1,14.3,100,1.6
920.7,13.9,100,3.6
920.6,13.6,100,3.1
919.9,13.9,100,3.2
920.4,13.6,100,3.3
920.7,13.1,100,2.6
921.5,12.9,100,3.7
922.0,12.7,100,2.9
922.2,12.8,100,3.1
923.2,12.7,100,3.2
923.6,12.5,100,1.6
923.7,13.0,100,1
922.6,13.3,100,0.9
921.6,12.9,100,1
921.6,12.9,100,0.5
921.5,12.7,100,3.6
921.5,13.0,100,4.2
922.0,13.0,100,2.1
922.3,12.2,100,4.4
922.8,12.6,100,4.6
923.3,12.9,100,4.7
923.5,13.8,100,4.7
923.5,14.6,98,4.4
923.6,14.4,99,1
923.1,14.6,100,2.9
922.4,15.0,100,3
921.7,14.5,100,3.4
921.6,13.9,100,1.1
921.1,13.8,100,1.3
921.2,14.7,100,1.1
921.9,14.6,100,1.2
922.4,13.9,100,0.3
922.5,14.1,100,0.2
922.8,14.6,100,0.5
922.8,14.8,100,2.1
922.3,14.2,100,0.4
921.4,13.9,100,3
921.3,12.6,100,3.7
921.0,12.2,96,2.3
920.7,11.9,92,2.4
920.6,12.2,87,4.5
921.0,10.9,97,1.4
921.3,10.7,100,2.6
921.9,12.9,93,1.7
922.2,14.7,85,3.1
922.6,17.1,79,3.3
922.9,19.5,80,2.9
922.5,19.3,87,0.9
922.1,21.3,81,1.1
921.4,22.2,65,2.7
920.7,21.6,68,0.7
920.2,21.8,60,1.9
919.9,20.9,70,0.9
920.1,19.5,60,1.4
920.5,17.1,78,0.8
921.0,15.7,83,0.4
921.3,16.0,79,1.1
921.4,16.7,53,0.8
921.5,14.4,76,0.4
921.3,13.3,82,0.9
921.1,14.6,73,0.7
921.0,15.7,58,0.8
920.8,15.2,56,0.3
920.6,15.7,37,1
920.6,16.1,34,0.5
920.8,15.3,40,1.5
921.4,16.5,43,0.9
922.1,16.7,53,0.8
922.5,19.2,52,1.4
922.7,21.1,55,1.5
922.8,22.5,48,1.7
922.8,22.2,72,1.4
922.1,22.3,79,1.8
921.6,21.5,87,2.9
921.0,21.1,82,3.5
920.3,20.2,81,3
920.2,19.7,83,2
920.4,19.5,76,1
920.7,18.3,84,0.5
920.9,16.3,83,0.3
921.5,16.7,77,1
921.9,15.9,78,0.3
922.1,15.6,85,0.3
921.5,16.9,89,1.4
921.1,16.8,93,1.7
920.9,16.9,96,1.5
920.6,17.1,96,2.2
920.2,16.5,98,1.1
920.0,15.7,99,0.3
920.2,15.6,91,0.8
920.6,17.7,80,0.9
921.2,17.8,90,0.8
921.5,19.7,82,0.5
921.8,20.3,80,1.2
921.8,21.6,75,1.4
921.6,23.7,65,0.8
921.4,21.3,88,2
920.7,21.2,89,3.2
920.2,22.9,80,3.4
919.7,21.0,90,2.1
919.4,20.2,92,2.1
919.5,20.7,82,0.8
919.8,19.8,82,0.8
920.2,19.2,88,1
920.9,18.5,90,0.7
921.4,18.0,92,0.7
921.5,17.6,94,0.7
921.4,18.0,90,0.6
920.9,17.6,94,0.4
920.3,18.0,92,0.4
919.5,17.5,96,0.4
918.9,18.2,94,0.7
918.9,17.7,96,0.2
919.2,17.6,96,0.9
919.3,17.8,96,1.7
919.9,20.4,90,1.3
920.3,21.2,86,0.9
920.4,23.4,81,1.2
920.5,23.5,79,1.1
920.2,24.9,75,0.9
919.9,23.5,79,0.9
918.9,22.6,82,1.6
918.9,22.1,85,2.4
918.5,20.4,92,1.2
918.1,19.9,100,1.7
918.7,19.3,100,1.1
919.2,18.2,100,2.4
919.9,17.4,100,4.2
920.8,16.9,100,3.5
921.3,17.0,100,2.8
921.4,15.8,100,4.3
921.5,15.2,100,3.9
921.1,15.0,100,3.9
920.8,14.8,100,4.1
920.5,14.6,100,4.4
920.4,14.6,100,4.5
920.1,14.5,100,4.7
920.6,14.5,100,3.7
920.8,14.4,100,3.1
921.3,14.5,100,2.2
922.1,14.6,100,1.6
922.6,14.4,100,3.7
922.5,14.4,100,3.2
922.3,14.4,100,2.7
922.3,14.1,100,3.7
921.6,14.0,100,3.2
921.6,13.8,100,2.8
921.3,13.6,100,3.7
921.4,13.4,100,4
921.8,13.6,100,3.5
922.4,13.3,100,3.9
922.6,13.1,100,3.4
922.9,13.2,100,1.1
923.4,13.1,100,0.7
923.6,13.1,100,0.6
923.4,13.2,100,1.6
923.1,13.3,100,2.3
922.8,13.1,100,1.7
922.5,12.5,100,2.4
922.3,12.2,100,3
922.2,12.1,100,2.6
922.3,12.0,100,2.5
922.7,12.1,100,3.7
923.0,12.5,100,3.5
923.4,12.9,100,2.6
923.3,12.6,100,5.9
923.4,12.9,100,5.8
923.3,13.6,100,6.7
922.9,14.4,98,5.8
922.4,15.3,95,6
921.9,14.3,99,5.6
921.5,14.6,97,6.1
921.3,15.1,96,3.8
921.2,15.5,95,2.3
921.5,14.8,98,1.1
921.5,14.8,99,1.4
921.9,15.3,99,1.1
922.1,15.7,99,0.6
922.5,16.3,97,0.7
922.4,16.4,97,0.9
921.8,16.3,99,0.4
921.5,17.4,97,0.6
920.8,18.1,95,1.6
920.5,17.7,98,0.9
920.4,18.2,93,2.4
920.5,18.3,93,1.1
920.8,18.7,89,1.1
921.3,18.7,91,1
921.4,19.7,91,0.9
921.4,21.7,83,0.8
921.4,21.3,83,1.3
921.1,21.3,83,1.3
920.6,21.9,82,1.5
920.2,20.9,94,1.7
919.7,20.3,94,0.7
919.1,19.7,95,0.4
918.7,20.1,93,0.9
918.7,20.2,94,1
918.8,19.6,95,1.9
919.2,18.9,98,1.3
919.7,19.4,96,1.8
919.9,19.6,95,2.9
920.2,19.8,94,3
920.0,20.2,92,2.7
919.4,20.1,89,1.4
918.9,19.7,92,2
918.3,19.8,93,1.6
917.7,20.2,94,1.4
917.6,20.0,95,2.2
917.5,19.9,99,2.5
918.0,19.9,100,2.4
918.4,20.0,99,2.7
918.7,19.9,100,2.3
919.3,20.3,99,2
919.3,21.8,95,3.1
919.6,21.4,100,1.3
919.7,21.8,97,2.3
919.2,21.2,100,2.6
918.7,20.9,100,3.2
918.4,21.1,100,3.8
918.2,20.4,100,3.5
918.4,20.5,100,3.8
918.9,20.3,100,4
919.3,19.5,100,6.2
920.0,19.0,100,5.2
920.3,18.5,100,6.3
920.9,18.4,100,3.4
921.7,17.6,100,2.5
921.8,15.5,100,4.2
921.7,15.2,100,3.7
921.9,14.3,100,4
922.0,13.7,100,3.7
922.5,14.2,100,1.7
923.1,13.6,100,1.9
923.9,13.6,100,1.9
924.9,13.2,100,2.1
925.0,12.9,100,2.4
925.3,13.2,96,1.7
925.2,13.6,99,1.7
924.8,14.2,99,2.3
924.3,15.0,96,1.8
924.1,15.7,93,2.3
923.5,14.9,94,1.7
923.1,14.7,93,1.7
923.4,13.4,79,2.1
923.5,13.7,77,2.9
923.7,12.6,94,2.8
924.3,12.1,100,6
924.9,11.7,100,7.4
924.5,11.7,100,6.4
924.3,12.1,100,4.3
924.0,12.0,100,6
923.1,12.4,100,3.5
922.5,12.7,100,3.1
921.7,13.1,100,3.7
921.4,13.4,100,3
921.4,13.8,100,2.9
921.4,14.1,100,2.5
921.8,14.2,100,2.6
922.2,14.5,100,2.9
922.7,14.7,100,2.4
922.9,14.9,100,2.3
923.1,15.3,100,2.4
922.8,15.5,100,2.3
922.4,15.9,100,2.7
922.0,15.9,100,2.2
921.5,16.0,100,1.6
921.3,16.1,100,1
920.6,16.4,100,1.3
920.7,16.4,100,1
921.2,16.3,100,1.2
920.7,16.4,100,1.1
921.8,16.3,100,1.3
921.9,16.4,100,1.7
921.7,16.6,100,1.9
921.6,16.9,100,2.2
921.2,17.1,100,0.5
920.4,17.1,100,0.6
920.1,17.0,100,0.4
919.9,16.8,100,0
920.1,16.9,100,0.6
920.4,16.8,100,1.1
921.0,16.9,100,1.2
921.5,17.3,100,1.5
921.6,17.6,100,1.5
921.8,18.1,100,0.6
921.9,18.0,99,2.4
921.9,19.7,93,1.4
921.7,19.1,98,2.1
921.2,19.3,97,2.3
920.8,18.9,98,0.3
920.7,18.4,99,1
920.4,18.2,100,3
920.3,18.1,100,2.5
920.3,17.9,100,2.8
920.5,17.5,100,0.5
921.1,17.5,100,1.9
921.3,17.1,100,2
921.5,17.5,100,2.4
921.2,17.3,100,0.9
920.8,16.6,100,0.4
920.3,16.5,100,0.6
919.9,16.6,100,0.2
919.7,16.8,99,0.5
919.9,16.9,99,0.8
920.1,16.4,100,0.5
920.6,17.5,98,0.9
921.3,19.6,85,2.1
921.4,20.3,92,1.7
921.5,20.9,91,1.1
921.4,22.2,90,1.7
921.2,23.1,84,0.7
920.7,23.4,85,0.7
920.3,24.0,81,0.7
919.7,23.6,83,1
919.3,23.1,82,1.4
919.2,21.3,89,2.7
919.4,20.3,85,2
919.8,19.7,86,0.9
920.1,19.3,88,0.7
920.8,18.4,95,0.5
921.1,18.9,94,0.3
921.4,19.3,90,0.2
921.3,18.7,95,0.3
921.0,19.4,90,0.3
920.4,18.5,93,0.4
920.3,18.1,91,0.1
920.3,17.3,98,1.3
920.4,17.4,99,2.5
921.0,18.2,94,1.1
921.2,18.3,100,3.1
921.9,19.2,99,3.1
922.3,19.0,100,2.5
922.8,19.8,100,2
922.9,18.2,100,2.4
923.1,17.7,100,1.9
922.8,17.6,100,1.6
922.4,17.2,100,2.3
921.7,17.1,100,2.1
921.7,17.0,100,1.2
921.7,16.7,100,2.2
922.2,16.2,100,3.4
922.4,15.7,100,1.2
923.0,15.2,100,2.3
923.3,14.8,100,2.3
923.9,14.8,100,2.1
923.9,14.7,100,2.5
923.9,14.6,100,1.8
923.5,14.6,100,1.9
923.0,14.8,100,1.7
922.4,14.5,100,2.4
922.2,14.2,100,4.5
922.2,14.1,100,2.1
922.7,14.1,100,3.2
923.2,14.2,100,2.1
923.7,14.3,100,1.9
924.0,14.4,100,2.2
924.6,13.9,100,2.4
924.5,14.0,100,2.7
924.1,14.3,100,3.1
923.4,13.9,100,5.6
923.1,14.0,100,5.3
922.8,14.0,100,4
922.4,14.6,100,4.3
922.6,14.9,100,2.9
922.6,14.8,100,3.7
922.8,15.2,100,3.2
922.9,15.3,100,2.2
923.0,15.5,100,4.2
923.1,15.3,100,4.3
922.9,15.7,100,4.2
922.5,16.1,100,4
922.0,16.3,100,3.5
921.4,16.5,100,3.5
920.8,16.6,100,4.8
920.8,17.0,100,2.6
921.1,17.2,100,2
921.4,17.3,100,1.4
921.2,17.6,100,1.8
921.5,17.9,100,1.3
921.8,17.9,100,3.9
922.1,18.4,100,1.7
922.0,18.8,100,1.6
922.1,19.8,100,1.9
921.8,19.8,100,1.2
921.3,19.6,100,0.9
920.7,20.1,99,0.4
920.5,19.3,100,0.8
920.4,19.5,100,1
920.6,19.3,100,0.7
921.0,19.2,100,0.5
921.1,18.9,100,0.5
921.4,18.8,100,0.7
921.6,18.9,100,0.8
921.6,18.9,100,1.1
921.3,18.8,100,1.3
920.6,18.7,100,0
919.9,18.6,100,0.9
919.3,18.4,100,0.4
919.1,18.4,100,1.7
919.2,18.5,100,2.5
919.6,18.6,100,1.9
919.9,18.5,100,3.6
920.4,18.4,100,2.2
920.6,18.5,100,1.8
920.6,18.6,100,2.3
920.7,19.2,100,3.6
920.6,18.6,100,4.7
920.1,18.6,100,5.3
919.7,18.4,100,5
919.3,20.0,93,4.1
919.0,21.8,84,2.8
918.8,19.6,89,3.3
918.5,19.1,88,2.8
918.7,18.2,88,3.1
919.0,16.9,96,2.5
919.2,16.9,95,2.7
919.4,16.1,97,2.4
919.2,16.4,93,2
918.7,16.6,90,2
918.3,16.1,93,1.7
917.8,17.6,79,0
917.3,16.9,86,1
917.3,17.5,80,1.1
917.5,16.6,93,1.8
917.7,16.3,97,2.4
918.1,16.7,95,2.5
918.5,17.8,95,2
918.4,19.3,83,2.1
918.6,20.1,89,3.6
918.5,22.8,82,3.8
918.1,23.4,81,3.8
917.8,22.0,86,4.4
917.0,21.7,82,4.3
916.5,22.4,79,2.9
916.2,22.8,82,2.8
916.2,22.7,77,2.3
916.3,21.4,91,0.1
916.4,20.1,97,0.2
916.7,18.5,96,1.7
917.2,19.5,79,0.8
917.9,18.3,83,0.5
917.8,19.9,68,0.4
917.4,19.1,74,0.3
917.0,17.6,88,1.9
916.1,18.9,70,0.3
915.9,19.0,72,0.1
916.1,18.4,79,0.6
916.1,17.5,87,1.1
916.8,18.4,80,0.1
916.7,17.9,86,0.4
917.0,19.6,80,0
917.6,21.1,85,0.1
918.0,21.9,74,0.1
918.3,21.5,77,0.3
918.4,23.0,85,0.5
917.8,21.7,88,0.2
917.3,21.3,87,0.4
916.8,20.2,96,1.6
916.5,18.7,97,3.3
916.2,17.4,100,1.8
916.4,17.6,100,0.1
916.3,17.4,100,0.5
916.1,17.6,100,0.7
916.9,17.8,100,0.8
917.2,17.7,100,0.3
918.0,17.8,100,0.1
916.7,17.8,100,0.9
916.2,17.7,100,0.6
915.0,18.0,100,1.2
915.3,17.8,100,1
915.7,17.3,100,1.1
915.8,17.3,100,0.5
915.9,17.2,100,0.5
916.3,17.6,100,1.7
916.7,17.7,100,1.7
917.2,18.8,100,2.5
918.0,18.6,100,2.5
918.2,19.0,100,1
917.9,18.4,100,1.8
917.5,18.0,100,2.2
916.6,18.4,100,2.7
916.0,18.4,100,0.5
916.0,19.1,100,3.7
916.4,19.0,100,2.2
916.5,18.7,100,0.4
917.1,18.3,96,0.3
917.9,17.7,100,0.2
918.5,17.7,100,1.8
919.1,17.4,100,0.4
919.3,17.6,100,0.4
919.1,17.7,100,1.5
918.3,17.6,99,0.5
918.2,17.0,100,1.5
918.3,17.5,100,1.3
917.9,17.7,100,1.3
918.2,17.6,100,1.5
918.5,18.0,99,2.4
919.1,18.7,95,0.5
919.6,18.6,98,2
920.2,19.1,98,2.4
920.4,19.5,99,1.7
920.6,19.2,100,1.1
920.6,19.3,100,1.4
920.4,18.9,100,2.5
920.3,18.4,100,3.1
919.8,18.2,100,4.1
919.4,18.1,100,3.1
918.7,18.5,97,3.6
918.8,18.1,100,3
919.1,17.6,100,3.4
919.5,17.5,98,4.7
920.1,17.4,100,4.3
920.3,17.5,100,4.3
920.6,17.5,99,4.2
920.5,17.7,100,4.4
920.5,17.1,99,4.6
920.5,17.4,98,4.8
920.2,17.2,98,3.6
920.1,17.0,98,3.3
920.5,17.0,96,3.8
920.9,17.0,98,3.2
921.4,17.0,96,4.6
921.9,17.0,91,4.5
922.1,18.3,88,3.7
922.4,19.0,90,3
922.3,19.6,85,5.3
922.2,20.7,82,4.3
921.9,20.5,80,4.2
921.7,20.4,84,3.4
921.3,19.5,88,4.6
921.0,19.5,89,3.8
920.6,19.7,83,4.2
920.8,18.7,85,5.4
921.3,18.0,92,4.5
921.6,17.7,96,3.9
922.3,17.5,94,4.7
922.6,17.1,96,3.9
922.8,17.1,96,3.5
922.5,17.1,97,3.8
922.3,16.9,97,3.5
922.0,16.9,94,4.5
921.5,16.9,96,4.1
921.0,16.7,96,4
921.1,16.8,96,3.8
921.2,16.9,92,4.3
921.5,17.0,93,4.3
922.0,17.8,90,4
922.2,18.8,87,4.2
922.3,19.8,79,5
922.1,19.9,83,4
921.8,21.1,73,4.8
921.4,21.5,82,4.6
921.0,20.9,84,3.8
920.5,20.9,79,3.3
920.3,20.2,85,3.6
920.1,19.7,86,3.1
920.0,19.1,89,3.9
920.1,18.1,93,3.8
920.3,17.5,95,3.9
920.8,17.2,93,4.1
921.2,17.3,94,3.9
921.2,17.4,96,3.3
921.1,17.2,96,3.7
920.6,17.0,96,3.5
919.9,17.0,97,3.5
919.4,16.9,96,3.2
919.4,16.7,95,2.5
919.4,16.4,96,2.6
919.7,16.6,98,1.6
920.3,17.1,96,2.3
920.8,17.6,96,2.6
921.0,19.5,89,2.3
920.9,21.4,83,2.3
920.9,22.2,81,2.2
920.9,23.2,77,1.7
920.2,23.9,81,1.5
919.8,23.2,82,0.8
919.3,22.3,88,0.2
918.9,23.9,74,2.5
918.6,22.6,81,0.9
918.6,20.1,87,0.6
918.6,18.8,93,0.6
919.0,18.1,95,0.9
919.9,17.6,90,0.2
920.2,18.5,84,0.5
920.4,18.3,88,1.4
920.1,17.8,95,0.8
919.6,17.7,96,1
919.1,17.8,96,1
918.4,17.0,99,0.4
918.0,17.6,95,0.4
918.1,17.3,97,0.7
918.3,18.0,96,0.7
918.5,18.6,96,1
918.8,20.1,96,1.3
918.9,20.3,95,1.9
919.1,20.7,93,1.9
919.3,20.9,97,0.6
919.2,20.9,96,2.1
918.8,21.6,93,2.1
918.5,20.8,96,2.3
918.3,21.1,94,2.2
917.9,21.7,93,1.6
917.8,21.5,92,1.4
917.9,21.1,94,0.6
918.0,20.8,95,0.7
918.1,20.2,95,1.3
918.5,20.0,91,1.4
918.8,20.1,96,1
919.0,19.8,96,1.1
918.7,19.7,96,2.1
918.3,20.0,87,1.5
917.9,19.1,92,1
917.7,19.9,85,0.5
917.3,19.8,88,1.8
917.2,19.9,85,1.1
917.3,19.9,96,1.8
917.7,20.0,97,0.7
918.1,20.7,94,0.8
918.2,20.4,98,0.8
918.4,21.2,93,1.1
918.9,22.0,90,1.3
919.0,23.5,83,1.3
918.7,25.1,80,1.3
918.2,24.6,82,3
918.0,24.0,88,2.6
917.8,24.1,86,3.1
917.4,22.8,92,1.2
917.6,22.4,92,2.8
917.9,22.2,95,1.8
918.4,21.6,99,0.7
918.9,21.4,100,0.5
919.2,21.3,100,1.4
919.6,20.9,100,1.1
919.5,21.0,97,1.8
919.2,21.2,97,1.1
,,,
,,,
,,,
,,,
,,,
,,,
,,,
,,,
,,,
,,,
,,,
,,,
,,,
,,,
,,,
,,,
,,,
,,,
,,,
,,,
,,,
,,,
,,,
,,,
,,,
,,,
,,,
,,,
,,,
,,,
,,,
1008.7,22.2,79,0.5
1008.4,22.0,79,1.3
1008.3,21.6,79,1
1008.4,21.4,71,2.3
1008.8,21.1,72,2.1
1009.5,20.9,75,2.3
1010.0,21.5,72,1.6
1010.3,23.9,66,1.3
1010.0,26.1,60,0.6
1010.1,28.9,51,0.7
1009.9,30.3,47,0.6
1009.5,31.1,53,3.3
1009.0,30.3,60,2.1
1008.7,30.7,52,2.5
1008.5,29.8,49,2.6
1008.3,30.0,40,1.7
1008.4,28.6,60,2.7
1008.7,27.7,63,2.3
1009.0,27.0,63,1.7
1009.7,26.4,65,1.9
1010.5,26.0,64,1.6
1010.8,25.7,63,1.3
1010.8,24.9,67,0.7
1010.5,24.6,68,0.5
1009.9,25.0,70,1
1009.2,25.1,68,1.7
1009.2,24.6,72,0.6
1009.3,24.4,73,0.7
1009.8,24.0,73,0.1
1010.1,24.8,70,2.4
1010.5,25.2,68,2.6
1011.0,26.0,66,2.7
1011.3,27.2,62,3
1010.7,28.4,58,3.3
1010.1,29.2,56,4.6
1010.0,28.6,58,4.5
1009.1,28.6,58,4.2
1008.3,28.1,60,5.1
1007.9,27.7,62,3.8
1007.7,27.4,62,3.4
1007.6,26.6,65,3.8
1007.9,26.3,66,2.7
1008.1,25.8,66,2.8
1008.6,25.8,66,2.6
1008.8,25.7,67,2.4
1009.2,25.8,67,2.9
1009.1,25.8,67,2.4
1008.3,25.7,67,1.8
1007.6,25.5,68,1.9
1006.7,25.1,69,1.5
1006.2,24.9,71,1.9
1005.8,24.6,73,1.7
1005.9,24.2,74,0.7
1006.4,24.0,76,1.3
1006.7,24.5,73,1.4
1006.9,26.1,67,0.9
1006.4,28.2,57,1
1006.2,28.6,57,1.1
1005.4,30.3,53,0.8
1004.7,31.6,50,1.1
1003.7,32.0,51,2.3
1003.0,30.7,62,2
1002.9,29.7,65,2.7
1002.7,28.5,71,1.9
1002.5,29.4,65,1.6
1003.0,28.6,65,2.6
1003.4,28.2,66,2.1
1003.6,27.6,70,1.8
1004.0,27.7,70,1.6
1004.1,27.3,71,1.2
1004.0,26.9,74,1.2
1004.2,26.3,78,1.3
1003.9,25.4,84,2.1
1002.9,25.2,83,1.7
1002.8,25.2,81,1.1
1002.6,24.6,78,0.5
1002.4,24.6,76,1.4
1002.7,24.0,73,1.9
1003.0,24.4,69,0.9
1003.4,25.4,65,2
1003.1,28.2,59,1.6
1003.2,30.5,53,0.6
1002.9,31.1,46,1.6
1002.6,31.1,55,2.6
1002.4,30.9,60,3.5
1002.0,29.8,62,4
1002.4,27.3,74,2.6
1003.2,24.4,80,2
1004.1,21.7,92,4.1
1004.9,21.3,92,4.1
1005.7,20.9,90,3.3
1007.9,20.7,92,1.7
1008.7,20.6,91,2.5
1008.8,20.4,89,2.1
1008.7,20.5,91,2.1
1008.3,20.4,92,2.2
1007.6,20.4,91,3
1007.5,20.4,92,2.6
1007.7,19.8,94,2.2
1008.4,19.8,95,1.8
1008.5,19.7,95,1.4
1009.0,20.2,93,2.1
1010.0,20.0,91,1.6
1010.7,20.0,93,2.5
1011.0,20.1,92,2
1011.3,20.5,88,2
1011.2,20.4,86,2.5
1011.1,20.8,82,3.4
1010.8,20.3,83,2.7
1010.8,20.4,83,3.1
1009.9,20.6,80,3.1
1010.2,20.3,81,3.2
1010.9,20.1,83,2.7
1011.5,19.5,85,2.2
1012.5,19.0,88,2
1012.8,18.7,89,3.1
1014.2,18.5,91,1.9
1014.3,18.5,93,2.3
1013.9,18.3,94,1.8
1013.1,18.5,91,2.7
1012.2,18.6,91,3
1012.0,18.4,93,1.5
1011.8,18.6,90,2.2
1011.7,18.6,91,2.1
1012.5,18.6,90,1.2
1012.9,18.8,91,1.7
1013.2,19.0,82,2.6
1013.5,19.6,81,2.1
1013.7,20.4,78,3
1013.7,21.1,77,3.2
1013.5,21.1,76,2.5
1013.0,20.8,84,2.4
1012.2,21.4,84,2.8
1011.7,20.6,86,3
1011.6,19.4,88,3.1
1011.3,19.3,86,2.6
1011.4,19.2,86,3
1012.0,18.9,91,2.7
1012.8,18.8,92,2.2
1012.8,18.7,90,2.1
1013.0,18.9,89,3.1
1012.8,19.2,87,1.6
1012.3,19.1,88,1
1011.5,19.2,86,1.5
1011.3,19.0,90,0.8
1010.7,19.1,90,0.2
1010.5,19.1,90,0.5
1010.9,19.2,88,0.2
1011.1,18.9,91,0.3
1011.4,18.6,94,0.2
1012.0,19.8,86,0.1
1012.2,21.4,77,0.9
1012.3,23.1,67,0.9
1012.3,24.9,59,1.1
1011.4,25.9,46,0.8
1010.8,27.3,48,1.3
1009.8,28.4,46,1.5
1008.8,29.4,37,1
1008.3,27.6,54,2.7
1008.1,27.1,52,2.5
1008.4,25.6,56,2.1
1008.9,24.5,61,2.7
1009.6,23.6,65,2.6
1010.0,23.0,69,2.2
1010.2,22.6,68,1.4
1010.2,22.3,69,1.1
1009.9,21.8,72,0.7
1009.7,21.6,72,1
1009.6,20.9,76,0.6
1009.5,20.5,79,1
1009.3,20.9,75,1.1
1009.4,20.4,76,1.6
1009.8,19.7,78,1.8
1010.5,19.7,77,0.9
1011.2,20.8,69,0.8
1011.6,22.8,57,0.7
1011.4,25.4,49,0.6
1011.2,27.8,43,0.3
1010.7,29.4,36,0.9
1009.8,30.3,36,2.1
1009.2,30.1,53,3.8
1008.7,29.4,56,3.3
1008.2,27.9,62,2.4
1008.1,27.4,61,2.3
1008.6,26.8,63,1.9
1008.8,26.6,65,1.1
1009.0,26.0,65,0.8
1009.8,25.4,69,1.6
1010.2,24.9,69,1
1010.5,24.6,72,1.5
1010.0,24.0,75,1.4
1009.6,23.3,77,1.3
1009.3,22.8,78,0.6
1009.0,22.8,75,1.2
1008.7,22.3,78,0.5
1008.5,22.2,76,0.9
1008.7,22.2,76,0.9
1009.1,22.4,77,1.2
1009.7,23.4,73,1.5
1010.0,25.1,67,1.5
1010.0,26.4,62,0.4
1009.8,28.5,52,0.7
1009.3,30.0,48,1.5
1008.9,29.8,51,1.3
1008.3,30.3,56,3.2
1007.9,28.8,63,3.2
1007.3,28.9,61,1.5
1006.9,28.1,63,2.6
1007.2,27.6,65,2
1007.6,27.2,64,2.7
1008.1,26.5,66,2.8
1008.8,26.2,66,2.1
1009.3,26.1,66,2.3
1009.3,26.1,64,2
1009.2,26.0,65,1.2
1008.7,25.5,68,1.4
1008.2,25.1,71,0.4
1007.2,25.2,71,1.2
1006.7,24.9,73,1.1
1006.6,24.4,76,0.7
1007.0,24.3,75,1
1007.2,24.0,78,0.3
1008.0,24.8,75,1.6
1008.0,26.7,66,0.7
1007.9,29.0,60,0.4
1007.7,30.2,55,0.8
1007.2,31.2,50,0.7
1006.8,30.8,54,0.9
1005.9,30.1,60,2.8
1006.0,29.3,63,1.3
1006.0,27.8,72,3.5
1005.8,27.3,74,2.1
1006.5,27.1,75,3.2
1007.3,25.0,82,3.4
1008.3,23.2,91,2.8
1009.3,22.3,90,2.7
1010.2,22.6,88,1
1010.5,22.1,90,1.7
1010.8,21.7,86,1.3
1010.6,21.3,84,0.9
1010.5,21.1,87,1.1
1010.1,21.0,87,1.6
1010.2,20.0,93,1.1
1010.3,19.8,95,0.9
1010.4,19.9,96,0.7
1010.8,20.0,93,1
1011.3,20.2,93,1.4
1012.1,20.3,90,0.5
1012.7,20.4,90,0.9
1012.6,20.6,87,1.3
1012.5,20.8,83,1.7
1012.7,20.7,81,2.5
1011.9,20.4,85,1.8
1012.0,19.8,90,1.4
1011.8,19.5,90,1.1
1011.8,19.5,91,0.5
1012.0,19.5,93,1.6
1012.8,19.3,93,0.8
1013.1,19.1,94,0.6
1013.5,19.1,89,2.1
1014.0,19.0,89,2.1
1014.2,18.7,91,1.5
1013.9,19.0,89,2
1013.5,19.3,85,1.7
1013.2,19.5,85,2
1012.9,19.4,82,2.8
1012.7,19.2,81,2.8
1012.8,19.3,79,3
1012.8,19.4,77,2.3
1013.0,19.5,76,2.2
1013.5,19.9,75,2.8
1013.7,20.3,70,4.6
1013.8,20.8,70,4
1013.5,21.0,68,5
1013.4,21.5,68,4.3
1012.8,22.0,66,4.4
1012.2,22.1,67,3.6
1011.6,22.1,68,3.9
1011.2,22.1,69,4
1010.8,22.1,69,3.6
1010.6,22.3,69,3.5
1010.7,22.1,70,3.7
1010.8,22.0,69,3.1
1011.1,22.0,70,3.2
1011.3,21.9,71,2.7
1011.5,22.0,71,1.8
1011.3,22.0,72,1.3
1010.6,22.2,73,0.8
1010.2,22.2,73,0.7
1009.5,21.9,76,0.4
1009.1,21.8,77,0.3
1009.1,21.7,79,0.9
1009.0,22.0,75,1.3
1009.6,22.0,76,1.2
1010.1,22.7,73,1.3
1010.0,24.1,69,0.9
1009.9,25.6,63,0.4
1009.6,27.3,59,0.7
1008.8,28.9,56,0.9
1008.2,30.1,54,1.2
1007.7,28.7,64,3.6
1007.3,27.9,68,2.3
1006.8,26.7,72,2.3
1006.5,26.8,71,0.7
1006.3,26.9,71,0.5
1006.4,27.0,70,1.7
1006.8,26.2,74,1
1007.4,25.9,75,1.5
1007.6,25.6,76,1.4
1007.8,25.0,79,0.3
1007.7,24.8,79,2.1
1007.2,24.2,85,0.7
1006.7,23.9,83,1
1006.1,23.4,83,0.7
1005.4,23.2,83,1.3
1005.2,22.9,83,1.4
1005.2,22.7,84,2.3
1005.5,22.9,82,1.1
1006.0,23.5,82,0.8
1006.3,24.7,77,1.3
1006.9,27.0,70,0.7
1006.6,29.0,66,1.2
1006.3,29.7,64,1.2
1006.2,29.2,69,1.1
1005.9,31.2,62,4.7
1005.8,29.9,67,5
1005.4,30.1,66,2.6
1005.2,29.3,70,3.7
1005.4,29.4,67,3.2
1006.3,27.9,80,1.6
1006.9,27.6,80,2.5
1008.0,27.1,78,2.2
1008.7,26.5,78,1.8
1009.0,26.1,78,1.6
1010.0,24.6,81,3.5
1010.7,22.8,76,4.3
1011.1,22.3,76,3.7
1011.5,22.2,75,2.7
1011.5,21.9,77,3
1012.2,22.1,76,2.1
1012.9,21.7,74,2.7
1014.1,19.7,88,2.5
1015.3,19.3,90,2.8
1015.6,19.6,89,2.6
1015.6,20.3,79,1.9
1015.5,20.0,77,2.3
1015.0,22.3,69,3.3
1014.3,23.4,69,3.3
1013.8,23.0,66,3.7
1013.4,23.0,64,4.8
1013.0,22.7,63,4.1
1013.2,22.2,65,3
1013.1,21.7,63,3.8
1014.6,19.5,63,3.5
1015.5,17.5,82,3.3
1016.0,17.1,86,1.3
1015.2,17.2,86,3.7
1015.1,18.2,87,2.4
1014.3,18.6,84,3.2
1013.3,18.8,83,3.7
1012.3,19.2,79,3.7
1011.3,19.3,81,3.3
1010.7,19.6,80,3.5
1010.6,19.6,83,2.9
1010.7,19.2,90,2.3
1011.3,19.2,91,1.7
1011.9,19.3,93,2.3
1012.0,19.6,93,2.3
1012.4,19.9,94,2.1
1012.2,20.2,93,2.6
1011.9,20.6,93,2.3
1011.8,21.0,90,2.2
1011.1,21.0,90,3.4
1010.7,20.9,92,2.1
1010.3,20.7,96,2
1009.8,20.8,94,2
1010.0,20.7,94,2
1010.6,20.7,95,1.8
1009.9,20.8,96,1.8
1011.3,20.8,96,1.3
1011.2,20.7,97,1.2
1011.0,20.8,96,1.5
1010.8,20.8,96,1.5
1010.2,20.7,96,1.7
1009.5,20.7,97,0.2
1009.1,20.5,96,0.8
1009.1,20.4,97,0.4
1008.9,20.3,97,0.3
1009.4,20.3,98,0.5
1010.2,20.5,97,0.6
1010.8,21.0,96,0.6
1010.8,22.1,90,0.5
1010.7,24.1,84,1.5
1010.5,24.8,79,0.9
1010.5,25.3,76,0.5
1010.2,25.5,77,1.6
1009.4,27.0,73,1.6
1009.0,26.8,72,3
1009.0,25.9,73,3.3
1008.7,25.4,75,3.2
1008.6,24.7,80,3.8
1008.7,24.3,82,2.5
1008.8,23.9,84,3.1
1009.2,23.6,86,2.8
1009.3,23.6,84,3
1009.5,23.6,86,2.8
1009.2,23.5,87,1.9
1008.8,23.3,89,1
1008.4,23.1,90,1.1
1008.0,22.5,89,1.2
1007.9,22.3,88,1.1
1008.1,21.5,91,0.5
1008.5,21.5,92,1.1
1009.3,21.4,93,0.2
1010.0,23.0,84,0.4
1010.0,24.8,77,1
1009.8,27.1,74,0.4
1009.3,28.1,70,0.7
1008.7,29.7,63,1.3
1007.9,30.5,59,1
1007.3,30.8,64,1.8
1006.7,29.8,67,2.4
1006.3,29.2,66,1.4
1006.4,27.9,74,2.2
1006.8,25.6,92,0.8
1007.4,26.1,85,1.3
1007.8,25.9,85,0.9
1008.4,25.7,84,1.5
1008.7,25.5,83,1.5
1008.9,25.4,83,2
1008.9,25.3,83,1.1
1008.5,24.8,84,1
1007.9,24.4,86,1.6
1008.2,24.0,85,1.2
1008.1,23.7,88,1.4
1008.5,23.4,87,1
1009.2,23.4,84,1.3
1009.6,23.5,83,1.8
1010.3,24.2,83,1
1010.6,25.5,80,0.7
1011.0,26.4,76,1.2
1011.2,26.0,79,2.2
1011.5,24.1,81,3.9
1011.2,24.8,76,2.6
1011.0,24.7,76,2.4
1010.4,23.8,80,4
1010.5,23.5,81,2.6
1010.6,23.3,82,4.1
1011.3,22.9,82,3.3
1011.6,22.7,80,3
1012.5,22.1,81,3
1013.1,21.7,80,3.2
1013.7,21.3,82,3
1013.9,21.2,82,2.3
1013.9,20.8,86,2.6
1013.5,20.6,88,2.8
1012.9,20.5,89,2.2
1012.3,20.6,87,2.5
1011.9,20.5,86,2.6
1012.2,20.4,86,2.3
1012.7,20.5,84,2.6
1013.3,20.5,84,3
1013.9,20.5,85,2.6
1014.3,20.6,85,2.9
1014.8,20.5,89,2.6
1015.1,19.9,86,3
1014.4,20.1,87,3.4
1013.5,20.7,81,4.2
1013.2,20.3,84,4.3
1012.6,20.3,86,3.6
1012.1,20.5,86,4.3
1012.1,20.5,87,4.1
1012.3,20.7,85,2.7
1012.4,20.3,90,3.4
1012.6,20.6,88,3
1012.6,20.4,91,3.5
1012.8,20.6,91,3.9
1012.3,20.7,91,4.2
1011.9,21.1,90,3.1
1011.1,21.2,90,3
1010.8,21.3,90,2.5
1009.9,21.3,92,2.7
1009.7,21.6,92,2.6
1009.8,21.9,91,1.3
1009.8,21.7,93,2.2
1010.0,21.8,93,2.1
1009.8,22.3,92,2.3
1010.3,23.2,89,2.1
1010.7,24.3,84,1.3
1010.4,26.5,75,2.1
1010.2,27.0,74,2
1009.8,27.8,68,1.4
1009.3,27.1,74,1.7
1008.8,26.2,78,2.4
1008.7,25.5,81,2.1
1008.6,24.9,85,1.6
1009.0,24.8,84,1
1009.4,24.7,85,0.5
1009.5,24.1,91,0.7
1009.9,24.5,86,0.5
1009.9,24.4,87,0.7
1009.9,24.3,86,1.4
1009.7,24.2,88,0.5
1009.0,24.1,88,0.3
1008.4,23.3,95,0.9
1007.6,23.1,97,0.7
1007.5,23.0,97,0.7
1007.6,23.0,96,0.3
1008.0,23.1,96,0.6
1008.5,23.3,93,0.9
1008.7,23.3,92,1.4
1009.2,23.8,90,1
1009.1,24.5,84,1.2
1009.2,24.9,82,0.9
1009.1,26.6,75,2.6
1008.5,27.3,70,3.3
1008.0,28.0,68,2.8
1007.6,26.6,72,3.2
1006.9,27.0,69,1.3
1006.7,27.3,66,1.3
1006.6,26.6,71,1.1
1006.8,25.8,76,0.5
1007.0,25.4,76,1.5
1007.3,25.0,80,1.4
1007.4,24.6,82,1.2
1007.1,24.5,82,1.3
1006.6,23.9,85,1.3
1006.1,23.6,86,0.5
1005.7,23.5,87,1.1
1005.2,23.5,86,1.2
1005.4,22.8,90,0.5
1005.6,23.1,87,0.5
1006.1,23.0,87,0.6
1006.4,23.1,87,1.2
1006.9,23.4,85,0.9
1006.8,24.3,80,0.6
1006.8,25.7,72,1
1006.4,26.8,69,1.6
1005.8,28.4,66,1.2
1005.3,30.0,59,2.4
1004.4,28.9,60,3.4
1003.7,30.2,54,2
1003.3,30.1,51,2.5
1003.2,29.5,52,3.4
1003.6,27.7,63,1.3
1003.8,26.3,68,1.8
1004.4,25.3,69,3.5
1005.0,24.7,78,3
1005.6,24.8,77,1.6
1005.3,24.8,76,2.1
1004.8,24.8,72,1.4
1004.5,24.7,74,0.6
1003.5,24.8,73,0.6
1003.4,24.6,71,1.2
1003.7,24.3,74,1.2
1003.8,24.2,76,0.6
1004.5,24.3,78,0.2
1004.6,24.2,80,1.2
1004.9,24.3,81,1.2
1005.2,25.3,79,1.2
1005.6,26.9,71,1.3
1005.8,28.4,63,0.6
1005.8,28.6,58,0.9
1005.1,28.5,63,1.7
1004.5,28.1,65,2.3
1004.4,26.0,77,0.4
1004.4,23.7,91,1.2
1004.5,23.3,90,1.9
1004.7,22.8,93,1.8
1004.6,21.7,94,2.1
1004.4,22.3,94,1.2
1004.9,22.3,94,0.9
1005.4,22.1,95,0.8
1006.2,21.9,96,2.3
1005.2,21.9,96,1.3
1004.2,21.9,97,1.3
1003.1,22.0,96,1.1
1002.8,22.1,96,1.5
1003.9,22.1,97,0.8
1003.7,22.0,96,1.1
1003.9,22.0,97,0.5
1004.7,22.1,98,1
1004.6,22.3,95,1.8
1004.8,23.1,93,1.3
1005.8,23.8,93,0.1
1006.2,23.5,95,0.4
1006.2,23.7,94,0.8
1005.6,24.0,93,0.7
1004.3,24.4,93,1.1
1003.2,24.9,93,0.6
1003.3,25.3,90,1.6
1003.9,25.3,86,0.6
1004.2,25.3,83,1.8
1004.9,25.2,81,1.1
1005.8,24.6,88,1.2
1006.5,24.4,88,1.2
1007.3,24.4,88,0.7
1007.5,24.4,86,0.6
1007.2,24.0,89,0.6
1006.5,23.7,91,1.2
1006.4,23.3,93,0.1
1006.5,23.3,92,0.8
1006.1,23.1,93,0.8
1006.4,23.1,92,0.3
1006.6,23.1,93,0.6
1007.2,23.8,89,1.7
1007.9,24.1,87,1.3
1008.2,25.0,82,1.8
1008.3,26.3,77,2.5
1008.3,26.8,78,2.4
1008.5,27.1,70,3.7
1008.4,27.4,66,4.8
1008.2,27.0,66,3.7
1007.5,27.7,65,3.9
1007.2,27.2,65,4.8
1006.6,27.0,63,3.6
1006.8,26.5,62,4.3
1007.1,25.7,66,3.9
1007.5,25.3,65,3.5
1008.0,25.0,66,3
1008.5,25.1,68,3.1
1008.8,25.5,65,4.4
1008.9,25.0,70,3.6
1009.0,24.5,76,2.7
1008.8,24.3,73,3.8
1008.5,24.5,72,3.8
1008.7,24.5,69,4.3
1009.0,24.4,68,3.2
1009.3,24.4,70,2.8
1009.7,24.7,71,4
1010.3,25.2,68,2.8
1010.7,25.8,62,4.1
1010.7,27.3,59,4.7
1010.6,28.3,54,5.5
1010.6,28.1,56,4.1
1010.0,28.9,53,5.6
1009.6,29.3,49,4.7
1009.3,29.1,52,3.9
1009.1,27.8,58,4.9
1008.8,27.7,60,3.3
1009.2,26.7,60,5
1009.6,26.7,61,3.9
1010.1,25.5,65,3.7
1010.8,25.2,68,3.3
1011.1,25.1,68,3.3
1011.5,25.1,66,2.1
1011.3,24.9,68,2.8
1010.9,24.8,68,3
1010.3,24.6,69,3.2
1009.9,24.6,68,3.7
1009.4,24.3,70,2.4
1009.4,24.2,70,3.1
1009.7,24.2,70,3.7
1010.0,24.8,68,2.9
1010.5,25.9,64,3.1
1010.5,26.8,59,3.3
1010.7,27.5,54,4.9
1010.4,29.1,51,4.2
1009.9,29.7,47,4.5
1009.4,30.1,45,3.7
1008.8,29.8,47,4.3
1008.2,29.9,49,4
1008.0,29.4,48,4
1007.8,28.6,52,3.6
1007.9,27.8,52,4.3
1008.4,26.9,55,3.9
1008.4,26.1,63,4.2
1008.9,25.7,63,4.8
1009.4,25.5,64,4.1
1009.5,25.4,66,4
1009.5,25.4,63,3.1
1008.8,25.0,66,3.2
1008.1,24.9,67,3.3
1007.7,24.6,68,2.7
1007.5,24.5,68,2.7
1007.4,24.4,69,2.7
1007.8,24.2,70,2.3
1008.5,24.5,70,2.8
1008.9,25.5,67,2.7
1009.0,27.4,61,2.2
1008.8,28.4,56,2.7
1008.7,29.0,53,4.7
1008.4,29.8,50,2.2
1007.4,31.4,48,2.2
1006.7,31.8,48,2.5
1006.0,32.1,47,1.9
1005.8,30.7,52,1.6
1005.7,29.6,52,3.4
1005.9,28.6,57,3.1
1006.0,27.9,59,3.7
1006.9,26.8,63,3
1007.8,26.5,63,2.4
1008.1,26.0,64,2.8
1008.4,25.8,65,2.5
1007.9,25.7,67,1.8
1007.4,25.7,68,1.3
1006.7,25.3,69,0.9
1006.1,25.2,69,1.6
1005.6,24.7,71,0.5
1006.0,24.8,70,1.4
1006.2,24.2,73,2.2
1006.4,24.3,73,1.3
1006.7,24.9,71,1.5
1006.8,26.6,67,0.8
1006.7,28.4,65,0.6
1006.8,28.7,66,0.8
1006.5,29.1,66,1.3
1006.0,29.4,67,2.1
1005.6,29.8,66,1.8
1005.2,30.1,65,2
1004.9,29.7,67,1.2
1004.9,29.5,68,2.4
1005.1,29.1,69,1.7
1005.2,28.3,72,2.3
1005.5,27.8,73,1.9
1005.7,27.6,73,0.4
1006.1,27.4,74,0.7
1006.5,26.9,79,1.2
1006.2,26.2,81,1.9
1005.7,25.7,83,1.5
1005.4,25.5,82,1.2
1005.1,25.2,82,1.3
1004.7,24.9,82,1.2
1004.7,24.6,81,2
1005.0,24.5,80,1.8
1005.4,24.6,81,1.4
1005.9,25.2,78,1.4
1006.0,27.2,73,1
1006.0,28.5,67,1.4
1006.1,31.0,58,2.1
1005.8,32.1,54,1.7
1005.1,33.0,51,1.4
1004.3,33.8,46,2.3
1003.9,32.5,57,3.3
1004.0,31.8,60,2.6
1003.8,32.1,61,0.9
1004.3,30.1,62,2.8
1004.8,29.2,65,1.7
1005.4,28.8,68,1.7
1005.9,28.7,70,1.3
1006.4,28.3,73,1.5
1006.7,28.1,74,1
1006.7,27.7,79,1.1
1006.5,27.1,83,0.8
,,,
,,,
,,,
,,,
,,,
,,,
,,,
,,,
,,,
,,,
,,,
,,,
,,,
,,,
,,,
,,,
,,,
,,,
,,,
,,,
,,,
,,,
,,,
,,,
,,,
,,,
,,,
,,,
,,,
,,,
,,,
944.2,17.4,56,1.3
943.8,16.5,63,1.4
943.6,16.3,63,1.4
943.5,16.9,56,1
943.9,16.9,61,0.5
944.4,16.0,69,0.6
945.1,16.5,76,1.1
945.4,18.2,84,0.3
945.6,21.1,79,0.5
946.0,23.5,66,1
945.9,25.8,55,1.6
945.5,26.9,37,1.5
944.9,26.6,44,1.4
944.7,26.7,28,0.9
944.4,25.3,53,1.1
944.4,24.7,68,1.8
944.5,23.8,70,1.5
944.7,22.2,77,0.1
944.9,20.0,51,1.8
945.4,19.8,45,2.1
946.1,19.7,44,2.1
946.4,19.8,44,2.1
946.5,19.9,45,2.1
946.2,19.3,48,1.8
945.7,19.2,49,1.2
945.2,19.0,71,1.1
945.0,19.7,80,0.8
945.0,18.9,88,0.5
945.3,19.2,89,0.3
945.5,19.2,86,0.5
946.0,20.1,82,0.9
946.5,20.7,83,1.1
946.9,21.3,79,1.4
946.5,22.7,72,1.1
946.1,23.5,71,1.1
945.7,23.9,71,1.6
944.9,23.9,71,1.4
944.4,23.0,75,1.3
943.9,23.4,72,1.3
943.6,22.4,76,1
943.4,21.0,82,0.9
943.8,20.2,84,0.4
943.8,19.9,85,0.4
944.3,20.0,84,0.2
944.5,20.1,84,0.3
945.0,19.6,87,0.1
944.9,20.0,85,0.4
944.0,19.6,87,0.5
943.3,19.6,88,0.3
942.4,19.0,91,0.2
941.9,19.2,89,0.5
941.3,19.1,88,0.4
941.6,18.9,87,0.3
942.0,18.8,89,0.3
942.2,19.4,88,0.4
942.6,20.5,84,0.3
942.4,22.4,75,0.5
942.4,23.6,74,0.8
941.9,24.1,73,0.5
941.2,24.4,72,0.5
940.5,25.9,69,0.8
939.9,25.0,75,0.7
939.7,23.5,81,1.1
939.5,23.2,79,1.3
939.5,23.8,73,1.3
939.8,24.0,71,1.2
940.0,23.6,74,0.5
940.2,23.2,79,0.6
940.6,22.6,86,0.2
940.6,21.7,91,0.4
940.4,22.1,86,1
940.5,22.2,83,1.3
940.3,20.9,90,0.3
939.6,20.7,81,0.5
939.1,21.9,66,1
939.3,21.6,72,0.9
939.0,22.0,64,0.9
939.1,21.9,75,0.9
939.3,21.8,76,0.5
939.8,23.9,55,1.4
939.8,24.2,59,1.6
939.9,25.6,58,1.2
940.0,23.4,76,1.5
939.7,23.2,81,1.2
939.6,22.2,88,1.3
938.9,21.9,89,1.8
938.7,21.6,88,2
938.7,21.7,84,1.2
939.2,19.3,93,0.7
939.6,17.6,93,2.2
940.2,16.7,94,4.7
942.6,16.7,93,3.3
943.5,16.3,95,0.9
943.3,16.5,97,0.7
942.8,16.6,97,0.1
942.7,16.6,98,0.4
942.1,16.5,98,0.4
942.2,16.5,98,0.3
942.1,16.5,98,0.4
942.4,16.3,98,0.9
942.4,16.3,98,1.8
943.5,16.3,98,0.2
944.3,16.1,98,2.3
944.7,15.7,96,2.4
944.7,15.9,96,4.1
945.4,15.6,96,3.8
945.1,16.1,96,4.1
945.2,16.0,95,3.2
944.8,16.0,93,3.7
944.7,15.6,93,3.3
943.9,15.7,94,4.3
944.4,15.5,93,2.4
944.7,15.0,93,4.5
945.3,14.7,95,3.6
946.1,14.6,93,3.6
946.0,14.7,93,1.8
947.5,14.7,95,0.7
947.7,14.4,97,0.5
947.8,14.3,98,0.2
946.8,14.4,98,0.2
945.8,14.4,98,0.1
945.8,14.6,98,0.2
945.7,14.0,98,2.4
945.4,14.7,95,3
946.1,14.3,97,2.7
946.5,14.3,95,2.1
946.7,14.4,94,3.5
947.2,15.4,87,3.7
947.5,15.9,86,4
947.5,17.0,84,3.1
947.6,16.5,89,1.1
947.0,16.4,94,3.9
946.3,16.8,96,1.6
945.8,16.4,94,1.4
945.8,16.1,97,0.2
945.2,16.2,97,0.1
945.3,16.4,98,0.1
946.0,15.8,98,0.2
946.5,15.8,98,0.1
946.6,15.8,98,0.1
946.9,15.8,98,0.3
947.0,16.1,98,0.5
946.4,15.7,98,0.3
945.5,15.2,98,0.3
945.5,15.6,99,0.3
944.9,15.4,98,0.3
944.7,14.5,98,0.4
944.6,13.6,98,0.5
945.1,13.3,98,0.6
945.5,12.9,98,1.1
946.1,13.4,97,0.6
946.4,14.6,96,0.3
946.7,17.0,93,0.6
946.9,19.6,83,1.5
946.4,21.0,81,1.4
946.0,22.3,73,1.7
945.2,23.0,65,1.5
944.4,23.8,61,2.1
943.9,22.8,67,1.6
943.6,22.7,61,1.4
943.9,22.1,59,0.5
944.4,19.8,76,0.1
944.8,18.0,85,1.1
945.1,17.7,81,1.4
945.2,16.8,68,1.4
945.3,16.7,74,1.2
945.2,16.0,80,1.3
944.9,16.2,77,1.3
944.8,15.9,70,1.3
944.6,14.5,75,1.5
944.4,14.5,73,1.2
944.4,14.8,67,1.5
944.6,16.4,52,1.6
945.3,16.3,59,0.2
946.0,15.5,78,1.2
946.5,17.6,70,0
946.6,20.5,63,0.5
946.6,22.1,65,1.1
946.5,23.5,54,1.6
945.7,24.0,57,1.6
945.1,25.2,59,1.8
944.5,23.4,68,1.8
943.9,22.9,76,0.2
943.9,21.9,81,0.2
944.1,20.9,78,0.4
944.5,20.1,74,0.1
944.7,18.4,81,0.7
945.2,18.5,66,1.1
945.7,18.0,75,0.8
946.0,18.3,81,0.9
945.4,18.5,83,1
945.0,18.2,87,0.7
944.7,18.5,89,0.6
944.5,18.0,91,0.8
944.1,17.9,92,0.8
943.8,17.6,91,0.6
944.0,17.5,91,0.9
944.4,17.6,91,0.7
945.0,18.3,88,0.2
945.2,19.8,82,0.2
945.6,21.7,72,0.2
945.6,23.0,71,0.6
945.3,23.5,64,0.8
945.0,23.8,60,0.4
944.4,24.9,53,1.7
943.7,24.7,64,1.5
943.2,24.5,66,0.6
942.9,23.1,78,0.7
943.1,23.0,71,0.1
943.5,21.5,83,0.2
943.9,21.0,79,0.6
944.6,20.3,83,0.3
945.1,20.0,84,0.5
945.1,20.2,83,0.5
944.9,20.2,83,0.6
944.6,20.1,82,0.3
943.9,19.8,86,0.9
943.2,19.4,89,0.4
942.5,19.7,87,0.6
942.5,19.5,88,0.9
942.7,19.4,89,0.6
942.8,19.7,88,0.7
943.5,20.2,88,0.3
944.0,21.6,85,0.9
944.0,22.8,82,1
944.0,25.3,76,1.1
943.7,25.9,63,1.1
943.4,26.0,67,1.4
942.4,24.7,74,0.8
942.3,24.3,76,0.8
942.0,22.5,82,0.9
941.7,22.0,89,1.1
942.4,21.4,91,0.5
942.8,20.6,91,1.3
943.6,19.7,94,2.4
944.5,19.0,94,2.6
945.1,19.0,96,1.1
945.3,18.5,92,2.4
945.4,18.1,91,2
945.0,18.1,94,0.7
944.7,17.5,95,0.9
944.4,16.7,95,0.8
944.4,16.2,96,1.1
944.2,15.9,97,2.1
944.6,16.5,96,0.5
944.7,16.2,93,4.1
945.2,16.3,92,3.9
946.1,16.1,93,4.6
946.8,16.0,94,2.8
946.4,16.0,93,4.6
946.4,16.1,93,4.2
946.4,15.9,92,3.1
945.6,15.6,93,4.3
945.8,15.5,94,1.1
945.6,15.6,95,1.2
945.6,15.2,94,2.3
945.9,15.3,94,1.4
946.5,15.0,94,2
946.7,14.8,93,2.6
947.2,14.7,94,2.8
947.5,14.6,95,3.3
947.7,14.5,95,3.6
947.6,14.7,95,3.2
947.2,14.7,95,3.6
947.0,14.5,96,4.3
946.4,14.0,95,5.2
946.3,14.0,93,3.5
946.3,14.1,92,3
946.4,14.0,92,2.3
946.8,14.4,90,1.3
946.9,15.6,89,0.9
947.4,15.9,84,2.7
947.1,16.5,84,2.7
947.3,17.7,78,2.2
947.2,17.1,80,3.2
946.7,18.1,78,3.5
946.2,18.9,77,2.6
945.8,17.2,84,3.7
945.4,17.5,82,2.1
945.1,17.9,82,2.1
945.2,18.1,81,1.5
945.3,17.7,85,0.8
945.4,17.6,89,0.3
945.7,17.6,91,0.3
946.1,17.6,91,0.6
946.4,17.8,90,0.4
946.3,18.1,88,1
945.7,17.8,91,0.8
945.3,17.8,92,0.5
944.6,17.9,91,0.4
944.2,18.4,95,0.4
944.1,18.5,93,0.4
944.2,18.6,94,0.2
944.6,18.9,92,0.6
945.1,19.5,91,0.3
945.2,20.7,81,0.2
945.2,22.0,77,1.1
945.2,22.0,79,0.6
944.8,23.9,68,1.5
944.4,23.0,71,0.5
943.7,23.0,79,0.4
943.2,22.3,84,0.5
942.7,21.3,86,0.5
942.4,21.2,88,0.4
942.3,21.4,87,0.2
942.4,21.1,90,0.3
942.8,20.1,93,0.5
943.3,20.3,92,0.4
943.6,20.5,92,0.8
943.8,20.2,93,0.7
943.4,20.4,92,0.9
943.0,19.9,94,0.4
942.4,19.6,95,0.6
942.0,20.1,92,1.3
941.3,21.0,89,1.2
941.2,21.1,89,1.1
941.2,21.2,92,1.1
941.6,21.3,92,1.2
942.2,21.6,90,1.5
942.6,21.5,92,1.4
943.0,21.9,91,1.4
942.9,23.2,89,1.2
942.9,24.0,86,2.1
943.1,25.5,79,2.6
942.9,23.3,89,2.3
942.6,22.4,94,3
942.0,22.7,94,2.2
941.7,22.9,89,1.6
941.9,23.7,79,2.4
942.5,22.9,81,2.1
942.9,22.3,80,2.6
943.7,21.8,80,2.6
943.8,21.1,84,5.2
944.6,20.9,86,0.9
945.1,19.3,92,5.2
945.3,17.3,92,6.4
945.4,17.0,93,6
945.7,16.7,89,5.6
945.6,16.3,85,4.7
946.4,16.8,84,4.2
946.6,15.2,92,5.4
947.6,15.1,94,5.1
949.0,14.9,94,2.3
948.9,15.1,89,4.8
949.1,15.4,82,3
949.0,16.0,85,4.5
948.5,17.3,83,3.8
948.0,18.4,79,3.8
947.9,19.3,73,3.2
947.4,17.3,81,3.5
947.0,17.3,77,4.4
947.1,16.7,48,4.7
947.3,16.7,58,5.3
947.7,14.9,81,4.6
948.2,13.9,88,4.5
948.9,13.7,92,4
948.4,13.6,92,4.6
948.4,14.0,90,3.6
947.9,14.1,90,3.5
947.3,14.3,90,2.9
946.8,14.7,91,2.6
945.8,15.0,92,2.2
945.4,15.5,91,1.5
945.3,15.6,93,1.6
945.3,15.7,95,1
945.9,15.7,94,1.4
946.3,16.2,94,1.2
946.8,16.5,93,1.2
947.0,16.7,94,1
947.1,16.9,94,1.4
946.8,17.3,94,1.1
946.4,17.7,92,1.5
945.9,17.4,95,1.4
945.4,17.6,95,0.8
945.2,17.5,97,0.2
944.5,17.8,97,1
944.6,17.7,96,0.9
945.2,17.6,97,0.2
944.5,17.9,96,1.2
945.8,17.5,97,0.3
945.9,17.9,95,0.9
945.5,18.0,95,1
945.4,17.9,96,0.4
945.0,17.9,97,0.3
944.3,18.0,98,0.2
943.9,17.9,98,0.2
943.7,17.9,98,0.3
943.9,17.9,98,0.2
944.3,17.9,98,0.4
944.9,18.0,98,0.6
945.5,18.5,98,0.3
945.6,18.5,98,0.3
945.7,19.2,98,1
945.7,19.2,98,0.2
945.7,20.8,95,1.1
945.5,21.0,90,0.9
944.9,21.3,91,0.9
944.5,21.6,86,0.3
944.4,20.8,88,1.2
944.1,20.6,89,1.9
943.9,20.1,92,2.5
943.8,19.3,95,1.7
944.1,18.9,94,1
944.7,19.5,90,1.8
944.9,19.8,88,1.2
945.1,20.4,84,1.5
944.8,19.5,89,1.5
944.4,18.7,93,1
943.9,18.5,93,0.9
943.5,18.4,94,1
943.3,18.2,94,0.8
943.5,18.5,95,0.8
943.8,18.5,95,0.7
944.4,18.9,94,0.8
945.0,19.5,94,0.6
945.2,21.1,89,0.6
945.3,21.5,89,0.9
945.1,23.1,84,1.2
944.7,24.4,80,1.1
944.2,25.5,72,1.4
943.7,25.7,76,1.2
943.1,24.8,75,0.6
942.7,25.0,66,1.1
942.6,23.6,74,0.9
942.9,23.0,73,1.2
943.3,21.8,81,0.2
943.7,20.6,86,0.5
944.4,20.7,85,0.8
944.7,21.0,88,0.7
944.9,20.8,86,0.7
944.8,20.8,89,0.6
944.4,20.9,85,0.5
943.8,20.5,88,1
943.8,19.9,89,1
943.8,19.9,87,0.9
944.0,19.8,86,0.8
944.6,19.7,88,0.6
944.8,19.9,86,1
945.6,21.0,87,0.9
946.0,21.5,88,0.7
946.4,21.9,93,0.9
946.5,19.8,92,4.3
946.7,19.3,94,4.7
946.2,19.2,94,5.2
946.0,18.6,96,5.5
945.3,18.5,97,4.3
945.4,18.4,96,4.9
945.4,17.9,96,6
945.8,17.6,95,4.9
946.0,17.0,95,5.7
946.5,16.5,95,6.2
946.7,16.2,96,7.4
947.1,16.3,95,7.7
947.1,16.1,96,7.9
947.5,16.1,95,5.5
947.0,16.0,96,3.7
946.2,16.1,96,4.9
946.4,15.8,96,5.9
945.5,15.6,96,5.2
945.5,15.5,95,7
946.3,15.5,96,7.5
946.6,15.6,96,7.5
947.4,15.6,96,7.2
947.6,15.8,96,7.6
948.0,15.3,96,7.2
948.1,15.4,96,6.9
947.9,16.1,95,5.2
947.1,15.7,96,5.7
946.9,15.7,96,5.6
946.4,15.8,95,5
946.1,16.0,96,4.9
946.1,16.5,95,4.5
946.2,16.5,94,4.7
946.2,16.7,95,5.1
946.4,16.7,96,5.4
946.8,17.0,95,3
946.7,16.9,95,3.6
946.6,17.5,94,3.5
946.3,17.7,94,3.5
945.7,18.1,93,3.1
945.1,18.1,94,3.4
944.2,18.5,92,5.1
944.4,18.7,93,3.9
945.0,18.5,96,0.9
945.0,18.8,96,0.8
944.8,19.4,92,1.5
944.9,19.4,95,0.9
945.6,19.5,95,0.4
945.8,20.3,93,0.6
945.8,21.4,88,1
945.7,22.6,87,0.9
945.5,22.1,92,0.9
945.0,21.2,95,0.4
944.4,21.8,91,1.2
944.2,20.8,96,0.7
944.1,20.8,97,0.7
944.4,20.6,97,0.9
944.8,20.2,98,0.2
944.9,20.2,98,0.1
945.2,20.1,98,0
945.3,19.9,98,0.3
945.3,19.8,98,0.2
945.0,19.7,98,0.3
944.4,19.7,98,0
943.6,19.7,99,0.1
943.0,19.7,99,0
942.9,19.6,99,0.5
943.0,19.6,99,0.8
943.3,19.4,98,0.3
943.7,19.7,98,2.9
944.0,20.1,95,1.3
944.3,20.6,96,0.9
944.4,20.5,95,0.7
944.5,21.1,93,0.9
944.3,21.7,90,1.1
944.1,22.2,80,2.1
943.6,21.4,85,1.5
943.0,22.9,77,1
942.6,22.5,83,1.1
942.5,21.5,90,1
942.2,20.9,92,0.4
942.4,20.2,93,0.1
942.7,19.2,93,0.5
942.9,18.6,92,0.8
943.1,18.7,92,0.6
942.8,18.8,90,0.8
942.3,18.8,86,0.8
941.9,18.9,83,1.1
941.3,18.6,87,1
940.8,18.8,86,0.7
940.8,18.7,83,0.3
941.0,18.7,82,0.1
941.3,18.5,87,0.1
941.8,18.6,91,0.3
942.2,19.1,94,0.3
942.1,19.5,95,0.6
942.2,20.9,93,0.3
942.1,22.6,88,0.9
941.6,23.2,86,1.2
941.2,24.5,70,1.9
940.4,24.6,68,1.4
939.9,24.3,75,1.1
939.5,24.8,72,0.8
939.5,24.2,81,1.3
939.7,23.1,84,1
939.8,21.3,91,0.1
940.2,20.7,91,0.2
940.7,20.4,89,0.6
941.4,20.5,83,0.7
941.2,20.0,85,0.8
940.8,19.8,84,0.9
940.5,20.2,79,0.7
939.5,19.9,76,0.7
939.3,19.8,79,0.8
939.5,20.0,74,0.5
939.5,20.0,75,0.7
940.3,19.3,85,0.5
940.2,19.8,77,0.6
940.5,20.2,80,0.1
941.0,21.1,78,0.2
941.5,22.7,75,0.1
941.8,22.7,75,0.3
942.0,23.1,80,0.9
941.3,23.0,77,1
940.8,22.6,81,0.1
940.3,21.5,87,0
940.1,20.4,87,1.9
939.8,19.0,96,0.1
940.0,18.8,97,0.1
940.1,18.8,97,0.1
939.6,19.0,97,0.6
940.6,19.0,97,0.2
940.8,18.9,97,0.5
941.7,19.0,97,0.1
940.5,19.0,97,0.4
940.0,18.9,97,0.5
938.7,18.9,98,0.2
938.8,18.9,98,0.7
939.3,18.8,98,0.5
939.4,18.5,98,0.7
939.5,18.4,98,1
940.1,18.7,98,0.7
940.3,18.9,98,0.7
940.7,19.9,98,0.7
941.7,19.7,98,0.1
942.0,20.2,97,1.5
941.7,19.8,96,0.6
941.3,19.9,97,0.5
940.4,20.2,97,0.4
939.5,19.4,96,0.9
939.5,18.9,97,0.3
939.9,19.7,97,0.2
940.0,19.5,96,0.5
940.7,19.3,97,0.5
941.5,18.9,97,0.5
942.2,18.8,97,0.4
942.8,18.5,97,0.3
943.1,19.1,97,0.4
942.8,19.1,98,0.3
941.9,18.6,97,0.4
941.9,19.0,98,0.2
942.0,18.9,98,0.4
941.5,19.0,98,0.3
941.7,19.0,98,0.4
942.1,19.2,98,0.1
942.7,19.2,98,0.3
943.2,19.7,97,0.7
943.5,21.3,88,2.9
943.7,22.1,85,2.5
944.0,22.2,87,2.4
944.1,21.5,90,2.5
944.1,21.0,89,2.2
944.0,21.1,87,1.4
943.5,20.2,92,1.6
942.9,22.0,80,1.9
942.4,22.1,75,1.9
942.6,20.9,85,1.3
943.0,19.8,88,1.9
943.2,19.5,89,1.4
943.8,19.4,90,1.8
944.2,19.5,90,2
944.5,19.7,89,2.7
944.5,19.6,90,2
944.4,19.4,88,2.3
944.2,19.4,88,1.6
943.9,19.4,87,1.7
944.0,19.4,84,2.9
944.2,19.3,83,2.7
944.6,19.3,85,2.9
945.0,19.3,81,3.1
945.5,19.5,78,2.4
945.9,20.4,77,2.1
946.2,21.5,77,1.7
946.1,23.0,71,1.8
946.1,23.4,66,1.7
945.7,22.7,68,2.3
945.4,22.4,71,1.8
945.2,23.4,72,1.6
944.8,22.8,72,1.9
944.4,22.7,65,2
944.8,21.5,74,1.2
945.2,20.6,80,2.3
945.6,19.9,85,2
946.3,19.5,87,1.7
946.7,19.2,82,1.5
946.9,19.2,86,1.7
946.8,19.1,86,1.6
946.3,19.0,85,1.6
945.8,18.9,86,1.8
945.3,18.8,88,2.2
945.1,18.6,88,1.7
944.9,18.7,87,2
945.1,18.8,87,2.2
945.6,19.2,81,1.4
945.9,19.9,81,1.9
946.1,21.3,77,1.7
946.3,22.3,70,2
946.1,22.8,70,2.1
945.8,23.3,66,1.8
945.3,24.5,63,1.9
944.8,24.6,63,2.1
944.3,24.0,65,1.9
944.2,24.2,65,1.6
943.8,23.6,66,1.8
943.8,21.8,75,1.8
944.1,20.4,80,1.7
944.3,19.6,84,1.7
944.6,19.4,81,1.8
945.2,19.2,85,1.8
945.3,19.4,86,1.6
945.2,19.2,86,1.8
944.5,19.1,84,1.6
943.9,19.0,87,1.7
943.5,18.9,86,1.5
943.3,19.0,83,1.3
943.2,18.8,84,1.9
943.4,18.8,87,1.4
944.0,19.0,86,1.6
944.6,19.5,85,0.9
944.7,21.3,80,1
944.7,22.9,72,1.2
944.6,24.3,71,0.8
944.4,25.1,71,0.9
943.6,25.1,72,0.9
943.2,24.5,73,0.8
942.7,24.7,72,0.8
942.3,24.2,78,0.1
942.0,24.9,69,0.9
942.0,23.7,74,0.3
941.9,22.7,81,0.1
942.4,21.1,81,1
943.5,20.3,79,0.3
943.8,20.0,78,0.3
944.2,20.2,82,0.5
943.8,19.5,87,0.7
943.3,19.3,89,0.6
942.8,19.4,89,0.9
942.0,19.2,90,0.5
941.6,19.3,90,0.6
941.7,19.3,90,0.4
941.9,19.1,91,0.7
942.2,19.6,92,1
942.5,20.8,91,0.1
942.6,21.5,93,0.8
942.8,22.7,84,1.1
943.0,23.1,87,1.3
942.8,24.1,82,1.3
942.4,24.1,80,1.7
942.1,24.6,79,1.5
941.7,25.6,75,2
941.5,24.5,80,1.5
941.3,23.7,85,1.1
941.5,23.2,85,0.7
941.6,22.4,88,0.7
941.7,22.1,89,0.5
942.0,21.7,91,1
942.4,21.8,91,0.7
942.6,21.8,92,0.3
942.3,21.1,93,0.9
941.9,21.2,93,1.2
941.4,20.6,93,0.5
941.2,20.5,91,0.8
940.8,20.4,89,1.2
940.7,20.5,89,1.2
941.0,21.4,90,1
941.4,21.2,93,0.8
941.9,21.3,93,0.4
942.0,21.4,94,1.3
942.2,22.3,90,1.3
942.5,23.6,85,1.1
942.5,25.2,76,1.3
942.1,26.5,73,1.5
941.5,26.9,68,1.3
941.1,28.1,63,1.8
941.0,27.6,67,1.4
940.7,26.6,75,1.5
941.0,24.7,83,0.7
941.3,23.9,87,0.7
941.9,23.2,92,0.4
942.4,23.1,93,0.4
942.7,22.9,93,0.1
943.1,22.7,93,0.3
943.0,22.3,94,0.4
942.7,22.1,94,0.5
,,,
,,,
,,,
,,,
,,,
,,,
,,,
,,,
,,,
,,,
,,,
,,,
,,,
,,,
,,,
,,,
,,,
,,,
,,,
,,,
,,,
,,,
,,,
,,,
,,,
,,,
,,,
,,,
,,,
,,,
,,,
1008.8,19.9,87,2
1008.4,19.4,87,1.8
1008.3,18.9,86,3.3
1008.2,18.7,86,3.2
1009.0,18.6,85,1.1
1009.5,19.2,85,2.6
1009.9,20.5,81,3.3
1010.1,23.1,71,1.9
1009.9,27.0,54,1.3
1010.2,27.6,56,1.4
1010.2,27.6,56,4.2
1009.9,27.5,55,4.4
1009.4,27.0,58,5.5
1009.4,27.3,59,3.5
1009.1,27.0,63,3.4
1008.9,26.9,63,2.3
1008.9,27.1,59,2.3
1009.1,26.2,61,2
1009.4,25.4,67,0.4
1009.9,24.0,72,1.7
1010.7,23.8,76,0.7
1011.0,23.5,75,1.5
1011.0,23.4,77,1.2
1010.6,24.3,73,1.4
1010.0,24.7,72,1.7
1009.5,25.6,68,2.5
1009.2,25.0,71,2.8
1009.6,24.7,71,0.6
1010.2,24.3,73,1.5
1010.6,24.7,71,2.5
1011.2,24.8,72,1.4
1011.8,25.5,67,2.8
1012.1,26.0,67,2.3
1011.8,26.6,66,2
1011.0,26.5,63,4.7
1011.0,26.5,62,2.5
1010.1,26.4,63,3.7
1009.6,25.8,64,5.7
1008.9,24.8,70,2.6
1008.5,25.5,69,2.1
1008.3,25.1,72,3
1008.4,25.0,72,2.9
1008.4,25.1,70,1.5
1008.6,25.0,71,2.9
1008.9,25.0,70,4.5
1009.0,25.1,71,4.4
1009.0,25.1,71,3.8
1008.3,24.9,73,3.7
1007.8,24.9,73,3
1006.6,24.8,73,2.9
1006.3,24.4,74,2.2
1005.8,24.0,75,2.6
1006.0,23.4,79,1.8
1006.2,22.8,82,2.3
1006.5,23.6,79,2.3
1006.7,25.9,70,2.5
1006.5,27.9,60,1.5
1006.2,28.8,52,0.8
1005.5,28.5,59,3.6
1005.0,28.1,59,4.7
1004.2,28.4,59,3.7
1003.4,28.4,60,2.9
1003.2,27.3,64,2.4
1003.3,26.7,69,1
1003.1,27.1,69,0.6
1003.5,27.1,70,2
1003.8,26.6,74,1.4
1004.0,26.1,78,0.9
1004.4,25.8,81,1.2
1004.3,25.4,82,0.5
1004.2,24.9,85,1.3
1004.7,24.9,84,1.6
1003.8,24.7,86,1.7
1002.8,24.7,87,1.8
1002.1,25.0,77,3.8
1002.2,25.4,69,3.1
1002.0,25.4,72,2.1
1002.2,25.5,71,2.5
1002.3,25.9,70,4
1003.0,26.1,68,2.2
1002.8,27.8,57,2
1003.1,30.2,49,2.9
1003.0,30.2,51,2.3
1003.0,28.5,56,2
1002.8,28.3,60,2.5
1003.3,23.8,84,5.5
1003.8,22.5,89,4.1
1004.5,21.4,94,2.7
1005.3,20.9,93,5
1005.9,20.6,92,4.1
1006.6,20.7,90,3.1
1008.3,20.1,91,7.3
1009.3,20.1,91,4
1009.5,20.1,93,2.7
1008.9,20.1,92,3.3
1008.9,20.2,93,3.9
1007.9,20.5,92,3.4
1008.1,19.9,92,3.1
1008.2,19.8,94,1.1
1008.4,19.9,92,3.3
1008.7,20.0,92,3.8
1009.5,19.8,89,3.9
1010.3,19.5,92,4
1011.2,19.3,94,4.4
1011.7,19.8,92,2.8
1011.7,19.8,88,2.5
1011.7,19.4,90,3.7
1011.6,19.7,84,4.5
1011.2,20.4,80,2.9
1011.1,20.7,75,3.3
1010.2,20.4,78,3.5
1010.8,20.6,75,3.5
1011.1,20.6,73,3.4
1012.0,19.7,79,2.3
1012.9,19.7,80,0.4
1013.2,19.0,88,0.5
1014.1,18.8,91,1.2
1014.5,18.6,92,1.4
1014.6,18.7,92,0.8
1013.5,18.9,89,0.4
1012.4,18.9,89,0.8
1012.3,18.8,88,0.8
1012.3,18.3,93,2
1012.1,18.4,92,0.8
1012.7,18.3,92,0.6
1013.2,19.2,79,1.7
1013.7,18.7,87,1.5
1013.8,19.1,88,0.4
1014.2,19.5,87,0.6
1014.0,20.2,84,0.1
1013.8,21.0,80,2
1013.4,20.4,89,3.8
1012.9,19.6,91,4.8
1012.5,19.0,87,4
1012.3,18.5,90,2.4
1012.0,18.4,92,1.1
1012.0,18.7,91,0.5
1012.4,19.1,87,2.5
1013.1,18.2,91,2.3
1013.2,18.1,94,0.3
1013.3,18.4,93,1.3
1013.3,18.6,92,1.3
1012.6,18.4,91,1.3
1011.6,18.4,92,1.1
1011.4,18.1,94,1.3
1010.8,18.2,93,0.8
1010.6,18.1,93,1.3
1011.0,18.1,92,1.5
1011.1,18.0,93,1.7
1011.4,18.1,93,1.5
1012.0,19.3,89,1.3
1012.3,21.4,76,1.3
1012.4,22.5,66,2
1012.5,22.9,66,3.4
1011.9,23.1,66,3.2
1011.5,23.4,64,2.9
1010.8,23.4,63,3.4
1010.1,23.4,60,4
1009.4,23.5,63,4.3
1008.9,23.4,61,4.2
1009.1,23.6,66,3.8
1009.5,23.5,67,3.1
1010.3,22.6,69,1.2
1010.3,21.7,74,1.3
1010.5,20.5,81,1.8
1010.3,21.5,73,1
1010.0,21.3,73,1.6
1009.8,20.7,75,1.8
1009.7,20.4,77,1.5
1009.3,19.0,83,1.7
1009.3,18.4,85,2.6
1009.5,18.4,84,1.7
1009.6,18.2,86,2.4
1010.2,18.1,86,3.5
1010.9,20.0,80,2.4
1011.2,22.6,71,1.9
1011.3,25.5,59,2.1
1011.2,26.6,50,3.7
1011.3,26.1,54,4
1010.5,26.3,57,3.6
1009.9,26.2,58,3.7
1009.2,26.3,61,4
1008.8,26.3,64,3.6
1008.4,26.2,66,1.7
1008.6,25.9,67,1.6
1009.0,25.7,67,1.3
1009.3,25.0,72,0.8
1010.1,23.9,78,0.2
1010.3,23.3,81,0.5
1010.7,23.2,81,1
1010.2,22.8,83,0.4
1009.6,22.3,84,0.9
1009.3,21.9,86,0.7
1009.1,21.9,86,0.8
1008.6,21.6,86,2.6
1008.3,21.9,84,1.5
1008.6,21.6,84,2.9
1009.0,21.4,87,2.3
1009.7,22.0,85,2.1
1009.8,24.2,77,2.1
1010.0,26.3,68,0.6
1009.8,27.5,56,1.2
1009.7,26.9,63,4.8
1009.5,26.6,66,4.2
1009.0,26.4,69,3.5
1008.3,25.9,79,4.8
1007.7,25.9,77,4.1
1007.5,25.7,77,3.2
1007.6,25.6,79,2.2
1008.0,26.2,69,1.3
1008.6,26.1,67,2
1009.0,25.8,68,1.6
1009.7,25.7,68,2
1009.6,25.7,68,1.3
1009.5,25.4,68,1.7
1008.8,25.3,71,1.2
1008.1,24.9,74,0.7
1007.3,24.9,75,2.2
1006.7,24.8,76,1.4
1006.6,24.3,78,2.1
1007.0,24.5,75,0.7
1007.3,24.3,74,0.5
1007.8,25.4,72,0.9
1007.9,27.6,64,2.2
1007.8,28.8,61,1.9
1007.7,28.5,66,3.3
1007.4,29.2,63,4
1007.2,28.3,66,4
1006.4,28.0,67,2.5
1006.1,27.7,67,2
1006.2,26.2,80,0.6
1005.9,26.0,78,1.4
1006.6,24.3,89,4.7
1007.4,23.6,88,5.1
1008.5,23.2,89,3.7
1010.0,22.1,92,4
1010.3,22.2,90,3.5
1011.0,21.1,90,5.2
1011.1,20.8,90,3.6
1011.1,20.4,90,3.4
1010.9,20.0,92,4.3
1010.7,20.1,92,3.2
1010.5,19.8,93,4.4
1010.6,19.7,94,4.5
1010.9,19.7,91,4.1
1011.0,19.8,90,4.3
1011.7,19.5,93,6.8
1012.6,19.3,94,6.6
1013.1,19.4,93,4.9
1013.1,19.2,92,6.4
1013.0,19.2,88,6.5
1012.9,19.0,92,6.1
1012.6,18.5,93,5.1
1012.4,18.5,92,4.7
1012.1,18.8,92,4.8
1012.1,18.5,91,4.7
1012.2,18.8,94,2.8
1013.0,18.8,88,5.8
1013.4,18.7,89,4
1013.7,19.1,89,4.4
1014.2,19.4,83,2.8
1014.3,19.5,81,1.1
1014.1,19.0,89,1
1013.8,20.1,79,4.5
1013.6,20.0,78,4.5
1013.4,19.6,76,3.7
1013.2,19.7,72,2.8
1013.2,19.8,71,3.1
1013.3,19.8,71,3.7
1013.7,19.7,71,3.2
1014.1,19.8,70,2.9
1014.6,20.0,70,3.2
1014.6,20.3,70,3.1
1014.6,20.5,69,3.5
1014.5,20.8,68,3.9
1014.0,21.0,70,3.7
1013.3,21.3,70,3.8
1012.7,21.4,69,3.1
1012.1,21.7,69,2.5
1011.8,21.8,69,2.3
1011.6,21.9,69,1.7
1011.7,21.6,70,2.3
1011.6,21.7,68,2.7
1011.9,21.9,68,1.5
1011.9,21.9,72,1.2
1011.8,21.4,75,2
1011.6,21.1,77,0.5
1010.8,22.0,73,1.2
1010.3,22.4,72,1.8
1009.6,22.4,72,1.3
1009.0,22.4,73,2
1009.0,21.8,76,1.4
1009.1,21.0,80,1.5
1009.5,21.1,80,0.6
1009.8,22.0,78,1.7
1010.0,23.4,77,1.5
1009.9,25.5,69,1.6
1009.5,26.5,65,1.6
1008.8,28.5,55,2
1008.4,29.7,53,1.5
1008.1,26.6,66,5.3
1007.5,26.4,71,4.1
1007.1,25.8,75,3.4
1006.9,25.3,78,1.5
1006.5,25.6,77,0.3
1006.6,26.0,76,0.7
1006.9,25.9,75,1.6
1007.4,25.3,80,0.5
1007.6,24.4,85,0.8
1007.7,23.9,86,1.4
1007.7,23.2,89,2.6
1007.1,23.1,88,2.6
1006.6,23.0,88,1
1006.1,22.7,89,2.3
1005.2,22.5,89,2.3
1005.0,22.3,89,1.9
1005.2,22.1,90,1.7
1005.4,22.4,89,1.7
1006.0,23.2,86,2.1
1006.4,25.5,78,3.7
1006.6,28.3,67,4.3
1006.8,29.1,64,4
1006.4,30.4,61,2.8
1006.4,28.8,66,3.7
1006.5,27.3,71,4
1006.1,26.8,75,0.6
1005.6,26.5,79,1.9
1005.4,27.0,78,0.9
1005.5,29.1,67,3.7
1006.4,26.7,81,1.8
1006.9,26.2,85,1.2
1008.0,25.7,85,3.4
1008.9,25.3,83,4.5
1009.8,23.7,90,4.6
1011.3,22.0,89,4.9
1011.9,21.8,81,5.2
1011.8,22.1,76,5.2
1011.8,22.5,73,3.8
1011.9,22.3,75,3.1
1012.6,22.3,68,4.6
1013.4,21.1,76,4.5
1014.7,19.8,85,5.9
1016.0,19.5,87,5.8
1015.6,20.0,87,1.7
1015.6,20.4,82,1.2
1015.6,21.3,72,1.8
1015.3,22.6,69,4.3
1015.2,22.4,69,5.7
1014.5,22.8,69,5.8
1014.1,22.7,66,5.5
1013.8,22.8,60,3.4
1013.9,22.8,52,3.6
1014.1,22.1,47,2.2
1015.1,20.4,66,2.7
1015.9,18.8,79,2.5
1016.5,18.2,86,0.9
1016.2,18.6,85,1.5
1015.8,19.0,80,1.8
1015.3,19.1,80,0.6
1014.6,19.1,81,1.5
1013.4,19.2,83,0.6
1012.5,19.4,81,1.8
1011.6,19.7,81,2.6
1011.5,19.9,82,2.2
1011.2,19.4,89,2.1
1012.0,19.8,88,2.2
1012.4,19.8,91,3.9
1012.4,20.0,90,2.8
1013.0,20.2,94,2.2
1013.4,20.2,95,2.6
1012.9,20.2,95,2.8
1012.4,20.4,94,2.8
1011.9,20.3,96,3
1011.1,20.5,95,1.1
1011.0,20.3,97,0.9
1010.6,20.5,96,1.7
1010.3,20.7,96,1.5
1011.2,20.7,97,1.2
1010.5,20.7,95,3.4
1011.3,21.1,93,0.8
1011.6,20.9,97,0.3
1011.2,21.0,97,1.1
1010.7,21.4,97,0.7
1010.4,20.8,97,1.4
1009.7,20.8,98,1
1009.1,20.8,98,1.2
1008.8,20.9,97,1.6
1009.1,20.9,97,2.3
1009.1,21.0,97,1.7
1010.1,21.1,96,1.6
1010.7,21.1,94,2.1
1010.9,21.2,95,2.5
1010.9,22.5,92,1.6
1011.1,22.0,93,2.5
1011.2,22.0,93,2.8
1010.9,22.1,92,3.3
1010.4,22.6,91,4.1
1009.9,22.9,92,3.8
1009.9,22.9,91,4
1009.6,23.2,90,3.1
1009.4,23.2,90,3.3
1009.4,22.9,91,3.2
1009.7,22.9,92,0.8
1010.0,22.4,94,0.3
1010.0,22.1,95,0.1
1010.1,22.2,95,0.1
1009.8,22.0,95,0.6
1009.1,22.0,96,0.1
1008.6,21.7,97,0.1
1008.1,21.3,97,1.1
1007.8,21.3,96,1.3
1007.9,21.2,98,2.1
1008.3,21.2,96,2.6
1008.9,21.4,96,1.1
1009.7,22.2,91,4.4
1009.8,24.2,83,3
1009.7,26.5,73,3.9
1009.3,28.1,67,4.1
1009.0,27.3,71,3.2
1008.6,26.8,71,3.9
1008.1,26.6,72,3.2
1007.5,26.8,74,3.2
1007.0,26.5,76,3.7
1006.9,26.0,80,3.3
1007.2,25.6,83,1.9
1007.5,25.6,83,1.3
1007.9,25.4,88,0.8
1008.5,25.0,90,1.9
1008.9,25.0,88,1.7
1009.0,24.5,88,1.4
1008.9,24.3,90,1.3
1008.6,23.8,91,1.8
1007.9,23.4,90,2.8
1008.0,23.2,93,1.6
1008.2,22.9,92,1.8
1008.5,22.9,92,1
1009.4,22.6,92,1.2
1009.6,23.0,91,1.7
1010.5,23.8,88,1.7
1010.8,24.3,90,5.8
1011.4,24.7,90,4.8
1012.0,22.9,89,6.9
1012.2,22.3,92,5
1011.9,22.5,89,5.7
1011.3,22.7,88,5.4
1011.2,22.7,87,5.2
1011.2,22.0,93,4.5
1011.5,21.5,94,5
1012.1,21.0,95,4.6
1012.5,20.5,95,6.5
1013.3,20.1,95,6.9
1013.8,19.8,94,5.8
1014.4,19.6,95,6.3
1014.7,19.7,95,5.2
1014.5,19.7,95,4.1
1013.9,19.7,96,4.2
1013.7,19.4,95,7
1012.9,19.4,95,6.6
1012.7,19.5,95,5
1012.8,19.9,92,4.5
1013.4,19.6,93,4.7
1013.9,19.3,95,5.2
1014.4,19.2,95,6.2
1014.7,19.4,96,5.6
1015.7,18.5,94,6.3
1015.8,19.4,92,5.3
1015.4,19.8,86,4.1
1014.9,19.2,90,4.8
1014.4,19.3,92,3.2
1013.6,19.6,90,3.9
1013.2,19.8,93,4.1
1013.0,19.8,93,3.4
1013.0,20.0,94,2.4
1013.1,19.9,93,3.7
1013.3,20.1,94,2.7
1013.4,20.4,93,3
1013.6,20.2,96,2.7
1013.5,20.4,96,2
1012.8,20.9,95,1.9
1012.1,20.8,96,2.4
1011.3,20.8,97,1.7
1010.4,21.2,98,2.2
1010.3,21.4,98,0.2
1010.1,21.2,98,0.4
1010.6,21.2,98,0.2
1010.6,21.1,99,0.3
1010.5,21.5,98,1.3
1010.9,22.3,96,1.3
1011.2,23.3,92,1.2
1010.9,23.8,89,2
1010.5,24.6,85,3.2
1010.3,24.7,83,3.4
1009.8,24.9,84,3
1009.3,23.9,92,3.8
1009.2,23.7,92,3
1008.9,23.2,95,3.5
1009.2,23.3,94,2.2
1009.7,23.2,95,1.2
1009.8,23.0,96,0.7
1010.1,22.9,96,0.4
1010.1,22.9,96,0.1
1010.1,22.8,97,0.9
1010.0,22.8,96,0.1
1009.4,22.7,96,0.8
1008.5,22.7,96,1.1
1007.7,22.3,97,1.6
1007.6,22.2,96,0.1
1007.6,22.3,97,1
1007.9,22.4,96,0.4
1008.4,22.5,96,0.1
1008.7,22.7,94,2.1
1009.1,23.3,90,2
1009.2,23.5,90,2.2
1009.0,23.7,87,3.5
1009.1,23.9,86,3.6
1008.9,24.1,85,4.9
1008.5,23.8,84,5.3
1008.1,24.1,83,4.7
1007.5,23.9,85,3.4
1007.4,23.7,85,2.9
1007.1,23.7,85,2
1007.1,23.6,86,2.1
1007.4,23.3,89,1.9
1007.6,23.3,88,0.5
1007.7,22.9,91,0.5
1007.4,22.9,92,0.3
1006.8,22.5,93,0.7
1006.4,22.1,94,0.2
1005.8,22.0,94,0.6
1005.4,21.8,94,0.8
1005.5,21.6,94,1.4
1005.9,21.4,91,1.3
1006.2,21.3,92,1.6
1006.6,21.6,91,2
1007.0,22.4,88,1
1006.9,23.6,87,0.5
1007.0,23.8,85,3.6
1006.8,24.1,83,5.3
1006.4,24.5,79,4.3
1006.1,24.5,80,4.7
1005.1,24.5,79,3.2
1004.4,25.0,78,3
1004.0,24.8,79,3.5
1004.1,24.5,82,3.1
1004.2,24.5,81,1.5
1004.5,24.3,83,1.5
1005.2,23.9,85,2.5
1005.5,23.6,86,1.6
1005.9,23.8,86,1
1005.6,23.7,87,0.9
1005.0,23.2,88,1.9
1004.8,23.2,86,0.8
1004.0,23.0,88,1.9
1003.8,22.8,87,1.7
1003.8,22.5,88,0.8
1004.1,22.6,88,0.7
1004.6,22.4,89,0.9
1004.9,22.7,89,0.5
1005.0,23.8,86,0.3
1005.5,24.6,85,0.5
1006.0,24.7,86,2.3
1006.3,24.8,86,2.4
1006.4,25.4,84,2.3
1005.6,26.3,79,1.5
1005.0,25.9,83,2.9
1004.7,25.1,86,3.3
1004.7,24.1,85,3
1004.8,22.6,89,0.7
1004.8,22.2,92,0.6
1004.9,21.9,94,0.8
1004.6,22.0,93,0.7
1005.5,22.0,93,1.6
1005.7,22.0,94,1.1
1006.5,21.6,96,1.6
1005.3,21.4,97,0.2
1004.4,21.5,96,0.5
1003.2,21.5,97,0.9
1003.1,21.7,97,1.6
1004.0,21.7,97,0.3
1003.8,21.7,97,1.6
1003.9,21.8,96,0.4
1005.1,21.8,96,3.2
1004.7,21.9,96,1.6
1004.9,22.8,93,0.3
1005.5,23.5,91,2
1006.3,23.6,93,1.5
1005.9,23.7,93,2.9
1005.7,23.8,92,2.9
1004.4,24.1,92,3.2
1003.4,24.8,88,0.4
1003.7,24.9,84,2.1
1004.4,24.6,88,2.3
1004.6,23.9,91,0.9
1005.3,24.1,91,0.8
1006.0,23.9,92,0.6
1006.5,23.7,93,0.6
1007.3,23.6,94,1.5
1007.6,23.5,92,1
1007.4,23.2,92,1.2
1006.8,23.2,92,0.3
1006.6,23.4,92,0.3
1006.6,23.8,91,3.1
1006.3,23.9,91,3
1006.5,23.8,89,2.6
1007.0,23.5,93,0.5
1007.5,23.3,94,0.4
1008.2,24.4,90,0.2
1008.5,24.8,87,1.5
1008.8,24.8,86,3.5
1009.1,25.2,81,3.8
1009.5,25.0,80,3.4
1009.3,25.6,74,3.8
1009.0,25.2,77,4.5
1008.5,26.0,70,3.2
1008.0,26.4,67,2.2
1007.4,25.3,77,4.5
1007.8,24.8,75,2.9
1008.1,24.6,75,2.7
1008.5,24.2,78,2.4
1009.2,23.9,78,2.4
1009.6,24.2,77,2.3
1009.9,24.4,77,2.5
1009.8,24.2,78,2.9
1009.9,24.1,79,1.7
1009.6,24.4,77,1.5
1009.4,23.9,79,0.6
1009.5,23.6,74,2.1
1009.8,23.9,74,1.1
1010.3,24.1,75,1.6
1010.6,24.5,70,1.7
1011.0,25.0,64,2.2
1011.4,25.7,65,3.3
1011.7,26.4,63,3
1011.7,27.5,56,3.8
1011.5,27.6,57,4.6
1011.2,27.8,53,6.1
1011.1,25.9,65,5.6
1010.7,26.8,65,3.3
1010.2,27.3,60,4
1009.7,27.8,54,3.8
1010.1,26.8,59,3.7
1010.6,26.2,64,4.1
1010.9,25.5,69,2.5
1011.5,25.0,70,1.8
1012.1,24.7,71,2.7
1012.3,24.7,71,1.4
1012.2,24.7,70,1.7
1011.8,24.7,69,2.2
1011.3,24.6,69,1.7
1010.7,24.4,72,1.5
1010.5,24.2,71,0.9
1010.2,24.2,72,2.1
1010.4,24.1,72,3
1010.8,24.3,73,0.8
1011.3,25.5,67,2.1
1011.5,26.5,61,2.6
1011.9,26.5,61,3.9
1011.5,27.4,55,4.7
1011.1,27.7,55,3.6
1010.6,28.3,55,5.7
1010.1,28.3,52,5.1
1009.5,28.7,53,2.9
1009.5,27.9,56,4
1009.1,27.4,59,3.6
1009.1,26.9,60,2.7
1009.4,26.0,63,3.6
1009.7,25.5,64,2.8
1010.0,25.2,66,2.7
1010.4,25.3,68,2.5
1010.5,25.3,69,3.1
1010.4,25.1,71,1.8
1009.6,25.0,72,1.2
1008.9,25.1,71,2.7
1008.4,24.8,71,1.7
1008.2,24.5,72,1.4
1008.2,24.4,74,2
1008.6,24.2,75,2.1
1009.0,24.4,75,1.7
1009.6,25.3,71,2.2
1009.6,26.6,65,2.4
1009.6,27.2,60,3.9
1009.2,28.1,58,3.2
1009.0,28.7,55,3.1
1008.1,29.3,53,2.6
1007.6,29.2,55,2.8
1006.8,28.6,57,5.1
1006.6,27.7,60,4
1006.5,26.9,63,4.9
1006.7,27.3,59,2.6
1006.9,26.6,61,3.1
1007.5,25.9,65,2.3
1008.4,25.7,65,1.9
1008.7,25.5,66,1.7
1008.7,25.6,68,1.2
1008.3,25.0,71,0.3
1007.7,24.6,73,0.4
1006.8,24.8,73,0.5
1006.2,24.4,75,0.7
1005.7,24.0,75,0.9
1005.9,22.9,82,2.5
1006.1,22.5,84,1.7
1006.4,22.8,82,2.2
1006.7,24.6,75,1.3
1006.6,27.3,67,2.8
1007.0,26.3,65,3.6
1007.1,26.4,66,2.4
1007.0,26.5,67,1.5
1006.6,26.8,75,2.4
1006.2,27.1,72,3
1005.8,26.9,74,4.1
1005.4,26.8,74,2.8
1005.2,26.2,76,2.6
1005.4,26.1,77,2.4
1005.5,26.1,75,2.1
1005.7,25.6,78,1.6
1006.0,25.5,80,0.2
1006.4,25.1,82,1.6
1006.7,24.8,84,1.3
1006.3,24.6,85,1.8
1006.0,24.4,87,1.7
1005.4,24.2,87,1
1005.1,23.7,89,2
1004.7,23.5,87,1.8
1004.7,23.1,89,2.2
1004.9,23.2,88,2.2
1005.4,23.9,85,1
1005.8,24.9,82,1.9
1005.9,27.0,73,3.9
1006.0,28.6,68,1.8
1006.2,29.8,63,3
1005.9,30.8,57,4.6
1005.7,28.5,68,4.5
1005.1,28.6,67,3.9
1004.8,28.7,67,3.7
1004.8,28.3,71,3.8
1004.6,27.4,77,3.1
1004.6,27.0,81,2.2
1005.2,26.8,81,2.9
1005.7,26.8,82,1.9
1006.2,26.8,83,0.8
1006.7,26.6,85,0.4
1006.8,26.5,85,1.5
1006.6,26.0,86,1.7
1006.6,25.7,87,1.1
,,,
,,,
,,,
,,,
,,,
,,,
,,,
,,,
,,,
,,,
,,,
,,,
,,,
,,,
,,,
,,,
,,,
,,,
,,,
,,,
,,,
,,,
,,,
,,,
,,,
,,,
,,,
,,,
,,,
,,,
,,,
1001.0,21.6,88,5.9
1000.4,21.6,90,4.6
1000.2,21.9,88,4.9
1000.3,22.0,86,4.9
1000.5,21.9,84,5.4
1001.1,22.0,84,7.6
1001.5,22.9,82,7.8
1001.9,23.7,81,9.3
1002.2,24.3,79,9.7
1002.5,24.7,77,6.8
1002.8,25.3,80,5.5
1002.3,25.6,80,5.4
1001.7,25.1,81,4.4
1001.3,25.1,80,4.9
1001.2,25.9,77,5.9
1001.1,25.2,80,5.3
1000.9,24.0,83,4.2
1001.2,23.7,85,4.6
1001.6,23.5,88,3.5
1001.9,23.5,88,4.3
1002.9,23.6,88,3.9
1003.0,23.5,86,4.8
1002.9,23.5,84,5.5
1003.0,23.5,81,6.4
1003.0,23.5,81,5.3
1002.6,23.3,84,5
1002.5,23.5,83,5.3
1002.3,23.5,82,5.5
1002.8,23.4,77,6.6
1002.9,21.9,92,9.5
1003.6,21.8,90,9.4
1004.2,22.2,86,9.5
1004.3,22.6,84,10.2
1004.2,23.1,82,11.5
1003.5,23.6,80,11.6
1003.1,24.2,79,10.1
1002.4,24.1,80,9.5
1001.7,23.9,84,9.2
1000.8,24.0,80,10
1000.6,23.9,82,10.9
1000.8,23.8,83,8.3
1000.6,23.6,83,8.5
1000.6,23.6,84,9.5
1000.9,23.5,86,8.6
1001.1,23.6,85,8.8
1001.5,22.8,90,12.1
1001.2,22.5,91,11.5
1000.4,22.6,93,12.5
999.7,22.2,93,12.4
998.6,22.3,92,12.9
998.4,22.4,92,11.8
997.9,22.6,92,12.1
997.8,22.3,94,11.4
998.0,22.4,94,11.4
998.4,22.8,94,10.3
998.4,23.5,91,11.5
998.6,25.3,82,9.9
998.4,26.2,80,9.6
997.9,25.8,81,8.7
997.4,26.3,81,9.5
996.3,26.1,82,10.1
995.7,26.1,82,9.2
995.3,25.2,84,8.6
995.1,24.8,87,8.4
995.1,24.4,89,7.8
995.8,23.9,92,6.7
996.0,23.8,93,5.9
996.3,24.1,91,4.4
996.5,24.4,92,4.8
996.5,24.2,94,3.9
996.1,23.9,96,4.7
995.9,24.2,97,5.3
995.6,23.9,89,7.3
994.4,24.1,87,4.3
994.1,23.6,90,5.8
994.1,23.8,89,8.6
993.6,23.8,97,12.1
993.6,23.6,97,12.2
994.3,24.2,96,10.7
994.7,24.8,87,13.4
994.8,26.6,75,12.9
995.4,24.6,83,12.1
995.8,24.5,87,10.4
996.2,20.8,94,7.9
995.9,20.6,93,8.2
995.5,20.6,90,7.6
994.6,20.3,90,11.2
995.7,19.8,92,8.3
996.3,19.9,88,10.3
997.3,20.3,86,6.8
997.6,20.0,85,7.3
998.8,19.4,92,7.4
1000.2,19.2,93,6.1
1001.0,19.2,92,6.1
1000.5,19.3,95,5.6
1000.5,18.9,92,4.7
999.1,19.1,92,7.3
998.9,19.1,91,6.6
999.7,19.0,93,6.5
999.7,18.5,94,4.9
1000.6,18.7,90,6.1
1001.3,18.7,91,6.1
1001.8,18.4,92,5.7
1002.7,18.6,90,6.1
1003.4,17.9,92,4.9
1003.2,18.2,91,7.2
1003.1,19.0,85,6.2
1002.9,19.7,80,5.8
1002.6,19.7,78,4.7
1002.4,19.5,77,4.7
1002.0,19.3,75,4.2
1002.2,19.4,73,4.6
1002.5,19.3,74,4.6
1003.2,19.2,75,4.6
1004.1,19.2,78,4.4
1004.4,19.5,75,4.8
1005.3,19.5,69,3.9
1005.9,19.6,73,3.5
1005.9,19.5,79,3.6
1005.0,19.2,81,4
1003.8,19.5,77,5.3
1003.8,18.8,80,4.4
1003.6,18.9,82,3.5
1003.2,19.7,77,4
1003.9,19.9,71,3.7
1004.4,20.4,72,4.7
1004.9,19.4,89,3.7
1005.6,19.4,87,4.4
1006.0,18.2,94,4.5
1005.8,18.1,97,5.1
1006.0,18.0,96,4.2
1005.3,17.8,90,4.8
1004.6,17.9,89,3.9
1004.0,17.9,93,4.1
1003.4,18.4,82,4.4
1003.0,19.4,81,5.5
1003.2,19.7,78,5.1
1003.7,19.7,71,3.3
1004.1,19.4,81,5.7
1004.3,19.5,81,4.2
1004.6,19.9,79,4.6
1004.5,20.0,73,5.1
1003.6,20.0,73,4.4
1003.2,19.5,87,3.6
1003.0,18.5,88,2.6
1002.5,18.4,89,2.4
1002.1,18.5,88,2.4
1002.2,19.5,70,4.2
1002.3,19.6,70,4.4
1002.8,19.8,70,4.2
1003.2,20.8,68,3.2
1003.6,21.6,67,3.2
1003.9,22.9,66,3.6
1004.2,23.4,66,3.7
1003.6,23.2,66,2.5
1003.3,23.1,65,1.7
1002.7,23.1,67,2.5
1001.8,22.8,65,2.6
1001.4,23.2,65,2.7
1000.8,22.7,65,3.8
1001.2,22.2,68,3.4
1001.8,21.9,67,3.9
1002.2,21.6,68,4.9
1002.4,21.7,68,3.2
1002.1,21.7,75,4.6
1002.7,21.9,77,4.4
1002.1,22.0,76,4.8
1002.3,21.9,78,7.6
1001.7,21.8,80,6.4
1001.4,21.7,81,6
1001.4,21.7,82,6.5
1001.5,21.8,82,6.4
1001.3,21.9,83,4.9
1002.0,22.1,82,6.5
1002.7,22.8,80,6.5
1002.8,23.3,80,8.8
1003.2,24.3,80,7.4
1003.5,25.5,77,6.7
1003.1,26.0,73,7.2
1002.4,25.9,75,7.2
1002.0,25.8,74,5.3
1001.3,25.9,73,6.1
1000.7,25.1,76,4.9
1000.2,23.6,83,6.3
1000.4,23.4,82,7
1001.2,23.1,82,8.1
1001.5,23.0,84,7.5
1002.0,22.7,87,7.6
1002.5,22.8,87,7
1002.8,22.8,88,7.7
1002.3,22.5,89,7.4
1001.6,22.4,88,8.3
1001.4,22.4,87,9.4
1000.8,22.3,87,9.3
1000.6,22.6,84,10
1000.3,22.4,87,9.4
1000.6,22.6,85,9.3
1000.8,23.0,83,10
1001.3,23.9,77,11.3
1001.6,24.6,76,11.1
1002.0,25.1,78,9.1
1002.0,25.7,77,7.8
1001.8,25.1,79,6.9
1001.8,26.5,75,6.3
1001.0,26.8,74,7.1
1000.5,26.3,74,7
999.9,25.7,76,6.7
999.9,25.5,76,5.9
999.7,23.5,85,7.1
1000.3,23.4,85,8.6
1000.9,23.5,84,9.2
1001.3,23.6,82,9.8
1001.9,23.6,84,8.8
1002.0,23.6,84,8.3
1001.7,23.9,81,7.3
1001.1,23.4,88,10.1
1000.7,23.2,86,9.8
999.6,23.2,88,9
998.9,23.1,90,7.5
998.8,22.9,92,7.9
998.9,22.8,93,8.3
999.3,22.7,95,7
999.8,23.1,95,9.4
1000.1,24.1,91,8.5
999.8,24.9,91,7.8
1000.0,25.7,87,8.4
999.8,26.2,87,8
999.2,26.3,86,7.8
998.5,26.1,86,8
997.6,25.1,88,7.3
997.4,25.2,89,6.6
997.1,26.2,86,3.7
997.8,22.4,93,10
999.3,21.6,93,10.4
999.7,21.6,93,10.6
1000.7,21.1,93,11.1
1001.4,20.5,92,10.7
1002.1,19.8,92,12.7
1002.1,19.4,92,11.6
1001.8,19.1,90,12.1
1001.8,19.4,90,10.8
1001.7,19.1,90,9.9
1001.5,19.1,90,9.4
1001.6,18.6,90,9.4
1002.0,19.0,86,7
1002.0,19.1,89,7.3
1003.0,18.7,89,6.6
1003.7,19.0,89,8.6
1004.6,17.9,93,10.9
1004.5,17.9,95,9.3
1004.0,17.8,94,9.4
1004.2,17.8,92,9.4
1003.9,17.4,95,8
1003.5,17.3,95,8.4
1003.4,17.3,95,6
1003.3,17.5,92,9.3
1003.8,17.9,89,8.8
1004.4,17.6,88,8.2
1004.8,17.7,89,7.3
1005.1,17.8,88,5.4
1005.5,18.6,82,5.7
1005.7,18.5,81,6.6
1005.6,18.4,79,5.4
1005.5,18.2,77,7
1005.3,18.1,73,6
1004.7,17.9,75,4.9
1004.6,17.9,75,5.4
1004.8,17.7,72,5.1
1004.7,17.5,73,6.4
1005.2,17.9,71,6.5
1005.6,18.4,69,7.3
1006.2,18.8,67,7
1006.4,19.1,68,8.5
1006.2,19.9,65,8.6
1006.1,20.7,65,7.8
1005.7,20.7,64,7.1
1005.1,20.9,63,6.3
1004.5,21.1,63,6.7
1003.9,21.0,63,6.5
1003.5,20.8,62,7.7
1003.5,20.7,64,6
1003.8,20.9,63,6.3
1003.5,21.0,64,8.2
1003.7,21.2,64,9
1003.8,21.4,65,11.2
1004.1,21.7,65,8.6
1003.7,21.8,68,8.2
1003.3,22.0,71,6.4
1002.5,22.0,77,5.2
1001.7,21.9,77,5.3
1001.3,21.9,81,7
1001.0,21.9,81,8.4
1001.2,22.0,81,10.1
1001.2,22.2,82,11
1001.5,22.5,85,10.2
1001.8,22.5,87,11.4
1001.9,23.0,86,8.4
1001.5,24.5,81,10.5
1001.3,24.0,84,9.2
1000.7,24.1,84,10
1000.2,24.1,84,8.3
999.4,25.3,82,7.5
998.9,24.7,84,7.6
998.6,24.4,87,7.6
998.2,23.9,89,8.4
998.4,23.6,89,7.4
998.8,23.4,91,7.6
999.3,23.4,92,7.6
999.4,23.3,93,8.9
999.4,23.2,94,8.3
999.1,23.5,93,9.9
998.7,23.4,95,8.7
998.2,23.1,95,7.3
997.5,23.2,93,6.7
996.9,22.8,95,5.6
996.7,22.4,94,3.3
996.6,22.6,94,4.2
997.0,23.3,90,3.9
997.5,24.4,89,5.9
998.0,25.6,82,5.8
998.6,27.3,77,6.3
998.9,27.5,75,5.9
998.6,28.9,74,6.3
998.7,27.9,83,8.4
998.4,27.3,86,8.8
997.7,25.3,92,11.9
997.8,24.6,95,8.9
997.3,26.2,87,7.7
997.9,24.9,91,6.3
998.7,23.7,91,3.9
999.0,22.7,94,9.8
1000.3,22.6,94,5.9
1001.1,21.7,92,8.5
1001.9,21.3,79,9.7
1002.4,21.2,78,10.2
1002.6,21.3,79,10.6
1003.0,20.9,81,9.6
1003.1,21.2,76,7.1
1003.1,20.7,76,7.6
1003.6,20.1,79,9.6
1004.8,20.0,80,8.8
1006.1,19.9,77,8.3
1006.8,20.3,81,7.1
1006.7,20.6,79,7.7
1006.9,21.0,76,8.3
1007.2,20.8,74,7
1007.3,20.5,78,7.2
1006.6,21.0,69,7.2
1006.2,21.1,56,7.4
1005.6,21.6,51,7.9
1005.5,21.6,59,6.9
1005.6,20.5,61,8
1006.0,20.4,67,8.9
1006.4,20.4,53,9.7
1006.9,20.4,60,10
1007.5,20.0,68,8.6
1007.3,19.7,76,6.5
1006.9,20.4,73,6.4
1006.6,20.2,73,7.3
1005.7,20.0,73,8.1
1004.9,20.0,76,6.9
1004.2,20.3,75,6.9
1003.8,20.5,72,6.3
1003.7,20.6,70,4.8
1003.8,19.9,70,5.1
1004.5,17.9,89,4.2
1004.9,17.7,94,5.7
1004.8,18.3,94,7.4
1005.2,19.1,92,6.8
1005.4,18.9,96,6
1004.9,19.0,93,7.6
1004.1,20.0,96,6.5
1003.4,19.6,97,11
1002.7,19.6,97,10.4
1002.4,19.3,97,10.3
1002.5,19.2,97,9.2
1001.9,19.5,98,9.8
1002.6,19.7,96,8.9
1002.5,19.9,97,7.8
1002.3,20.4,96,8.6
1003.1,20.6,97,5.3
1003.2,20.7,97,7
1002.4,20.9,97,7.3
1001.7,20.8,95,7.6
1001.0,20.9,96,6.9
1000.7,21.0,96,6.4
1000.2,21.3,95,6.7
1000.2,21.7,96,5.4
1000.6,20.3,98,7.6
1001.4,20.4,98,5.6
1001.9,20.6,98,5
1001.9,20.7,97,5.2
1002.3,20.8,96,5.6
1002.5,21.3,94,4.8
1002.8,21.5,96,4
1002.7,21.9,96,2.9
1001.9,23.4,93,5.2
1001.5,23.6,90,6.1
1001.2,23.3,89,6.5
1001.0,22.5,89,6.1
1000.8,22.6,88,6
1000.8,22.3,91,6.2
1001.0,22.4,91,5.6
1001.7,23.0,90,6
1001.9,23.2,91,4.6
1002.0,23.3,92,3.8
1001.8,23.2,93,4.9
1001.2,23.2,92,5.1
1000.7,23.1,92,5.2
1000.2,23.0,93,5.5
999.9,23.2,91,5.3
999.9,23.1,94,4.4
1000.2,23.0,95,3.9
1000.5,22.9,96,3.3
1001.3,24.2,91,3.5
1001.6,25.3,87,3.3
1001.5,25.4,84,3.1
1001.3,26.0,86,3.1
1001.0,26.2,85,2.8
1000.6,26.4,83,2.7
999.9,26.7,83,2.6
999.5,25.5,84,2
999.0,27.1,76,2.5
998.7,26.6,77,2.1
998.9,25.2,84,2.3
999.4,24.1,89,1.5
999.6,23.2,92,2.7
1000.2,23.8,92,4.3
1000.8,23.8,92,3.5
1001.0,23.6,92,4
1000.8,23.7,95,3.5
1000.4,24.3,92,5.4
999.8,24.3,92,5.2
999.6,24.2,92,4.6
999.8,23.9,94,3.4
999.9,23.6,95,1.9
1000.8,24.0,93,2.6
1001.0,23.6,97,4.3
1001.8,23.5,96,5.9
1002.3,22.0,95,8.2
1002.9,22.4,89,9.4
1003.3,21.7,91,7.5
1003.3,21.7,90,8.5
1003.1,22.0,89,8.1
1002.7,22.1,85,10.3
1002.4,21.8,86,10.2
1002.3,21.7,84,9.5
1002.7,20.9,88,9.7
1003.3,20.1,89,8.1
1003.7,19.3,93,8.3
1004.1,19.4,91,9.2
1004.6,19.5,89,9.8
1005.4,19.4,90,8.5
1005.4,19.3,88,10.1
1005.4,19.7,90,8.2
1005.2,19.6,94,6.4
1004.6,19.4,90,6.6
1004.3,19.5,88,7.6
1003.9,19.4,86,8.1
1004.1,19.4,87,7.7
1004.3,19.1,88,8.9
1005.0,19.3,86,9.7
1005.4,18.7,91,10
1006.0,18.9,84,9.7
1006.6,19.3,86,9.6
1006.8,18.4,91,10.5
1006.4,18.9,85,9.8
1006.0,18.9,90,10.4
1005.6,18.8,91,8.6
1004.8,18.9,93,8.9
1004.5,18.8,95,9.7
1004.6,19.0,92,9.1
1004.5,18.9,94,8.4
1004.4,19.5,95,9.7
1004.8,19.3,94,9.7
1005.1,19.5,95,8.9
1005.3,19.5,96,8.8
1005.1,19.9,96,8.1
1004.5,19.9,96,7
1004.0,20.2,95,6.5
1003.0,20.3,97,6.6
1002.5,20.6,97,5.6
1002.3,20.6,98,5.2
1002.3,20.7,98,4.9
1002.4,20.5,98,4.2
1002.5,20.8,98,4.7
1002.9,21.2,98,4.1
1002.8,21.1,98,6.2
1003.3,21.3,99,3.4
1003.0,21.9,99,3
1002.8,21.9,99,3.3
1002.4,21.8,99,2.7
1001.9,21.8,99,3.4
1001.3,22.3,99,2.5
1001.0,21.9,98,2.3
1000.7,22.1,98,2.7
1000.7,22.3,96,2.8
1001.4,22.2,97,3
1001.5,22.0,98,2.9
1001.4,22.0,97,2.7
1001.6,21.9,98,2.6
1001.7,22.2,96,2.4
1001.4,22.3,97,2.2
1000.8,21.9,97,1.6
1000.0,21.8,98,1.7
999.2,21.7,99,2.7
999.0,21.7,99,4
998.9,21.8,99,4.1
999.3,21.8,99,5.3
999.8,21.9,99,6.9
1000.0,21.4,99,7.8
1000.3,21.3,99,7.9
1000.3,21.7,99,8
1000.6,22.1,99,8.8
1000.6,22.7,95,7.9
1000.5,22.8,94,6
1000.0,23.5,93,5.7
999.4,23.9,89,5.5
999.2,23.9,87,4.7
998.7,23.2,91,3.9
998.4,22.7,94,2.5
998.7,22.2,95,2.9
999.1,21.6,96,3
999.1,21.5,97,2.5
999.1,21.2,97,2.1
999.2,21.3,98,2.3
998.5,21.2,98,2.1
998.2,21.4,98,3.9
997.6,21.5,98,3.6
996.8,21.5,98,3.5
996.9,21.6,98,6.3
997.1,21.7,97,7.4
997.5,21.7,96,7.5
998.2,21.5,94,6.8
998.3,22.1,95,5.2
998.4,23.4,89,5.6
998.5,24.0,87,5.6
998.3,24.6,83,6.7
997.9,24.8,85,5.4
997.5,25.1,81,4.1
996.8,24.4,82,4.6
996.1,24.3,83,4.7
996.0,24.7,84,4.4
995.7,23.7,87,4.9
995.7,22.9,88,4.3
996.1,22.7,91,2.7
996.6,22.5,93,2.4
996.8,22.9,93,2.7
997.3,23.2,91,1.6
997.3,22.3,96,1.4
996.9,22.4,97,1.5
996.6,22.6,98,2.3
995.9,22.4,98,3.2
995.5,22.4,98,3.1
995.5,22.4,98,3.5
995.7,22.5,98,3.8
996.3,22.5,97,4
996.5,23.0,95,2.5
996.7,24.1,93,2.5
997.3,24.4,92,2.4
997.7,25.0,87,3.3
998.0,25.5,87,3.8
997.8,26.2,85,3.4
997.4,26.7,83,2.6
996.8,25.6,91,2
996.5,24.6,91,3.4
996.1,23.8,95,3.5
995.7,23.4,96,2.5
995.5,23.7,94,3.4
995.9,22.2,97,5
996.4,21.9,93,4.7
996.8,21.3,89,4.7
997.8,20.7,88,5.5
997.9,19.9,88,4.7
997.4,20.3,91,4.7
996.2,21.0,93,6.8
994.9,20.7,92,9.2
995.7,20.9,88,5.2
995.7,20.4,91,5.5
995.9,20.8,96,7.4
995.5,21.2,97,6.4
996.3,21.1,96,6.5
996.9,21.5,97,8.2
996.9,21.2,96,6.6
997.8,21.6,94,8.8
997.7,21.5,94,10.2
997.8,22.0,95,7.7
997.3,22.2,96,7.1
996.7,22.9,93,6.5
996.4,22.7,93,6.4
996.2,23.2,93,3
996.1,23.4,92,3.3
996.6,23.2,94,2.5
997.2,23.0,96,2.7
997.7,22.8,96,1.9
998.5,22.6,97,2.2
998.8,22.5,97,3.1
999.4,22.5,97,2.8
999.1,22.8,95,3.9
998.7,22.7,96,4.1
998.2,22.8,94,3.6
998.0,23.1,94,2.7
997.9,22.8,96,3.3
998.1,22.9,96,3.8
998.5,23.2,94,5.3
999.3,22.4,94,6.7
999.8,22.1,92,7.9
1000.6,22.7,90,7.6
1001.0,22.9,88,10.7
1001.0,22.7,91,13.2
1001.3,22.3,92,10.3
1001.4,23.6,84,9.3
1001.1,23.5,82,6.6
1000.5,24.3,74,7.1
1000.0,24.4,78,9.5
999.6,24.2,78,6.8
999.8,24.6,74,7.4
1000.3,24.1,76,9.2
1000.7,23.7,78,8.8
1001.1,23.8,75,8.1
1001.5,23.8,76,7.1
1001.9,23.9,73,8.6
1001.9,23.9,75,7.9
1001.8,23.8,78,6.3
1001.5,23.3,83,8.8
1001.3,23.3,79,7.1
1001.3,23.5,72,10.7
1001.5,23.4,76,7.6
1002.0,23.5,77,6.1
1002.5,23.9,76,6.9
1002.8,24.2,75,7.3
1003.2,24.6,75,6.6
1003.6,25.2,73,7
1003.8,25.4,72,7.8
1003.8,25.5,72,8.9
1003.4,25.9,71,9
1003.0,25.7,73,7.7
1002.8,25.8,72,7
1002.5,25.2,73,7
1002.0,23.9,78,12.4
1002.0,24.5,78,7.3
1002.8,24.2,75,9.8
1003.1,23.8,80,9
1003.5,24.2,77,8.7
1004.4,22.8,84,4.6
1004.4,24.1,75,9.5
1004.0,24.0,73,9.4
1003.7,23.9,76,8.3
1003.2,23.8,77,8.9
1002.7,23.7,77,8.5
1002.5,23.6,77,8.1
1002.3,23.8,75,8.6
1002.4,23.8,76,8.7
1002.8,24.1,74,8.9
1003.2,24.4,77,10.3
1003.7,25.0,72,10.4
1003.8,25.4,71,8.8
1003.7,25.8,71,9.3
1003.3,25.4,72,8.1
1003.0,25.9,70,9.3
1002.6,25.1,71,6.3
1002.1,25.5,71,6.9
1001.7,25.6,68,7.1
1001.5,25.4,66,5.6
1001.4,25.1,67,5.3
1001.5,24.7,67,6.4
1001.6,24.5,71,6.2
1002.1,24.6,70,7.6
1002.4,24.6,71,8
1002.5,24.5,73,9.3
1002.5,24.4,73,8.8
1001.6,24.4,71,8.7
1000.8,24.2,74,10.3
1000.6,24.1,73,9.5
1000.4,24.0,73,9.3
1000.3,24.0,69,9.2
1000.6,24.2,67,9.4
1000.8,24.2,69,9.4
1001.4,24.9,69,8.1
1001.8,25.2,67,7.5
1001.9,25.8,69,5.8
1001.7,25.8,68,7.2
1001.6,26.1,66,5.9
1001.1,26.3,69,3.1
1000.5,26.3,67,5.7
1000.0,26.0,67,6
999.4,26.1,69,3.9
999.2,25.8,67,4.7
999.1,25.0,71,5.6
999.3,24.6,70,5.1
999.6,24.5,73,5.5
1000.3,24.6,75,5.3
1000.7,24.5,75,4.9
1000.7,24.6,80,5.5
1000.3,24.4,82,5
999.9,24.2,82,6.4
999.0,24.2,82,7
998.5,24.0,82,5.8
997.9,24.1,82,6.5
997.9,24.1,84,6.1
998.1,23.4,89,5.5
998.3,23.8,89,5.9
998.7,24.5,84,6.5
998.7,25.2,81,6.9
999.1,25.6,80,5.6
999.0,26.5,76,4.1
998.7,27.3,74,5.3
998.4,27.3,74,5.3
998.1,27.8,74,4.8
997.6,27.8,74,4.3
997.3,27.5,74,3.9
997.0,26.5,78,3.9
997.1,25.6,83,3.7
997.3,24.5,88,4.5
997.4,24.2,88,5.3
997.8,23.6,90,3.3
998.2,23.4,92,3.9
998.4,23.9,90,5.3
998.0,23.9,92,7.4
997.5,24.0,89,8.9
996.9,23.6,92,8.4
996.8,23.6,91,8.6
996.3,23.5,93,8.2
996.1,23.7,93,8.4
996.4,23.8,93,8.1
996.9,24.1,90,6.4
997.4,24.9,88,5
997.7,26.1,82,5.1
998.0,27.5,79,5.3
998.1,28.3,77,4.9
998.2,29.0,74,5
997.8,28.1,75,3.9
997.3,28.4,76,5.5
997.0,28.1,80,5.1
997.0,28.3,81,5.7
996.7,27.5,83,5.7
996.8,25.9,89,4.9
997.2,25.4,91,3.6
997.6,25.1,91,2.9
998.3,25.2,90,3.7
998.2,24.9,92,6.4
998.5,24.5,94,7.4
998.5,24.7,93,8.4
998.3,24.4,93,6.2
,,,
,,,
,,,
,,,
,,,
,,,
,,,
,,,
,,,
,,,
,,,
,,,
,,,
,,,
,,,
,,,
,,,
,,,
,,,
,,,
,,,
,,,
,,,
,,,
,,,
,,,
,,,
,,,
,,,
,,,
,,,
1010.8,23.0,90,2
1010.4,22.7,90,2.3
1010.1,22.4,86,3
1009.9,21.9,85,2.8
1010.0,22.0,89,3.1
1011.0,22.5,79,2.3
1011.8,22.9,79,1.7
1012.5,25.0,74,2.2
1012.7,26.4,72,1.6
1012.5,27.2,74,2.5
1012.1,27.9,71,3.4
1011.8,28.6,69,2.9
1011.1,27.9,69,4.6
1010.9,27.8,69,3.7
1010.7,27.5,72,3.2
1010.6,26.6,74,3.4
1010.5,26.2,75,3.6
1011.0,25.8,75,2.1
1011.4,25.7,75,1.7
1012.1,25.2,81,1.6
1012.9,25.0,82,1.6
1013.3,24.2,90,1.5
1013.4,24.3,92,0.8
1013.2,23.7,95,1.8
1012.7,23.4,95,2.1
1012.2,23.4,96,3.5
1012.1,22.3,93,5.7
1012.0,21.8,96,4.7
1012.2,21.8,93,4.5
1012.6,22.1,92,2.9
1013.3,22.4,91,3.5
1013.8,23.5,88,3.3
1014.1,23.1,88,3.8
1014.2,24.0,80,0.9
1013.7,24.4,80,2.8
1013.0,24.9,79,4
1012.4,23.7,87,3.2
1011.7,24.1,84,2.2
1011.4,23.5,91,3.3
1011.0,22.4,93,2.7
1011.0,22.8,92,1.7
1011.3,22.6,93,2.2
1011.4,22.4,95,1.5
1012.0,22.5,92,0.1
1012.3,22.4,94,1.7
1012.6,22.3,95,3
1012.5,22.4,96,2.8
1011.5,22.2,96,1.7
1010.8,21.9,96,3.4
1009.8,21.5,96,3.7
1009.1,21.6,94,4
1008.5,21.5,94,3
1008.5,21.2,94,4.1
1008.8,21.6,91,4.8
1009.2,22.5,89,3.3
1009.4,23.6,84,3.7
1009.1,25.6,77,3.8
1008.8,27.4,76,3.2
1007.9,28.2,75,6.3
1006.9,28.1,75,8.3
1006.1,27.0,81,8.4
1005.3,27.5,79,8.7
1004.7,27.0,84,8
1004.7,26.9,83,7
1004.8,26.6,85,6.2
1005.0,26.4,89,4.3
1005.1,26.2,88,1.7
1005.3,26.0,90,0.9
1005.5,25.9,87,2.2
1005.5,25.3,86,1.8
1005.5,24.8,90,1.9
1004.8,24.9,85,1.3
1004.6,24.4,88,0.3
1003.8,24.1,86,0.4
1003.4,24.0,86,0.6
1003.3,23.4,83,1.7
1003.5,24.1,81,2.5
1003.5,23.1,85,3
1003.7,24.0,80,1.4
1004.1,26.5,75,1.6
1004.2,28.1,74,1.9
1003.8,29.3,71,2.7
1003.6,29.3,71,3.2
1003.4,30.4,67,4
1003.0,29.7,69,5.2
1002.9,30.0,68,6.2
1003.2,29.6,71,5.3
1003.6,28.3,79,6.7
1004.8,25.7,83,6.1
1005.3,25.2,82,6.1
1005.9,24.9,81,5.8
1007.1,24.6,81,5.2
1008.3,24.2,79,5
1009.1,23.8,79,5.4
1009.1,23.7,81,4.4
1008.8,23.4,80,5.1
1008.6,23.4,79,5
1008.3,23.4,77,3.6
1008.3,22.6,81,2.9
1008.5,22.9,80,1.6
1009.4,22.7,82,1.4
1010.0,23.1,80,1.6
1010.6,22.7,87,1.9
1011.2,23.3,83,1.7
1011.4,23.7,82,1.3
1011.4,23.8,80,4.5
1011.2,23.6,81,3.7
1011.3,23.6,79,5
1011.3,22.7,86,4.5
1010.6,21.7,91,5.5
1010.6,21.5,90,5.4
1011.1,21.2,88,5.4
1011.4,21.2,88,5
1012.2,20.5,92,4.3
1012.5,20.4,91,2.8
1013.5,20.8,89,2.8
1014.3,20.8,88,2.7
1014.9,21.2,84,2.4
1014.6,21.3,83,3.4
1014.1,20.8,90,1.9
1014.0,20.5,89,0.7
1013.1,20.3,91,1.5
1012.7,20.3,87,1.5
1012.8,20.5,87,1.7
1013.1,20.4,89,1.6
1014.3,20.2,88,2.5
1014.5,20.0,92,1.4
1014.9,19.8,92,1.7
1015.1,19.9,94,1.6
1015.3,20.1,97,0.5
1014.9,20.3,97,0.8
1014.0,20.1,96,0.5
1013.4,20.4,96,1.3
1012.6,20.6,95,1.5
1012.0,21.4,93,1.1
1011.9,21.5,90,2
1012.3,21.0,94,2.7
1012.8,20.6,96,1.7
1013.0,20.7,95,2.6
1013.3,21.0,94,2.3
1013.8,20.7,97,1.4
1013.7,20.7,98,1.5
1012.9,20.6,98,2.8
1012.3,20.6,98,2.2
1011.7,20.6,98,1.2
1011.2,20.5,98,2.1
1010.7,20.5,99,1.7
1010.7,20.5,99,1.7
1011.1,20.5,98,2.1
1011.6,20.8,98,1.9
1012.3,21.0,97,1.4
1012.7,21.8,95,1.5
1012.9,23.3,80,2.7
1013.1,25.1,68,4.2
1012.9,25.5,63,4.6
1012.6,25.4,65,4.1
1012.0,25.9,61,4.2
1011.3,25.1,62,3.6
1010.9,25.0,61,3.4
1010.6,24.7,61,2.3
1011.0,24.5,61,2.3
1011.7,24.2,63,1.7
1012.2,23.4,70,2.4
1012.9,22.8,76,3.2
1012.9,22.6,78,3.5
1013.0,22.1,82,4.2
1012.8,22.0,81,3.9
1012.4,21.4,83,5.1
1012.3,21.2,85,4.7
1011.8,21.5,82,3.3
1011.8,21.1,75,3.4
1011.7,21.0,76,4.2
1011.9,20.4,79,5.3
1012.1,20.6,80,5.1
1013.0,21.9,78,5.1
1013.1,24.5,66,4.1
1013.3,26.1,63,2.3
1013.1,27.2,66,3.8
1012.8,27.1,68,4.4
1012.2,27.6,65,3.8
1011.3,27.9,64,3.9
1010.8,26.8,65,3.4
1010.5,26.5,66,3.6
1010.4,26.1,67,2.9
1010.4,26.0,69,4.2
1010.8,25.7,70,4.4
1011.2,25.2,73,4
1011.9,24.6,76,2.7
1012.3,25.0,73,1.4
1012.4,24.7,75,2.2
1012.4,24.6,76,2.4
1011.8,24.0,79,2.8
1011.5,24.0,79,2.7
1011.1,23.6,79,2.4
1010.7,23.2,80,3.3
1010.4,23.2,74,3.4
1010.5,22.7,70,4.3
1011.1,22.7,71,4.5
1011.8,23.4,77,3.9
1012.0,25.0,69,3.5
1012.0,26.6,68,3.1
1011.9,28.1,65,3.5
1011.5,28.2,66,4.1
1011.3,28.2,66,4.4
1010.6,27.6,68,4.6
1010.0,26.7,71,3.9
1009.6,26.3,73,4.1
1009.6,26.0,75,4
1009.8,23.9,88,4.1
1010.2,24.0,90,2.9
1010.8,23.6,90,2.3
1011.2,23.9,88,1.4
1011.6,23.7,90,2.5
1012.1,23.6,91,2
1012.2,23.6,90,2.9
1011.4,23.5,91,2.7
1010.9,23.4,91,3.2
1009.7,22.8,93,2.9
1009.1,22.7,93,2.3
1009.0,22.5,93,2.6
1009.3,22.1,94,3.6
1009.7,22.1,94,3.9
1010.0,23.3,88,4.7
1010.1,25.7,79,3.3
1010.2,27.2,73,3.9
1010.1,27.7,73,3.4
1009.8,28.4,74,5
1009.1,27.9,74,5.4
1008.2,29.4,72,5.9
1007.4,28.1,79,4.8
1006.9,27.3,83,6.2
1006.1,27.4,85,5.5
1006.0,28.2,79,1.5
1006.5,27.4,81,1.7
1007.2,26.8,85,3.5
1008.1,26.9,81,4.2
1008.4,26.9,80,4.1
1009.0,26.0,89,3.4
1009.8,25.7,87,5.8
1009.7,25.3,86,5.2
1009.9,24.6,85,5.7
1009.5,24.2,84,5.6
1009.3,23.7,87,5.7
1009.5,23.4,86,5.2
1009.7,23.4,84,5.7
1010.3,23.3,84,5.5
1011.2,22.6,89,4.9
1012.0,22.7,87,5.2
1012.7,22.4,89,4.3
1012.5,22.3,89,4.3
1012.3,21.8,93,3.9
1012.0,22.4,88,3.6
1011.6,21.8,92,4
1011.4,21.5,92,5.2
1011.4,21.1,92,5.4
1011.4,21.0,91,4.8
1011.8,20.8,90,5.3
1012.5,20.7,89,3.9
1013.1,20.8,89,3.5
1013.8,20.5,92,3
1014.6,20.1,93,3
1014.9,20.3,94,1.6
1014.8,20.5,93,1.6
1014.4,20.0,95,2.7
1014.2,20.1,93,1.2
1013.4,20.1,90,2.4
1013.2,20.4,89,2.8
1013.4,20.4,91,1.4
1013.8,20.7,87,2.5
1014.1,20.1,90,2.2
1014.9,20.4,90,2.8
1015.3,20.5,91,2.7
1015.6,21.4,86,2.6
1015.6,22.5,80,1.8
1015.3,23.3,73,3.6
1015.1,23.1,73,3.1
1014.5,23.0,75,2.8
1013.8,22.7,77,2.5
1013.4,22.0,81,2.4
1013.2,21.8,87,2.2
1013.2,20.8,94,1.4
1013.3,20.4,96,1.7
1013.8,20.6,95,1.9
1014.2,21.1,91,2.4
1014.7,20.7,94,1.4
1014.8,20.6,95,1.1
1014.3,20.7,94,1.6
1013.7,20.7,94,2.1
1013.3,20.8,95,2.4
1012.5,20.7,96,2.6
1011.9,20.8,95,2.6
1011.8,20.8,95,3.2
1012.3,20.7,96,2.7
1012.3,20.7,97,1.6
1012.5,21.1,96,2.9
1012.4,22.1,91,2.8
1012.3,24.5,82,2.3
1012.1,25.9,74,2.6
1011.8,26.0,75,2.3
1011.2,25.1,77,4.1
1010.5,25.2,80,4.2
1009.6,25.1,82,3.2
1008.9,25.0,84,3.8
1008.6,25.1,84,3
1008.6,25.2,82,3.9
1008.7,24.8,83,1.6
1009.1,24.9,83,1.7
1009.7,24.8,83,1.5
1010.0,24.5,83,1.1
1010.2,24.1,88,1.8
1009.6,23.8,89,3.4
1009.0,23.2,92,3.5
1008.6,22.7,94,3
1007.7,22.6,93,3.7
1007.2,22.2,94,4.7
1007.1,21.9,95,3.2
1007.0,22.1,93,3.3
1007.3,22.2,94,3.9
1007.6,24.4,85,3.5
1007.7,26.2,76,3.1
1008.0,28.0,72,3.8
1008.3,29.2,73,3.4
1007.9,29.8,76,5.6
1007.2,29.5,79,6.8
1006.5,28.5,85,8.5
1006.0,29.0,82,7.2
1005.9,28.4,86,5.8
1006.0,27.9,88,3.6
1006.1,28.0,88,2.3
1006.8,27.9,89,0.7
1007.2,27.9,88,0.9
1007.9,27.2,91,1.2
1008.2,26.6,90,1.3
1009.1,26.4,89,1.9
1010.0,26.7,88,4.1
1010.1,25.0,92,5.7
1010.7,24.5,92,4.6
1010.9,23.8,91,5.7
1011.2,23.5,85,6.6
1012.2,23.5,78,8
1012.9,23.4,76,8
1013.5,23.1,72,7.6
1014.5,23.2,70,7.6
1015.1,23.5,67,7.7
1015.8,23.3,70,6.8
1016.4,22.3,78,5.9
1016.3,22.8,66,4.9
1015.8,23.6,63,2.8
1015.3,24.3,55,4.5
1015.0,24.4,60,4.4
1014.3,23.6,64,2.8
1014.3,23.4,63,2.6
1014.5,22.9,74,4.3
1015.4,21.6,80,4.5
1016.3,20.7,89,2.9
1017.2,19.1,92,4.8
1017.3,20.1,78,3.1
1017.3,19.5,86,1.5
1016.9,19.2,87,2.7
1016.1,19.3,91,2
1015.3,19.1,91,1.8
1014.6,19.3,89,1.3
1014.1,19.2,90,1.9
1013.7,19.3,88,2
1013.8,19.4,87,2.5
1014.0,19.5,87,1.6
1014.2,19.7,88,1.8
1014.6,20.1,85,2.2
1014.5,21.0,79,1.7
1014.3,22.3,73,1
1013.7,22.7,69,1
1013.2,21.8,82,1.4
1012.5,21.2,80,0.3
1011.9,20.7,90,1
1011.3,21.6,92,2.4
1010.8,21.7,91,2.1
1010.8,21.6,93,2.1
1011.1,21.7,91,1.9
1011.6,21.5,94,2.1
1011.6,21.1,95,1.4
1011.4,21.0,95,1.4
1011.5,21.1,96,1.6
1011.3,21.0,97,2.1
1010.7,20.8,98,1.5
1010.3,20.7,97,2.8
1009.7,20.8,96,2.1
1009.2,20.9,95,2.6
1009.3,21.1,94,3.1
1009.8,21.0,95,2.8
1010.2,21.1,93,2.8
1010.6,22.4,89,3.2
1010.8,23.7,86,2.9
1010.7,26.3,77,2.7
1010.9,27.5,69,2.5
1010.9,27.4,70,3.4
1010.9,27.7,71,3.5
1010.2,28.1,69,3.8
1009.8,27.6,72,4.5
1009.9,27.1,73,3.6
1009.8,26.7,75,3.3
1009.9,26.3,75,3.6
1010.3,26.1,75,3.1
1010.7,25.3,83,1.5
1011.3,25.2,84,1.8
1011.5,24.7,85,1.8
1011.7,24.4,86,3.1
1011.5,24.0,90,2.9
1010.9,24.1,89,3.3
1010.2,23.7,91,3.1
1009.6,23.8,90,2.6
1009.3,23.3,91,1.9
1009.4,22.8,93,2.8
1009.8,22.7,84,3.6
1010.3,22.7,83,2.5
1010.6,24.8,82,2.6
1010.8,26.7,70,2.5
1010.7,28.2,70,2.1
1010.7,28.6,67,2.8
1010.6,28.4,70,3.5
1010.1,29.5,70,3.2
1009.3,28.9,71,3.3
1009.0,28.9,71,3.1
1008.6,28.1,77,2.3
1008.3,27.0,79,1.3
1008.3,27.1,80,1.5
1008.8,27.4,76,1.3
1009.3,26.7,85,2
1010.0,26.5,87,1.5
1010.2,26.0,85,1.9
1010.7,25.8,87,1.2
1010.5,25.6,85,0.5
1009.9,25.6,87,1.2
1009.5,25.0,84,1.1
1009.2,24.0,88,2.2
1008.9,23.4,88,1.4
1009.1,23.4,88,1.6
1009.6,23.3,85,1.7
1010.1,23.6,83,2.8
1010.7,24.7,83,2.6
1011.0,26.2,78,2.3
1011.4,27.7,75,2.1
1011.3,28.8,69,3.5
1011.2,28.5,70,4.5
1010.8,27.0,84,5.5
1010.8,27.6,80,7.8
1010.3,26.5,79,7.8
1010.1,26.2,78,7.6
1010.0,26.1,78,6
1010.4,25.7,81,6.5
1011.2,25.0,84,5.2
1011.6,24.5,87,4.4
1012.5,24.8,85,3.9
1013.0,25.0,81,4.3
1013.1,25.2,76,5.9
1013.3,24.9,78,5.4
1013.1,24.8,77,5.1
1012.6,24.7,77,5
1012.0,24.3,78,4.6
1011.8,24.4,76,4.6
1011.8,24.5,76,3.9
1012.3,24.5,76,4.5
1012.8,24.2,80,4.2
1013.1,24.3,81,1.5
1013.9,24.8,78,3.8
1014.3,25.0,76,4.8
1014.5,25.4,72,4.9
1014.4,25.2,73,6.1
1014.0,24.4,78,7.6
1013.6,24.4,77,8.6
1013.2,23.8,79,7.8
1012.8,23.9,79,6.8
1012.8,23.5,80,7.4
1013.3,23.2,81,6.9
1013.7,23.3,81,6.2
1014.1,23.1,81,5
1014.4,23.2,79,4.4
1014.7,23.2,79,3
1014.5,23.2,78,2.3
1013.6,23.0,80,1.1
1012.8,23.0,79,1
1012.3,22.4,86,1.5
1011.7,22.3,86,2.3
1011.5,22.1,86,2.2
1011.2,21.9,87,2.2
1011.4,22.0,87,2.8
1011.8,22.0,88,2.3
1012.1,22.7,85,2.2
1012.1,24.3,80,1.5
1012.1,26.0,74,0.8
1012.0,27.0,73,3.6
1011.9,27.1,72,2.9
1011.3,27.0,78,4.5
1010.6,27.4,77,3.5
1010.0,27.9,72,3.8
1009.8,27.5,77,3.6
1009.7,27.0,76,3
1010.0,26.5,80,3.8
1010.5,26.1,81,2.9
1010.7,26.1,78,2.2
1011.0,26.2,78,1.3
1011.4,26.1,80,1
1011.2,25.9,79,0.9
1010.9,25.3,83,0.6
1010.2,25.2,81,1.1
1009.3,24.6,85,1.5
1008.5,24.2,86,2.3
1008.1,23.8,87,1.6
1007.9,23.6,89,2.5
1008.1,23.4,92,3.1
1008.5,23.5,90,2.7
1008.8,25.7,82,2.9
1009.2,27.2,75,1.4
1009.2,28.4,70,1.4
1009.0,28.4,75,3
1008.8,28.9,73,2.9
1008.6,29.9,71,3.3
1008.3,28.8,75,2.7
1008.0,28.1,81,2.2
1007.6,26.1,93,3.6
1007.3,25.2,95,3.4
1007.4,24.8,96,3.3
1007.8,24.5,96,2.7
1008.4,24.3,94,3.5
1008.8,24.7,92,2.8
1008.9,24.5,95,1.9
1009.0,24.3,97,2
1008.5,24.1,98,1.7
1007.4,24.0,98,1.7
1006.8,23.7,98,2.8
1006.3,23.6,97,1.6
1006.2,23.8,95,1.8
1006.3,23.4,94,1.6
1006.3,23.8,92,1.4
1006.8,23.9,92,1
1007.1,24.7,92,0
1007.3,25.9,82,1
1007.3,26.7,79,2.6
1007.1,28.6,77,3.1
1006.7,28.3,80,3.4
1006.3,27.8,77,3.7
1005.7,27.3,75,4.3
1005.2,26.8,77,4.4
1005.0,26.5,79,3.3
1004.9,24.4,92,2.3
1005.2,24.2,95,2.7
1005.8,24.5,91,2.5
1006.5,24.0,90,2.3
1006.9,24.0,90,2.4
1007.2,23.9,91,1.9
1007.5,24.2,89,0.2
1007.0,24.1,91,0.9
1006.3,23.6,94,2.7
1005.4,23.3,94,3.4
1005.0,23.4,93,2.1
1004.9,23.3,92,2.5
1005.0,23.3,93,2.9
1005.3,23.2,93,3.2
1005.7,23.4,92,1.9
1006.1,24.0,90,2.3
1006.3,24.6,88,4
1006.8,26.4,82,3.4
1006.9,28.0,79,1.8
1006.6,28.4,73,2.2
1006.3,27.5,72,2.4
1005.6,27.5,79,3.2
1005.1,27.4,78,3
1004.8,27.1,82,3.7
1004.6,25.7,91,2.2
1004.9,25.3,90,3.4
1005.6,23.8,93,4.1
1006.2,23.8,92,3.6
1006.5,23.8,92,3
1006.9,24.0,89,3.2
1007.3,23.4,94,1.8
1006.8,22.9,94,2.5
1006.3,22.8,95,2.3
1005.7,22.8,97,1.5
1005.0,22.3,97,0.8
1004.9,22.4,95,1.2
1005.0,22.5,96,1.6
1005.5,22.8,95,1.8
1006.2,22.6,97,1.4
1006.6,22.6,97,2.2
1007.3,23.2,97,1.1
1008.1,23.2,96,0.1
1007.9,24.1,92,0.5
1007.7,24.7,88,1.2
1007.3,25.9,80,0.6
1006.3,25.7,83,1.3
1005.7,25.9,84,0.5
1005.2,25.4,87,1.5
1005.3,24.7,94,1.3
1005.3,24.1,94,1.3
1005.7,24.2,95,0.7
1006.6,24.1,95,0.4
1007.6,24.1,95,1.6
1007.9,24.0,93,2.4
1008.1,23.9,94,1.4
1007.8,23.6,91,1.3
1007.4,22.8,96,1.8
1007.0,23.0,94,2.7
1006.8,22.7,95,2.6
1006.6,22.8,92,2.3
1006.6,22.6,93,1.9
1007.1,22.6,93,2.4
1007.9,22.9,93,1.4
1008.8,23.9,88,0.9
1009.2,25.9,84,3.9
1009.7,24.4,92,5.3
1009.7,25.2,86,3.9
1010.0,25.8,85,2.5
1010.1,24.8,90,2.3
1009.6,24.1,95,1.9
1009.8,22.9,97,6
1009.5,22.9,96,3.2
1009.3,22.0,96,4.4
1009.5,22.1,96,4.8
1010.1,21.6,96,3.8
1010.3,21.9,96,2.6
1010.8,22.0,96,2.3
1011.5,21.8,98,2.6
1011.6,21.7,98,2.4
1011.5,21.8,95,1.8
1011.3,21.8,97,2.2
1010.7,21.6,97,1.6
1010.3,22.0,96,2
1010.6,22.7,94,3.1
1010.7,22.6,93,3.6
1011.2,22.7,92,4.7
1011.8,22.3,94,4.2
1012.7,22.1,95,3.1
1013.4,21.7,96,4.9
1013.4,22.8,86,3.8
1013.2,25.2,72,2.9
1013.2,26.2,70,2.6
1012.9,25.2,78,2.7
1012.5,26.3,66,3.5
1012.1,26.6,66,3.9
1011.9,26.2,69,3.4
1011.7,26.0,67,2.5
1012.2,24.5,72,4.9
1012.2,24.5,71,3.5
1012.6,24.3,71,0.7
1013.0,23.8,75,1.4
1013.9,22.9,78,0.8
1014.3,23.9,80,0.8
1014.0,22.3,84,2.5
1013.6,22.7,80,1
1013.2,23.2,79,4.8
1012.5,23.2,75,3
1012.4,22.2,85,1.6
1012.5,22.5,80,2.3
1012.3,22.1,84,3.4
1012.7,22.1,85,1.9
1013.3,22.9,82,2
1013.6,23.8,81,1.6
1014.1,24.4,73,2.8
1013.8,24.4,71,0.6
1013.3,25.6,67,2.1
1012.8,26.2,64,2.5
1012.2,27.2,64,2
1011.6,26.4,65,2.1
1011.1,25.7,68,2.6
1010.9,26.1,65,2.8
1011.0,25.9,65,1.1
1011.3,25.0,68,2.1
1011.4,25.0,69,0.9
1011.8,24.3,76,1.2
1012.4,24.1,77,2
1012.5,24.0,75,2.5
1012.3,23.8,77,2.1
1011.8,23.2,82,2.7
1011.1,23.3,79,2.7
1010.4,23.0,82,3.3
1010.1,22.6,83,2.5
1010.0,21.6,89,2.9
1010.4,22.0,86,2
1010.8,22.0,88,2.7
1011.2,22.9,83,3.1
1011.5,25.3,75,2.2
1011.6,27.0,68,2.6
1011.4,27.3,70,3.1
1011.1,27.4,68,3.4
1010.5,26.9,69,2.5
1009.8,26.6,69,1.7
1009.2,26.5,67,2.7
1008.7,26.4,69,1.5
1008.5,26.4,68,1.7
1008.6,26.4,66,0.7
1008.8,25.9,69,0.4
1009.0,25.6,71,1.1
1009.9,25.3,72,1.7
1010.5,24.9,71,2.2
1011.0,25.0,78,0.3
1010.8,24.3,81,2.4
1010.1,23.5,86,2
1009.3,22.7,83,2.1
1008.6,22.6,79,2.5
1008.0,22.0,82,2.7
1007.7,21.7,87,3.6
1007.9,21.3,88,4.5
1008.2,21.4,87,3.7
1008.5,23.9,75,3.7
1008.6,25.8,70,2.8
1008.6,27.1,66,2.2
1008.5,27.6,71,4
1008.1,28.2,72,3.9
1008.0,28.3,72,2.7
1007.9,28.9,69,4
1007.3,28.9,69,4.1
1007.0,28.0,69,5
1006.6,27.5,72,4.1
1006.6,27.2,74,4.2
1006.9,27.1,76,3.7
1007.1,26.5,80,3.8
1007.8,26.7,80,2
1008.4,26.6,78,1.6
1008.5,25.9,81,1.6
1008.5,25.9,76,1
1008.0,24.8,86,2.7
1007.3,24.6,82,2.3
1007.0,24.3,81,3.1
1006.7,23.9,79,3.2
1006.4,23.6,82,2.7
1006.5,23.7,77,2.3
1007.1,23.6,82,3.6
1007.4,24.8,82,2.2
1007.5,26.2,77,2.9
1007.9,27.4,77,1.7
1007.7,27.8,76,2
1007.5,28.9,77,4.7
1007.1,28.8,79,6.5
1006.7,29.0,74,8
1006.4,28.2,81,6.9
1006.4,28.2,76,5.5
1006.1,28.1,77,6.7
1006.5,27.8,81,4.4
1007.0,27.5,80,1.4
1007.3,27.4,78,1.1
1008.0,26.9,86,1.8
1008.5,26.9,80,1
1008.6,26.6,81,0.3
1008.7,26.7,83,0.9
1008.4,25.8,86,1.9
,,,
,,,
,,,
,,,
,,,
,,,
,,,
,,,
,,,
,,,
,,,
,,,
,,,
,,,
,,,
,,,
,,,
,,,
,,,
,,,
,,,
,,,
,,,
,,,
,,,
,,,
,,,
,,,
,,,
,,,
,,,
1009.4,20.7,93,1.6
1009.4,20.6,95,0.7
1009.2,20.4,95,1.4
1009.2,20.5,88,1.8
1009.6,20.6,89,2.8
1010.2,20.9,92,2.6
1010.6,22.9,90,1.9
1011.0,25.0,82,2.8
1010.9,26.4,74,2.5
1011.5,27.6,70,3.2
1011.7,27.0,75,3.6
1011.4,26.5,79,3
1010.7,26.9,72,4.4
1010.1,27.4,62,4.1
1009.8,28.3,56,2.4
1009.5,28.2,50,2.3
1009.4,27.4,56,3.3
1009.6,26.3,58,2.4
1009.7,24.5,72,2
1010.1,24.1,74,2.2
1010.7,24.2,75,2.3
1011.2,24.2,69,2
1011.2,23.9,66,2.2
1010.8,22.7,73,1.6
1010.4,22.9,73,1.1
1010.2,22.2,78,0.6
1010.1,21.8,79,0.3
1010.1,22.0,83,1.8
1010.3,22.5,86,1.4
1010.5,22.7,88,1.7
1011.0,23.7,87,2.8
1011.8,25.2,76,2.4
1011.9,27.3,68,2.4
1011.1,28.4,57,2.8
1010.3,29.4,54,2.9
1009.6,30.7,48,1.1
1008.6,31.5,49,2.2
1008.0,31.0,49,1.9
1007.6,31.0,53,3.2
1007.3,30.2,55,3.5
1007.6,28.9,59,2.7
1007.8,27.4,65,2.6
1008.3,26.7,68,2.9
1008.9,26.2,71,1.6
1009.4,25.9,73,1.1
1010.0,26.0,79,3.1
1009.6,25.5,80,1.9
1009.1,25.3,80,1.3
1008.3,24.8,87,1.7
1007.7,24.5,92,1.3
1006.9,24.1,93,1.5
1006.7,23.8,94,1.1
1006.8,23.4,91,1.3
1007.2,23.3,90,1.7
1007.4,24.4,84,1.5
1007.7,25.9,79,1.2
1007.6,26.4,78,1.9
1007.3,26.7,76,3
1006.6,27.3,76,4.6
1006.0,27.5,80,4.1
1005.0,28.4,77,6.3
1004.2,28.4,76,7.1
1003.8,28.8,73,8.6
1003.3,28.4,76,8.2
1003.3,27.9,78,9.1
1003.6,27.3,81,10.1
1003.9,27.0,84,9.8
1004.2,27.1,81,9.2
1004.4,27.6,74,8.2
1004.6,27.7,70,7.1
1005.1,27.6,76,7.2
1005.0,26.5,80,7.9
1004.5,26.4,79,5.6
1003.8,26.4,80,8.1
1003.6,26.2,76,8.5
1003.5,26.4,77,8.5
1003.4,26.4,83,9.7
1003.5,26.5,76,10.2
1003.5,27.1,71,8.2
1004.2,27.6,66,12
1004.2,27.9,70,11.2
1004.4,28.5,71,9.5
1004.6,28.6,72,10.2
1004.4,28.8,72,9.9
1004.1,28.1,72,9.4
1003.4,27.3,77,11.1
1003.6,27.2,81,8.9
1004.4,26.7,84,7.6
1005.7,22.3,92,4.1
1005.7,21.1,94,7
1007.5,20.6,95,6.4
1008.5,20.3,94,7.7
1009.1,20.3,94,8.3
1009.5,20.0,94,6.4
1009.6,19.8,95,6.1
1009.1,19.8,95,4.9
1009.0,19.9,95,2.9
1008.5,19.9,96,4.9
1008.9,20.0,96,3.2
1008.4,19.9,96,4.7
1009.4,19.8,96,3.9
1009.9,19.9,95,4.2
1011.0,19.9,94,5.9
1011.5,19.8,92,6.3
1011.9,19.6,90,6
1012.3,19.7,93,4.9
1012.1,20.1,88,2.3
1011.9,20.0,90,5.7
1011.7,19.5,93,4.7
1011.3,19.5,93,4.6
1010.8,19.6,92,3.5
1011.1,19.9,88,4.3
1011.4,19.3,91,4.2
1012.2,19.0,93,3.8
1012.9,18.6,92,3.6
1013.9,18.1,94,3.2
1014.7,18.4,95,2.8
1015.4,18.2,94,2.5
1014.6,18.2,96,2.9
1013.5,18.2,95,3.4
1012.9,18.3,95,3.3
1012.6,18.2,93,3.5
1012.7,18.3,91,3.2
1012.5,18.0,91,3.3
1013.4,18.0,91,3.3
1013.2,18.2,88,3.2
1013.3,18.8,89,3.1
1014.0,20.7,83,4.5
1014.4,21.7,70,5.2
1014.1,22.9,68,5.4
1014.3,21.5,78,4.7
1013.9,21.3,82,5.1
1013.1,21.7,84,5.7
1012.6,21.4,85,5.9
1012.4,20.5,89,6.2
1012.1,19.9,90,4.1
1012.3,19.5,89,4
1012.8,19.6,91,2.8
1013.2,19.7,89,3
1013.5,19.6,91,2.2
1013.5,19.5,90,2.1
1013.6,19.7,89,2.1
1012.8,19.3,90,2.4
1012.5,19.1,90,1.6
1012.2,19.0,90,1.8
1011.5,18.8,90,2
1011.4,19.1,89,2
1011.5,18.9,90,1.9
1011.9,18.5,93,1.7
1012.2,18.7,92,1.4
1012.8,20.4,83,2.1
1013.1,22.1,75,2.9
1013.5,23.6,67,2.6
1013.3,24.3,66,3.3
1012.7,25.0,64,3.2
1012.1,25.4,65,3.3
1011.1,25.7,60,4.1
1010.2,26.1,61,4.1
1009.7,26.1,62,3.9
1009.3,25.5,60,4.2
1009.6,24.8,63,4.2
1010.0,23.5,70,3.1
1010.2,22.0,77,1.8
1010.1,21.3,81,2.1
1010.5,21.1,78,1.8
1010.3,20.3,85,2.2
1010.2,20.6,84,2.2
1010.1,19.9,85,0.9
1010.4,19.1,87,1.7
1010.4,18.3,93,0.8
1010.2,18.9,90,3
1010.1,19.3,89,2.9
1010.4,19.4,79,2.4
1011.2,19.0,84,2.9
1011.8,21.8,83,1.3
1012.2,24.4,75,2.1
1012.3,25.4,72,3.1
1012.3,26.3,67,3.8
1012.1,26.5,72,4.2
1011.7,25.6,78,3.8
1010.9,26.1,76,3.1
1010.4,25.5,80,3.6
1009.8,24.9,78,2.9
1009.7,24.4,81,2.2
1009.7,24.4,82,1.7
1009.8,23.8,81,1.1
1010.1,23.4,86,0.5
1010.8,22.5,88,0.1
1011.3,22.6,89,0.2
1011.4,22.4,91,1.5
1010.9,22.3,92,1.5
1010.5,21.9,93,1.6
1010.3,21.4,94,1
1009.8,20.7,95,0.7
1009.4,20.5,94,1.7
1009.3,20.1,94,0.7
1009.5,20.2,93,1.3
1010.0,20.5,93,1.4
1010.6,23.1,81,1.9
1011.1,25.0,71,1.7
1011.1,25.9,72,2.1
1011.1,26.0,76,2.9
1011.2,25.5,81,3.1
1010.8,25.7,80,3.4
1010.0,25.8,80,2.5
1009.3,26.5,68,3.1
1008.8,26.5,49,2
1008.1,26.6,53,2.3
1008.3,25.9,61,2.6
1008.5,25.3,73,2.5
1008.8,24.8,80,2.3
1009.4,24.4,87,1.9
1010.0,24.8,90,1.4
1010.0,24.4,85,1.3
1009.9,24.6,84,0.4
1009.3,24.3,87,0.2
1008.8,24.2,82,1.7
1008.0,23.5,84,1.3
1007.6,23.4,85,0.6
1007.3,22.6,90,0.6
1007.8,22.5,90,0.4
1008.1,22.8,89,0.3
1008.7,24.2,84,1.5
1009.0,26.0,73,1.4
1009.3,26.9,72,1.6
1009.2,27.2,76,2
1008.9,27.1,77,2.5
1008.4,26.0,84,2.6
1007.7,25.9,85,2.5
1008.1,25.0,90,2.2
1007.2,24.4,94,3.5
1007.5,23.2,92,3
1008.3,22.6,94,2.9
1008.9,22.1,95,4.6
1010.4,21.4,93,6.2
1011.4,21.4,92,3.1
1011.9,21.2,90,5.5
1012.3,20.4,89,7.3
1012.5,20.2,89,4.8
1012.2,19.9,92,5.5
1011.9,19.5,94,4.9
1011.6,19.4,91,5.5
1011.3,19.2,93,6.2
1011.4,19.3,94,4.9
1011.6,19.0,94,6.1
1011.8,19.1,93,6.2
1012.6,18.9,94,6.5
1013.5,18.8,94,6.4
1013.9,19.1,93,7.3
1013.9,18.8,93,7.5
1013.7,18.9,93,7.4
1013.7,18.7,94,6.8
1013.5,18.3,95,5.6
1013.1,18.5,94,4.7
1012.8,18.7,92,4.6
1012.9,18.9,89,4.7
1013.3,18.6,92,4
1013.9,18.3,93,4.5
1014.0,18.2,94,5.2
1014.3,18.5,90,4.9
1014.6,18.5,93,4.1
1014.6,18.4,93,3.8
1014.4,18.5,91,3.2
1013.9,18.4,91,3.1
1013.8,18.9,89,3.8
1013.2,19.2,86,4.8
1013.1,19.4,80,5
1013.1,19.4,79,5
1013.1,19.3,79,4.9
1013.3,19.3,78,5.3
1013.9,19.8,75,5.6
1014.1,20.9,72,6.7
1014.1,21.2,73,5.5
1013.9,22.7,70,5.6
1013.7,23.7,66,6.2
1013.1,24.0,65,5.1
1012.3,24.3,65,4.8
1011.7,24.4,66,5.1
1011.3,24.0,67,5.2
1010.6,23.4,70,4
1010.7,23.1,70,3.4
1010.8,22.7,72,2.9
1010.7,22.1,74,2.5
1011.2,22.1,75,3.2
1011.5,21.9,77,2.3
1011.7,22.1,76,1.7
1011.7,21.6,82,1.9
1011.1,21.7,80,2
1010.7,21.8,81,1.4
1010.1,21.7,84,1.6
1009.9,22.0,89,2
1009.7,22.3,91,2.1
1009.8,22.5,90,2.1
1010.2,22.5,90,2
1010.9,23.4,87,3
1011.1,24.1,86,3.3
1011.0,24.0,84,1.9
1010.6,24.8,81,2.3
1010.4,25.1,79,2.9
1010.0,25.1,78,3
1009.5,24.9,77,3.2
1008.8,25.2,78,2
1008.1,25.6,76,2.7
1007.6,25.6,72,3
1007.3,26.1,72,2.9
1007.3,25.4,74,2.8
1007.8,24.9,78,2.3
1008.3,24.0,83,2
1008.8,24.2,80,2.5
1008.9,24.1,83,2
1008.8,23.5,88,2.1
1008.1,23.4,88,1.6
1007.6,23.1,89,2
1006.9,22.8,91,2.2
1006.2,22.7,91,3
1005.9,23.2,90,3
1005.7,23.7,92,3.2
1006.0,25.5,87,5.7
1006.5,26.1,85,7
1006.9,27.4,81,7.5
1007.5,27.5,83,9.4
1007.4,28.0,82,9.2
1007.5,28.4,82,9.9
1007.7,28.0,86,8.1
1007.5,27.0,89,7.5
1007.0,27.2,89,7.8
1006.8,26.6,90,6.6
1006.3,26.7,90,6.4
1006.8,26.4,91,5
1007.7,25.9,92,4.7
1008.4,25.5,93,3.2
1009.4,25.3,92,2.9
1009.7,24.9,92,2.1
1010.4,24.5,91,4.2
1011.1,24.1,87,7.5
1011.4,23.1,79,8.6
1011.6,22.6,77,8.3
1011.6,22.5,72,5.3
1011.8,22.6,66,5.3
1012.3,21.6,76,5
1013.3,20.2,88,7
1014.1,19.6,85,5.5
1014.7,20.2,86,6.9
1015.5,20.0,83,7.4
1015.9,20.3,74,6.6
1015.3,21.4,78,5.1
1014.6,22.5,65,7.4
1014.2,24.4,57,8.3
1013.4,23.4,64,9.7
1012.8,22.8,69,7.9
1012.6,22.7,69,8.7
1012.5,22.5,63,8.6
1013.1,22.4,42,6.9
1014.1,21.3,59,6.1
1015.0,17.7,77,6.6
1014.7,17.2,88,8
1014.7,17.4,88,6.4
1014.1,17.7,86,5.8
1013.3,18.5,78,5.8
1012.6,18.7,83,4.6
1012.0,19.0,83,4
1011.2,19.1,83,3.4
1010.8,19.2,84,2.2
1011.0,19.2,86,1.8
1011.7,18.9,92,1.6
1012.1,18.7,94,1.9
1012.5,18.9,94,2
1012.8,19.0,96,1.9
1013.1,19.3,96,2.3
1013.2,19.9,94,2.5
1013.1,20.9,92,2.6
1012.6,21.2,89,2.8
1011.9,21.8,87,2.4
1011.6,21.9,86,2.6
1010.9,21.7,88,2.5
1011.0,21.4,93,1.5
1011.0,21.0,95,1.4
1011.0,20.7,97,1.8
1011.2,20.6,96,1.6
1011.9,20.5,97,1.2
1012.0,20.4,97,0.9
1011.8,20.4,97,1.5
1012.2,20.5,98,0.3
1011.3,20.4,98,0.4
1010.5,20.4,98,0.3
1010.0,20.4,98,1.2
1010.1,20.5,98,0.3
1010.1,20.4,99,1.4
1010.6,20.6,98,1.8
1011.3,21.1,98,0.5
1011.7,22.2,94,3.5
1011.7,22.4,92,5.1
1011.9,23.3,90,5.3
1011.9,24.1,86,3.9
1011.9,24.0,85,5.8
1011.4,25.0,82,6.2
1011.0,25.1,80,6.2
1010.4,24.9,81,5.5
1010.2,25.0,80,5.4
1009.8,24.7,80,5.5
1009.5,24.0,85,5.4
1009.4,23.6,89,4.7
1009.6,23.1,93,2.8
1010.0,22.9,92,2.4
1010.2,22.3,93,1.9
1010.4,22.1,90,1.6
1010.3,21.5,95,0.9
1009.9,21.2,95,1.4
1009.4,21.1,95,1.5
1009.1,21.0,97,1.1
1009.0,20.9,97,0.5
1009.1,21.1,96,2.4
1009.5,21.0,95,1.1
1010.2,21.5,96,1.5
1010.9,23.0,95,1.3
1011.0,23.8,94,1.4
1011.0,23.9,93,1.5
1010.8,25.0,88,2.7
1010.3,25.7,86,2.7
1009.8,25.4,87,3.1
1009.0,25.5,86,2.6
1008.3,26.5,85,3.2
1007.9,26.9,83,2.9
1007.9,25.6,86,2.7
1008.2,25.2,87,2.6
1008.5,24.8,89,1.3
1008.9,24.4,90,0.5
1009.4,24.4,92,0.1
1009.5,24.3,93,1.3
1009.8,24.3,93,1
1009.7,25.0,89,1.8
1009.6,24.6,92,1.1
1009.2,24.1,95,1.5
1009.1,23.7,97,0.8
1009.2,23.8,97,0.3
1009.5,23.7,98,0.1
1010.1,23.8,97,0.3
1010.8,24.1,97,0.2
1011.2,25.1,88,3.9
1011.5,25.0,87,5.2
1012.2,26.0,83,5
1012.4,23.9,89,7.7
1012.5,24.1,85,8.2
1012.2,23.9,85,8.2
1011.7,24.2,82,8.7
1011.2,23.2,84,9.5
1011.3,22.9,85,8.7
1011.3,22.7,84,9
1011.8,21.6,90,10.2
1012.1,21.5,85,10.3
1013.0,21.1,85,10.3
1013.2,21.1,84,10.1
1013.8,20.7,86,10.8
1013.9,20.6,86,10.2
1014.0,20.7,86,10.2
1013.6,20.5,89,10
1013.0,20.2,90,8.9
1012.7,20.4,88,8.3
1012.4,20.5,85,9.6
1012.6,20.5,81,9.1
1013.0,20.5,80,8.3
1014.0,20.4,81,8.7
1014.0,20.2,84,9.7
1014.6,20.3,86,8.7
1014.7,20.6,84,8.6
1015.0,20.5,87,8.6
1014.1,21.7,77,10.2
1013.9,20.6,85,9.4
1013.1,21.2,85,9.5
1012.4,21.9,79,8.5
1012.2,21.0,86,8.9
1012.2,21.0,87,8.2
1012.0,20.3,94,8.3
1012.3,20.6,91,7.5
1012.2,20.6,89,7.2
1012.2,20.8,88,8
1012.2,21.2,87,7
1012.1,21.2,87,6.6
1011.9,21.7,85,6
1011.6,22.1,83,6.5
1010.7,21.8,90,5.1
1010.4,21.8,88,3.4
1010.7,22.1,91,4.4
1010.6,21.6,96,6.3
1010.6,21.8,96,4.6
1010.8,21.9,97,2.7
1011.3,22.4,95,2.9
1011.8,22.9,94,4.3
1012.0,23.3,94,4.2
1011.7,23.5,94,3.8
1011.9,23.9,91,4.8
1011.8,23.5,90,5.7
1011.3,23.2,91,5.2
1010.5,23.1,92,4.7
1010.3,22.3,96,4.9
1010.1,22.4,97,4.6
1010.4,22.7,95,3.6
1010.7,22.6,96,3.7
1010.7,22.6,96,2.7
1011.1,22.8,96,2.8
1011.1,22.5,97,1.7
1011.4,22.6,96,3
1011.0,22.6,97,1.9
1010.4,22.6,97,0.7
1009.5,22.4,98,0.4
1009.1,22.4,98,0.1
1008.7,22.6,98,0.1
1008.9,22.8,95,2.8
1009.3,22.9,92,3
1009.8,22.9,92,2.5
1010.3,23.0,92,1.9
1010.7,23.2,91,1.9
1010.4,23.7,88,1.8
1010.7,23.9,87,2.8
1010.4,24.3,86,2.7
1010.2,24.4,85,2.5
1009.4,24.6,84,2.5
1008.8,26.0,79,2.9
1008.1,25.9,78,2.6
1008.1,25.0,82,3.8
1007.7,24.5,83,3.1
1007.7,24.2,86,2.3
1008.0,23.1,90,2.1
1008.0,22.9,92,1.9
1008.4,22.7,93,1.7
1008.0,22.8,93,1.8
1007.5,22.6,95,1.5
1007.2,22.6,95,2.2
1006.7,22.4,96,0.9
1006.4,22.4,96,1.4
1006.5,22.3,97,0.4
1006.7,22.4,96,0.2
1007.0,22.3,95,1.5
1007.2,22.7,95,1.3
1007.9,23.3,93,2.2
1008.0,24.0,89,2.2
1008.1,24.6,87,1.4
1007.7,25.7,83,2.3
1007.3,26.0,82,3.2
1006.8,26.3,80,2.6
1006.0,26.2,77,4.5
1005.1,26.3,74,3
1004.7,26.5,73,2.6
1004.6,26.1,72,3.2
1004.8,24.7,81,3.7
1005.0,24.4,84,3.5
1005.1,24.0,84,4.2
1005.7,24.0,84,4.3
1006.3,23.7,90,2.4
1006.3,23.6,93,1.4
1005.6,23.5,90,1.6
1005.2,23.1,90,1.9
1004.6,22.9,91,1
1004.6,23.1,90,0.6
1004.5,22.9,92,1.5
1004.8,23.0,92,1.4
1005.3,23.4,94,1.2
1005.3,23.6,93,1.9
1005.8,24.1,92,1.9
1006.2,25.1,82,1.5
1006.7,26.0,77,0.4
1007.1,26.1,80,2.6
1007.3,25.0,89,3.5
1006.5,25.5,84,2.6
1005.9,25.2,88,3.1
1005.4,25.0,89,4.1
1005.3,24.6,93,4.5
1005.6,22.4,89,3.2
1005.6,20.8,95,2.9
1004.7,20.8,96,3.2
1005.2,21.4,98,2.6
1005.1,21.7,97,4
1005.8,21.9,96,3.2
1006.2,21.7,97,4.2
1005.6,21.7,98,2.9
1004.1,22.0,96,3.3
1003.4,22.2,95,2.4
1004.5,22.3,95,1.2
1004.3,22.1,97,2.7
1004.2,22.1,96,2.9
1004.7,22.1,97,2.3
1004.7,22.1,97,1.7
1005.4,22.8,95,1.8
1005.8,23.8,93,0.4
1007.1,23.9,93,3.3
1007.2,23.3,95,3.6
1007.3,23.0,95,3.8
1006.2,22.6,92,5.7
1004.9,23.6,88,4.2
1004.0,24.8,84,2
1004.5,24.6,83,3.4
1005.2,24.6,86,2.8
1005.5,23.6,90,3
1006.4,23.6,91,2.1
1007.0,23.2,94,0.9
1007.7,23.1,96,1.5
1008.3,22.9,96,1.5
1008.5,22.5,97,1.3
1007.9,22.3,97,2
1007.3,22.4,98,2.2
1007.2,22.6,98,2
1007.2,22.6,97,1.9
1006.9,22.5,97,1.8
1007.1,22.7,97,2.6
1007.4,22.8,95,2.8
1008.0,23.0,95,2
1008.5,23.6,93,2.7
1008.8,24.8,86,3.4
1009.1,25.7,83,2.9
1009.0,27.5,73,3.6
1008.7,27.9,80,2.9
1008.3,29.4,69,4.1
1007.5,29.9,65,4.7
1006.6,29.4,62,6.4
1006.0,28.7,62,7.1
1005.5,28.1,63,7.6
1005.6,27.5,64,6.6
1006.0,26.0,69,7
1006.4,25.0,70,6.7
1007.0,24.6,68,6.9
1007.4,24.4,70,6.3
1007.7,24.6,69,6.7
1007.7,24.4,70,6.2
1008.0,24.4,73,5.4
1007.8,23.9,78,5.5
1007.4,24.1,76,6.1
1007.7,24.2,74,5.2
1008.1,23.9,76,5.1
1008.3,23.9,71,5.3
1008.5,23.8,72,6.9
1009.2,25.0,69,7.3
1009.2,26.5,57,7.1
1009.4,27.8,52,6.6
1009.2,28.3,54,9.8
1009.3,28.8,49,8.6
1009.0,29.1,54,8.5
1008.8,29.1,52,9.1
1008.2,29.0,53,9
1007.9,29.2,53,6.8
1007.5,28.2,57,8.6
1007.8,26.9,61,8.9
1008.4,26.3,58,8
1008.7,25.2,65,6.7
1009.5,24.7,67,6.7
1009.9,24.8,67,6.7
1010.4,24.5,69,5.5
1010.1,24.2,69,4.4
1009.6,24.1,70,4.8
1009.5,23.9,69,4.8
1009.1,23.6,70,4.2
1008.7,23.6,69,4.3
1008.7,23.5,70,3.9
1009.0,23.4,72,3.5
1009.2,24.0,70,4.2
1009.9,24.8,67,4.1
1010.3,26.2,65,4.4
1010.2,27.5,59,5.4
1009.8,28.6,56,5.6
1009.4,29.1,54,6.6
1009.0,29.8,53,6
1008.3,30.1,51,6.2
1007.6,30.0,52,7.7
1007.3,29.9,53,5.7
1007.0,29.2,52,7.4
1007.0,28.3,54,6.4
1007.4,26.9,59,5.3
1007.7,25.4,64,4.9
1008.2,25.0,64,5.8
1008.7,24.7,67,5.3
1008.9,24.2,69,4.2
1009.1,23.8,71,3.1
1008.5,24.0,70,3.2
1007.9,23.7,71,2.6
1007.6,23.8,70,2.9
1007.7,24.1,70,3.2
1007.7,23.9,69,3
1008.0,23.8,71,2.1
1008.7,24.0,70,3.3
1009.2,24.3,71,3.1
1009.5,25.2,71,2.8
1009.5,28.2,61,2.5
1009.6,28.2,65,0.5
1009.5,29.3,63,3.3
1008.8,28.5,66,3.8
1008.4,28.5,69,3.4
1007.9,28.6,68,3.2
1007.4,28.3,64,3.2
1007.1,27.6,64,4.6
1007.0,26.9,72,3.7
1007.0,25.8,76,3.5
1007.3,25.1,79,1.9
1008.1,24.8,84,1.1
1008.5,24.7,83,1.4
1008.6,24.5,79,1.2
1008.5,23.7,84,0.9
1008.2,23.3,86,0.5
1007.5,23.1,87,0.8
1007.0,23.2,85,1.4
1006.7,22.8,88,1.4
1007.0,22.7,90,1
1007.0,22.9,91,2.2
1007.4,23.9,91,1.9
1007.6,25.9,87,3.3
1007.9,26.7,83,4
1008.1,26.9,79,3.9
1008.3,27.4,77,3.7
1008.2,27.6,78,3.8
1007.8,27.8,80,3.5
1007.4,27.7,79,4.2
1006.9,27.5,78,3.9
1006.6,27.0,79,3.7
1006.3,26.9,80,3.1
1006.4,26.3,80,4.4
1006.5,25.6,82,3.1
1006.6,24.9,85,2.1
1006.9,24.7,87,2.5
1007.3,24.5,88,2
1007.1,24.4,88,2.4
1006.9,24.2,89,1.4
1006.5,24.4,87,1.1
1006.2,24.0,89,1.2
1005.8,23.4,93,0.5
1005.7,23.7,91,1.8
1005.8,23.6,92,1.9
1005.8,23.5,92,2.5
1006.4,24.0,90,2.1
1006.8,25.5,87,3.4
1006.9,27.1,83,5.8
1007.1,27.5,79,7.3
1007.2,28.1,75,6.7
1007.1,28.7,76,6.6
1006.7,29.0,72,8.2
1006.1,29.3,74,7.7
1005.5,28.9,78,8
1005.5,28.6,79,8
1005.2,28.4,81,7.4
1005.5,27.6,84,6.5
1005.8,27.2,86,7
1006.4,26.8,87,5.8
1006.8,26.6,84,4.2
1007.3,26.5,85,3.4
1007.7,26.1,87,2.3
1007.8,26.0,90,2.9
1007.4,25.9,90,3
,,,
,,,
,,,
,,,
,,,
,,,
,,,
,,,
,,,
,,,
,,,
,,,
,,,
,,,
,,,
,,,
,,,
,,,
,,,
,,,
,,,
,,,
,,,
,,,
,,,
,,,
,,,
,,,
,,,
,,,
,,,
1012.2,19.9,93,1.5
1011.7,20.0,93,1.1
1011.3,20.0,93,1.2
1011.3,19.5,95,1
1011.8,19.0,91,1.7
1012.5,19.7,89,1.5
1012.9,21.8,84,0.8
1013.5,24.3,78,0.1
1013.3,26.1,74,2.5
1013.5,26.2,74,1.4
1013.4,26.9,75,2.9
1013.0,27.6,77,3.2
1012.3,27.7,72,3.4
1011.9,27.6,71,3.3
1011.7,27.5,71,3
1011.6,26.1,76,3.4
1011.9,25.7,78,2.1
1012.3,25.4,80,2.2
1012.5,25.5,80,2.4
1013.0,24.5,85,2.9
1013.9,24.4,84,2.1
1014.3,24.3,79,1.1
1014.4,23.5,84,1.1
1014.2,23.0,87,1.2
1013.7,22.8,86,0.7
1013.4,22.8,88,1
1013.1,22.9,90,0.3
1012.9,22.4,93,0.1
1013.3,22.4,92,0.5
1013.6,23.2,89,1.1
1014.1,24.3,82,0.6
1014.5,25.8,76,1.6
1015.0,26.3,73,2.6
1015.0,25.5,73,4
1014.1,25.7,76,4.2
1013.6,25.6,78,4.2
1012.9,25.5,77,4.9
1012.2,24.8,80,4.7
1011.6,24.6,82,4.7
1011.2,24.7,77,3.6
1011.2,25.3,73,2.4
1011.7,24.9,74,1.1
1011.8,23.9,81,1.4
1012.5,24.0,79,1.1
1012.5,24.0,82,3.5
1012.9,23.4,86,2.1
1012.7,23.6,85,2.3
1011.9,23.4,89,1.3
1011.3,23.0,88,0.9
1010.3,22.4,89,0.3
1009.6,22.2,91,1.5
1009.2,22.0,89,1.3
1009.1,21.5,92,1.6
1009.6,21.7,90,1.5
1009.7,23.1,87,1.2
1009.8,25.2,78,0.5
1009.6,26.4,74,1.8
1009.2,27.4,68,1.5
1008.4,28.0,74,2.2
1007.7,28.4,68,2.5
1006.8,29.7,63,2.8
1005.9,29.0,68,3.2
1005.7,28.4,69,3.4
1005.7,28.1,72,3.3
1005.5,28.1,72,3.6
1006.0,26.7,78,3.7
1006.4,26.1,83,2.6
1006.5,26.0,82,1.8
1006.8,24.8,85,2.1
1007.0,24.6,86,1.3
1006.8,24.1,88,1.6
1006.4,24.2,87,0.9
1005.9,23.8,91,0.9
1005.5,23.9,93,0.5
1005.1,23.6,90,1.6
1004.7,22.3,80,2.5
1004.6,21.5,85,0.4
1005.1,22.5,89,0.5
1005.4,23.8,84,1.5
1005.6,26.3,71,0.7
1005.6,28.0,73,0.9
1005.6,29.2,72,2.3
1005.4,28.8,75,3.2
1005.2,29.3,76,2.7
1005.2,29.1,74,4.3
1004.7,27.2,77,4.7
1004.9,25.8,82,3.7
1005.4,24.4,83,2.5
1006.4,22.7,88,4.7
1007.3,21.5,93,4.2
1008.4,20.8,94,3.7
1009.9,20.8,93,2.6
1011.0,21.0,94,1.4
1011.2,21.0,94,0.5
1011.2,20.9,90,2.4
1010.8,20.8,89,2.4
1010.3,21.0,87,1.2
1010.2,21.0,89,1.7
1010.1,20.3,95,1.1
1010.9,20.5,94,1.4
1011.1,20.5,93,2.1
1011.8,20.5,94,0.8
1012.3,20.4,95,0.7
1013.1,20.5,93,0.3
1013.8,20.7,93,3
1013.5,21.3,85,3.6
1013.3,21.5,86,3.8
1013.8,21.3,84,3.2
1013.4,21.2,84,2.4
1013.1,20.6,86,2.3
1012.3,20.5,88,1.8
1013.0,20.0,89,1.3
1013.5,20.0,88,1.9
1014.2,19.4,92,1.6
1014.9,19.0,96,0.4
1015.7,18.5,96,0.4
1016.4,18.7,97,0.7
1017.1,18.7,96,0.9
1016.7,18.6,95,0.4
1015.9,18.4,95,1.3
1015.4,18.2,92,2.2
1014.9,18.3,94,1.2
1014.7,18.4,97,1.5
1014.5,18.1,96,0.5
1015.1,18.3,95,1.4
1015.6,18.4,93,1
1016.1,19.0,92,1
1016.4,19.1,92,0.8
1016.6,19.5,93,0.5
1016.9,19.8,89,1.4
1016.5,19.9,90,1.4
1015.9,19.4,93,1.2
1015.4,19.6,94,0.4
1014.6,19.4,95,1.8
1014.3,19.6,92,1.9
1014.0,19.4,94,1.4
1014.1,19.5,94,1.3
1014.6,19.7,95,0.8
1015.1,19.4,96,0.9
1015.4,19.4,96,0.7
1015.6,19.6,96,0.8
1015.5,19.5,96,0.2
1015.0,19.6,94,1.1
1014.1,19.4,97,0.7
1013.4,19.3,97,0.7
1013.0,19.3,97,1.4
1012.7,18.4,98,1.1
1012.8,18.2,98,0.5
1013.1,17.8,98,0.8
1013.5,17.8,98,1.2
1014.1,19.2,94,0.4
1014.3,21.8,79,1.5
1014.5,23.0,69,0.7
1014.6,24.4,65,1.6
1014.2,25.0,71,3
1014.2,25.0,65,3.8
1013.6,24.8,66,3.7
1012.8,25.1,62,2.2
1012.2,25.2,65,3
1011.9,24.5,64,2.4
1012.2,23.8,64,1.9
1012.9,22.6,70,2.1
1013.5,21.4,79,1.8
1014.0,21.7,79,1.5
1014.0,21.5,79,1.6
1014.1,21.3,79,2.2
1013.8,21.1,82,1.3
1013.5,19.9,87,2.7
1013.3,19.1,89,1.4
1012.7,19.7,84,1.9
1012.5,19.1,88,1.8
1012.6,18.4,91,1.1
1013.1,18.4,89,0.9
1013.4,18.8,85,1.8
1014.1,21.1,75,1.1
1014.2,23.8,58,0.4
1014.4,25.7,54,1.1
1014.1,26.9,58,2.7
1014.0,26.3,68,2.8
1013.2,27.4,69,4.2
1012.5,27.8,56,3.5
1011.7,27.4,65,2.9
1011.5,26.6,67,2.7
1011.0,26.5,67,3.2
1011.2,26.2,70,3.5
1011.5,25.3,73,3.6
1011.9,24.4,78,2.9
1012.7,23.1,80,1.7
1013.1,22.4,83,1.6
1013.5,22.2,85,1.2
1013.2,21.4,91,1.6
1012.8,21.9,87,0.9
1012.5,21.8,86,1
1012.3,21.4,90,1.4
1011.9,20.8,92,1.1
1011.6,21.0,91,1.5
1011.8,20.5,91,1.5
1012.3,21.3,86,1.1
1012.8,23.5,79,0.3
1013.1,24.9,73,0.2
1013.1,26.0,67,1.5
1013.0,27.2,68,2.6
1012.7,27.3,70,3.2
1012.3,28.5,68,3.7
1011.6,28.7,63,3.4
1010.9,27.5,69,2.3
1010.4,27.9,68,2.7
1010.1,27.2,70,2.9
1010.1,26.5,72,2
1010.8,26.1,70,1.9
1011.5,25.7,70,1.5
1012.1,25.0,72,1.3
1012.8,23.8,79,1.1
1013.1,23.4,83,1.1
1012.9,23.7,82,1.2
1012.5,23.8,81,0.7
1011.9,22.7,87,0
1011.2,22.8,88,1.2
1010.4,22.8,88,0.4
1010.3,22.0,91,1.1
1010.5,21.5,91,1.5
1010.8,22.2,88,1.2
1011.3,23.1,86,0.4
1011.3,25.7,75,0.1
1011.2,27.1,74,1.8
1011.1,27.9,70,3.2
1010.7,29.2,69,2
1010.4,28.8,72,2.5
1009.3,27.1,78,2.8
1008.8,27.6,77,2.7
1008.3,26.9,80,2
1007.8,26.8,83,2.1
1008.1,26.8,84,1.9
1008.7,27.0,80,1.2
1009.6,25.8,84,1.7
1010.5,25.6,88,1.5
1010.4,24.7,86,3.6
1011.0,24.8,76,5.5
1011.2,24.3,78,2.3
1011.2,24.2,75,4.8
1011.1,23.8,75,3.2
1011.2,23.2,78,2.2
1010.9,22.8,77,1.4
1011.5,22.8,76,0.5
1012.0,22.5,81,1.6
1012.4,22.1,79,1.6
1013.2,22.1,84,0.7
1014.1,22.2,81,2.6
1014.5,22.1,81,3.5
1014.6,21.9,82,3.6
1014.6,21.9,81,4.8
1014.3,22.0,80,4
1013.9,22.2,76,4.6
1013.7,21.9,78,4.7
1013.5,21.4,80,4.8
1013.7,20.9,81,4.3
1014.2,20.1,89,3.4
1014.8,20.1,87,1.1
1015.3,20.0,87,1.7
1015.8,20.1,85,1.6
1016.5,19.9,85,2.2
1016.7,19.9,83,1.4
1016.6,19.9,83,1.2
1016.2,19.9,87,0.6
1016.0,19.6,88,0.9
1015.6,19.7,86,0.9
1015.4,19.6,89,1.1
1015.8,19.3,92,1.4
1015.8,19.1,93,1.5
1016.2,19.1,90,0.6
1016.8,19.5,90,0.8
1017.2,20.0,80,0.7
1017.5,20.6,79,1.4
1017.6,20.9,76,1.6
1017.3,20.8,75,0.3
1016.8,21.3,74,0.9
1016.2,21.3,75,0.1
1015.5,21.6,78,1.1
1015.1,21.6,78,1.2
1014.9,21.3,78,2
1014.6,21.2,81,1.6
1015.0,21.0,82,2.1
1015.1,20.8,83,1.2
1015.4,20.8,84,1.3
1015.8,21.1,82,0.9
1015.8,21.0,84,1
1015.5,20.9,84,1.1
1014.9,21.1,83,0.9
1014.3,21.2,83,1
1013.4,21.0,87,1.1
1013.0,21.1,83,0.2
1013.0,20.8,86,1.1
1013.1,20.7,85,1
1013.1,20.3,88,1.3
1013.3,21.9,82,1
1013.5,24.3,74,1.3
1013.5,25.1,70,1.1
1013.2,26.3,65,1.1
1012.4,27.2,65,2.8
1011.9,27.5,66,2.4
1010.9,27.7,68,2.3
1010.3,27.8,65,3.5
1009.7,27.0,70,2.1
1009.4,26.9,70,2.5
1009.3,26.3,73,3.1
1009.5,25.8,77,1.6
1009.8,24.2,85,1.5
1010.7,23.7,86,1.4
1011.0,23.2,86,1.5
1011.1,23.1,87,1.1
1010.8,22.4,90,1.2
1010.2,22.5,89,1.3
1009.6,22.1,92,1
1008.7,22.2,90,0.8
1008.2,21.5,93,0.4
1008.0,21.4,92,0.5
1008.1,21.1,94,0.5
1008.4,21.9,91,0.2
1008.4,24.3,83,0
1008.9,25.5,77,0.1
1009.2,27.1,68,0.6
1009.4,29.6,63,2
1009.0,29.4,63,2.8
1008.9,29.4,69,2.8
1008.3,29.1,71,2.7
1008.1,28.8,72,2.9
1007.9,28.2,78,4.4
1007.9,28.9,78,3
1008.0,28.1,81,3.2
1008.5,27.8,83,2.2
1008.8,26.9,87,1.4
1009.5,27.0,84,1.2
1009.9,26.1,91,0.6
1010.7,26.4,88,2
1011.8,24.3,85,6.8
1012.2,23.2,85,5.5
1013.2,21.7,88,5.4
1013.9,21.3,86,4.3
1014.2,21.3,82,3.8
1015.1,20.9,90,0.9
1015.8,20.5,90,1.9
1016.5,20.7,88,1
1017.8,20.8,88,0.5
1018.5,20.3,88,2.7
1018.8,19.9,89,3.3
1018.7,20.3,84,2.5
1018.3,21.7,75,3.7
1017.6,23.4,65,0.9
1017.0,23.8,62,1.5
1016.7,23.0,66,1.7
1016.3,21.9,77,0.5
1016.5,20.8,85,3.1
1016.9,20.1,86,3.7
1017.8,19.9,88,1.3
1018.9,17.8,87,2.6
1019.4,16.9,90,2.5
1019.4,16.8,92,1.5
1019.1,17.2,91,1.4
1018.3,17.2,93,1.3
1017.6,17.4,94,0.6
1016.8,17.8,93,1.7
1016.1,18.1,92,1
1015.1,18.2,94,1
1014.9,18.2,94,1.2
1014.8,18.6,92,0.9
1015.3,18.9,92,0.6
1015.6,18.9,95,0.7
1015.7,19.4,93,1.1
1015.9,19.8,90,1.3
1015.7,20.1,91,0.8
1015.5,19.9,87,2.1
1014.9,20.6,92,0.7
1014.3,20.4,90,0.1
1013.7,20.3,93,0.4
1013.4,20.0,95,0.4
1012.9,20.0,94,0.5
1012.7,20.0,95,0.2
1013.3,19.9,97,0
1013.3,19.9,98,0.5
1013.5,20.3,98,1.4
1014.1,20.3,98,1
1013.5,20.3,97,2.3
1013.2,20.6,97,1.2
1012.7,20.6,97,0.3
1011.9,20.6,97,1.1
1011.7,20.7,97,1.3
1011.1,20.6,97,1.3
1011.2,20.7,97,1.1
1011.4,20.6,98,1.1
1011.7,20.6,98,2.2
1012.2,20.8,96,0.7
1012.3,22.3,88,1.3
1012.2,24.1,81,1.1
1012.0,25.7,77,1.9
1011.9,26.9,73,1.4
1011.9,27.7,71,3.5
1011.5,27.8,74,4.9
1011.2,26.5,76,5.7
1011.3,26.2,76,4.5
1011.1,26.1,78,2.2
1011.2,24.9,82,2.7
1011.6,24.1,86,3
1012.1,23.9,87,1.4
1012.7,24.1,85,0.3
1012.9,23.9,89,1.4
1012.8,23.1,92,0.9
1012.6,22.6,92,1.3
1012.0,22.1,91,1.7
1011.6,21.5,93,1.5
1011.0,21.2,92,1
1010.8,21.5,93,1.5
1010.8,21.0,95,0.6
1011.2,20.8,94,1.2
1011.7,21.4,92,1.7
1012.1,23.6,84,0.1
1012.2,26.3,73,0.9
1012.2,27.9,71,1.4
1012.0,27.9,70,2.1
1011.6,28.5,69,2.5
1011.3,28.9,70,2.3
1010.6,29.1,72,3.4
1010.1,28.3,71,2.6
1009.7,28.9,74,2.8
1009.5,28.0,73,3.2
1009.6,27.1,78,2.6
1010.1,26.7,81,2.4
1010.5,26.2,82,2.6
1011.1,26.2,83,1.8
1011.7,25.7,83,1.6
1012.0,25.6,82,1
1011.8,25.4,85,1.4
1011.4,24.7,84,1.3
1010.9,24.3,87,0.5
1010.6,23.7,89,0.7
1010.5,24.0,86,0.4
1010.5,23.7,87,1.8
1011.2,23.8,85,0.3
1011.5,24.0,84,0.1
1012.1,26.3,77,0.5
1012.4,28.2,72,1.3
1012.8,28.7,67,0.9
1012.8,29.9,65,2.6
1012.8,26.9,80,6.7
1012.9,26.1,75,5.6
1013.0,25.7,76,4.8
1012.9,24.4,82,5.2
1012.9,22.9,92,4.8
1013.1,22.3,96,2.7
1013.6,22.2,95,2
1014.2,21.9,95,0.5
1014.8,21.7,96,1.2
1015.7,21.2,96,0.7
1016.4,21.0,95,1.2
1016.8,20.9,95,0.4
1016.7,20.7,96,0.6
1016.1,20.6,96,0.9
1015.8,20.5,97,0.8
1015.2,20.6,97,1.6
1014.9,20.6,95,1.5
1014.8,20.7,94,0.9
1015.2,20.6,96,0
1016.1,20.6,95,1.5
1016.4,20.5,95,1.5
1017.1,20.9,95,1.3
1017.6,21.0,94,0.5
1017.7,21.0,96,2.3
1017.5,21.3,90,5.7
1016.9,21.6,85,4.4
1016.4,21.2,84,3.4
1016.0,20.8,86,3.2
1015.6,21.0,86,1.9
1015.5,19.9,95,1
1015.8,19.9,96,0.8
1015.9,19.7,96,1.6
1016.3,19.7,96,1
1016.3,19.8,97,0.4
1016.5,19.9,98,0.7
1016.3,20.0,96,1.4
1015.6,20.1,97,1.3
1014.7,20.3,97,0.8
1013.9,20.5,96,1.2
1013.2,20.6,97,0.2
1013.0,20.5,97,1
1012.8,20.7,96,1.1
1012.9,20.8,97,0.1
1013.3,20.8,97,0.5
1013.4,21.6,92,0.8
1013.4,23.0,85,0.4
1013.8,23.9,88,1.2
1013.6,25.0,80,0.3
1013.2,25.6,77,0.3
1012.8,26.6,75,2.2
1012.3,25.9,79,1.6
1011.8,25.7,80,1.7
1011.5,25.6,81,0.5
1011.2,25.6,79,0.9
1011.5,25.7,82,1.6
1011.9,25.2,81,1.2
1012.3,24.5,87,0
1012.4,24.3,90,1
1012.5,24.1,90,0.5
1012.5,23.7,91,0.9
1012.2,23.5,91,0.7
1011.6,23.2,92,1.3
1010.7,23.1,94,0.8
1010.0,22.7,95,1.6
1009.7,22.4,94,1.5
1009.5,22.6,95,1.1
1009.6,22.2,95,0.3
1009.9,23.1,93,0.7
1010.2,24.3,89,0.3
1010.5,25.6,80,0.2
1010.3,28.5,71,0.9
1010.2,28.7,75,2.4
1010.0,29.7,73,2.1
1009.4,31.1,62,4.7
1009.1,30.0,68,2.8
1008.8,28.5,69,4.5
1008.9,27.3,69,3.5
1008.4,27.4,66,2.3
1008.5,27.8,61,1.5
1008.7,27.2,75,2.1
1009.2,26.2,77,1.9
1009.7,25.7,80,2
1009.8,25.5,82,1.2
1009.8,25.3,83,1.5
1009.4,24.4,88,0.9
1008.6,24.3,88,0.4
1008.1,24.0,89,1.1
1007.4,23.1,92,1.2
1007.5,22.9,94,0.9
1007.7,23.1,93,0.4
1008.0,22.8,94,1.1
1008.4,23.3,92,0
1008.7,24.4,89,0.4
1008.6,25.7,84,0.3
1008.6,26.5,78,1.5
1008.4,26.1,76,2.2
1007.9,27.7,76,2.9
1007.7,28.3,75,4.2
1007.0,26.7,78,3
1006.5,26.8,75,1.6
1006.2,27.0,72,2.1
1006.0,26.7,74,1.6
1006.3,25.6,80,1.5
1006.8,25.2,81,1.7
1007.4,25.4,79,1.1
1008.0,24.4,85,2.3
1008.7,24.5,85,0.8
1008.6,24.7,83,1
1008.0,24.7,81,1.7
1007.2,24.4,82,0.8
1006.2,23.8,88,0.5
1006.0,23.7,87,0.5
1006.0,23.3,91,0
1006.1,23.3,88,1.2
1006.7,23.2,83,1
1007.3,23.5,85,1.3
1007.5,24.3,86,1
1007.9,25.6,83,1.2
1008.1,26.6,78,0.9
1008.3,27.2,77,2.2
1008.4,27.1,73,2.3
1008.0,27.0,73,2
1007.4,26.6,77,0.7
1007.0,25.4,85,1.2
1006.7,25.2,87,0.6
1006.7,24.2,90,3.1
1007.0,23.4,96,1
1007.8,22.6,97,0.9
1007.5,22.3,97,1.8
1008.4,22.2,97,1.7
1008.6,21.4,97,2
1009.0,21.8,98,0.8
1008.7,21.7,98,1.9
1007.8,21.7,98,1.2
1006.8,21.8,98,0.9
1006.1,22.1,96,1.7
1006.4,22.1,98,1.9
1007.1,21.7,97,0.5
1007.3,21.8,97,2.3
1007.6,21.9,98,0.6
1007.9,21.8,96,0
1008.5,22.0,97,0.4
1009.3,22.7,95,1
1009.1,23.7,93,1.1
1009.1,24.0,89,0.9
1008.5,23.9,93,0.6
1007.6,24.1,94,0.2
1006.8,24.1,92,1.8
1006.4,24.4,91,0.7
1006.7,24.5,91,1.6
1007.1,24.3,90,2
1007.8,24.2,90,1.3
1008.4,23.8,94,2
1009.0,23.6,95,0.5
1009.6,22.8,96,1.7
1009.9,22.7,96,0.4
1009.5,22.6,94,1.2
1009.0,22.4,97,1.1
1008.8,22.1,94,1.4
1008.8,22.1,95,2
1008.5,22.4,93,1.5
1008.6,22.2,95,0
1009.4,22.1,95,0.9
1010.1,22.4,95,1.3
1010.6,23.2,92,1.8
1011.0,24.9,84,1.4
1011.1,25.8,80,1
1011.9,23.6,94,4.8
1012.3,23.1,92,4.1
1012.5,23.1,96,2.2
1012.0,22.7,96,2.4
1011.6,22.6,96,2.5
1011.5,22.4,98,1.6
1011.4,21.8,97,0.3
1011.4,21.7,97,2.1
1011.6,21.0,94,1.7
1011.7,20.9,94,1.5
1012.1,20.8,94,1.6
1012.7,21.3,93,0.4
1013.1,21.3,96,1.2
1013.2,21.8,94,0.9
1012.9,21.4,96,1.4
1012.9,21.6,97,2.6
1012.5,21.4,98,1.2
1012.5,21.2,97,1.5
1012.9,21.3,98,0.8
1013.4,21.0,98,1.5
1013.7,21.2,98,1.9
1014.3,21.6,96,2.2
1014.7,22.8,92,0.5
1014.9,24.2,83,0.5
1014.9,25.4,74,0.8
1014.9,25.7,72,2
1014.4,26.6,69,1.5
1014.1,26.7,65,2.9
1013.5,27.0,64,2.4
1013.3,25.2,71,0.8
1013.3,23.4,79,3.2
1013.5,23.7,78,1.8
1014.0,22.4,90,2.5
1014.3,21.4,96,1.4
1014.8,21.4,96,0.8
1015.3,21.2,95,1.6
1015.5,21.4,94,1.2
1015.3,21.9,92,0.5
1014.8,21.5,95,2
1014.4,20.8,96,0.5
1013.9,21.0,96,1.1
1013.5,21.3,96,0.2
1013.4,20.9,96,1.6
1013.6,21.1,96,0.3
1013.9,22.3,92,0.4
1014.4,24.1,84,0.9
1014.6,25.4,71,0.8
1014.9,25.8,71,1
1014.8,26.3,71,2.1
1014.3,27.3,63,3.8
1013.8,27.0,66,4.2
1013.3,26.9,65,3.9
1012.8,26.8,66,3.7
1012.5,26.7,64,3.2
1012.2,26.4,66,3.7
1012.2,26.0,69,2.8
1012.5,25.4,71,1.5
1012.6,24.4,73,1.4
1013.0,23.8,76,0.9
1013.5,23.1,85,1.3
1013.6,23.1,85,1.6
1013.5,22.2,89,0.9
1012.8,21.9,88,1.3
1012.1,21.8,88,0.6
1011.6,20.8,93,1.3
1011.4,20.5,94,0.3
1011.3,21.0,88,1.5
1011.6,20.5,90,0.8
1012.2,21.4,85,1.2
1012.6,23.0,80,0.1
1012.9,24.4,76,0.8
1012.9,26.1,71,1.3
1012.5,26.6,69,1.4
1012.4,27.1,64,2.2
1011.6,27.7,65,3.6
1011.0,26.9,68,3.6
1010.4,26.7,69,3
1010.1,26.8,69,2.6
1009.8,26.5,69,2.3
1009.9,26.1,70,2.5
1009.9,25.7,70,1.8
1010.4,25.6,72,1.8
1011.2,24.8,77,1.1
1011.9,24.7,77,1
1012.0,24.4,79,1.3
1011.8,24.3,78,1.3
1011.1,23.8,82,1
1010.2,23.2,84,1.4
1009.6,22.7,87,1.1
1009.0,21.9,87,1.4
1008.9,21.4,89,1.4
1009.1,21.8,88,1.2
1009.4,21.8,88,1
1009.7,24.0,78,0.2
1009.5,26.5,71,1.2
1009.6,27.4,71,2.4
1009.7,28.3,65,2
1009.4,28.2,67,2.7
1009.2,27.4,71,2.8
1008.8,27.7,71,2.9
1008.3,28.2,72,2.5
1008.0,27.3,74,3.4
1007.7,26.9,75,3
1007.9,26.7,76,3.2
1008.0,26.0,85,1.7
1008.2,25.1,87,2.2
1008.9,25.0,86,2.3
1009.3,24.9,87,1
1009.5,24.5,89,1.3
1009.3,23.4,92,1.6
1008.9,23.1,91,2.1
1008.2,22.6,91,2.1
1007.9,22.8,91,1.4
1007.7,22.6,91,1.5
1007.5,22.0,94,1.1
1007.6,22.2,92,1.7
1008.0,22.8,92,0.8
1008.5,25.2,81,0.1
1008.5,27.1,76,1.2
1008.7,28.4,72,2.1
1008.8,29.2,72,2.1
1008.8,29.0,73,3.3
1008.5,29.5,74,3.5
1007.9,29.8,70,3.9
1007.5,30.1,69,3
1007.2,30.2,70,2.5
1006.9,29.9,68,3.3
1007.1,28.6,77,3.4
1007.6,27.8,80,2.8
1008.0,27.1,83,2.3
1008.5,27.3,82,2.9
1009.3,26.7,84,1
1009.6,25.9,88,1.4
1009.5,25.2,89,1.2
1009.1,25.2,89,0.3
,,,
,,,
,,,
,,,
,,,
,,,
,,,
,,,
,,,
,,,
,,,
,,,
,,,
,,,
,,,
,,,
,,,
,,,
,,,
,,,
,,,
,,,
,,,
,,,
,,,
,,,
,,,
,,,
,,,
,,,
,,,
1010.4,21.2,93,0.8
1009.7,21.1,96,0.6
1009.3,21.1,96,1.1
1009.2,21.3,95,0.3
1009.5,21.0,96,1
1009.7,20.8,98,1.8
1010.2,21.8,97,0.9
1010.8,23.3,87,0.7
1011.2,24.9,82,1.6
1011.2,24.6,82,1.2
1011.2,25.1,84,2.7
1010.8,26.6,76,3
1009.9,28.0,70,2.9
1009.2,26.8,76,3
1008.6,26.6,76,2.5
1008.2,25.6,79,3.1
1008.1,24.9,83,2.6
1008.3,23.8,88,2.5
1008.9,22.8,94,2.1
1009.7,22.5,95,1.7
1010.8,22.3,96,1.6
1011.2,22.2,96,0.7
1011.4,21.9,96,1.9
1011.2,21.7,96,2
1010.7,21.7,96,2.2
1010.4,21.5,97,2.3
1009.9,21.4,98,2.6
1009.9,21.4,98,2.7
1010.2,21.7,97,2.8
1010.7,21.4,94,3.2
1010.8,21.9,87,3.9
1011.2,23.1,83,4.8
1011.3,24.6,80,4.4
1011.3,25.2,77,4.5
1010.9,25.3,75,5.2
1010.2,24.0,80,4.7
1009.6,23.7,82,4.4
1009.3,23.2,86,4.1
1008.9,21.8,95,3.9
1008.3,22.0,91,3.3
1008.4,21.4,95,4
1008.7,20.9,97,4.4
1008.9,20.9,97,3.5
1009.4,20.8,98,2.8
1010.0,20.8,98,2.7
1010.1,20.7,98,2.5
1009.8,20.8,98,2.5
1009.0,20.8,98,1.4
1008.6,20.8,99,1
1007.3,20.8,99,1.3
1007.2,20.8,99,0.5
1006.8,20.9,99,1.2
1006.6,21.2,98,1
1006.4,21.5,97,1.8
1007.0,22.0,97,1.6
1007.4,22.4,97,0.4
1007.3,23.5,91,0.3
1007.2,24.7,88,0.4
1006.8,25.0,88,1.5
1006.0,27.1,80,1.8
1004.9,27.8,82,3
1004.4,28.0,79,2.1
1003.4,27.5,83,4.2
1003.2,26.7,85,3.9
1002.7,25.0,91,4.3
1003.0,24.5,94,3.9
1003.5,24.3,95,3.3
1003.6,24.1,96,3.5
1004.4,23.8,97,2.6
1004.9,23.7,96,2.8
1004.9,23.6,96,2.6
1004.8,23.6,96,2.8
1004.3,23.5,96,3.7
1003.7,23.4,96,2
1003.3,23.3,96,2.8
1003.1,23.2,96,1.3
1003.4,23.1,96,1.6
1003.5,23.3,96,1.2
1004.1,23.8,97,2.6
1004.1,24.8,95,1.5
1004.6,26.0,89,1.9
1004.5,27.5,88,1.5
1004.5,28.3,84,1.7
1004.1,28.3,82,2.2
1003.8,26.5,90,2.2
1003.3,25.0,93,2.5
1003.1,25.0,93,3
1003.6,24.9,93,2.9
1004.2,25.2,89,1.5
1004.3,23.9,94,1.2
1005.7,23.5,94,1.4
1006.9,20.3,97,5.2
1007.9,20.0,97,5.7
1008.7,19.5,97,6.7
1009.0,18.9,98,6.3
1008.8,18.7,98,6
1008.6,18.6,98,4.3
1008.1,18.5,98,4.6
1008.0,18.3,98,3.8
1008.3,18.0,98,4.2
1009.1,17.7,98,4.2
1010.1,17.7,98,3.3
1010.6,17.7,98,4.5
1011.2,18.0,98,4
1011.9,18.3,96,3.1
1011.7,18.5,95,4.5
1011.6,20.3,88,3.8
1011.5,19.4,87,4
1011.1,19.6,86,3.3
1010.9,18.5,95,2.9
1010.9,17.9,98,2.9
1011.0,17.3,98,3.6
1011.0,17.3,98,3.4
1012.4,17.1,98,2.4
1012.6,16.8,98,3.5
1013.5,16.6,98,4
1014.4,16.8,98,2.1
1014.7,16.8,98,1.9
1014.7,16.6,98,3
1014.0,16.2,97,4.2
1013.3,16.2,94,3.7
1012.3,16.3,94,4
1012.3,16.6,91,3.7
1012.2,17.0,90,3.2
1012.3,17.2,86,3.8
1012.9,17.4,84,3.4
1013.9,17.8,82,4
1014.5,18.4,79,2.6
1015.2,19.2,76,3.2
1015.1,20.0,74,3
1014.9,21.2,70,3.7
1014.3,22.3,68,3.6
1013.4,22.7,68,3.8
1012.8,23.6,65,3.1
1012.4,23.3,67,2.8
1012.1,22.6,70,2.8
1012.2,21.8,73,3.3
1012.2,20.8,73,3.9
1012.8,19.1,80,2.9
1013.2,18.4,84,2.3
1013.6,17.9,89,2.4
1013.8,17.6,89,2.5
1013.5,17.3,91,3
1012.9,17.8,89,2.4
1012.4,18.0,87,2.1
1011.7,17.4,90,2.7
1011.3,17.4,89,1.7
1011.4,18.0,86,2.1
1011.6,17.4,88,1.8
1012.0,17.5,89,2.1
1012.9,19.2,82,2.3
1013.5,21.5,76,2.3
1013.5,23.1,69,2
1013.0,24.2,64,2.1
1012.7,24.0,65,1.2
1011.9,25.0,68,2
1011.1,25.3,70,1.8
1009.7,25.4,67,3
1009.1,25.2,68,3.2
1008.8,24.6,72,2.6
1008.5,23.7,76,2.6
1008.6,22.4,82,2.3
1009.2,21.6,86,2
1009.9,21.5,87,1.4
1010.4,21.5,90,0.9
1010.6,21.4,90,0.8
1010.7,20.7,92,0.6
1010.7,20.9,92,1.2
1010.5,20.6,95,1.1
1010.1,20.5,94,1.3
1010.0,20.1,97,2
1010.0,20.1,96,1.2
1010.1,19.5,96,1.5
1010.8,19.2,98,2.1
1011.6,20.5,97,0.4
1012.3,21.6,89,0.6
1012.8,22.2,85,0.4
1012.7,24.4,76,1.6
1012.4,23.3,79,2.5
1011.5,24.0,76,2.5
1011.0,25.2,74,1.3
1009.9,24.6,76,2.1
1009.1,24.8,75,0.6
1008.5,25.8,74,1.8
1008.6,24.0,76,2.7
1008.7,22.7,80,2.6
1009.0,21.8,84,2.5
1009.7,21.9,86,2.3
1010.2,21.7,91,1.9
1010.4,22.1,92,1.3
1010.4,21.7,95,1
1010.0,22.2,93,2
1009.7,22.1,93,2
1009.2,22.0,89,1.4
1008.9,21.6,92,3
1008.8,21.2,94,2.1
1009.1,20.4,97,2.4
1009.3,20.2,96,2.1
1010.0,21.8,92,0.3
1010.3,23.1,87,0.5
1010.8,24.2,86,1.7
1010.5,24.0,85,1.2
1010.2,24.8,82,1.1
1009.8,26.0,79,1.7
1009.0,26.3,78,1.2
1008.0,26.8,73,2.2
1007.3,26.7,76,2.6
1006.7,26.6,77,2.8
1006.5,25.5,81,2.8
1007.0,24.2,87,2.1
1007.6,23.5,90,2
1008.2,23.3,92,2.1
1008.9,23.2,93,1.5
1009.3,23.3,93,1.6
1009.2,23.5,91,0.9
1008.4,23.3,93,1.4
1007.9,23.1,95,1.8
1007.3,22.4,97,3.1
1006.9,21.4,98,2.7
1006.7,21.4,99,2.9
1006.9,20.9,99,3.6
1007.6,20.8,99,3.5
1008.1,20.4,99,4.2
1008.9,20.6,99,2.1
1009.0,21.2,99,2.7
1009.0,21.7,99,3
1008.9,22.1,98,3.2
1008.7,22.9,95,1.8
1007.7,23.4,90,3.2
1006.8,23.9,87,4.9
1006.7,22.6,91,4.7
1006.6,21.7,92,5.6
1007.5,20.9,93,5.6
1008.2,19.9,97,5.8
1008.7,19.4,98,5.5
1009.8,18.8,98,4.8
1010.9,18.4,98,4.3
1011.3,18.2,98,6.3
1011.4,18.1,98,5.5
1011.3,17.3,97,5.6
1011.3,17.2,96,4
1011.0,17.0,94,4.6
1010.7,16.8,95,4
1010.5,16.4,97,4.8
1010.7,16.2,98,5.5
1011.7,16.2,97,4.4
1012.6,16.1,97,4.2
1013.2,16.1,97,5
1013.8,17.0,93,5.1
1013.9,17.6,88,5
1013.9,18.2,87,4.7
1013.5,18.8,83,4.3
1013.0,19.4,81,3.8
1012.5,19.0,83,3.5
1012.1,19.0,83,3.9
1011.9,18.6,84,3.5
1012.1,18.6,83,3.7
1012.8,18.0,85,3.6
1012.9,17.6,88,3.9
1013.2,17.4,88,4.3
1013.8,17.5,87,3.4
1014.1,17.6,86,3.9
1014.2,17.6,86,3.2
1013.9,17.6,85,3.7
1013.4,17.6,85,4.2
1013.1,17.4,83,3.8
1012.7,17.4,84,4
1012.7,17.4,80,4
1013.1,17.4,77,3.9
1013.6,17.5,78,3.3
1014.4,17.8,78,3.4
1014.7,18.4,75,4
1014.7,19.6,72,4.1
1014.8,20.2,71,4.3
1013.9,22.2,65,3.9
1013.6,23.3,65,3.3
1013.1,24.3,63,2.8
1012.2,23.3,68,3.9
1011.3,23.2,61,5.7
1011.3,21.5,66,5.3
1010.8,21.2,67,5.2
1011.1,20.0,73,4.1
1011.6,19.3,75,3.8
1012.0,19.1,78,3.4
1012.5,19.3,81,3.1
1012.8,18.7,85,2.6
1012.9,18.9,83,2.3
1012.3,19.6,77,2.9
1011.4,19.0,80,2.1
1010.9,18.4,83,2.2
1010.9,19.1,80,1.8
1010.8,19.5,75,2.5
1010.6,18.8,79,2
1010.9,18.7,83,2.2
1011.1,20.8,73,2.4
1011.0,22.2,68,1.8
1011.2,21.8,70,1.9
1011.0,23.3,66,1.6
1010.6,23.1,68,1.8
1010.2,24.6,67,1.5
1009.5,24.8,70,1.8
1008.4,25.0,70,1.9
1007.8,24.0,74,1.2
1007.0,23.6,76,0.8
1006.7,24.4,76,1.9
1006.6,23.2,80,1.4
1006.9,22.8,86,1.1
1007.3,22.9,87,1.2
1007.8,22.4,90,1.1
1008.4,22.6,91,1.6
1008.3,22.5,92,1.9
1008.0,22.5,94,1.7
1007.6,22.3,95,1.7
1006.8,22.6,95,2.2
1006.0,22.6,95,2.4
1005.7,23.1,95,2
1006.4,23.1,95,2.3
1006.5,23.0,95,1.4
1007.1,23.8,94,1.5
1008.0,24.8,91,1.3
1008.1,25.9,87,1.6
1007.8,26.1,87,2.3
1008.5,28.4,79,1.6
1008.2,26.3,87,2.2
1007.6,25.8,78,5.7
1006.5,24.7,87,1.8
1006.4,25.4,81,3
1006.2,25.5,77,1.4
1006.0,24.9,84,2.2
1005.8,24.9,79,1.5
1007.0,24.4,86,3
1008.3,24.2,85,1.6
1009.1,24.5,80,2
1009.8,23.9,85,1.4
1009.9,23.9,82,2.5
1010.2,23.4,86,1.7
1010.6,22.9,79,2.6
1010.9,22.0,83,2.6
1011.5,21.4,83,3.6
1011.6,20.0,92,2.6
1011.9,19.9,94,3.5
1012.2,19.7,93,3.8
1013.1,19.8,91,4.7
1013.5,19.5,93,4.4
1014.9,20.1,86,4.5
1014.6,21.0,78,5.3
1015.0,21.7,77,4.8
1014.7,21.3,77,5.4
1014.3,22.1,71,4.6
1014.3,21.6,67,4.6
1013.9,21.6,65,4.6
1014.0,21.0,65,4.5
1013.6,19.2,73,4.8
1014.1,18.5,75,3.9
1014.6,18.7,65,3.6
1014.8,19.1,71,2.4
1015.2,19.4,59,3.1
1014.9,19.2,61,3.6
1014.5,19.2,61,3.9
1014.4,19.4,64,3
1013.5,19.3,64,3.6
1013.1,19.0,66,3.1
1012.8,19.0,66,4.2
1012.7,19.0,66,3.6
1012.5,18.9,68,3.3
1012.8,18.8,70,2.9
1012.8,19.1,69,2.6
1013.4,20.2,66,3.9
1013.4,21.1,62,4
1013.4,21.4,68,4.2
1013.6,21.5,68,3.6
1013.0,21.8,69,3.8
1012.4,21.6,72,4.2
1011.6,21.9,75,3.8
1011.3,21.6,77,3.6
1010.8,21.3,74,4.3
1011.2,19.7,88,3.7
1011.3,19.1,94,3.1
1011.5,18.4,97,3.2
1012.3,18.1,98,2.2
1012.4,18.0,98,2.2
1012.3,17.9,98,3.6
1012.2,17.7,98,3.4
1011.8,17.8,98,2.7
1011.0,18.0,96,2.5
1010.9,18.3,94,2.7
1010.4,18.0,95,3.1
1010.4,18.1,94,1.9
1010.9,18.5,92,1.8
1011.3,18.4,96,1.8
1011.9,18.9,94,2.8
1012.2,20.2,88,2.7
1012.4,21.9,81,2.5
1012.2,23.7,76,2.5
1011.8,23.6,73,2.8
1011.3,23.7,74,2.2
1010.6,25.9,73,2.6
1009.9,24.6,74,3.9
1009.6,24.4,75,4.5
1009.2,24.1,76,4.4
1009.0,22.8,81,4.9
1009.4,21.9,87,2.5
1009.5,20.9,92,2.5
1010.0,20.4,95,1.7
1010.6,20.1,96,2
1011.0,20.0,97,2.5
1010.9,19.9,97,2.4
1010.3,20.0,97,2.4
1010.3,19.9,97,1.7
1009.9,19.6,98,2.2
1009.9,19.8,98,1.8
1009.9,20.3,96,1.6
1010.1,20.5,95,1.3
1010.3,20.5,95,1.8
1010.8,21.6,92,1.2
1010.9,23.7,81,2.1
1011.0,23.8,81,0.7
1010.6,24.7,79,2.1
1010.4,24.5,79,1.5
1010.0,26.5,75,1.5
1009.1,26.2,75,2.6
1008.4,26.1,74,2.7
1008.0,26.1,77,2.8
1007.5,25.2,79,1.9
1007.2,24.8,82,3.4
1007.4,23.6,88,2.9
1007.6,23.0,92,2.1
1008.1,22.9,95,1.1
1008.6,22.8,95,1.4
1009.1,22.7,95,1.1
1009.1,22.5,96,1.4
1009.1,22.5,97,1.1
1008.8,22.5,97,0.8
1008.5,22.3,97,0.6
1008.5,22.5,97,0.7
1008.4,22.7,96,1.7
1008.7,22.2,97,1.3
1009.5,22.3,98,1.5
1010.0,23.2,98,1.6
1010.8,23.8,96,1.9
1011.4,24.2,91,2.3
1011.6,26.1,81,3
1011.5,24.4,88,3.7
1011.2,23.3,91,5
1010.8,23.3,90,5.1
1010.5,21.5,90,7.3
1010.5,20.5,87,6.8
1010.5,20.2,81,8
1011.3,19.5,83,5.7
1011.6,18.9,81,6.4
1012.4,18.2,85,6.2
1012.9,18.3,85,6.7
1014.2,18.3,84,6.3
1014.5,18.2,79,6.6
1014.3,18.1,73,6.6
1014.3,18.1,76,5.1
1013.6,17.9,74,5.3
1013.4,18.0,76,5
1013.1,18.2,74,5.9
1013.3,18.1,73,4.6
1013.1,18.2,71,4.5
1013.8,18.2,71,5.1
1015.0,18.4,71,5.4
1014.6,19.0,69,4.6
1015.2,21.0,63,5.5
1015.6,21.0,64,5.3
1015.3,21.4,60,4.2
1014.7,21.8,60,4.4
1014.1,21.2,60,4.1
1013.4,18.8,86,3.9
1012.8,22.5,66,5.8
1012.8,21.8,63,4.8
1012.7,21.5,64,4.2
1012.9,21.0,67,4.2
1013.1,20.1,72,3.9
1013.4,19.6,75,4.5
1014.1,19.5,76,5
1014.0,19.1,78,4.2
1014.0,19.1,79,2.6
1013.3,19.0,79,2.9
1012.8,18.8,82,2.1
1012.4,19.0,81,2.1
1011.9,18.7,82,2.2
1011.4,18.7,82,1.8
1011.7,17.6,90,2.1
1012.1,17.9,90,2.5
1012.4,20.3,79,2.4
1012.6,21.4,74,3.3
1013.0,22.4,74,2.6
1013.2,23.7,70,3.2
1012.8,24.1,69,2.6
1012.2,24.7,67,1.6
1011.6,24.6,71,2.5
1010.9,24.5,71,4.2
1010.5,25.0,71,4
1010.4,22.8,77,3.8
1010.2,23.0,76,4.2
1010.6,22.0,79,3.2
1011.0,21.0,85,1.8
1011.2,21.0,88,2.5
1011.9,20.5,90,1.8
1011.8,20.2,92,2.2
1011.5,20.2,93,1.4
1010.7,20.3,92,1.6
1010.2,19.6,94,1.6
1009.4,19.5,93,1.9
1009.2,19.1,95,2.6
1009.3,19.1,94,1.9
1009.8,19.4,92,1.5
1010.1,19.7,93,2.2
1010.3,21.3,86,1.9
1010.7,22.4,80,2.1
1010.9,24.1,80,1.8
1010.9,24.1,77,1.8
1010.4,24.9,79,1.6
1009.8,24.2,79,1.6
1008.9,26.3,77,2.1
1008.1,25.7,76,2.9
1007.4,26.4,75,1.7
1007.2,25.1,80,2.3
1006.9,24.0,84,1.8
1006.9,23.4,87,2.2
1007.1,23.1,90,2.5
1007.5,22.8,92,1.7
1007.7,22.9,93,1.6
1007.8,22.9,94,1.3
1007.6,22.7,95,1.4
1006.9,22.9,95,1.2
1006.3,22.8,96,1.1
1006.1,22.9,95,0.5
1006.2,22.8,95,1.2
1006.1,22.5,95,2.3
1006.0,22.3,96,2.6
1006.8,22.5,95,2.3
1007.1,23.0,95,2.6
1007.7,23.3,93,2.7
1008.0,23.8,90,2.8
1007.9,24.2,88,2.4
1007.5,24.2,87,1.1
1006.8,25.0,86,0.5
1005.8,24.9,86,1.3
1005.2,25.1,85,2.4
1004.4,25.2,83,1.4
1003.9,24.6,87,1.8
1004.1,24.5,88,2
1004.6,23.7,92,1.3
1004.9,23.5,94,1
1005.6,23.1,96,0.4
1005.8,22.8,96,1.4
1005.9,23.1,97,1.4
1006.2,23.0,97,1
1005.7,22.9,97,1.5
1004.9,22.8,97,1.2
1004.7,22.8,98,1.1
1004.4,22.8,98,1.6
1004.6,22.8,97,0.6
1004.7,22.8,98,1.1
1005.1,22.8,98,1.9
1005.5,23.2,97,1.2
1006.1,23.7,96,1.2
1006.5,24.0,92,1.4
1006.5,23.7,98,1.4
1006.4,23.6,98,2.6
1005.8,23.9,97,1.6
1004.9,23.5,98,2.8
1004.3,22.6,97,3.5
1004.0,22.9,97,3.7
1003.7,22.5,98,3.7
1003.6,22.1,98,4.6
1003.8,21.3,99,4.2
1004.1,21.0,99,4.2
1004.4,21.0,99,3
1004.6,20.9,99,3.3
1005.3,20.9,99,1.9
1005.1,21.0,99,2.7
1004.6,20.5,99,3.2
1004.1,20.5,99,3.1
1003.6,20.6,99,2.5
1003.8,20.6,99,2.8
1003.8,20.7,99,2.9
1003.1,20.8,99,4.9
1004.9,21.2,99,3
1005.5,21.4,99,1.9
1006.3,21.3,99,2.7
1006.3,21.5,99,2.6
1006.7,21.5,99,2.2
1006.8,21.5,99,2.1
1005.3,22.1,98,3
1004.8,22.2,97,0.7
1003.6,21.9,98,3.6
1004.0,22.5,98,2.9
1003.9,22.8,98,2.4
1004.2,22.7,98,0.2
1004.9,22.6,98,0.9
1005.5,22.6,97,0.5
1005.9,22.5,98,1.3
1006.6,22.5,98,1.8
1006.7,22.6,98,1.7
1006.6,22.7,98,1.1
1006.3,22.4,98,1.2
1006.5,22.6,98,1.4
1006.2,22.5,97,1.9
1005.7,22.5,98,1.9
1005.9,21.9,98,4.2
1006.3,21.3,98,4.6
1006.7,21.0,98,4.6
1007.7,20.9,98,5
1008.1,21.1,98,5.1
1008.8,21.1,98,5.3
1009.0,21.8,96,5.2
1009.2,23.0,91,4.3
1008.9,23.1,89,4.4
1008.0,23.1,87,4.8
1007.3,22.8,90,4.9
1006.9,22.8,91,3.4
1006.5,23.4,90,3.8
1006.5,23.5,90,3.3
1007.0,23.3,90,3.5
1007.5,22.7,89,4.5
1007.9,22.5,88,5
1008.5,22.4,87,4.5
1008.8,22.6,86,4.5
1009.4,22.8,84,4.3
1009.3,23.0,82,4
1008.6,23.2,80,4.3
1007.9,22.9,79,4.2
1008.0,22.8,79,3.8
1008.2,22.7,78,3.8
1008.3,22.8,77,4.6
1008.8,22.9,79,4.1
1009.2,23.3,79,5.1
1009.9,24.4,77,5.5
1010.2,25.0,77,5.9
1010.7,26.0,73,5.7
1010.7,27.0,67,5.9
1010.7,26.3,67,5.5
1010.4,26.1,71,4.5
1009.6,26.1,72,5.4
1009.3,26.8,66,5.2
1008.5,26.2,69,6.2
1008.8,25.3,72,5.1
1009.5,24.8,73,4.3
1009.7,24.4,73,4.8
1010.2,24.2,74,5.6
1010.9,24.0,74,5.8
1011.1,23.0,80,4.6
1011.3,23.3,78,4.6
1010.7,23.4,78,4.5
1010.2,23.4,77,4.8
1009.6,23.0,76,3.6
1009.5,23.1,74,4.7
1009.3,22.9,75,3.4
1009.8,22.8,76,3.2
1009.9,22.7,77,3.3
1010.3,23.1,77,3.5
1010.5,25.0,71,4.3
1010.7,27.0,68,4.6
1010.7,26.4,66,5.7
1010.4,27.4,62,6.3
1010.0,28.4,60,5.2
1009.8,28.3,60,5.7
1009.1,28.2,60,6.1
1008.9,28.7,56,7.7
1008.4,28.0,58,7
1008.2,26.9,56,6.2
1008.6,26.0,62,5.6
1008.7,24.6,65,5.7
1009.5,24.1,70,4.9
1009.8,23.9,73,5.3
1010.1,23.5,76,4.1
1009.8,23.4,75,5.5
1009.3,23.1,77,4.9
1009.2,22.6,79,3.4
1009.1,22.4,77,3.3
1008.8,22.2,75,2.8
1008.6,22.0,74,2.8
1008.6,21.5,78,2.4
1008.9,22.0,76,2.4
1009.6,23.7,68,2.7
1010.1,25.4,64,3.8
1010.0,26.2,63,4.3
1010.3,27.4,63,3.3
1010.0,28.1,61,3.7
1009.4,29.1,59,4.4
1008.5,29.6,57,3.7
1007.8,29.2,64,4.5
1007.4,28.2,68,5.3
1006.9,26.8,71,6
1006.8,26.0,75,5
1007.1,24.6,80,4.5
1007.8,23.5,86,4.5
1008.5,23.2,87,4.4
1009.2,22.9,90,1.4
1009.5,22.4,92,1.5
1009.4,22.3,93,0.3
1009.2,22.2,94,1.4
1008.4,22.0,93,1.7
1007.7,21.5,95,2.2
1007.4,21.3,95,2.2
1007.2,21.3,95,2.5
1007.2,21.3,96,2.1
1007.7,21.6,95,1.6
1008.5,23.6,89,0.2
1008.7,23.6,88,0.6
1009.0,24.5,86,1
1009.0,25.8,82,1.4
1008.4,26.3,80,1.7
1007.8,26.7,76,2.5
1007.3,28.3,71,1.2
1006.8,27.8,72,3.6
1006.3,27.2,77,1.5
1006.0,26.3,80,2.6
1005.7,25.2,86,2.6
1005.9,25.0,89,1.4
1006.1,24.0,93,1.9
1006.3,23.9,94,2
1006.3,23.8,95,2
1006.5,23.7,96,1.5
1006.6,23.6,97,1.4
1006.2,23.6,97,1.6
1005.9,23.6,97,1.6
1005.8,23.4,98,1.7
1005.4,23.4,98,1.6
1005.2,23.3,98,1.6
1005.5,23.6,98,1.3
1005.8,23.9,98,1.4
1006.3,24.2,96,1.4
1006.5,25.3,91,2
1006.8,26.2,90,2.2
1007.1,27.5,86,2.9
1006.9,27.6,87,2.8
1006.8,27.1,89,3
1006.1,29.5,81,2.8
1005.4,28.5,86,3.4
1005.0,27.0,88,3.6
1004.8,27.1,88,3
1004.6,26.3,91,2.6
1005.0,25.8,93,1.9
1005.3,25.2,96,2
1006.0,25.1,96,1.7
1006.7,25.0,97,2.2
1007.3,25.0,97,2.4
1007.5,24.9,98,3.3
1007.2,24.9,98,2.2
,,,
,,,
,,,
,,,
,,,
,,,
,,,
,,,
,,,
,,,
,,,
,,,
,,,
,,,
,,,
,,,
,,,
,,,
,,,
,,,
,,,
,,,
,,,
,,,
,,,
,,,
,,,
,,,
,,,
,,,
,,,
1007.0,22.9,91,0.3
1007.0,22.6,90,0.3
1006.8,22.2,92,1.2
1006.9,22.2,92,0.8
1006.9,22.1,92,1.5
1007.6,22.3,92,0.8
1008.0,23.8,88,0.8
1008.4,25.8,77,1
1008.6,27.2,70,1.5
1008.9,28.9,66,1.8
1008.6,29.7,65,1.6
1007.8,30.6,60,1.3
1007.3,29.7,67,3.8
1007.0,29.2,67,4.3
1006.3,29.2,67,3.4
1005.9,29.2,63,3.5
1005.8,28.9,59,2.5
1006.2,28.3,61,2.4
1006.6,26.8,65,1.7
1007.4,26.3,67,0.6
1008.3,25.9,71,0.1
1008.9,25.1,77,0.1
1009.1,24.8,78,0.7
1008.9,24.7,81,1
1008.4,24.7,81,1
1007.9,23.4,86,0.4
1007.7,22.8,83,0.7
1007.4,22.9,81,0.2
1007.8,22.3,86,0.6
1007.9,22.2,86,0.1
1008.5,23.8,87,1.5
1008.7,26.2,75,0.9
1008.6,28.1,60,0.6
1007.9,29.4,57,2.1
1007.3,30.3,54,2.2
1006.9,30.1,59,3
1006.1,31.0,55,2.8
1005.4,30.8,56,3.2
1005.1,30.1,56,3.8
1005.0,29.1,58,3.7
1005.4,28.3,60,3.1
1006.1,27.6,63,1.5
1006.5,27.1,69,1.5
1006.8,26.3,75,0.5
1007.1,25.5,78,0.5
1007.5,25.5,79,0.9
1007.2,25.1,78,0.1
1006.5,24.7,81,0.5
1006.0,24.3,82,0.8
1005.1,24.4,83,0.6
1004.6,24.0,86,0.4
1004.5,23.5,87,0.4
1004.7,23.7,84,0.8
1004.9,23.8,85,1.2
1005.3,25.0,81,0.1
1005.5,26.4,76,1.4
1005.4,28.5,66,1.3
1005.1,29.4,64,1.3
1004.2,31.7,54,2.9
1003.7,32.4,51,4
1002.9,33.4,49,3
1002.2,33.4,49,4.6
1001.8,32.9,53,4.2
1001.9,32.1,56,3.7
1002.0,31.0,57,2.8
1003.0,28.8,67,2.1
1003.5,27.7,73,1.8
1003.8,27.1,77,1.6
1004.1,26.8,80,1.9
1004.3,26.7,79,2.1
1004.4,26.5,77,2
1004.2,26.1,80,1.7
1004.0,25.5,84,1.7
1003.5,25.5,85,1.4
1003.1,25.6,82,2
1003.7,25.6,81,1.1
1003.4,24.7,93,0.8
1003.6,24.7,95,0.1
1003.7,25.2,90,1.6
1004.0,25.9,85,2.3
1004.0,26.9,82,2.3
1003.9,28.6,75,2
1003.8,29.3,68,2.2
1003.5,30.3,63,1.8
1003.1,29.3,65,2.7
1002.5,29.5,61,1.8
1002.0,29.5,64,2.1
1002.5,28.8,67,2.6
1003.2,28.2,66,2.4
1003.8,27.0,73,2.1
1004.5,26.2,77,1.8
1005.2,26.0,79,1.2
1005.9,25.6,81,1.1
1005.9,26.2,74,1.2
1006.1,26.2,71,1.5
1005.5,26.2,69,1.6
1005.1,26.1,67,0.9
1005.3,23.8,94,1.7
1004.8,23.4,95,0.5
1004.9,23.2,94,0.3
1005.2,23.5,96,0.6
1006.1,23.2,96,1.3
1006.9,22.6,96,1.5
1007.2,23.0,94,1.1
1007.9,23.1,93,1.7
1007.4,23.6,90,1.5
1007.8,22.6,91,3.3
1008.0,22.0,98,0.7
1008.0,21.9,97,1.4
1007.2,21.4,97,1.5
1006.3,21.7,94,1.8
1006.7,22.2,95,1.9
1007.1,21.5,97,0.9
1007.9,21.4,98,1.4
1009.0,21.0,98,1.2
1009.6,21.1,99,1.7
1010.2,21.0,99,1.7
1010.7,21.0,99,1.7
1010.2,20.7,99,1.9
1009.8,20.5,99,1
1008.9,20.4,99,1.4
1007.7,20.3,99,2
1008.4,20.2,99,2.4
1008.0,20.6,99,0.4
1008.8,19.9,99,0.7
1008.8,20.1,99,1
1009.6,20.4,99,0.5
1010.1,20.5,97,0.3
1010.6,21.5,94,0.6
1010.5,22.0,94,0.6
1010.5,23.1,89,0.2
1010.4,23.6,87,0.6
1009.8,23.4,86,1.7
1009.0,23.5,86,1.8
1008.7,23.6,84,1.3
1008.5,23.6,81,1.5
1008.7,23.9,79,0.7
1009.0,23.5,81,0.1
1009.5,23.2,85,0.8
1009.8,22.9,85,0.7
1010.0,22.4,86,1.4
1010.1,22.0,88,1
1009.6,21.8,90,0.5
1009.1,21.9,92,0.2
1008.7,21.6,93,0.5
1008.2,21.1,94,0.9
1008.0,21.1,95,0.4
1008.1,20.8,94,0.4
1008.3,20.3,96,0.7
1008.6,20.0,96,1.4
1009.1,21.6,93,0.4
1009.3,23.7,84,0.5
1009.6,25.2,76,1.5
1009.3,26.5,71,2.1
1009.1,27.5,62,3.2
1008.4,28.0,56,3.1
1007.5,28.7,49,3
1006.5,29.5,51,2.2
1005.9,29.0,52,3.4
1005.6,28.7,54,3.4
1006.1,27.5,56,2.8
1006.4,26.2,60,2.3
1006.9,24.6,66,0.9
1007.4,23.3,76,0.3
1007.7,22.3,82,0.9
1008.1,21.9,86,0.6
1007.9,21.1,88,0.2
1007.8,20.3,90,0.4
1008.0,20.9,87,1.1
1008.0,20.4,91,0.5
1007.7,20.4,93,0.2
1007.8,20.2,92,1.5
1008.1,19.8,94,0.5
1008.7,20.0,94,1
1009.3,22.9,83,0.1
1009.6,25.4,67,0.8
1009.8,26.2,67,1.5
1009.9,27.0,63,1.5
1009.3,28.1,58,1.5
1008.7,29.0,54,1.5
1008.1,28.1,59,3.1
1007.3,28.9,55,3.4
1006.4,28.7,57,2.1
1006.3,27.7,55,3.4
1006.5,27.0,56,3.1
1006.9,25.6,61,1.6
1007.6,24.9,61,0.6
1008.1,23.1,72,1.2
1008.0,22.3,77,0.6
1008.2,22.8,74,0.5
1008.3,22.2,76,1.4
1008.2,21.6,78,1.3
1007.9,21.7,78,1
1007.5,21.2,83,0.8
1006.8,21.0,84,1
1006.9,20.4,89,0.6
1007.0,20.2,89,0.1
1007.2,21.0,84,0.5
1007.8,23.1,71,0.6
1008.4,24.8,66,0.4
1008.1,27.7,59,0.6
1008.0,29.5,47,1.4
1007.7,29.4,48,1.7
1007.1,30.2,45,3.1
1006.4,29.7,46,3.1
1006.0,29.0,53,2.6
1005.4,29.4,54,3.1
1004.6,30.0,47,2.1
1004.5,29.3,47,2.5
1004.9,28.2,50,1.7
1005.6,27.1,49,1.2
1006.5,25.8,52,0.8
1007.1,24.4,66,1.1
1007.5,24.4,68,0.1
1007.2,23.5,74,0.2
1006.3,23.4,74,0.3
1005.9,23.8,75,0.9
1005.2,23.2,80,0.4
1004.7,23.0,81,0.8
1004.6,23.1,79,0.5
1004.8,23.0,79,0.5
1005.4,22.5,83,0.3
1005.9,25.1,75,0.1
1006.6,26.8,64,1.3
1006.8,28.6,58,1
1006.7,29.1,61,0.8
1006.3,29.1,61,1.2
1005.7,29.1,62,0.5
1004.7,30.2,60,1.4
1004.6,28.6,72,3
1005.2,26.1,84,3.8
1004.4,26.4,83,3.1
1004.6,27.0,77,2
1005.9,26.7,81,1.7
1006.6,26.0,85,1.9
1007.5,25.9,86,1
1008.4,25.1,88,1.8
1008.8,24.5,91,2.6
1008.8,24.3,91,1.4
1008.3,23.6,93,1.8
1007.3,23.3,95,0.4
1007.0,22.6,95,2.2
1006.7,22.2,95,1.2
1006.5,22.2,94,1.4
1006.8,21.8,92,2.1
1007.5,21.3,94,0.9
1008.0,21.3,92,1.7
1008.8,21.7,89,2.5
1009.0,22.1,87,1.9
1009.4,22.0,86,2.9
1009.4,22.2,85,2.4
1009.4,21.2,96,2.6
1009.0,20.6,96,2.4
1008.6,21.0,94,2
1008.0,21.7,92,2.2
1008.0,21.7,91,2.4
1008.1,21.3,88,3
1008.6,21.2,87,1.6
1008.9,20.4,88,1.8
1009.5,20.4,89,1.8
1009.6,20.5,87,1.9
1010.0,20.0,88,1.1
1009.9,20.2,88,0.3
1009.6,19.8,88,1.5
1009.3,19.6,89,1.6
1008.6,19.5,90,1.4
1008.4,19.8,90,0.5
1008.4,19.6,92,1.5
1008.5,19.7,91,1.1
1009.2,19.6,89,1.7
1009.7,19.9,88,1.6
1009.9,21.0,84,1.5
1010.2,22.4,80,1.4
1010.3,23.7,77,1.6
1009.9,24.9,74,1.3
1009.5,25.8,71,1.2
1008.6,27.8,65,1.1
1007.8,28.2,64,1.8
1007.6,27.9,63,2.5
1007.2,27.0,67,2.4
1007.1,26.6,69,2.4
1007.5,25.7,72,2.1
1007.8,24.5,77,1.2
1008.3,24.2,80,1
1008.9,24.0,80,1
1009.2,23.8,82,0.1
1009.3,23.8,82,0.8
1009.0,23.5,86,0.4
1008.5,23.3,88,1.2
1008.0,23.4,88,0.8
1007.7,23.1,90,0.8
1007.5,22.8,91,0.1
1007.5,22.4,93,0.1
1007.9,22.1,94,0.8
1008.4,23.3,90,0.9
1008.6,24.2,86,0.3
1008.6,26.2,76,1
1008.2,27.6,68,1.4
1007.3,28.8,67,1.2
1006.9,29.9,63,1.6
1006.3,29.3,66,2.9
1005.7,29.4,62,3.2
1005.2,29.7,62,2.4
1004.6,29.4,63,2.1
1004.4,29.3,64,2.6
1004.9,27.7,69,1.9
1005.5,26.1,76,0.5
1006.3,25.4,80,0.1
1006.7,24.9,84,1.1
1007.0,24.9,83,0.5
1006.7,25.1,82,0.3
1005.9,24.4,86,0.9
1005.4,24.2,87,0.6
1005.2,23.7,90,0.2
1005.0,23.5,91,0.2
1004.8,23.6,91,1
1004.7,23.4,91,0.2
1004.9,23.3,92,0.2
1005.3,26.0,85,0.6
1006.0,28.4,73,1.7
1006.6,29.4,72,2.2
1006.8,29.9,70,2.6
1006.1,32.0,65,2.6
1005.8,32.5,62,3
1005.3,32.1,63,2.8
1004.9,32.3,61,3.6
1004.4,30.7,67,4.2
1004.0,30.2,71,2.7
1004.1,30.4,69,1.1
1005.1,29.5,74,1.1
1005.6,28.0,84,1.1
1006.0,27.4,85,1.3
1006.0,27.3,87,0.2
1006.7,26.9,89,1.9
1007.3,26.2,90,2
1007.7,26.1,90,2.4
1007.3,25.9,87,2.2
1007.1,25.3,87,1.6
1007.1,24.9,88,1.5
1007.4,24.6,89,1.8
1007.7,24.1,88,1.8
1008.0,23.7,84,0.9
1008.0,25.2,80,1
1008.2,24.8,76,3
1008.8,26.0,65,3.5
1008.4,26.7,67,2.4
1008.8,26.1,65,4
1008.6,27.7,60,3.4
1008.0,28.3,57,2.9
1007.6,28.0,54,2.4
1007.1,27.1,53,1.7
1007.4,26.1,54,2.7
1008.0,25.5,59,2.9
1008.8,24.2,67,3.3
1009.4,23.2,76,1.7
1009.9,22.1,84,2.6
1009.1,22.2,87,0.3
1009.4,21.6,89,2.7
1009.9,20.9,92,1.4
1009.4,20.7,93,0.8
1009.1,21.2,93,0.4
1008.4,21.3,96,1.3
1007.9,21.5,95,0.9
1008.2,21.8,95,0.7
1008.6,21.5,95,2
1009.1,21.0,95,0.9
1009.3,21.5,93,0.9
1009.7,21.9,94,1.3
1009.9,22.3,93,1.5
1010.0,22.5,93,0.5
1009.9,22.5,95,1.1
1009.6,23.1,88,0.2
1008.9,23.6,92,1.5
1008.2,22.9,93,1.5
1007.9,22.6,93,1.9
1007.7,22.0,96,2
1008.0,21.2,97,0.9
1008.5,20.8,98,0.6
1008.8,20.8,99,0.4
1008.7,21.0,99,0.4
1008.0,21.1,97,1.3
1009.3,21.3,98,1
1008.5,21.1,98,1.7
1007.7,21.2,98,2.7
1007.5,21.3,99,1.7
1007.7,21.1,99,1.9
1007.5,21.1,99,1.3
1008.1,21.2,99,0.5
1008.3,20.9,99,2
1008.6,20.9,98,1.8
1008.7,21.7,94,1.7
1008.4,22.5,89,3
1008.5,24.6,79,1.9
1008.4,26.0,79,2
1008.0,26.8,74,2.7
1007.3,28.7,66,2.4
1006.7,29.1,70,3.3
1006.3,28.8,71,3.5
1006.0,29.2,68,3
1005.7,28.6,68,3.3
1005.6,27.9,72,3.4
1006.0,27.0,73,2
1006.3,25.6,82,1.1
1006.9,25.0,85,0.9
1007.2,24.2,88,0.8
1007.6,24.2,89,0.5
1007.6,23.6,92,0.1
1007.2,23.5,93,0.2
1006.7,23.3,94,0.1
1006.6,23.3,95,0.6
1006.6,23.2,96,0.1
1006.7,23.2,96,0.1
1007.0,22.9,97,0.4
1007.6,22.7,98,0.4
1008.3,23.3,96,0.4
1008.3,24.6,90,0.3
1008.3,27.2,78,0.4
1008.0,28.0,73,1
1007.4,29.3,67,1.3
1006.5,30.6,62,1.4
1005.6,30.8,63,1.5
1004.9,31.0,64,2.1
1004.8,30.2,69,3.4
1004.8,29.5,67,3.2
1005.2,27.9,73,2.3
1005.8,26.6,78,2
1006.3,26.2,78,1.1
1006.9,26.1,80,0.3
1006.9,25.5,83,0.9
1007.3,25.0,86,0.1
1007.2,24.8,89,0.1
1006.7,23.9,92,0.7
1006.5,24.3,86,0.7
1006.3,24.3,87,0.6
1006.4,24.5,88,1.1
1006.7,24.0,87,0.6
1007.2,23.5,91,0.6
1007.1,23.6,90,0.9
1007.8,24.4,87,1
1008.1,26.9,77,1.7
1008.6,27.2,74,2.4
1008.7,29.3,62,1.8
1008.1,29.7,62,1.2
1007.4,30.4,62,2.6
1006.9,31.0,60,2.5
1006.0,31.0,61,3.1
1005.6,30.8,58,3
1005.3,29.8,62,3.2
1005.7,29.2,67,3.7
1006.1,27.2,75,3.6
1006.8,26.1,78,2.3
1007.4,24.4,80,2.4
1008.0,24.2,81,1.7
1008.7,23.1,83,2.6
1008.8,22.9,82,2.2
1008.5,22.4,84,1.6
1008.2,22.2,84,1.6
1008.0,22.4,83,1.3
1007.8,22.3,83,1.7
1007.7,21.7,85,1.4
1008.5,22.0,84,1.5
1008.7,22.0,84,1.4
1009.2,22.2,84,2.2
1009.5,23.0,81,2.1
1009.9,23.7,78,2.7
1009.7,25.8,72,2.9
1009.2,26.8,69,3.1
1008.4,28.5,67,2.3
1007.7,28.8,66,2.7
1007.6,27.7,68,3.4
1007.3,27.2,67,3.2
1007.2,26.1,72,3.1
1007.2,25.7,72,3.1
1007.6,24.7,74,1.9
1008.0,23.3,78,2.4
1008.4,23.2,79,1.2
1008.8,22.7,81,2.1
1009.2,22.2,83,2.1
1009.1,22.2,83,1.4
1008.8,22.2,84,1.2
1008.1,22.2,84,0.3
1007.7,22.2,85,0.9
1008.1,22.2,87,0.9
1007.6,22.1,88,0.5
1007.7,22.0,88,0.2
1008.0,22.2,87,1.2
1008.0,23.3,84,0.2
1008.2,25.5,76,1.2
1008.8,26.0,72,2
1008.8,27.1,68,1.4
1008.6,28.5,66,1.4
1008.0,29.2,63,1.2
1007.4,28.9,72,4.5
1006.8,28.4,72,4.1
1006.4,28.3,72,3.2
1006.4,27.1,77,4.4
1006.8,25.9,80,4.4
1007.0,24.7,85,2.2
1007.2,24.5,87,1.8
1007.9,24.2,88,1.9
1008.1,23.8,89,1.4
1008.2,23.7,90,1.2
1008.1,23.6,90,0.7
1007.6,23.3,92,1.1
1006.8,23.4,91,0.4
1005.8,23.6,90,0.8
1005.8,23.6,91,1.1
1005.8,23.3,92,1.3
1006.5,23.2,93,1.3
1006.9,23.5,92,0.5
1007.6,23.9,91,1
1008.2,24.3,88,0.6
1007.7,25.2,85,0.4
1007.7,27.5,76,0.3
1007.1,29.4,67,1.6
1006.4,30.7,68,1.3
1005.5,31.4,63,2
1005.2,29.4,71,3.9
1004.8,28.4,72,3.9
1004.7,27.4,75,2.5
1004.7,27.3,74,2.5
1004.7,27.1,73,1.8
1004.9,26.3,78,1.9
1005.1,24.9,85,0.9
1005.3,24.9,85,1.1
1005.2,24.5,88,0.2
1005.0,24.1,90,0.5
1004.1,23.8,91,0.1
1004.0,23.6,92,0.6
1003.7,24.0,90,0.6
1003.6,24.3,90,0.4
1003.7,24.1,91,0.5
1004.2,24.2,92,1.1
1004.2,24.2,93,0.4
1004.6,24.8,91,1.3
1004.8,25.6,86,1.2
1005.1,27.8,75,0.9
1004.7,28.1,74,1.5
1004.0,28.8,68,1.3
1003.2,30.3,65,1.2
1002.4,30.1,66,2.7
1001.7,29.6,64,2.2
1001.6,29.2,64,3
1001.4,28.4,67,3.1
1001.5,28.0,69,3.3
1001.8,27.4,69,1.8
1002.2,26.9,69,1.1
1002.9,25.7,80,1.4
1003.1,25.3,85,1.3
1003.8,24.9,87,1.2
1003.4,25.1,86,0.4
1003.0,24.6,87,0.7
1002.5,24.2,90,1.4
1002.1,24.4,89,1.2
1002.0,24.2,91,0.9
1002.4,24.2,90,0.1
1002.6,24.3,91,0.5
1003.2,24.5,90,0.4
1003.7,24.9,89,0.9
1003.7,25.8,84,1
1004.0,26.7,80,1.3
1004.3,27.2,77,1
1004.4,27.8,74,0.8
1003.6,28.1,75,2.1
1002.5,29.4,67,1.9
1001.8,29.1,69,1.6
1001.2,29.2,67,2.9
1001.4,28.2,72,3.3
1001.1,27.9,73,2.9
1001.4,27.0,73,1.2
1001.4,26.6,78,0.1
1001.7,26.2,80,0.6
1002.1,25.9,82,0.5
1002.6,25.7,85,0.5
1002.3,25.2,88,0.3
1001.7,24.8,90,0.1
1001.5,24.9,90,0.8
1001.4,25.1,90,0.6
1001.1,25.5,86,1.8
1001.6,25.6,86,1.1
1001.8,25.7,85,1.3
1002.4,25.5,88,0.8
1002.9,26.1,86,0.2
1003.8,26.8,81,0.5
1004.5,27.2,80,0.5
1004.3,27.1,81,0.5
1004.0,27.1,85,1.6
1003.5,26.3,87,2.3
1002.7,25.3,86,2.2
1003.2,23.9,95,2.7
1003.0,23.4,95,1.9
1003.1,24.1,96,2
1002.4,23.8,95,2.5
1003.0,23.9,96,0.9
1003.7,24.0,97,0.8
1004.4,23.2,97,1.7
1004.7,23.7,91,1.4
1004.8,23.6,96,0.2
1004.7,23.3,91,0.4
1004.1,23.0,96,1
1003.7,22.8,94,1.5
1003.8,23.1,95,0.4
1003.3,22.9,94,0.9
1003.5,22.9,97,0.9
1003.9,23.1,95,0.3
1004.4,23.0,96,0.7
1004.9,24.2,90,1.4
1005.4,25.7,84,0.7
1005.4,26.8,80,1.6
1005.4,28.4,66,1.9
1005.5,28.8,69,1.8
1004.9,30.7,59,1.6
1003.9,31.3,61,3.2
1003.2,31.1,67,3.9
1002.7,29.8,68,3.3
1002.4,28.7,78,3.3
1002.6,28.6,74,3.3
1003.1,27.7,80,2.1
1003.5,26.8,83,0.7
1003.8,26.6,85,0.2
1004.4,26.1,89,0.6
1004.9,25.7,91,0.8
1004.8,25.4,92,0.4
1004.8,25.4,92,1.2
1004.5,25.5,85,2.8
1004.1,25.2,86,1
1004.2,24.9,88,0.8
1004.4,24.6,91,0.3
1004.6,24.3,91,0.1
1004.9,25.1,89,1
1005.4,27.3,76,1.1
1005.6,28.5,65,1.1
1006.0,29.2,66,1.3
1006.2,30.1,61,1
1006.2,30.6,61,0.8
1005.8,31.2,56,0.9
1005.4,31.6,59,1.7
1004.7,31.1,66,3.2
1004.5,31.0,63,2.8
1004.3,30.3,62,1.6
1004.6,30.1,64,1.2
1005.2,28.9,69,1.6
1005.6,27.7,71,1.9
1005.9,27.5,74,0.8
1006.3,27.0,78,0.5
1006.6,26.6,79,1.2
1006.8,26.5,79,1.4
1006.8,26.1,80,1.3
1006.5,26.0,78,1.4
1005.8,25.7,80,1.3
1005.5,25.5,79,0.7
1005.4,24.7,85,1
1005.8,24.3,88,0.1
1006.1,24.6,86,0.3
1006.7,26.4,76,1.2
1006.7,27.8,69,1.1
1006.7,29.3,66,1.2
1006.4,30.1,62,1.3
1006.0,31.2,57,1.2
1005.6,31.8,60,1.8
1005.1,31.5,65,3.5
1004.8,30.8,69,3.6
1004.4,30.2,68,3.4
1004.3,29.8,65,2.7
1004.1,29.6,65,1.6
1004.6,28.6,70,1.4
1004.8,27.6,76,1.7
1005.3,27.2,80,0.8
1005.9,27.2,81,1.3
1006.3,26.9,83,2.3
1006.5,26.0,81,1.3
1005.8,25.7,84,1.6
1005.1,25.3,86,0.9
1004.9,24.9,88,0.6
1005.1,24.6,89,0.8
1005.1,24.9,85,1.4
1005.2,24.8,84,1.5
1005.5,24.7,86,0.6
1005.9,26.0,81,0.2
1006.3,27.8,72,2.1
1006.5,30.2,65,2.2
1006.7,30.2,64,1.8
1006.7,31.2,64,1.3
1005.9,32.3,58,1.7
1005.2,32.4,57,2.1
1004.5,31.2,65,3.1
1004.1,31.2,66,3.1
1003.9,30.3,68,3.3
1004.1,29.6,68,2.3
1004.4,28.0,73,1.3
1005.0,26.8,76,1.3
1005.8,26.7,77,0.3
1006.0,26.2,81,0.3
1006.3,25.8,84,0.9
1006.1,25.6,83,1.1
1005.6,25.4,84,1.3
1005.5,24.9,86,1.5
1005.1,24.9,86,1.1
1004.7,24.7,86,1.6
1004.9,24.7,84,1.9
1005.1,24.3,85,1.9
1005.4,24.4,86,0.9
1005.4,26.4,75,2.4
1005.7,27.8,70,2.5
1005.8,29.3,64,2.3
1005.9,30.0,64,2.3
1005.7,30.0,66,2.5
1005.5,28.6,74,2.7
1005.0,29.5,69,2.7
1004.4,29.1,70,3.4
1004.0,29.8,68,2.1
1003.8,28.9,71,2
1003.9,28.6,71,2
1004.2,28.1,72,1.8
1004.6,27.5,75,1
1005.1,26.2,79,1.9
1005.3,26.0,79,0.7
1005.1,25.2,84,0.1
1004.8,24.8,85,1.4
1004.5,24.6,88,0.4
1004.2,24.7,88,1.2
1003.7,24.3,90,1
1003.8,24.1,90,1.7
1003.8,23.6,90,0.3
1004.4,23.4,89,1.6
1004.7,24.0,85,0.9
1005.2,26.0,79,0.5
1005.3,27.4,72,1.2
1005.3,28.9,71,2
1005.3,30.3,64,2
1005.3,31.2,61,2.1
1004.8,32.1,58,1.7
1004.1,32.1,63,2.3
1003.6,32.5,61,2.6
1003.6,32.0,60,2.9
1003.5,31.2,66,2.7
1003.7,30.0,72,2.2
1004.2,29.3,74,2.1
1004.6,28.4,77,1.8
1005.1,27.5,83,0.6
1005.5,27.0,82,0.6
1006.0,26.7,85,0.5
1006.2,26.7,87,0.9
1005.8,26.9,84,0.9
,,,
,,,
,,,
,,,
,,,
,,,
,,,
,,,
,,,
,,,
,,,
,,,
,,,
,,,
,,,
,,,
,,,
,,,
,,,
,,,
,,,
,,,
,,,
,,,
,,,
,,,
,,,
,,,
,,,
,,,
,,,
1008.0,20.8,95,0.6
1008.1,21.0,93,0.6
1007.6,21.2,91,0.4
1007.8,20.5,94,0.4
1008.1,21.1,93,0.5
1008.7,20.7,95,0.1
1009.2,21.9,92,0.4
1009.4,24.8,83,0.6
1009.3,26.7,76,1
1009.7,27.4,76,1.6
1010.1,27.0,79,1.7
1009.8,26.1,83,2.4
1009.4,25.6,83,1.3
1008.8,26.2,80,1.8
1008.2,26.7,75,1.7
1007.8,26.7,69,1.2
1007.7,26.3,65,1.4
1007.7,26.1,70,1.4
1007.9,25.2,75,1.9
1008.2,23.0,84,0.7
1008.9,22.4,88,0.5
1009.6,21.7,89,0.1
1009.8,21.5,90,0.6
1009.5,21.5,90,0.1
1009.1,21.8,88,0.9
1008.8,22.7,85,1.9
1008.8,23.2,91,1.6
1008.7,23.3,94,1.3
1008.8,22.7,95,1
1009.0,22.2,95,0.9
1009.4,23.2,93,0.8
1010.1,24.1,88,0.7
1010.1,25.6,80,0.4
1009.3,27.3,71,1.4
1008.9,28.2,70,2
1008.5,27.5,71,1.8
1007.5,28.6,67,1.5
1006.8,28.4,67,1.9
1006.6,28.7,64,2
1006.2,28.2,67,1.2
1006.4,27.1,74,0.6
1006.6,26.9,77,0.8
1006.9,26.1,81,1.9
1007.5,25.6,85,1.3
1008.1,25.3,87,1.7
1008.7,25.3,87,1.9
1008.1,24.5,88,0.8
1007.7,24.8,87,0.7
1006.9,23.5,91,0.1
1006.1,23.6,90,1
1005.5,22.6,93,0.5
1005.2,22.6,91,0.4
1005.3,22.5,93,0.3
1005.8,22.8,93,0.1
1006.0,24.0,89,0.3
1006.1,24.9,87,0.8
1006.1,26.4,82,1.5
1005.7,28.6,66,3
1004.7,30.8,53,6.2
1004.2,30.9,63,4.5
1003.1,31.3,62,4
1002.8,29.1,68,5.7
1002.2,29.9,66,6.1
1001.8,30.5,62,6.4
1002.0,29.4,67,5.4
1002.5,27.7,74,7.2
1002.8,27.7,74,5.5
1002.9,27.6,71,5.4
1003.1,27.9,61,6.3
1003.5,27.9,64,5.6
1003.8,27.8,66,5.1
1003.9,26.9,73,3.9
1003.5,27.2,68,6.6
1002.9,26.2,77,5.4
1003.1,25.2,87,4.1
1002.8,25.1,85,4.6
1002.8,25.0,86,5.1
1002.7,26.0,66,6.2
1002.5,26.4,63,3.4
1002.9,27.8,63,5.6
1003.2,28.7,62,6.1
1003.2,29.5,59,7.9
1003.3,29.3,60,7.6
1003.2,29.1,63,6.8
1002.8,29.5,65,5.4
1002.0,29.7,66,6.3
1002.0,28.9,67,6.1
1002.3,27.8,73,6.3
1002.8,27.2,75,5.2
1003.2,27.1,73,4.2
1004.6,27.2,71,3.8
1005.8,27.1,70,2.2
1006.8,22.2,88,2.6
1006.8,21.2,91,2.8
1007.4,20.3,95,2.7
1007.3,20.2,96,1.6
1006.7,20.3,97,1.2
1006.6,20.0,97,1.8
1006.8,19.9,96,2.3
1006.9,19.8,97,3.1
1006.9,19.9,96,2.6
1008.0,19.7,95,2.6
1009.0,19.8,95,3.1
1009.4,19.8,95,2.8
1009.9,20.0,94,3
1010.0,20.3,93,2.6
1010.0,19.8,95,3.2
1010.2,19.7,94,2.2
1009.6,19.3,95,2.5
1009.2,19.0,96,2.3
1008.9,19.2,96,2.2
1009.1,19.4,95,2.5
1009.4,19.3,93,3.8
1009.9,19.0,95,3.2
1011.0,18.9,95,2.4
1012.1,18.6,96,2.2
1012.8,17.8,96,3.8
1013.3,17.6,96,2.9
1012.4,17.6,96,2.1
1011.6,17.7,96,3
1011.2,17.9,95,1.8
1010.7,17.7,94,2.4
1010.8,17.9,95,1.7
1010.6,18.0,95,1.9
1011.0,18.0,94,3
1011.1,18.1,94,2.3
1011.5,18.5,91,2.8
1012.1,19.6,89,2.1
1012.3,20.8,83,3.7
1012.2,21.1,86,3
1012.5,21.1,83,1.9
1011.8,22.2,76,3.6
1011.3,21.9,81,1.9
1010.6,22.4,76,1.7
1010.3,22.3,78,2.4
1010.1,21.6,83,2.2
1010.2,21.5,84,2.1
1010.9,20.8,86,2.7
1011.3,20.3,87,2.2
1011.8,20.2,87,1.4
1011.6,19.7,89,1.6
1011.5,19.7,91,0.9
1011.2,19.6,92,0.9
1010.5,19.5,94,0.3
1010.2,19.5,95,0.7
1009.7,19.5,94,1.6
1009.5,18.8,96,0.2
1009.7,19.2,96,0.4
1010.1,18.6,96,1.1
1010.4,18.8,93,2
1010.9,20.5,83,2.3
1011.1,22.4,68,3.8
1011.5,23.5,65,2.6
1011.3,24.3,66,3.6
1011.0,24.9,67,3.1
1010.2,25.5,64,3
1009.3,25.7,68,2.5
1008.2,26.4,68,2.4
1007.7,26.5,65,3.2
1007.4,26.0,64,3
1007.6,25.5,66,2.9
1008.2,24.7,71,1.8
1008.2,23.1,75,1.9
1008.4,20.8,82,0.2
1008.7,19.7,83,0.2
1008.9,18.8,88,0.6
1008.7,18.2,93,0.3
1008.5,17.9,92,0.1
1008.8,17.8,92,0.1
1009.0,17.6,94,0.4
1008.8,17.6,96,0.1
1008.5,18.1,92,0.2
1009.0,17.8,93,0.1
1009.9,17.8,94,0.2
1010.4,19.8,92,0.4
1010.6,23.1,76,1
1010.9,26.2,61,1
1010.7,27.0,59,1.7
1010.5,27.9,58,2.6
1010.2,27.4,65,2.8
1009.4,26.4,72,1.7
1008.8,25.9,76,1.7
1008.1,25.2,78,0.9
1008.0,25.1,78,1.2
1008.2,24.9,77,0.7
1008.1,24.0,82,0.8
1008.6,22.6,88,0.3
1009.3,21.7,91,0.1
1009.6,21.2,92,0.1
1009.5,20.5,95,0.8
1009.3,20.3,96,0.4
1009.1,20.0,96,0.5
1008.7,19.7,93,0.3
1008.4,19.4,93,0.3
1007.8,19.2,92,0.1
1008.0,19.3,91,0.2
1008.0,18.9,93,0.1
1008.5,19.5,93,0.1
1008.9,21.5,87,0.6
1009.4,24.4,73,0.9
1009.6,27.2,54,0.8
1009.4,27.3,59,1.4
1009.5,26.2,68,1.8
1009.1,26.4,77,1.8
1008.2,26.2,78,1.9
1007.6,26.2,72,1.8
1007.0,26.7,50,1.3
1006.4,27.7,46,1.6
1006.5,26.9,52,1.5
1006.6,25.7,48,1.8
1007.0,24.4,56,1
1007.8,24.7,66,0.3
1008.2,23.2,66,0.4
1008.6,23.1,71,0.3
1008.4,22.7,79,0.4
1007.7,22.5,83,0.1
1007.2,21.9,87,0.5
1006.5,22.2,86,0.6
1006.0,22.1,89,0.7
1005.7,22.1,89,0.1
1006.1,21.4,92,0.3
1006.8,21.5,93,0.4
1007.4,23.7,84,0.4
1007.4,26.1,80,0.9
1007.9,26.7,75,1.2
1007.8,27.2,75,1.6
1007.4,27.2,78,1.3
1006.6,26.9,79,1.6
1006.6,25.5,89,1.2
1007.3,24.0,93,0.9
1006.0,23.5,95,0.6
1006.3,23.6,96,1.9
1006.6,23.5,97,1.4
1007.8,23.1,96,1.4
1008.2,23.0,97,0.7
1009.3,22.4,96,2
1010.1,21.9,94,2.7
1010.7,21.3,92,3.3
1011.0,20.6,92,3.1
1010.7,20.5,92,2
1010.1,19.9,95,3.4
1009.9,19.4,95,3.8
1009.5,19.3,96,3.4
1009.6,19.4,93,2.5
1009.7,19.3,93,3.6
1010.1,19.5,93,2.6
1010.7,19.2,94,3.7
1011.6,19.2,95,2.9
1011.9,19.1,93,4.3
1012.1,19.0,94,4
1012.1,19.0,94,4.1
1011.6,19.0,94,5.6
1011.6,18.6,95,3.6
1011.2,18.4,96,3.3
1011.0,18.3,95,3.4
1011.1,18.4,94,3.8
1011.2,18.4,92,3.9
1011.7,18.6,93,3.6
1012.0,18.6,92,3.5
1012.3,18.6,91,3.9
1012.5,18.6,91,3.7
1012.6,18.6,90,3.6
1012.3,18.8,87,4.9
1011.8,19.0,86,4.4
1011.6,18.9,86,4.1
1011.0,19.0,85,3.3
1010.7,19.0,86,5.1
1010.9,19.0,84,3.8
1010.8,18.8,84,3.9
1011.2,18.9,82,4.3
1011.8,19.4,80,3.7
1012.0,20.1,77,4.3
1012.2,21.1,73,3.8
1011.9,22.8,69,3.9
1011.6,24.0,67,4
1011.0,24.9,62,2.9
1010.3,25.1,68,2.7
1009.5,25.8,65,2.7
1009.1,25.2,65,3.1
1008.5,25.7,66,2.5
1008.4,25.4,68,2
1008.9,24.7,69,1.3
1008.8,22.4,81,1
1009.4,22.4,84,0.8
1009.7,22.3,87,0.2
1010.0,22.3,88,0.4
1010.0,22.1,91,0.5
1009.5,22.3,89,1.3
1009.3,22.4,91,0.6
1008.7,22.0,90,0.7
1008.5,22.5,88,0.9
1008.4,22.3,90,0.4
1008.4,21.5,94,0.8
1008.9,22.1,92,1.1
1009.3,22.9,90,0.6
1009.8,23.7,85,1.2
1009.8,23.9,82,1
1009.1,25.1,80,1
1008.6,25.9,77,1.8
1008.5,25.4,78,2
1008.1,25.0,78,1.5
1007.4,25.8,73,1.4
1006.5,26.2,72,0.9
1006.0,25.8,72,1.3
1005.7,25.7,72,1.2
1005.8,25.1,73,0.8
1006.3,23.6,83,0.8
1007.0,22.8,87,0.2
1007.2,23.2,84,1.6
1007.3,23.9,82,2.3
1007.3,23.5,85,1.1
1006.6,22.0,93,0.4
1006.0,22.0,94,0.3
1005.6,22.4,92,0.7
1005.1,23.3,89,3.4
1004.8,24.0,87,3
1004.3,25.4,82,5.5
1004.7,25.8,81,4.5
1005.3,26.5,79,5.1
1005.6,28.9,69,6.2
1006.4,29.6,68,6.8
1006.0,30.5,66,7.4
1006.2,30.3,71,5.1
1006.7,30.1,74,5.7
1006.5,28.9,82,4.5
1006.0,28.9,82,4.8
1005.7,27.7,86,3.9
1005.0,28.4,79,3.6
1005.0,28.9,80,2.1
1006.0,27.3,84,2.5
1006.7,26.4,88,2.1
1007.7,26.2,91,1
1007.6,25.5,92,0.5
1008.5,25.6,90,1
1009.2,25.3,85,2.7
1009.1,24.9,89,2.5
1009.2,24.2,87,2.5
1009.3,23.2,78,6.6
1009.7,22.5,77,5.2
1010.0,22.4,72,4.7
1010.7,22.2,68,4.9
1011.0,22.2,67,4.9
1011.5,21.9,72,6.7
1011.8,21.9,71,7.6
1012.7,21.6,70,6.9
1012.0,22.7,60,7.2
1011.7,23.6,51,7.4
1011.4,25.2,47,8.4
1010.6,25.5,51,7.2
1010.0,24.9,57,5.1
1009.8,23.9,60,5.4
1009.7,23.0,64,5.9
1010.1,22.5,67,4.7
1011.0,20.5,82,4
1011.9,18.3,86,4.1
1011.9,16.9,90,3.9
1011.7,16.8,90,3
1011.7,17.0,92,2.2
1011.3,17.2,91,2.6
1010.8,17.1,96,0.6
1010.0,17.5,96,1
1009.4,17.7,97,0.5
1009.1,18.0,97,0.4
1009.5,18.3,98,0.1
1010.0,18.6,97,0.6
1010.4,18.8,98,0.3
1010.6,19.1,97,0.4
1011.1,19.4,96,0.3
1011.2,19.8,96,0.9
1011.3,20.9,93,0.4
1011.3,21.1,94,0.5
1010.9,21.1,95,0.8
1010.4,21.2,94,0.9
1009.7,21.2,96,1
1009.3,21.5,96,0.7
1009.1,21.5,96,0.4
1009.1,21.3,97,1
1008.7,20.8,97,1.5
1009.7,20.7,98,0.3
1010.1,20.6,98,0.9
1010.1,20.6,98,0.7
1010.3,20.5,98,0.1
1010.6,20.6,98,0.9
1009.6,20.6,98,0.3
1009.0,20.5,98,0.5
1008.5,20.5,98,0.4
1008.8,20.3,98,1
1008.6,20.4,98,0.3
1009.2,20.3,99,0.4
1010.0,20.4,98,0.2
1010.2,21.0,97,0.6
1010.5,22.4,92,1.3
1010.6,23.4,88,1.1
1010.3,24.7,86,1.6
1009.9,25.3,81,3.1
1009.5,26.1,78,3.2
1009.0,25.9,77,3.5
1008.6,26.1,78,3.7
1008.2,25.9,74,3.3
1007.6,25.8,79,3.7
1007.3,25.6,79,2.9
1007.4,25.1,80,3.2
1007.6,24.0,85,2.5
1008.2,23.6,88,2
1008.5,22.9,93,1
1008.8,22.0,96,0.1
1008.6,21.7,97,0.1
1008.3,21.3,97,0.2
1007.9,21.0,98,0.3
1007.6,21.1,98,0.2
1007.7,20.9,98,0.8
1007.8,21.2,97,0.5
1008.1,21.2,98,0.7
1008.8,21.6,97,0.6
1009.5,22.8,93,0.3
1009.4,24.4,87,0.8
1009.5,24.8,85,0.7
1009.1,25.5,83,1.4
1008.8,25.8,84,1.3
1008.2,25.9,84,2
1007.5,26.1,81,2.1
1006.8,25.9,84,2
1006.4,26.7,81,1.5
1006.5,26.0,82,1.4
1006.7,25.7,81,0.9
1007.0,24.9,85,0.7
1007.3,24.2,89,0.5
1007.8,23.8,92,0.7
1007.9,23.5,94,0.9
1008.4,23.8,93,0.4
1008.3,23.8,93,0.3
1008.0,23.1,96,0.9
1007.8,22.8,97,0.1
1007.6,22.8,96,1
1007.7,22.4,97,0.3
1007.9,22.2,97,0.1
1008.5,22.3,96,0.3
1009.0,22.7,95,0.6
1009.5,24.1,89,1.7
1009.8,25.3,89,1.7
1010.3,25.9,84,3.1
1010.2,27.0,77,3.2
1009.9,26.7,80,5
1009.5,27.1,73,4.1
1009.0,27.7,72,3.6
1008.5,27.5,70,4.4
1008.3,25.9,76,4.3
1008.5,25.0,76,5.4
1008.9,24.0,78,5.2
1009.5,23.0,81,4.2
1010.2,22.3,83,4.9
1010.2,22.0,81,5.9
1010.8,21.6,81,5.6
1011.3,21.4,81,4.8
1011.4,21.1,83,4.3
1011.1,21.1,83,4.7
1010.7,21.1,82,5.7
1010.3,21.0,83,3.5
1010.3,20.9,83,3.6
1010.5,20.6,85,4.2
1011.0,20.6,81,4.5
1011.7,20.5,81,4.1
1011.9,20.5,83,5.8
1012.3,20.7,83,4.9
1012.4,21.3,81,4.9
1012.5,21.8,79,5.1
1011.8,22.2,77,5.3
1011.4,23.2,72,5.3
1010.5,23.1,74,4.6
1010.0,24.2,69,4.2
1009.9,23.0,73,3.9
1009.9,21.7,82,3
1009.8,21.2,85,3.4
1009.9,20.9,87,2.8
1010.0,21.1,85,2.4
1010.2,21.2,84,2.1
1010.4,21.3,84,1.9
1010.3,21.3,85,2
1010.3,21.4,86,2
1010.0,21.1,88,1.3
1009.3,20.4,92,0.2
1008.9,20.5,93,0.3
1009.0,20.5,93,0.7
1009.1,20.5,92,0.1
1009.3,20.5,93,0.6
1009.3,20.8,92,0.6
1009.6,22.0,87,1
1010.2,22.6,89,2
1010.4,23.5,85,2.1
1010.0,25.6,78,1.7
1010.2,26.1,81,2.6
1010.2,24.4,88,2.9
1009.6,23.8,90,3.5
1008.9,23.3,91,3.6
1008.7,23.3,91,2.9
1008.5,22.9,93,3.4
1008.9,23.2,91,3.1
1009.0,23.4,90,2.2
1009.0,23.3,90,2.1
1009.4,23.2,91,2.2
1009.4,23.1,92,2.6
1009.8,23.2,92,0.7
1009.6,23.1,92,1.7
1008.8,22.9,94,0.9
1007.9,22.5,96,0.6
1007.5,22.2,97,0.1
1007.2,22.0,98,0.1
1007.3,22.3,97,0.3
1007.9,22.4,97,0.4
1008.2,22.7,95,1.7
1008.9,22.9,92,1.3
1009.3,23.4,90,1.5
1009.1,24.0,88,1.4
1009.1,24.7,86,1.1
1008.9,25.6,81,2
1008.4,25.5,81,2.3
1007.8,25.9,79,2
1007.3,25.2,80,2.5
1006.5,26.0,78,1.8
1006.3,25.4,80,1.9
1006.1,25.3,80,2.1
1006.0,25.2,81,1.4
1006.1,24.0,90,0.5
1006.3,23.8,92,0.6
1006.5,23.2,94,0.6
1006.2,22.9,95,0.1
1005.8,22.7,95,0.1
1005.4,22.9,93,0.9
1005.0,22.4,95,0.5
1004.8,22.3,96,0.2
1004.9,22.6,94,1.2
1005.2,22.1,96,0.3
1005.5,22.2,96,0.3
1005.5,22.5,95,0.9
1006.1,23.5,91,1
1006.4,24.8,82,2.3
1006.4,26.4,74,2.1
1006.0,27.4,75,1.4
1005.6,28.0,71,2.3
1005.0,27.0,77,1.8
1004.1,26.9,77,2.8
1003.6,26.7,78,3.1
1003.0,27.4,73,2.3
1003.0,26.9,69,2.2
1003.0,26.2,72,1.8
1003.2,25.6,75,2
1003.0,25.2,83,0.8
1004.1,25.1,81,1.3
1004.6,25.1,79,1.8
1004.9,24.4,82,1.3
1004.1,23.7,89,0.4
1003.6,23.6,90,0.9
1002.9,23.7,90,0.4
1003.2,24.1,89,0.2
1003.2,23.5,92,0.2
1003.2,23.2,93,0.8
1003.7,23.2,92,0.6
1004.0,23.3,93,0.7
1004.3,24.2,90,0.9
1004.5,25.1,88,0.7
1005.0,25.5,86,0.3
1005.3,26.3,81,0.7
1005.6,26.2,81,0.6
1004.9,26.8,74,1.4
1003.9,26.6,77,1.6
1003.5,26.2,83,1.6
1003.6,25.4,88,2.8
1003.7,23.6,94,2.5
1003.3,23.2,90,3.5
1002.6,23.0,90,3.6
1003.0,22.9,90,2
1003.2,22.6,91,2.6
1003.7,22.6,92,1.6
1004.3,22.9,91,1.1
1003.7,23.0,91,2.6
1002.5,22.8,91,1.2
1002.0,22.8,91,0.8
1002.4,22.8,92,0.4
1002.3,22.6,95,1.3
1002.8,22.4,96,1.1
1003.2,22.3,96,0.8
1003.2,22.6,95,0.7
1004.2,22.7,97,1.6
1005.3,22.5,95,4.1
1005.6,22.0,95,2.7
1006.2,21.7,96,3.4
1006.3,22.1,92,1.7
1005.1,22.7,91,1.2
1003.7,24.0,85,0.8
1003.2,24.3,91,1.6
1002.7,24.3,91,2.4
1003.0,23.9,92,1.4
1003.9,23.8,93,1.1
1004.8,24.0,91,0.3
1005.5,23.4,95,0.8
1006.1,23.1,97,0.8
1006.4,22.9,98,1.1
1006.6,22.9,97,1.9
1006.0,22.7,97,1.3
1005.4,22.4,97,1.2
1005.4,22.2,98,1.1
1005.4,22.2,99,0.3
1005.0,22.3,98,1.4
1005.2,22.3,97,0.7
1005.6,22.3,96,1.2
1006.0,22.3,97,0.9
1006.4,23.3,94,1.8
1007.1,24.3,91,1.5
1007.2,26.3,82,1.5
1006.9,27.2,78,2.6
1006.7,28.4,76,2.7
1006.4,28.4,76,3.6
1005.6,28.8,76,3.6
1004.5,29.0,73,2.2
1003.6,31.1,63,2.4
1003.0,31.8,55,2.7
1002.9,31.0,58,2.8
1003.5,29.0,66,1.6
1003.9,26.9,69,1.8
1004.7,26.1,70,1.4
1005.1,25.1,73,1.7
1005.7,23.4,81,1
1005.8,22.9,86,0.2
1005.9,22.8,87,0.1
1005.6,22.5,90,1.4
1005.3,22.6,89,1.6
1005.5,22.2,90,0.9
1005.9,22.2,85,0.7
1006.2,22.0,87,1.4
1006.4,22.1,88,1.5
1006.9,24.1,80,1.9
1007.0,26.5,68,1.9
1007.3,28.1,64,2.5
1007.3,29.2,66,0.5
1007.2,30.0,60,0.9
1006.9,30.2,57,1.1
1006.5,31.3,55,1.2
1005.9,31.0,58,1.7
1005.3,30.8,57,2.2
1004.8,30.6,58,1.8
1005.0,30.7,51,2.5
1005.7,28.7,53,2.3
1006.2,27.1,62,2
1007.1,24.9,74,1.3
1007.5,24.5,74,1.3
1008.1,23.5,76,1.1
1007.8,23.1,79,1.5
1007.6,22.9,82,0.2
1007.6,22.6,89,0.1
1007.0,22.5,88,0.2
1006.8,22.3,92,0.1
1006.8,22.3,92,0.1
1007.1,22.5,93,0.2
1007.4,22.9,93,0.9
1008.1,23.8,90,0.3
1008.2,26.1,80,1.6
1008.3,27.6,78,1.5
1007.9,28.8,70,1.4
1007.7,28.8,70,1.9
1007.1,29.7,64,1.8
1006.6,30.2,57,1.8
1006.1,30.7,54,1.7
1005.6,30.6,56,1.9
1005.1,30.4,58,1.4
1004.9,30.0,61,1.6
1005.2,28.8,65,1.1
1005.3,27.5,68,0.6
1006.1,26.7,71,1
1006.5,25.1,78,0.3
1006.8,24.1,84,0.2
1007.1,23.5,88,0.2
1006.6,23.2,89,0.1
1006.1,22.8,93,0.4
1005.8,22.7,94,0.3
1005.9,23.3,92,0.2
1006.2,23.6,90,0.6
1006.4,23.6,91,0.3
1006.9,23.8,91,0.5
1007.2,24.6,89,1.1
1007.6,26.1,78,2.6
1007.8,27.8,67,1.5
1007.9,28.4,69,2
1007.9,28.8,71,1.7
1007.2,28.8,70,1.9
1006.8,28.6,70,1.9
1006.2,28.4,74,1.9
1005.8,28.3,74,1.5
1005.6,27.6,77,1.5
1005.5,27.4,71,1
1005.6,27.1,68,1.1
1006.0,26.0,74,0.2
1006.7,24.9,84,0.4
1007.0,24.3,88,0.5
1007.2,24.0,89,0.6
1006.9,24.0,90,0.4
1006.5,23.9,90,1.3
1006.0,23.7,90,0.4
1005.5,24.1,88,2.1
1005.2,23.9,90,1.1
1005.5,24.5,89,0.5
1005.5,25.0,86,1.3
1006.0,25.1,87,1.1
1006.2,26.5,80,2.2
1006.3,27.9,70,2.8
1006.6,28.0,71,2.3
1006.8,28.4,73,3
1006.6,28.0,78,2.4
1006.3,28.8,73,2.3
1005.8,28.6,74,3.1
1005.7,28.2,76,2.2
1005.2,28.0,76,2.4
1004.9,27.7,75,2
1004.9,27.1,76,2.4
1005.0,26.8,78,1.7
1005.1,26.0,81,1.2
1005.4,25.4,82,2.1
1005.8,25.1,84,2.5
1005.6,25.4,78,3
1005.2,24.6,85,1.3
1004.9,23.5,92,0.6
1004.6,23.2,94,0.7
1004.1,23.1,94,0.3
1004.3,22.9,95,0.2
1004.4,22.6,96,0.4
1004.6,23.6,90,1.8
1005.0,24.1,89,3
1005.3,25.8,79,3.8
1005.6,27.6,71,4.6
1005.6,29.2,64,3.8
1005.7,30.5,60,5.8
1005.5,31.4,62,3.2
1005.1,31.6,63,4.5
1004.5,30.9,69,4.8
1004.2,30.2,72,4.8
1004.2,29.6,74,5.2
1003.8,29.0,75,5.4
1004.1,28.3,79,4.4
1004.4,27.9,81,4.8
1004.8,27.1,83,4
1005.2,27.1,82,4.2
1005.6,26.8,83,3.5
1006.2,26.6,80,3.4
1006.3,26.8,78,4.3
1005.9,26.7,79,3.8
,,,
,,,
,,,
,,,
,,,
,,,
,,,
,,,
,,,
,,,
,,,
,,,
,,,
,,,
,,,
,,,
,,,
,,,
,,,
,,,
,,,
,,,
,,,
,,,
,,,
,,,
,,,
,,,
,,,
,,,
,,,
1001.5,22.2,93,0.4
1001.4,21.9,94,0.2
1001.1,22.1,94,0.9
1001.2,22.0,94,1
1001.5,22.3,94,0.8
1002.1,22.4,92,0
1002.4,23.4,89,0.9
1002.9,25.2,79,0.9
1003.0,26.6,75,1.5
1003.3,27.7,70,2.5
1002.9,28.5,66,2
1002.1,29.3,64,1.5
1001.5,30.1,63,3.2
1001.3,28.5,71,5.2
1000.6,29.4,70,3.5
1000.4,28.8,69,3.4
1000.2,28.5,70,2.5
1000.6,27.4,72,2.3
1001.2,26.2,74,1.2
1002.0,24.9,81,0
1002.9,24.7,79,0.1
1003.4,24.0,84,0.7
1003.7,24.1,83,0.7
1003.5,23.4,87,0.2
1002.9,22.5,89,0.7
1002.1,22.0,87,0.9
1002.0,21.8,87,0.8
1001.8,21.2,90,1
1002.1,20.7,93,1.3
1002.2,21.8,88,1.4
1002.7,23.1,86,1.8
1003.2,25.4,78,1.6
1003.1,27.2,66,1.1
1002.3,28.9,58,3
1001.9,29.7,60,3.5
1001.3,30.0,56,2.7
1000.6,30.0,58,3.4
999.8,29.5,62,3.8
999.5,29.6,60,4
999.5,28.7,62,4
1000.0,27.4,68,2.6
1000.7,26.7,71,1.8
1001.0,26.3,72,0.2
1001.2,25.1,76,1.1
1001.6,24.5,80,1
1001.9,24.5,83,1.2
1001.7,23.9,85,0.3
1001.2,23.6,86,1.3
1000.5,23.5,86,0.2
999.7,23.5,85,0.1
999.2,23.1,87,0.3
999.2,23.2,86,0.7
999.3,22.7,89,0.3
999.4,22.2,91,0.4
999.7,24.7,79,0.1
1000.1,26.5,69,2
999.9,28.4,65,2.9
999.4,30.8,52,4.3
998.6,32.1,47,5.6
998.0,33.2,46,4.9
997.2,33.3,47,4.7
996.5,33.1,49,5
996.3,33.0,52,4.3
996.2,31.9,54,4
996.6,30.8,57,3.9
997.4,28.7,66,3.1
998.2,27.7,69,2.2
998.4,26.7,75,2.4
998.5,26.4,78,3.1
999.0,26.0,77,2.6
999.0,25.7,81,3.2
998.7,26.0,79,2.3
998.5,24.6,83,1.7
998.0,24.7,81,1.3
997.7,25.2,83,2.5
997.9,25.2,80,2.8
997.9,25.3,82,1.9
998.2,24.7,85,1
998.4,25.4,81,1.7
998.6,26.2,80,3.1
998.5,27.5,71,3.4
998.8,28.4,64,3.7
998.3,30.7,55,3.7
997.9,31.1,55,3.4
997.7,30.4,59,3.9
996.9,30.3,56,3.1
996.7,29.6,61,4
996.9,29.4,61,3.3
998.0,28.3,62,3.4
998.5,27.4,66,3.1
999.4,26.4,72,2.2
999.7,26.6,70,2.9
1000.2,26.5,69,2.7
1000.4,26.6,60,2.6
1000.5,26.9,55,1.9
1000.3,25.3,66,0.2
999.4,26.2,58,2.1
999.4,26.6,56,1.7
999.5,23.0,92,1.1
999.3,22.5,89,0.7
999.7,22.3,92,1.1
1000.4,22.5,92,0.2
1001.2,22.5,91,0.8
1001.6,23.8,81,1.2
1002.3,24.2,81,1.4
1001.5,25.4,79,0.9
1001.6,25.3,85,1.7
1002.3,22.1,97,3
1002.3,21.7,97,1.5
1001.3,21.8,94,2.7
1000.5,23.1,94,0.7
1001.0,22.8,96,1.5
1001.6,21.9,97,1.9
1002.1,21.6,98,1.1
1003.1,21.6,99,2.4
1003.5,21.5,99,2.1
1004.4,21.3,100,1.8
1004.5,21.2,100,1.4
1004.9,21.3,100,0.3
1003.9,21.3,100,0.7
1003.1,21.3,100,0.8
1001.8,21.1,100,2.4
1002.7,20.2,100,2.1
1002.5,20.5,100,1.5
1003.4,20.3,100,0.7
1003.3,20.0,100,2.2
1003.8,20.4,100,1.4
1004.6,21.0,99,0.6
1004.9,21.7,96,1
1004.9,22.1,94,1.2
1005.0,22.7,93,0.7
1004.7,23.4,92,2.2
1004.3,22.5,94,1.9
1003.4,23.3,91,1.4
1003.0,23.6,87,1.7
1003.0,23.8,83,1.9
1003.1,23.5,85,1.4
1003.4,23.2,86,0.7
1003.9,22.8,88,0.7
1004.3,22.1,93,0.1
1004.4,22.3,91,0.1
1004.4,21.9,95,0.3
1004.0,21.5,96,0.1
1003.6,21.4,95,0.5
1003.1,21.4,97,0.7
1002.5,20.9,98,0.6
1002.2,20.3,99,0.9
1002.3,20.0,100,0.5
1002.6,20.1,100,0.9
1002.9,20.5,97,1.2
1003.6,20.8,98,0.6
1003.5,23.1,87,2
1004.0,24.5,80,2.7
1003.7,26.1,74,3.2
1003.5,26.9,70,3.7
1002.8,28.1,61,3.7
1001.9,28.0,62,3.2
1000.9,29.0,57,3.4
1000.4,28.7,57,3.4
999.9,28.4,56,3.4
1000.6,27.6,53,3.4
1000.8,25.8,60,2.6
1001.5,23.4,73,0.7
1002.0,22.2,79,0.1
1002.2,21.3,83,0.7
1002.4,20.6,88,0.5
1002.4,20.0,92,0.5
1002.4,20.0,90,0.7
1002.3,19.9,95,0.1
1002.4,19.8,93,0.1
1002.2,19.4,95,0.2
1002.0,19.8,95,0.9
1002.6,20.1,95,0.9
1002.9,20.7,91,1.3
1003.5,22.3,88,0.4
1003.9,24.4,77,0.9
1004.1,26.0,71,1.8
1004.3,27.1,65,2.5
1003.7,27.2,62,2.3
1003.2,27.5,61,2.2
1002.5,28.2,60,2.3
1001.6,28.6,56,1.7
1000.6,28.0,65,3.3
1000.5,28.3,60,3.4
1000.9,26.9,62,3.7
1001.3,25.8,63,2.5
1002.1,24.6,68,0.8
1002.3,23.0,78,1.1
1002.5,21.6,85,0.4
1002.8,22.0,82,0.4
1002.9,21.1,86,0.4
1002.6,20.8,90,0.4
1002.3,21.4,87,0.3
1001.9,20.4,93,0.2
1001.3,20.3,93,0.6
1001.3,19.6,93,0.4
1001.3,19.9,90,1.1
1001.5,20.6,88,0.6
1002.2,22.5,85,0.6
1002.7,24.7,75,0.9
1002.5,27.3,56,1.6
1002.3,28.8,49,1.9
1002.0,30.1,46,3.4
1001.4,29.9,47,2.8
1000.8,29.6,44,2.8
1000.5,28.9,46,3.5
999.7,29.3,45,2.5
999.0,29.6,48,3
999.0,29.1,49,3.1
999.4,27.9,49,2
1000.2,24.9,60,0.6
1001.0,23.8,67,0.2
1001.6,23.7,67,1.4
1001.9,22.9,72,0.5
1001.7,22.1,79,0.3
1000.6,21.5,85,0.3
1000.3,21.7,83,0.9
999.6,21.7,85,0.1
999.2,21.2,88,0.6
999.0,21.6,85,1
999.2,22.2,82,1.1
999.8,21.5,89,0.2
1000.3,25.0,73,0.6
1000.8,27.8,67,1
1001.1,29.8,58,2.4
1000.9,30.5,55,2.4
1000.5,30.1,61,2.9
999.8,32.6,48,3.9
999.0,33.2,47,4.9
998.3,33.7,42,5.4
998.7,32.2,47,4
998.7,31.1,57,2.6
999.0,27.7,76,2.8
1000.3,27.3,79,1.2
1001.0,27.2,80,0.4
1001.7,27.3,84,1.8
1002.7,26.2,85,1.8
1003.2,26.0,87,1.4
1003.0,25.0,90,2.2
1002.7,24.1,92,2
1001.7,23.8,92,0.3
1001.2,23.5,98,1.3
1001.0,22.8,99,1.5
1000.7,22.3,99,1.1
1001.4,21.5,98,1.1
1001.8,21.6,98,0.7
1002.3,21.3,97,1.5
1003.0,21.4,97,1.2
1003.6,21.3,96,0.4
1003.7,21.5,95,1.8
1004.1,21.5,95,1.9
1003.7,21.9,92,1.5
1003.2,22.1,95,1.7
1002.8,21.2,97,2.7
1002.3,21.3,98,2.4
1002.1,21.5,97,2.1
1002.3,21.6,95,2.7
1003.0,21.0,92,1.3
1003.3,20.9,94,1.2
1003.6,20.0,92,2.2
1003.9,19.8,93,2.2
1004.4,19.8,93,1.3
1004.3,19.7,93,1.4
1003.8,19.7,93,1.1
1003.6,19.4,92,1.7
1003.0,19.3,94,1
1002.6,19.3,94,1.3
1002.8,19.2,97,0.5
1002.8,19.1,98,1.4
1003.3,19.3,98,1.2
1004.0,19.7,96,0.3
1004.3,20.4,92,1.3
1004.5,21.8,87,0.3
1004.7,23.2,82,1.1
1004.4,24.1,79,1.1
1003.9,25.0,78,1.3
1003.1,26.3,74,1.9
1002.3,26.5,71,1.1
1002.1,26.8,70,1.6
1001.7,26.3,73,2.9
1001.5,25.5,75,2.7
1001.9,24.9,77,1.8
1002.3,24.2,80,1.9
1002.7,23.6,83,0.5
1003.4,23.0,88,0.3
1003.8,23.0,89,0.8
1003.8,22.9,90,0.4
1003.5,22.7,90,0
1002.9,22.7,90,0.6
1002.3,22.3,94,0.6
1002.2,22.4,95,0.3
1001.8,22.4,95,0.1
1001.8,21.7,97,1
1002.4,21.3,98,0.5
1003.0,23.0,93,0.3
1002.8,24.3,82,0.8
1002.9,25.3,82,1.6
1002.7,27.3,67,1.8
1001.9,28.1,64,1.4
1001.3,29.0,65,2.7
1000.8,29.6,66,2.9
1000.0,29.7,66,2.9
999.5,29.8,66,3.3
999.0,29.4,67,2.8
999.0,28.7,69,2.3
999.5,27.3,74,2.2
1000.1,25.7,79,1
1000.8,24.6,83,0.6
1001.2,24.7,84,0.1
1001.4,24.8,85,0.2
1001.4,23.5,91,0.5
1000.5,23.0,92,0.4
999.8,22.7,95,0.4
999.6,22.5,95,0.3
999.6,22.3,95,0.4
999.4,22.2,95,0.5
999.0,21.9,96,0.6
999.3,22.3,97,0.3
999.7,25.4,84,0.4
1000.5,27.0,79,1.1
1001.1,29.2,71,2.2
1001.1,31.3,61,3.2
1000.5,32.6,57,3.1
1000.2,32.7,58,4.2
999.8,31.9,65,4
999.3,31.6,65,4.4
998.9,30.4,67,3.2
998.5,29.8,72,2.9
998.6,30.0,68,2.2
999.5,28.8,76,1.9
1000.1,27.4,85,1
1000.5,26.7,88,0.6
1000.5,26.3,92,0.6
1000.7,25.9,93,0.6
1001.7,26.0,94,0.1
1002.1,25.7,94,2.6
1001.8,25.5,92,1.9
1001.5,25.1,93,1.5
1001.5,24.6,91,1.5
1001.9,24.5,92,1.1
1002.3,24.3,91,1.5
1002.3,24.3,92,2.1
1002.1,25.6,86,2.2
1002.2,26.0,82,3.7
1003.4,25.6,74,3
1003.1,25.9,73,1.7
1003.2,26.5,69,4
1003.1,26.5,69,2.6
1002.5,27.5,63,2.9
1002.1,27.6,65,1.1
1001.5,27.7,63,2.3
1001.9,27.1,59,2.8
1002.5,25.1,60,1.5
1003.3,24.5,64,1.7
1003.8,23.7,70,1.9
1004.0,21.5,90,0.5
1003.6,21.5,91,0.3
1003.7,21.7,92,0.7
1004.4,21.0,91,1.9
1003.7,20.6,95,0.7
1003.5,20.7,94,0.3
1002.9,20.9,97,1.1
1002.3,21.0,96,0
1002.8,21.1,98,0.6
1002.9,21.6,96,0.4
1003.2,21.4,97,1.3
1003.8,21.1,97,1.4
1004.0,21.6,95,1.2
1004.3,21.9,94,0.3
1004.4,22.6,92,0.4
1004.0,23.4,91,0.9
1003.9,22.9,94,1.2
1003.2,23.1,92,1.3
1002.4,23.1,93,1.7
1002.1,23.2,91,2.1
1002.1,22.2,95,2.9
1002.4,21.6,95,2.6
1002.9,20.8,98,2.7
1002.7,20.9,97,2.4
1002.6,21.2,98,1.7
1002.2,21.7,95,1.9
1003.4,21.2,98,0.9
1002.6,21.5,97,1.4
1001.8,21.2,99,1.9
1002.0,21.3,98,2.6
1001.7,21.2,99,2.4
1001.8,21.0,99,2.1
1002.4,21.0,100,1.9
1002.7,21.0,98,2.6
1002.6,20.9,99,2.7
1002.6,22.4,93,1.3
1002.5,23.6,88,2.1
1002.5,24.5,88,3.1
1002.6,26.0,79,1
1002.2,27.1,75,2.7
1001.6,28.5,73,3
1001.2,29.2,67,4.3
1000.6,29.3,69,4
1000.4,28.3,74,4.1
1000.0,28.2,75,3.7
1000.2,27.2,75,3.2
1000.5,26.4,76,2.9
1000.8,25.0,85,0.7
1001.4,24.6,89,0.4
1001.8,23.7,93,0.5
1002.1,23.3,95,0
1002.1,23.1,96,0.6
1001.7,23.0,96,0.6
1001.2,22.8,96,0.3
1001.0,22.4,98,0
1001.0,22.4,98,0
1001.2,22.3,99,0.3
1001.4,21.8,99,0.3
1002.0,21.8,99,0.2
1002.7,23.8,94,0.7
1002.7,25.8,82,1
1002.8,26.8,80,2.3
1002.3,28.1,72,1.8
1001.8,29.4,69,1.8
1000.8,30.3,66,1.4
999.9,30.3,65,3.7
999.3,30.9,62,2.5
999.1,30.0,74,3.7
999.2,29.1,69,3.3
999.7,27.7,75,3
1000.2,26.7,78,2.1
1000.8,25.7,84,1.9
1001.4,25.6,84,0.5
1001.4,24.5,89,0.9
1001.7,24.1,91,0.3
1001.8,24.4,90,0.1
1001.2,23.6,90,0.3
1000.9,23.4,91,0.3
1000.7,23.4,90,0.4
1000.8,23.5,89,0.4
1001.1,22.8,93,0.5
1001.5,22.8,92,0.2
1001.6,22.3,96,0.4
1002.1,25.1,85,1.2
1002.5,26.7,74,2.6
1002.9,28.0,70,2.3
1003.0,28.6,67,2.6
1002.5,29.9,67,2.9
1001.8,30.7,62,3.4
1001.1,30.5,63,3.1
1000.5,31.2,62,3.9
1000.0,30.4,65,4.1
999.7,30.0,63,4.1
1000.2,28.6,68,4.2
1000.8,27.5,76,2.4
1001.3,26.1,81,1.8
1001.9,25.0,83,2.7
1002.4,23.9,85,1.7
1003.2,23.1,88,0.6
1003.3,22.6,89,1.3
1002.9,22.2,89,1.7
1002.6,22.0,88,0.9
1002.6,22.0,87,1.2
1002.0,22.1,88,0.7
1002.2,21.4,89,1.8
1002.7,21.4,88,1.5
1003.1,21.5,88,1.6
1003.5,22.2,87,1.5
1003.6,23.6,83,2.1
1004.2,24.7,78,2.9
1003.9,25.7,77,2.2
1003.6,26.8,74,2.7
1002.8,28.2,70,2.6
1002.1,28.9,68,2.9
1001.9,28.5,68,4.1
1001.8,27.4,71,3
1001.6,26.3,73,4.1
1001.7,25.8,74,2.9
1002.0,24.7,77,2
1002.5,23.8,81,2.8
1003.0,23.2,81,1.3
1003.2,22.9,84,1.1
1003.6,22.3,86,1.9
1003.5,22.3,86,0.2
1003.2,22.0,87,1.3
1002.6,21.6,88,0.1
1002.3,21.7,89,0.4
1002.3,21.7,88,0.1
1002.2,21.6,90,0.2
1002.0,21.5,92,1
1002.2,21.5,92,1
1002.5,22.8,86,1.6
1002.8,25.4,78,1.3
1003.2,26.6,73,2.5
1003.2,27.3,72,3.3
1003.0,28.1,70,1.4
1002.5,28.1,70,3.1
1001.8,28.2,71,3.9
1001.0,28.3,75,3.8
1000.8,27.5,76,3.3
1000.8,27.2,78,3.7
1001.2,26.3,80,3.2
1001.6,25.0,84,3.2
1001.9,24.4,87,2.1
1002.3,23.5,92,1.4
1002.6,23.8,91,0.6
1002.6,23.7,91,0.8
1002.4,23.6,92,1.2
1001.9,23.8,91,0.9
1001.2,23.5,93,0.4
1000.6,23.5,93,0.7
999.9,23.5,94,0.7
1000.4,23.3,94,0
1000.9,23.1,95,2.2
1001.4,23.1,95,0.7
1002.0,23.6,93,1
1002.7,24.0,91,1.3
1002.2,24.8,88,0.9
1002.0,26.6,81,2.1
1001.6,28.6,74,2.2
1000.7,30.3,69,1.6
999.9,30.9,64,3.5
999.4,30.7,66,3.4
999.2,28.3,77,4.2
999.1,27.1,78,2.9
999.1,26.8,78,2.9
999.2,26.2,79,2.5
999.4,25.4,83,1.4
999.7,24.6,87,0
999.7,23.9,91,0.1
999.7,23.3,94,0.4
999.3,23.1,94,0.4
998.7,22.8,96,0.3
998.4,23.4,94,0.5
998.2,23.6,94,0.1
998.2,23.9,93,0.6
998.2,24.0,93,0.8
998.7,23.9,94,1.1
998.8,24.0,94,0.6
999.0,24.9,90,2.2
999.3,25.5,87,1.5
999.7,26.6,81,1.8
999.2,27.3,73,0.4
998.4,29.1,70,2
997.6,30.0,66,3.2
996.8,29.7,68,3.5
996.2,30.0,66,4.1
996.0,29.1,69,3.2
995.9,28.6,65,3.3
996.1,28.1,72,3.2
996.2,27.2,72,2.4
996.8,25.9,79,0.7
997.2,25.3,84,0.7
997.5,24.7,87,0.6
998.3,24.3,89,0.4
998.1,23.5,93,0.3
997.7,23.4,92,0
997.0,22.8,94,0.5
996.7,23.5,92,1
996.6,22.7,96,0.3
997.0,22.6,96,0.2
997.1,22.6,96,0.7
997.6,23.2,95,0.4
998.0,24.4,90,0.2
998.3,25.4,84,0.5
998.4,26.1,79,0.8
998.5,27.4,76,0.5
998.6,28.8,72,2.7
997.9,29.2,70,2.5
996.8,29.2,65,1.9
996.3,29.1,67,1.6
995.6,29.3,69,2.1
995.5,28.7,73,3.7
995.6,28.2,74,3.2
996.0,27.1,75,1.3
996.0,26.2,81,1.3
996.2,25.6,84,0.2
996.6,24.8,88,0.7
997.0,24.5,89,0.4
996.7,24.0,91,0.2
996.2,24.1,91,0.9
996.0,24.1,92,0
995.9,24.5,91,0.3
995.7,24.2,92,0.1
996.2,24.1,93,0.7
996.6,24.4,90,0.5
997.0,24.9,89,0.7
997.1,25.9,84,0.9
998.3,26.3,84,1.3
999.0,26.9,80,1
998.8,28.1,80,1.7
998.2,28.0,78,2.4
997.6,27.8,78,2.7
996.8,26.8,84,2.7
997.0,25.2,95,2.5
997.6,23.1,99,2.8
997.8,23.7,95,1.1
997.4,23.7,97,2.4
997.5,23.3,97,1.8
998.1,23.1,99,1.4
998.6,22.9,95,2.1
998.9,22.3,98,1.2
999.3,22.1,99,0.1
999.1,21.6,99,1.6
998.2,22.4,97,1
998.3,21.9,99,0.1
998.0,21.9,99,0.5
997.5,21.8,99,0.6
998.0,22.0,98,0.5
998.4,22.1,97,0.3
998.8,22.2,97,1
999.2,23.3,90,0.2
999.8,24.8,85,0.6
999.7,27.1,72,1.6
999.8,27.4,71,1.9
1000.0,27.6,76,2.5
999.3,28.5,72,1.6
998.3,30.0,67,2
997.6,31.0,63,3.3
997.0,30.3,70,5.4
996.7,30.0,71,4.5
997.2,28.2,80,2.7
997.5,27.2,85,2.8
998.0,26.2,89,1.1
998.5,25.5,92,0.5
999.1,25.5,93,1.1
999.4,25.0,95,0.1
999.5,24.6,97,1
999.6,23.6,97,0.2
999.1,23.8,95,1
998.5,23.4,97,0.6
998.8,23.5,94,0.6
998.9,23.2,94,0.4
999.1,22.8,98,0.8
999.4,23.5,92,0.9
1000.0,26.8,79,0.5
1000.1,28.0,76,0.8
1000.3,29.3,62,2.2
1000.7,29.8,58,1.8
1000.7,30.0,65,2.6
1000.4,30.2,61,1.5
999.8,31.0,63,2.6
999.4,29.6,77,3.7
999.0,29.4,76,3.6
999.2,29.4,72,2.7
999.4,28.8,66,1.7
999.8,28.2,65,2.6
1000.1,27.4,71,2.3
1000.3,26.4,79,0.1
1000.9,25.4,85,0
1001.3,25.0,85,0
1001.5,24.6,87,0
1001.2,25.5,79,1.5
1001.0,25.1,79,1.3
1000.3,24.3,86,0.7
999.8,23.9,88,0.7
999.9,23.9,87,1.1
1000.2,23.2,89,1
1000.5,23.6,90,0
1001.1,26.3,78,0.7
1001.0,27.7,72,1.6
1000.9,28.9,69,1
1000.9,29.5,69,2.6
1000.5,29.8,67,1.8
1000.2,30.2,67,2.3
999.7,30.4,64,2.9
999.4,29.6,73,3.5
998.9,29.4,75,3.5
998.9,29.5,75,2
998.8,27.2,86,0.7
999.2,25.7,96,1.5
999.5,25.3,97,0.5
1000.0,25.5,96,0.7
1000.6,25.3,91,2
1001.0,24.9,91,1.6
1000.9,25.0,90,1.1
1000.3,23.6,98,0.4
999.6,23.1,99,0.6
999.4,23.0,98,0.7
999.6,23.2,95,1.1
999.6,22.3,98,0.9
999.6,22.5,96,0.9
999.9,22.4,96,0.7
1000.4,25.9,82,0.5
1000.8,27.5,73,2.5
1000.9,28.7,67,2.5
1001.0,29.6,65,2.1
1001.0,30.8,61,2.9
1000.2,31.6,56,2.9
999.7,31.8,60,3.5
999.2,31.3,59,3.8
998.8,30.6,58,3.9
998.5,29.9,63,3.5
998.7,28.8,70,3
999.0,26.6,79,2.9
999.7,25.9,84,0.6
1000.4,25.9,83,0.3
1000.7,25.5,85,1.2
1000.9,24.8,87,1.3
1000.5,24.4,88,1.6
1000.2,24.3,88,1.7
1000.0,23.5,91,1.4
999.5,22.9,93,0.4
999.4,22.3,96,0.5
999.4,22.1,96,0.5
999.5,22.0,95,0.6
999.9,22.5,96,0.8
999.9,26.2,75,2.1
1000.1,27.9,69,2.6
1000.3,28.6,66,3
1000.2,29.6,62,3.2
1000.2,29.3,71,3.6
999.9,28.3,73,3.2
999.5,27.8,75,3.6
999.1,25.9,88,1.1
998.8,26.6,89,1
998.4,28.2,75,1.7
998.4,28.2,73,2.4
998.7,27.5,75,2.3
999.1,26.5,79,0.7
999.6,25.6,84,0.7
999.8,24.0,93,0.4
999.6,23.5,95,0.6
999.5,23.1,96,0.4
999.1,22.7,97,0.8
998.7,22.5,97,0.2
998.4,22.2,96,0.5
998.2,22.4,95,0.4
998.3,21.8,97,0
998.8,21.6,98,0.8
999.1,22.5,95,0.6
999.7,25.6,80,0.4
999.8,27.4,75,1.9
999.6,29.2,67,3.3
999.6,30.5,61,2.4
999.7,30.8,61,3
999.3,32.4,54,3.3
998.6,32.2,64,3.6
998.1,31.6,63,4.4
998.2,31.1,64,4.1
998.0,30.5,70,3.2
998.3,29.8,71,2.3
998.7,28.7,73,2.5
999.0,27.7,81,1.4
999.7,27.4,81,0.8
1000.1,27.0,84,0.6
1000.6,26.9,85,0.6
1000.8,26.9,84,1
1000.2,26.8,84,1.2
,,,
,,,
,,,
,,,
,,,
,,,
,,,
,,,
,,,
,,,
,,,
,,,
,,,
,,,
,,,
,,,
,,,
,,,
,,,
,,,
,,,
,,,
,,,
,,,
,,,
,,,
,,,
,,,
,,,
,,,
,,,
1007.8,23.5,92,2
1007.7,23.4,93,3.9
1007.2,23.4,93,3.9
1007.3,23.4,93,3.8
1007.4,23.1,94,3.9
1007.9,23.1,94,3.5
1008.5,23.6,93,3
1009.1,24.7,88,2.8
1009.4,25.3,86,3.1
1009.6,25.6,86,3.3
1009.6,26.2,84,3
1008.9,26.6,80,2.7
1008.3,27.0,78,1.7
1007.6,26.8,79,2.9
1007.4,26.3,79,3.9
1006.7,25.8,81,3.1
1006.5,25.4,81,2.6
1007.0,24.6,86,3.5
1007.5,24.2,89,3.4
1008.1,24.2,89,3.3
1008.9,24.1,90,3.2
1009.6,24.1,92,1.4
1009.7,23.9,92,1.3
1009.3,24.3,90,0.4
1008.3,24.4,75,1
1007.9,24.6,80,0.7
1007.6,24.7,82,1.1
1007.7,23.9,90,2.7
1008.0,24.0,93,2.8
1008.4,24.2,86,3
1008.8,24.6,91,6.8
1009.3,24.7,88,6
1009.1,25.6,86,5.4
1009.3,26.7,81,4.2
1008.8,26.6,78,4.6
1008.0,26.4,79,4.7
1007.4,26.6,80,4.6
1006.9,26.5,80,3.6
1006.3,25.9,82,3.6
1006.0,25.6,82,3.7
1006.1,25.1,86,4.1
1006.6,24.6,88,4.5
1006.7,24.4,90,4.2
1007.2,24.6,90,4.1
1007.4,24.5,90,4.4
1008.0,24.3,93,3.9
1007.5,24.1,95,2.9
1007.1,24.1,96,1.7
1006.6,24.0,96,1.2
1005.8,24.0,96,0.5
1005.1,24.4,92,1
1004.9,25.6,82,6.1
1004.7,25.7,82,8.5
1004.7,25.9,80,9.6
1005.3,26.7,74,9
1006.0,27.4,74,9.1
1005.8,28.1,71,9.6
1005.8,28.6,72,10.1
1005.0,28.6,75,11.8
1004.9,28.6,77,11.3
1004.4,28.4,79,9.8
1003.7,28.4,80,7.9
1003.0,28.1,82,8.9
1002.9,27.7,85,7.6
1003.1,26.9,90,6.5
1003.4,26.6,91,6.4
1003.9,26.4,92,6.3
1004.1,26.1,93,5.6
1004.5,25.6,94,5
1005.1,25.1,96,5.2
1005.2,25.0,95,5.4
1004.9,25.2,94,5.9
1004.2,25.4,91,6.4
1004.1,25.6,89,5.5
1003.7,25.6,88,6.4
1003.3,25.7,86,6.3
1003.6,25.7,87,5.3
1003.8,25.7,87,5.2
1004.1,25.9,88,5.1
1004.4,26.3,87,4.9
1004.6,26.7,85,5.3
1004.6,27.1,82,5.1
1004.6,27.6,80,6.3
1004.2,28.2,79,5.7
1003.9,28.4,78,5.8
1003.5,28.9,75,5.8
1003.1,27.7,80,5.3
1003.3,27.3,82,6.4
1003.6,26.8,85,6.2
1004.1,26.2,89,5
1004.7,26.1,90,4.5
1005.4,25.9,91,3.9
1005.9,26.1,89,3.7
1006.5,26.2,90,3.2
1006.5,26.2,89,3.2
1006.0,26.1,91,3.6
1005.2,26.2,90,3.3
1005.1,25.7,91,3.6
1004.9,23.4,93,2.6
1005.1,23.8,91,1.4
1005.6,24.6,91,1.7
1006.1,24.9,91,1.7
1007.1,25.0,93,4.5
1007.9,24.8,93,4.4
1008.0,24.5,92,7.2
1008.0,24.1,91,6.8
1007.8,23.2,93,9.9
1007.9,23.4,91,9
1008.1,23.4,91,8.8
1007.3,23.6,88,8.7
1007.0,23.4,89,8.2
1007.0,23.4,90,8.3
1007.0,23.1,92,6.8
1008.1,23.4,90,7.8
1008.8,23.4,89,8
1009.0,23.1,91,9.6
1010.4,22.9,90,9
1011.2,22.9,91,7.8
1010.9,22.8,92,8
1009.6,22.7,90,7.9
1008.5,22.8,92,8.1
1009.0,23.1,89,6.1
1008.8,23.0,89,6.7
1009.1,22.8,88,8.1
1008.9,22.7,89,9
1009.6,22.9,84,8.5
1010.2,23.1,85,7.8
1010.7,23.4,83,7.2
1011.1,23.1,86,6.5
1011.2,23.0,85,7.1
1011.5,23.3,82,6.9
1011.1,23.5,80,6.5
1010.6,23.7,77,6.6
1009.9,24.0,74,6.2
1009.4,24.7,72,6.7
1009.1,24.2,73,7.1
1009.3,23.9,76,6.8
1009.4,23.5,82,7.1
1009.9,23.4,85,7.5
1010.2,23.2,83,7.5
1010.5,23.5,81,6.7
1010.5,23.5,80,6.4
1010.1,23.2,82,6.1
1009.5,23.1,82,6.6
1009.1,23.1,82,5.6
1008.7,23.1,82,6.5
1008.4,22.9,80,6.3
1008.3,23.0,78,6.3
1008.5,22.9,80,6.7
1009.0,23.0,80,6.7
1009.7,23.6,74,6.7
1010.1,24.2,74,6.7
1010.5,24.9,72,8.3
1010.5,25.3,73,7.5
1010.1,25.5,72,8
1009.7,25.9,70,6.7
1008.8,26.2,68,6.8
1008.0,26.1,69,6.7
1007.1,26.1,62,5.6
1006.9,25.8,66,5.5
1006.8,25.2,63,5.3
1007.2,24.5,68,4.6
1007.5,23.7,71,4.6
1008.1,23.5,76,4.4
1008.4,23.2,79,3.2
1008.4,23.0,74,3.6
1008.6,22.6,78,2.7
1008.6,23.4,75,1.3
1008.5,23.5,74,0.7
1008.3,23.7,75,0.4
1008.2,23.1,87,2.6
1008.1,23.0,85,3.4
1008.3,23.0,83,3.5
1008.7,23.1,84,3.8
1009.4,23.8,84,2.9
1009.9,25.1,78,2.3
1010.3,25.7,75,3.2
1010.3,26.3,75,2.6
1009.9,26.8,70,3.6
1009.4,27.0,70,4.1
1008.6,27.4,66,4.6
1007.6,26.9,66,4.4
1007.1,27.1,64,3.8
1007.2,26.6,68,4.4
1006.7,26.1,72,4.9
1007.4,25.0,78,5.3
1007.7,24.4,79,5.1
1008.3,24.2,77,4.3
1008.5,24.3,77,3.8
1008.7,24.0,76,3.2
1008.9,24.4,69,2.1
1008.5,24.2,74,1.1
1008.1,23.4,81,1.9
1007.6,23.2,84,1.8
1007.1,23.6,80,2.4
1006.8,23.7,76,3.4
1006.9,23.8,72,3.6
1007.4,23.9,73,2.6
1007.9,25.9,65,3.2
1008.4,26.3,61,2.6
1008.6,27.9,59,3.3
1008.5,27.9,61,3.5
1008.4,27.0,62,3.4
1007.8,28.0,63,3.8
1007.2,28.3,59,4.6
1006.4,28.2,57,4.8
1005.7,27.7,54,4.7
1005.4,27.6,55,4.7
1005.2,27.4,57,4.7
1005.5,26.5,62,4.3
1006.1,26.0,65,3.7
1006.8,26.2,66,3.7
1007.3,25.6,70,3.4
1007.6,25.8,71,3.7
1007.2,25.9,71,4.6
1006.8,25.6,70,3.8
1006.4,25.5,75,3.8
1005.4,25.1,75,3.8
1004.9,24.9,76,3.4
1004.8,25.1,76,3.5
1005.2,25.2,79,3
1005.6,25.8,74,2.2
1006.0,26.8,74,4.4
1006.9,27.4,78,4.6
1006.8,28.3,80,8.9
1007.0,28.2,82,8.6
1006.8,28.5,82,8.9
1006.4,28.7,82,8.2
1006.1,28.3,83,8.4
1005.5,28.7,81,7.9
1005.3,28.3,80,8.8
1005.0,27.9,85,8.1
1005.2,27.7,86,6.2
1006.3,27.2,88,6
1006.9,27.0,91,4.7
1007.6,26.8,92,3.8
1008.3,26.7,93,2.5
1009.1,26.2,93,1
1008.5,26.0,93,0.1
1007.9,25.1,94,3.9
1007.3,24.9,94,3.9
1007.1,24.0,96,6.6
1006.8,24.0,94,7.3
1007.0,23.8,93,7.6
1007.5,23.6,92,9
1007.7,23.5,92,9.3
1008.3,23.6,91,9
1009.1,23.6,90,9.8
1009.5,23.4,89,9.4
1009.8,23.1,89,10.4
1009.9,22.0,93,11.6
1009.8,22.1,90,11.4
1009.3,22.2,88,11.5
1008.4,22.3,88,11.6
1008.1,22.8,87,12.5
1008.4,22.4,87,11.5
1008.5,22.5,85,12.4
1009.2,22.1,87,11.8
1009.6,22.1,86,11.3
1009.8,22.3,85,11.7
1010.2,22.5,85,11
1010.5,22.4,86,11.7
1010.4,22.4,85,10.9
1010.2,22.6,84,10.2
1009.6,22.7,83,10.8
1009.1,22.6,78,11.3
1008.8,22.6,84,10.9
1008.8,22.5,84,11.7
1009.1,22.7,84,10.1
1009.6,22.9,82,10.8
1010.3,23.1,81,11.2
1010.6,23.1,77,10.5
1011.1,23.5,76,9.8
1011.2,23.5,76,10.9
1010.9,23.5,75,10.2
1010.3,24.6,71,11.1
1009.7,24.9,71,10.4
1009.1,23.8,75,10.2
1008.8,23.2,78,10.5
1008.3,23.0,78,9.8
1008.1,23.1,80,9.1
1008.2,23.0,81,9.8
1008.6,23.0,81,8
1009.2,23.4,81,6.8
1009.7,23.4,82,6.3
1010.0,23.5,83,6.4
1010.0,23.6,81,5
1009.4,23.5,84,5
1009.2,23.6,84,4.2
1008.7,23.5,84,4.7
1007.9,23.3,86,4.3
1007.6,23.0,89,5.3
1008.3,23.0,88,5.3
1008.4,23.1,87,5.1
1008.6,23.5,87,4.2
1009.2,24.3,82,4.2
1009.2,25.4,80,3.7
1009.0,25.6,78,3.9
1008.5,26.3,74,3.5
1007.8,26.8,72,4.2
1007.0,26.8,70,3.8
1006.5,27.5,69,2.3
1006.0,27.6,69,2.5
1005.6,27.1,74,3.5
1005.3,26.1,78,3
1005.5,25.2,85,1.7
1006.1,24.7,85,1.6
1006.5,24.5,87,1.6
1007.0,24.2,88,0.7
1007.0,24.1,89,1.3
1007.1,24.7,88,1
1006.4,25.0,89,1.7
1006.1,25.2,91,1.6
1005.8,25.6,90,1.3
1005.3,25.7,91,1.8
1004.8,25.8,94,2.3
1004.8,26.4,92,6
1005.0,26.5,92,7.6
1005.8,26.8,91,6.4
1006.4,27.5,90,6.1
1007.1,28.2,86,5.5
1007.2,28.3,85,5.8
1007.2,29.1,84,4.6
1006.8,29.8,81,4.8
1006.5,30.6,78,4.1
1005.7,30.4,75,2.8
1005.0,30.2,77,2.5
1004.5,28.8,81,2.6
1004.8,27.8,82,2.3
1005.4,26.5,88,1.8
1005.5,25.6,93,0.7
1005.9,25.6,92,0.6
1006.6,25.4,94,4
1007.4,25.2,94,3.5
1007.6,25.2,93,3.9
1008.0,25.1,93,5.8
1007.8,25.1,93,6.4
1007.8,24.9,90,8.8
1007.9,24.8,88,8.3
1008.0,24.8,88,8.8
1008.1,24.9,86,10.8
1008.2,24.8,79,11.7
1008.8,24.7,76,12.3
1009.0,24.4,74,14.5
1009.7,24.5,77,13.2
1009.7,25.2,75,13
1010.1,25.1,73,14
1009.8,24.6,71,13.3
1009.7,25.9,63,12.3
1009.1,25.3,63,12.2
1008.8,25.1,68,11.8
1009.0,24.7,65,12.4
1009.3,24.1,67,13.7
1009.6,23.9,65,13.2
1010.0,23.7,69,12.7
1010.1,23.2,74,12.1
1010.1,22.7,80,10.8
1010.8,22.4,82,9.2
1010.2,22.6,83,9.5
1009.8,22.8,83,8.7
1009.4,23.0,83,8
1009.0,23.1,84,7.8
1008.6,23.0,84,6.7
1008.8,22.7,84,7.1
1008.9,22.7,85,8
1009.3,22.8,84,8
1009.7,23.1,82,7.3
1010.2,23.4,80,8
1010.4,23.3,82,7.3
1010.4,22.9,88,7
1010.2,22.9,87,7.3
1009.7,23.4,85,6.3
1008.9,23.2,89,7.9
1008.5,23.3,86,8.2
1008.0,22.9,89,10.3
1007.8,22.7,88,8.9
1007.7,22.3,91,8.8
1008.0,22.2,91,8.5
1008.1,22.5,93,8.3
1008.6,22.7,90,7.4
1008.8,22.7,92,7.9
1008.7,22.8,93,7.7
1009.1,23.0,91,5.5
1008.1,22.9,92,6.5
1007.8,23.1,92,6.6
1007.7,23.1,94,6.7
1007.4,22.9,94,6.6
1007.6,22.9,88,6.4
1007.9,22.4,94,5.9
1008.1,22.8,95,4.4
1008.6,23.4,92,3.9
1008.8,24.1,88,4.6
1009.1,25.1,83,4.4
1009.1,26.0,81,5.3
1008.7,26.6,75,5.5
1008.2,27.3,74,6.3
1007.8,27.1,75,6.9
1007.3,26.9,76,8.5
1006.9,26.2,80,8.2
1006.7,25.7,80,8.2
1006.6,25.0,82,6.8
1006.7,24.2,86,8
1007.0,23.9,88,8.2
1007.6,24.0,87,6.3
1008.1,24.2,86,6.5
1008.4,24.3,87,5.3
1008.3,24.4,89,3.9
1007.8,24.4,89,3.8
1007.4,24.3,90,3.4
1006.9,23.8,93,4.1
1007.0,23.8,92,5.5
1007.1,23.8,93,5.1
1007.5,23.8,93,4.8
1008.1,23.9,92,5.2
1008.5,24.8,88,4.6
1009.0,25.6,84,4.8
1009.0,26.7,79,5.3
1008.6,27.4,78,4.1
1008.1,27.6,76,3.6
1007.4,27.8,76,3.2
1006.7,27.6,76,3.1
1006.2,27.9,76,3.2
1005.8,28.2,73,4.1
1005.6,27.3,80,4.6
1005.8,26.7,83,5.5
1006.2,25.5,86,4
1006.6,25.1,89,2
1007.2,24.3,91,2.4
1007.4,24.3,90,1.9
1007.8,24.6,88,1.5
1007.5,24.5,90,1.1
1007.1,24.7,90,0.8
1006.9,24.9,91,0.3
1006.6,25.0,91,0.9
1006.8,24.9,91,1.7
1006.7,25.0,88,1.1
1007.1,25.0,87,1
1007.4,25.2,86,1.7
1008.1,26.1,82,2.6
1008.7,27.0,73,3.7
1009.2,27.7,71,4
1009.2,28.3,75,4.1
1009.0,28.5,72,5.6
1008.4,28.2,74,6.3
1008.1,28.1,76,6
1007.7,27.6,77,7.3
1006.8,27.5,76,7.4
1006.8,27.2,79,9.5
1007.2,25.6,82,11.7
1007.7,25.1,83,11.7
1008.1,24.6,85,12.4
1008.6,24.4,85,12.8
1009.3,24.3,86,12.1
1009.9,24.1,84,11.9
1009.9,23.9,82,12.7
1009.4,23.7,82,14.6
1009.2,23.6,83,12.8
1008.9,23.6,84,12.3
1008.5,23.5,84,12.8
1008.4,23.5,84,12.4
1008.8,23.4,85,12.9
1009.3,23.2,83,13.3
1009.7,23.5,82,13.2
1009.9,23.9,80,13
1010.3,24.4,79,12.6
1010.3,24.9,75,12.9
1010.2,25.0,76,13.1
1009.7,25.2,74,11.2
1009.5,25.5,74,11.7
1008.9,24.8,75,11.6
1008.6,24.3,78,12.4
1008.2,24.7,75,12.3
1008.2,23.7,78,12
1008.7,23.4,82,12.3
1009.1,23.5,82,11.4
1009.4,23.5,82,10.5
1009.8,23.8,83,10.2
1009.7,23.7,84,10
1009.8,23.5,84,11.7
1009.5,23.5,85,10.5
1008.9,23.6,85,8.8
1008.4,23.7,86,8.6
1008.3,23.6,86,7.4
1008.1,23.5,86,7.9
1008.0,23.4,88,8.8
1008.4,22.9,91,9.7
1008.8,23.2,88,8.1
1009.4,23.9,86,7.8
1009.8,23.9,88,9
1009.9,24.0,85,9.1
1009.7,24.8,82,8.1
1009.4,25.9,79,8.2
1008.7,25.6,80,8.8
1008.1,25.4,78,9.5
1007.7,25.0,81,8.2
1007.8,24.6,83,8.4
1007.5,24.2,83,8.3
1007.8,24.0,85,8.4
1008.2,23.9,85,8.6
1008.5,24.0,85,8.4
1008.8,24.0,85,7.2
1009.0,24.2,84,6.9
1008.6,24.1,85,7.2
1007.9,24.0,86,7.4
1007.2,24.1,85,6.4
1006.5,24.1,85,5.5
1006.2,24.2,84,4.7
1006.2,24.2,86,4.5
1006.8,24.4,86,5.3
1007.2,24.4,87,5.3
1008.1,24.6,85,6.8
1008.5,25.3,82,6.2
1008.4,26.5,77,6
1008.5,26.3,78,5.6
1008.1,27.7,73,5
1007.5,27.3,74,4
1007.0,27.8,71,3.8
1006.3,28.6,69,5.9
1005.8,27.2,73,6.5
1005.4,26.2,77,5.8
1005.1,25.6,79,5.5
1005.2,25.2,81,4.8
1005.5,24.8,83,3.7
1005.7,24.6,85,4.2
1005.8,24.5,87,2.2
1005.9,24.5,86,1.7
1005.6,24.6,86,1.8
1004.9,24.2,88,3.9
1004.4,24.0,89,4.2
1004.2,24.2,85,4.6
1004.0,24.2,84,3.5
1004.4,24.2,84,4.7
1004.7,24.2,84,5.3
1004.7,24.3,86,4.6
1005.2,25.0,84,5.7
1005.5,26.0,80,4.9
1005.9,26.7,77,5.3
1005.6,27.6,72,5.1
1005.0,27.8,71,4.9
1004.3,27.7,73,4.3
1003.7,27.6,73,4.3
1002.9,28.1,72,3.6
1002.3,27.6,74,3.7
1002.1,27.6,73,4.3
1002.3,26.8,76,4.4
1002.5,25.6,80,5.4
1002.8,25.4,81,4.2
1003.4,25.4,82,2.6
1004.0,25.3,84,1.7
1004.4,25.3,85,1.5
1004.2,25.2,85,1.8
1003.7,24.8,89,1.7
1003.1,24.7,89,1.1
1002.8,24.8,90,2.1
1002.7,24.7,90,1.3
1002.8,24.6,88,2
1003.1,24.6,89,0.9
1003.3,24.8,88,0.9
1004.0,25.4,85,1.1
1004.3,26.1,83,0.9
1004.7,27.2,79,0.7
1004.9,28.5,73,1.3
1004.8,29.2,71,1.1
1003.9,28.6,72,1.1
1003.1,29.9,68,1.2
1002.5,30.1,67,1.3
1002.1,28.7,73,1.1
1001.9,28.9,72,1.4
1001.6,27.3,79,1.3
1002.0,26.7,80,1.8
1002.1,26.0,85,2.4
1002.5,25.9,86,0.9
1002.8,25.4,87,0
1002.9,25.5,88,0.1
1002.5,25.4,87,0.5
1002.0,25.1,92,0.3
1001.9,25.0,92,0.3
1001.9,25.2,90,0.6
1001.7,24.9,92,0.3
1001.9,25.5,89,1.1
1002.2,25.6,88,0.3
1002.6,26.0,86,0.7
1003.2,26.2,87,0.3
1004.0,27.0,82,0.9
1004.6,26.7,88,1.2
1004.7,27.4,83,0.7
1004.3,26.7,88,2.6
1003.6,27.2,87,3.4
1003.1,24.5,87,5.7
1003.3,23.3,96,8.6
1003.2,23.7,96,7.8
1003.2,23.9,94,10.4
1003.1,23.9,91,4.8
1003.1,24.7,93,4.5
1003.5,24.9,91,5.1
1004.0,25.2,94,4.5
1004.6,25.3,93,2.1
1005.1,25.6,91,1.7
1004.6,25.5,92,2
1004.0,25.4,89,2.3
1004.1,25.4,87,1
1003.9,25.6,92,1.7
1003.4,25.3,94,3.1
1003.6,24.7,94,2.2
1004.2,25.3,91,4.6
1004.3,25.6,89,6.2
1005.1,25.8,89,6.8
1005.6,27.1,82,6.6
1005.9,27.6,80,6.3
1006.2,27.8,79,6.7
1006.0,27.8,78,8.8
1005.7,27.7,78,8.5
1004.9,28.3,78,8.2
1004.4,27.9,77,7.6
1003.9,26.6,82,9
1003.5,26.3,84,7.6
1003.5,25.7,87,7.1
1004.1,25.1,88,7.6
1004.3,24.9,89,7.3
1004.6,24.8,91,7.2
1005.2,25.1,91,5.9
1005.7,25.3,90,4.7
1005.9,25.6,86,5.3
1005.6,25.4,85,6.8
1005.2,25.2,84,5.6
1004.7,25.2,84,5.7
1004.8,25.1,84,5.3
1005.0,25.1,84,4.6
1005.1,25.2,82,4
1005.4,25.2,85,4.6
1005.7,26.1,82,3.8
1006.0,26.5,81,2.3
1006.5,26.9,81,1.9
1006.9,27.5,78,1.2
1007.2,29.1,72,1.6
1007.3,28.6,73,1.7
1006.5,28.9,72,3.3
1006.2,28.5,79,4.2
1006.1,27.3,78,5
1005.8,27.5,74,6.8
1005.8,26.5,79,5.4
1006.3,26.3,81,4.8
1006.5,25.8,82,5.2
1006.9,25.8,84,4.5
1007.2,25.6,84,5.5
1007.7,25.6,83,6.4
1007.8,25.6,80,5.6
1007.3,25.4,82,5.9
1007.2,25.3,83,4.6
1006.1,25.2,81,3.9
1005.7,24.9,84,1.4
1005.6,24.7,86,0.2
1005.9,24.7,87,1.2
1006.3,25.2,86,1.2
1006.8,26.8,80,0.8
1006.8,27.1,78,0.8
1007.0,27.1,79,1.8
1007.3,29.4,71,1.5
1006.9,28.8,72,1.7
1006.9,29.0,74,2.8
1006.6,27.9,78,3.3
1006.3,28.6,75,4.8
1005.7,28.3,73,5.4
1005.4,27.6,76,5.8
1005.6,27.0,78,5.4
1005.8,26.1,81,5.9
1006.0,25.6,83,6
1006.4,25.4,83,6
1007.0,25.3,84,5.5
1007.2,25.3,84,5
1007.1,25.1,87,4.5
1006.5,25.0,87,4.8
1005.8,24.8,88,3.8
1005.7,24.7,90,2.8
1005.6,24.7,88,3.5
1005.4,24.6,88,3.2
1005.5,24.5,86,4.3
1006.0,24.5,88,3.5
1006.5,25.2,84,3.7
1006.9,26.2,81,2.7
1007.3,27.2,77,3.1
1007.7,28.3,75,3.9
1007.7,28.7,73,4.3
1007.2,29.3,72,4.9
1006.8,29.1,71,5.2
1006.0,28.1,74,5
1005.5,27.8,75,5.7
1005.0,27.6,75,5.5
1005.0,26.5,82,4.9
1005.1,25.4,87,5.7
1005.6,25.0,90,5.4
1006.3,25.2,90,3.3
1006.8,25.1,87,1.8
1007.0,24.9,92,1.5
1006.7,24.8,93,1.7
1006.2,24.9,90,1.9
1005.7,24.7,94,2.8
1005.7,24.7,93,2.6
1005.1,24.3,94,2.6
1005.3,24.3,95,2.9
1005.4,24.2,94,2.1
1005.6,24.5,93,2.2
1006.1,25.5,88,2.4
1006.2,26.4,84,3.3
1006.6,27.1,82,3.2
1006.8,27.7,79,3.7
1006.7,28.3,76,3.5
1006.5,28.9,73,3.2
1006.0,27.8,78,2.5
1005.6,28.1,75,3
1005.0,27.8,74,2.7
1004.6,27.6,75,3.1
1004.7,27.7,75,2.9
1004.8,26.2,80,3.2
1004.9,25.4,84,2.6
1005.4,24.9,89,1.7
1005.4,24.4,92,0.9
1005.5,24.2,91,0.9
1005.4,25.1,83,2.1
1004.9,25.5,83,2.5
1004.5,25.5,85,3.1
1004.2,25.8,86,4.8
1004.1,26.1,85,4.2
1004.1,26.1,87,4.6
1004.3,26.2,87,3.6
1004.9,26.2,86,4.5
1005.2,27.1,78,5.2
1005.4,27.9,76,5.1
1005.8,28.4,74,5.3
1006.1,28.9,75,5.2
1006.2,28.8,75,7.4
1005.7,28.4,78,8
1005.3,29.1,76,4.5
1005.0,29.3,74,6
1004.5,29.6,74,5
1004.3,29.2,77,5
1004.3,28.0,82,4.5
1004.4,27.3,87,3.1
1004.7,26.4,92,2.6
1005.2,26.2,92,3.3
1005.8,26.3,92,3.6
1006.3,26.6,91,3.8
1006.4,26.7,90,4.7
1006.1,26.6,92,4.4
,,,
,,,
,,,
,,,
,,,
,,,
,,,
,,,
,,,
,,,
,,,
,,,
,,,
,,,
,,,
,,,
,,,
,,,
,,,
,,,
,,,
,,,
,,,
,,,
,,,
,,,
,,,
,,,
,,,
,,,
,,,
1011.3,23.5,90,1
1011.2,23.4,91,1.7
1010.8,23.3,91,1.2
1010.8,23.4,91,1.3
1011.0,23.7,91,0.6
1011.6,23.5,91,1.4
1011.9,24.1,89,1.5
1012.5,24.7,85,1.3
1012.9,26.0,81,1.6
1013.0,26.6,78,2.1
1012.8,27.5,73,1.7
1012.4,27.6,72,2.4
1011.8,27.1,74,2.3
1011.3,27.1,75,2.6
1010.7,27.0,74,2.6
1010.0,26.6,73,2.8
1010.0,26.1,76,1.5
1010.4,25.5,79,1.9
1010.9,24.9,80,2
1011.7,24.8,82,0.9
1012.5,24.8,83,1.1
1013.0,24.8,83,0.6
1013.0,25.0,82,0.7
1012.6,24.7,85,1.2
1012.0,24.8,84,1
1011.5,24.7,82,0.2
1011.1,24.5,88,1.5
1011.2,24.3,89,1.5
1011.5,24.4,87,2.4
1011.9,24.3,90,2.6
1012.4,24.1,86,3.2
1012.6,24.4,83,3.4
1012.6,25.8,77,3.2
1012.7,26.9,74,3.3
1012.3,27.4,71,2.1
1011.6,27.5,73,2.4
1010.8,27.5,74,2.9
1010.4,26.2,79,2.8
1009.9,26.2,77,2.3
1009.6,26.0,79,2.2
1009.9,25.4,83,2.8
1010.1,25.1,86,2.6
1010.2,25.0,87,2.6
1010.7,24.6,89,2.5
1011.1,24.5,89,2.4
1011.5,24.5,90,1.9
1011.3,24.6,89,1.8
1010.7,24.5,90,2
1009.9,24.5,90,0.7
1009.1,24.6,89,0.3
1008.7,24.6,89,0
1008.4,24.3,89,0.2
1008.2,24.7,89,1.7
1008.4,25.0,89,2.6
1008.9,26.1,82,3.4
1009.1,27.3,75,4
1009.2,27.4,75,3.8
1009.1,28.3,72,6
1008.6,29.0,72,5.6
1008.2,29.0,75,6.3
1007.8,29.4,75,5.8
1006.9,28.9,77,6.6
1006.5,29.0,78,5.7
1006.3,28.2,83,4.9
1006.3,27.1,88,4.1
1006.6,26.7,90,3.5
1007.1,26.3,92,3.8
1007.4,25.8,93,2.2
1008.1,25.6,92,1.6
1008.3,25.4,92,2.2
1008.2,25.4,92,3.1
1008.1,25.3,92,2.9
1007.6,25.1,92,3.4
1007.2,25.1,92,4.3
1006.9,25.2,91,4.1
1006.7,25.2,91,3.2
1007.0,25.2,91,3.3
1007.1,25.2,92,2.9
1007.4,25.7,89,3.1
1007.6,26.2,86,3.7
1007.9,27.0,84,3.7
1007.9,28.5,75,4.1
1007.8,28.5,77,3.3
1007.5,27.6,80,3.7
1007.3,27.5,80,3.2
1006.7,27.4,81,3.5
1006.4,27.5,81,4.1
1006.8,26.9,84,3.4
1007.0,26.6,87,2.2
1007.3,26.0,89,2.9
1007.8,26.0,89,3.5
1008.6,25.9,90,2.8
1009.1,25.8,92,2.9
1009.8,25.7,92,1.4
1009.8,25.7,92,1.1
1009.4,24.1,95,3
1009.2,23.2,93,2.6
1008.9,23.6,93,3
1008.6,23.9,93,2.6
1008.8,23.6,92,2.2
1009.4,23.7,91,3.2
1009.9,23.6,90,3.6
1010.8,23.5,89,3.4
1011.8,23.4,89,3.7
1011.6,22.6,90,4.9
1012.0,22.1,95,4.3
1012.0,21.5,95,5.2
1011.8,22.0,94,4.5
1011.7,22.2,90,4.1
1011.4,22.3,88,4
1011.1,21.6,95,4.1
1010.7,21.8,94,3.8
1011.2,22.0,93,3.3
1012.3,22.1,92,4
1012.5,21.9,92,4.4
1013.2,21.7,92,4.9
1014.3,21.9,91,4.1
1015.1,22.1,88,4.1
1014.6,22.0,91,3.3
1013.5,21.7,92,4
1012.4,21.7,89,4
1012.4,21.9,89,3.6
1012.6,21.8,89,3.3
1012.6,21.8,87,3.9
1012.6,22.3,86,3.6
1012.9,22.5,85,3.6
1013.8,22.7,84,3.5
1014.6,22.6,84,3.4
1015.0,23.0,84,2.6
1014.9,23.2,82,3.6
1015.2,23.9,74,3.8
1014.8,24.4,75,4
1014.2,23.0,82,4.5
1013.5,23.8,79,4.2
1013.3,23.6,80,4
1013.1,23.6,81,3.9
1013.1,23.4,81,2.9
1013.2,23.0,82,3.1
1013.8,22.7,84,2.9
1014.0,22.7,83,2.6
1014.2,22.7,85,2.1
1014.3,22.7,83,2.3
1013.6,22.6,85,1.6
1013.2,22.5,85,2.3
1012.9,22.3,86,2.4
1012.5,22.4,85,3.3
1012.2,22.3,82,3.5
1012.1,22.2,82,2.9
1012.3,22.1,81,3.4
1012.7,22.1,83,2.8
1013.5,22.8,79,2.4
1014.1,24.0,75,3.5
1014.2,24.4,74,3.9
1014.2,25.8,69,3
1013.8,26.1,67,3.6
1013.3,26.0,68,3.4
1012.4,26.3,63,3.9
1011.5,26.7,61,2.2
1010.8,26.4,63,2.4
1010.6,25.6,66,2.9
1010.4,24.9,69,2.1
1010.8,24.3,71,3.2
1011.2,23.6,74,2.3
1011.6,23.4,77,1.9
1011.7,22.8,80,1
1012.0,23.0,79,0.4
1012.1,22.3,82,0.4
1012.1,22.0,87,0.2
1012.2,22.4,86,1.4
1012.1,22.6,83,1.6
1012.0,22.5,85,1.5
1011.6,22.5,84,1.9
1012.0,22.2,87,1.6
1012.4,22.1,89,1.4
1012.8,23.5,83,1.6
1013.6,24.9,76,1.9
1013.9,26.0,68,1.5
1013.9,26.8,67,1.6
1013.6,26.7,66,2.2
1013.1,27.2,65,2.1
1012.2,27.2,65,1.9
1011.3,27.4,63,2.2
1010.9,26.8,66,3.1
1010.6,26.6,67,2.2
1010.5,25.6,72,2.2
1011.0,25.0,73,1.9
1011.2,24.4,76,1.7
1011.7,24.2,76,1
1012.0,24.3,73,1.7
1012.2,24.5,71,0.4
1012.4,23.9,75,0.5
1011.9,23.6,75,0.4
1011.6,23.3,76,0.4
1011.1,23.7,73,0.8
1010.6,24.0,70,1.2
1010.7,23.8,76,0.9
1010.7,23.5,79,0.4
1011.1,23.9,77,1.1
1011.5,25.1,70,2
1011.9,27.0,54,1.7
1012.1,27.1,51,1.3
1012.3,26.9,54,2.2
1012.0,27.9,50,2.1
1011.4,27.8,54,2.4
1010.8,28.2,58,1.6
1009.9,28.3,59,2.2
1009.2,29.2,54,2.5
1008.6,28.6,51,2.5
1008.7,27.8,50,2.6
1009.0,27.1,56,2.3
1009.6,26.5,61,2.6
1010.2,26.5,65,1.8
1010.8,26.3,66,1.9
1011.1,26.4,67,2.2
1010.8,26.3,68,2
1010.3,26.2,66,2.2
1009.8,25.8,69,1.9
1008.8,25.9,67,1.2
1008.5,25.9,69,1.5
1008.3,25.8,74,1.8
1008.7,25.6,77,1.6
1009.1,25.6,80,1.1
1009.6,26.7,76,1.2
1010.4,28.0,66,2.2
1010.6,27.4,73,2.5
1010.3,28.8,78,4.1
1010.2,26.3,86,4.3
1009.9,28.7,85,5.7
1009.4,29.4,79,4.3
1009.0,29.0,80,4.8
1008.7,29.1,81,3.9
1008.4,28.9,82,2.7
1008.8,27.9,85,2.8
1009.8,27.1,89,1.3
1010.3,26.7,91,2
1011.1,26.3,93,1.2
1011.8,26.0,94,0.3
1012.5,25.1,90,3.7
1012.0,24.3,91,3.5
1011.9,23.6,93,3.1
1011.1,23.4,92,3.7
1010.9,23.2,92,3.5
1010.4,23.0,90,5
1010.8,22.7,90,4.5
1011.3,22.3,91,4.2
1011.6,21.8,92,4.6
1011.9,21.9,91,5
1013.0,21.9,91,4
1013.5,21.9,89,4.6
1014.0,21.5,88,5.6
1014.0,21.4,86,4.9
1013.8,21.4,84,5.4
1013.4,21.2,86,4.8
1012.7,21.5,84,5.6
1012.3,21.9,82,5.3
1012.4,21.6,82,5.7
1012.7,21.4,82,4.9
1013.3,21.2,81,5
1013.5,21.4,82,4.3
1013.7,21.5,81,5.1
1014.3,21.7,82,5.1
1014.3,21.5,82,5.8
1014.1,21.7,82,4.3
1013.8,21.9,79,4.5
1013.5,22.1,78,4.8
1012.9,22.1,76,5.2
1012.7,22.0,75,4.1
1012.6,22.0,78,4.9
1013.0,22.0,79,4.5
1013.5,22.2,78,4.6
1014.1,22.4,76,4.4
1014.5,23.8,71,5.1
1015.0,24.1,69,5.1
1015.3,23.9,68,4.4
1014.7,24.3,67,5.4
1014.4,24.4,67,5.4
1013.7,24.6,66,4.9
1013.1,24.1,69,4.5
1012.7,23.3,73,5.5
1012.2,22.9,74,4
1012.1,23.0,75,4.1
1012.1,22.8,76,3.7
1012.3,22.9,78,3.7
1012.9,23.0,79,3.7
1013.3,23.1,81,3.1
1013.6,23.2,81,2.7
1013.7,23.2,81,2
1013.0,23.2,82,2.3
1012.8,22.9,85,2.6
1012.3,22.7,85,2.9
1011.8,22.5,85,2.1
1011.5,22.4,86,2.4
1012.0,22.5,86,1.8
1012.2,22.5,86,1.8
1012.3,23.2,83,2.7
1012.8,23.6,81,2.1
1012.7,25.0,75,2.2
1012.5,25.9,72,1.4
1012.2,26.8,68,2
1011.3,27.3,66,1.8
1010.8,27.1,72,1.6
1010.0,27.0,72,2.4
1009.5,27.0,72,2.1
1009.0,26.4,74,1.6
1008.7,26.8,73,1.5
1009.0,25.6,80,1.5
1009.6,25.0,79,1
1009.9,25.0,80,0.3
1010.4,25.1,80,0.2
1010.6,25.1,81,0.4
1010.5,24.9,83,1.5
1009.9,24.9,85,1.4
1009.6,24.7,88,0.6
1009.2,24.7,89,0.4
1008.7,24.8,91,0.6
1008.3,24.8,92,1.1
1008.2,24.9,94,1.5
1008.6,25.1,93,1.8
1009.3,26.2,91,1.8
1009.8,27.5,89,2.7
1010.5,27.8,88,2
1010.5,29.6,82,2.8
1010.7,29.4,83,2.9
1010.3,30.1,79,2.1
1009.9,29.3,81,1.5
1009.5,28.3,88,2.5
1008.4,28.0,84,2.1
1008.1,28.2,79,2.2
1008.3,27.3,85,2.3
1008.9,26.4,87,0.9
1008.9,25.9,91,1.2
1009.5,25.9,91,0.7
1010.2,25.6,93,1.6
1011.0,25.3,94,2.2
1011.3,25.2,94,2.3
1011.5,25.1,93,2.5
1011.7,25.5,90,3.2
1011.6,24.7,83,4
1011.7,24.7,82,3.9
1011.7,24.8,86,4.5
1011.9,24.5,85,4.6
1012.1,24.5,73,4.8
1012.9,24.3,74,5.1
1013.3,24.1,72,8.1
1013.7,24.3,75,6.6
1014.3,24.6,72,7.3
1014.5,24.7,67,7.9
1014.0,25.7,58,7
1013.7,25.9,60,5
1013.0,25.5,63,6.5
1013.1,25.6,61,5.5
1012.9,24.6,63,5.7
1013.3,24.1,61,6.7
1013.7,23.8,57,6.4
1014.3,22.5,62,6.5
1014.2,22.2,69,6.1
1014.1,22.6,67,5.6
1014.6,22.4,72,5
1014.2,22.1,79,4.8
1013.7,22.2,80,4.3
1013.2,22.4,82,3.5
1012.9,22.4,82,3.8
1012.5,22.5,81,3.4
1012.6,22.4,82,4
1012.6,22.1,82,4.2
1013.1,22.5,80,3.9
1013.4,22.7,80,4
1013.8,22.9,80,3.5
1014.3,22.9,83,3.6
1014.1,23.6,81,2.8
1014.2,23.7,81,3.5
1013.7,23.5,81,3.8
1012.7,23.7,80,3.4
1012.4,22.4,91,4.2
1012.1,21.4,95,4.1
1011.9,21.3,97,2.5
1011.8,21.2,95,3.3
1012.0,21.2,94,2.9
1011.9,21.6,96,4.1
1012.6,21.5,97,3.7
1012.7,21.4,96,3.3
1012.6,21.7,96,3.5
1012.9,22.1,94,3.3
1011.9,22.0,97,3.5
1011.5,22.0,97,3.4
1011.5,22.1,98,1.8
1011.2,21.8,97,1
1011.3,21.7,97,2.2
1011.5,22.0,98,1.9
1011.8,22.2,97,1.1
1012.4,22.4,95,2.8
1012.5,22.7,93,3.4
1013.0,23.0,92,3.6
1012.9,23.8,89,3.5
1012.5,25.7,81,3.7
1012.2,25.9,78,3.4
1011.7,26.1,79,3.1
1011.2,26.6,76,4
1010.8,25.9,76,4.2
1010.3,25.4,77,4.2
1010.2,25.0,79,4
1010.4,23.9,83,3.7
1010.7,23.4,86,3.4
1011.2,23.4,87,2.7
1011.7,23.4,88,2.3
1012.0,23.5,89,1.7
1011.9,23.2,91,1.4
1011.5,23.4,92,1.9
1011.0,23.6,91,2
1010.6,23.5,92,2.4
1010.7,23.4,92,1.9
1010.6,23.4,92,2.4
1011.2,23.5,92,2.5
1011.7,23.7,90,2.9
1012.3,24.4,87,3
1012.5,25.2,85,2.7
1012.6,26.1,81,1.9
1012.1,26.7,78,2
1011.5,27.1,78,2.6
1011.1,28.4,76,1.9
1010.2,28.4,73,2.2
1009.8,27.8,76,2.5
1009.4,26.8,79,2.6
1009.1,26.5,81,2.5
1009.3,25.8,83,2.6
1009.7,25.2,84,1.7
1009.9,24.7,86,1.4
1010.4,24.9,85,1.3
1010.9,24.9,84,1.3
1011.3,25.0,87,1.2
1011.0,24.8,91,1.4
1010.7,24.9,91,0.9
1010.4,24.7,90,1
1010.3,24.6,91,0.2
1010.4,24.2,93,0.4
1010.3,24.1,94,0.3
1010.7,24.1,95,1
1011.0,24.4,92,1.1
1011.7,25.3,83,1
1012.3,26.3,83,1.6
1012.8,26.4,83,2.3
1012.6,27.7,75,3.1
1012.5,28.3,71,3.4
1012.2,28.0,74,3.5
1011.8,28.0,72,4
1011.2,28.0,76,4.3
1010.6,27.4,77,4.8
1010.6,26.4,79,4.8
1011.0,25.5,80,5.8
1011.6,24.8,83,5.2
1011.9,24.3,84,5.2
1012.5,24.0,84,5.7
1013.2,23.6,85,5.4
1014.0,23.5,84,5.5
1013.8,23.3,82,5.9
1013.2,23.1,81,6
1013.2,23.0,81,5.2
1012.6,23.0,81,5.7
1012.5,22.9,82,5.7
1012.4,22.6,82,6.1
1013.1,22.5,81,5.7
1013.3,22.6,80,5
1013.7,22.9,78,6.1
1014.2,23.5,79,6
1014.5,24.0,75,6.4
1014.7,24.5,74,6.4
1014.2,24.6,73,6.9
1014.0,25.2,72,6.7
1013.7,25.4,71,6.5
1013.0,24.3,71,6.1
1012.7,24.5,73,6.1
1012.2,24.2,71,6.5
1012.4,23.6,74,5.1
1012.7,23.3,76,5.4
1012.9,23.2,79,5.8
1013.2,23.4,80,5.1
1013.5,23.2,83,4.4
1013.9,23.1,83,4.6
1013.7,23.0,83,4.7
1013.2,22.7,86,4.8
1012.8,22.7,86,3.9
1012.4,22.5,88,4
1012.3,22.3,89,4.5
1012.1,22.3,89,4.4
1012.0,21.8,92,4.6
1012.4,22.1,91,3.9
1012.6,22.9,89,3.7
1013.2,22.7,89,4.6
1013.7,22.1,89,4.1
1013.7,23.1,86,3.9
1013.6,23.9,83,3.3
1013.3,23.7,83,3.1
1012.6,23.6,84,3.8
1012.0,24.3,82,3.5
1011.6,24.2,83,3.8
1011.6,23.6,85,4.1
1011.4,23.6,86,3.1
1011.5,23.6,86,3.1
1011.8,23.6,86,3.5
1012.2,23.6,85,2.8
1012.4,23.7,86,2.7
1012.8,23.8,85,2.6
1012.4,23.7,86,3.1
1011.7,23.6,86,2.5
1010.9,23.3,86,2.2
1010.4,23.5,86,2.2
1010.0,23.3,87,2.2
1010.0,23.7,86,2.7
1010.5,23.6,86,2.6
1011.1,23.9,86,2.6
1011.9,24.4,83,3.6
1012.0,25.4,79,3
1012.0,26.3,74,2.2
1012.2,27.2,74,2.3
1011.5,27.3,73,1.9
1011.1,27.0,75,2.3
1010.6,26.8,75,2.4
1009.9,26.1,77,2.6
1009.5,25.8,78,2.7
1009.1,25.4,81,2.9
1008.7,25.5,80,2.2
1008.5,25.0,83,1.7
1009.2,24.7,83,2.1
1009.3,24.7,85,1.5
1009.4,24.7,85,1.4
1009.5,24.5,88,0.9
1009.0,24.3,88,1.6
1008.5,24.2,90,1.3
1007.8,24.1,89,0.8
1007.9,24.0,89,1.3
1007.6,24.0,90,1.3
1007.9,24.0,90,1.5
1008.1,24.0,90,1.7
1008.4,24.2,89,2
1008.7,25.3,83,2.5
1009.0,26.2,78,1.8
1009.4,26.8,76,1.9
1008.9,27.5,74,2.6
1008.5,27.7,74,2.3
1007.9,27.4,76,2.2
1007.1,27.5,76,1.9
1006.4,27.5,73,1.9
1006.0,27.0,74,2.2
1005.7,27.1,77,2.4
1005.9,26.3,79,2.3
1005.9,25.9,80,2.2
1006.3,25.6,82,1.6
1006.8,25.4,83,1.9
1007.3,25.6,83,1.9
1007.9,25.5,84,1.2
1007.8,25.2,85,1
1007.1,24.9,86,1.5
1006.5,25.0,86,1.2
1006.2,24.7,87,1.2
1006.2,24.7,87,0.6
1006.3,24.6,88,0.2
1006.7,24.7,88,0.9
1007.0,24.9,88,0.6
1007.4,25.3,86,0.9
1007.8,25.8,84,1
1007.9,26.4,80,0.8
1008.5,27.8,74,2
1008.2,27.6,75,2.1
1007.4,28.2,72,2.6
1006.7,28.3,76,1.2
1006.0,28.2,75,2.1
1005.6,28.5,75,1.7
1005.3,28.5,76,1.8
1005.1,27.5,78,2.1
1005.5,27.0,80,2.1
1005.4,26.6,82,1.9
1005.9,26.1,84,1.6
1006.2,26.0,86,1.3
1006.4,25.8,87,1.1
1006.0,25.8,88,1.1
1005.6,25.3,89,1.9
1005.5,25.5,87,1.1
1005.1,25.4,90,1.6
1005.0,25.2,90,1
1005.5,25.3,88,0.2
1005.6,25.4,88,0.6
1006.1,25.5,89,0.3
1006.6,25.8,89,0.5
1007.5,26.4,88,0.7
1008.1,26.4,87,1.4
1008.2,26.1,87,2
1007.7,25.3,93,2.2
1007.6,22.9,91,4.6
1006.9,23.2,94,4.7
1006.7,23.0,96,4
1007.2,23.4,97,2.5
1005.9,23.3,96,2.8
1006.0,23.5,95,2.9
1006.0,23.7,94,3.7
1007.2,24.4,93,1.9
1008.1,24.4,94,1.1
1008.2,24.7,92,1.4
1008.6,24.6,91,1.4
1008.1,24.8,90,1.3
1007.7,24.9,88,0.7
1007.6,24.9,88,0.9
1007.5,25.0,87,0.7
1007.2,24.9,92,1.7
1007.2,24.7,92,2
1007.6,24.5,95,2.4
1008.2,24.4,94,2.4
1008.8,25.1,86,2
1009.2,26.1,86,2.9
1009.5,27.1,81,3.9
1010.0,27.1,82,3.8
1009.7,26.8,81,5.7
1009.3,27.3,82,4.3
1008.7,27.3,80,3.7
1008.1,26.7,82,4.6
1007.5,26.9,82,4.3
1007.1,26.4,83,4.1
1007.0,26.0,85,5.1
1007.9,25.0,88,4.2
1007.7,25.0,90,3.8
1008.3,25.3,91,3.2
1008.6,25.5,87,3.8
1009.4,25.4,87,2.6
1009.3,25.4,86,3
1009.2,25.5,86,3.8
1008.6,25.3,85,3.2
1008.5,25.2,85,2.7
1008.3,25.0,87,2.9
1008.4,24.9,87,2.7
1008.6,25.0,86,3.2
1008.8,25.0,86,2.7
1009.3,25.6,84,2.6
1009.5,26.8,81,1.9
1009.8,27.9,76,1.7
1010.2,28.0,77,1.4
1010.5,28.5,78,1.9
1010.6,28.5,78,2.6
1010.1,27.9,77,3.8
1009.8,28.5,71,4.1
1009.4,28.1,73,4.7
1008.9,28.0,71,4.8
1009.2,27.1,74,4.3
1009.9,26.3,79,4
1009.9,26.1,80,3.4
1010.5,26.0,80,3.8
1010.6,25.8,80,4.2
1010.8,25.6,80,4.4
1011.0,25.5,83,3.9
1010.8,25.6,81,3.6
1010.2,25.5,83,3.6
1009.5,25.3,85,2.5
1009.0,25.2,87,2.2
1008.9,25.2,89,1.9
1009.3,25.2,88,1.8
1009.5,25.4,90,1.7
1010.0,26.2,89,2
1010.2,27.1,81,1
1010.4,27.8,74,2.9
1010.7,28.2,71,2.7
1010.6,27.9,76,3
1010.5,28.7,72,3.6
1010.2,28.9,69,3.4
1009.8,28.7,71,3.9
1009.3,28.3,72,4.1
1008.9,28.0,72,4.3
1009.0,27.3,73,4.5
1009.3,26.4,78,3.7
1009.5,25.7,82,3.5
1009.9,25.5,80,3.5
1010.4,25.5,81,3.3
1010.6,25.3,82,3.6
1010.6,25.1,84,2.7
1009.9,25.0,84,3.6
1009.2,24.9,85,2.8
1009.1,24.9,83,2.8
1008.9,24.8,83,3.3
1008.8,24.6,85,3.4
1009.0,24.5,86,3.7
1009.4,24.8,85,3.5
1009.8,25.3,86,3.6
1010.2,25.7,86,3.8
1010.8,26.1,84,3.3
1011.0,26.9,82,2.9
1011.2,27.2,80,2.7
1010.6,28.0,77,2.3
1010.2,28.1,77,2.1
1009.5,27.0,81,2.1
1009.0,27.3,79,1.8
1008.3,26.9,82,2
1008.4,26.0,84,3
1008.7,26.0,86,2.1
1009.1,25.5,88,2.8
1009.7,25.3,90,1.7
1010.1,25.3,88,2.5
1010.4,25.5,88,0.7
1010.1,25.2,90,0.7
1009.7,24.9,93,1.2
1009.3,24.9,91,1.1
1009.0,24.9,91,1.5
1008.5,24.8,91,1.1
1008.7,24.8,89,1.4
1008.7,24.6,89,1.6
1009.1,24.7,89,1.3
1009.6,25.0,89,1.4
1009.8,26.3,83,1.3
1010.2,26.6,80,1.6
1010.4,28.0,75,2.3
1010.0,27.9,76,2.4
1009.9,28.2,74,1.9
1009.3,27.9,75,1.8
1008.9,27.2,77,1.1
1008.3,28.8,68,1.5
1008.0,28.0,69,1.2
1008.1,27.1,74,1.8
1008.3,26.2,82,2.3
1008.3,25.8,84,1.7
1008.8,25.5,86,0.8
1008.7,25.3,86,0.3
1008.8,25.4,86,1.8
1008.7,25.2,87,1.4
1008.3,25.2,85,1.6
1007.8,25.1,87,1.6
1007.8,25.0,89,2.1
1007.5,25.1,89,1.8
1007.6,25.1,91,0.8
1007.6,25.2,92,1.8
1008.3,25.7,92,1.2
1008.4,26.7,87,2
1008.9,27.6,83,2.4
1009.1,28.9,76,2.7
1009.4,29.4,75,2.9
1009.5,29.7,75,4
1009.2,30.1,74,3.5
1008.8,30.2,72,2.2
1008.4,29.4,75,1.8
1007.9,29.4,76,2.5
1007.7,28.9,77,1.7
1007.6,28.2,80,1.9
1007.7,27.5,82,2.3
1008.0,26.9,87,1.6
1008.7,26.6,89,1.5
1009.2,26.4,89,2.6
1009.7,26.3,90,1.6
1009.8,26.2,91,1.3
1009.5,26.1,92,1.9
,,,
,,,
,,,
,,,
,,,
,,,
,,,
,,,
,,,
,,,
,,,
,,,
,,,
,,,
,,,
,,,
,,,
,,,
,,,
,,,
,,,
,,,
,,,
,,,
,,,
,,,
,,,
,,,
,,,
,,,
,,,
1009.5,25.1,77,2.7
1009.3,24.9,80,2.5
1009.0,24.8,83,1.4
1009.0,24.5,84,1.7
1009.2,24.6,86,0.9
1009.8,24.5,87,1
1010.3,25.0,83,0.8
1010.7,25.9,77,1.2
1011.2,26.5,74,2.2
1011.3,28.1,68,1.9
1011.0,28.6,63,1.9
1010.2,29.6,54,2.3
1009.7,29.6,55,3.5
1009.2,29.2,57,3.5
1008.7,30.2,51,2.6
1008.2,28.8,60,3.9
1008.3,28.3,66,3.3
1008.5,27.8,67,1.6
1009.1,27.4,69,1.9
1009.9,27.0,71,2.1
1010.7,26.9,71,1
1011.3,26.9,70,1.4
1011.6,26.7,72,1.9
1011.2,26.4,72,2
1010.5,26.3,71,1.4
1009.9,26.1,76,1.1
1009.4,26.0,74,1.1
1009.3,25.6,78,0.4
1009.5,25.7,76,1
1010.1,25.7,76,1.6
1010.6,26.3,69,1.5
1010.9,26.9,67,1.4
1011.0,28.3,61,1.6
1010.2,29.4,57,1.2
1009.9,28.9,63,3.9
1009.2,28.7,66,3.8
1008.8,29.3,63,3.7
1008.3,28.3,67,4
1007.8,28.3,68,3.5
1007.2,28.1,70,4.5
1007.3,28.1,67,2.9
1007.9,27.4,74,5.1
1008.1,27.1,72,4.6
1008.7,27.1,71,3.6
1009.2,26.8,72,3.4
1009.6,26.9,70,2.8
1009.4,26.9,68,2.7
1009.0,26.7,70,0.8
1008.5,26.4,72,1.4
1007.7,26.0,75,1.3
1007.1,25.9,76,0.2
1006.9,25.9,73,1.1
1007.1,25.8,73,0.6
1007.2,25.4,75,1.8
1007.7,25.6,73,2
1008.1,26.7,70,2.8
1008.0,29.3,57,3.6
1007.8,30.5,54,5.8
1007.4,30.3,60,6.6
1006.7,30.9,56,7.7
1006.5,30.8,58,8.8
1005.7,30.4,61,7.4
1005.3,30.0,64,7
1005.2,29.7,65,5.8
1005.1,29.4,69,4.7
1005.6,28.4,77,3.4
1006.1,27.7,80,4.2
1006.6,27.4,83,3.3
1006.9,27.1,85,2.9
1007.2,26.9,84,3
1007.3,26.7,86,2.4
1007.1,26.6,88,2.3
1006.7,26.5,86,1.9
1006.1,26.2,88,1.2
1006.1,26.1,87,0.9
1006.0,26.1,86,1.6
1006.2,25.8,86,1.5
1006.3,25.7,85,1.1
1006.4,26.1,83,1.3
1006.8,27.2,73,1.6
1006.8,28.7,66,2.1
1006.9,29.0,59,2
1006.7,29.1,60,3.1
1006.3,28.9,61,2.8
1006.0,29.6,58,3.3
1005.6,29.3,64,3.7
1005.3,28.6,66,3.1
1005.4,28.4,68,3.1
1006.1,28.2,69,2.2
1006.3,28.0,72,1.3
1007.1,27.6,74,1.3
1007.7,27.8,70,1.3
1008.2,27.8,71,1.2
1008.6,27.8,69,1
1008.6,27.8,64,1.8
1008.2,27.7,63,1.1
1007.4,27.6,64,1
1007.3,27.2,64,0.4
1006.6,26.9,63,0.8
1006.9,26.8,62,0.5
1007.6,26.8,61,0.6
1008.1,25.9,70,1.1
1009.0,26.0,73,1.9
1009.6,26.0,76,1.6
1009.9,26.8,76,2.4
1009.5,26.7,75,2.9
1009.7,26.2,82,1.2
1008.9,27.0,76,2.3
1009.2,27.5,77,2.3
1008.6,26.8,79,2.3
1008.3,26.5,79,2.2
1008.6,26.5,76,2.3
1008.9,26.0,79,1.9
1009.4,25.4,85,1.6
1010.1,24.8,87,3.5
1010.6,23.7,88,4.1
1012.2,23.4,88,3.5
1012.2,22.9,88,4.2
1012.0,23.1,88,3.7
1011.6,22.5,91,4.2
1011.1,22.5,92,2.3
1009.6,23.0,92,2.3
1010.0,23.4,90,1.3
1010.5,23.2,90,3
1010.7,22.2,90,3.8
1010.9,22.3,90,3.2
1011.8,22.0,87,2.6
1012.6,22.3,81,3.7
1012.9,22.7,85,1.4
1013.0,22.8,86,2.5
1013.0,23.8,85,0.7
1012.7,24.1,81,1.4
1012.1,24.1,81,2.3
1011.8,23.2,88,1.9
1011.4,22.4,90,2
1011.3,22.6,90,0.5
1011.4,22.2,91,1
1011.4,22.5,88,1.3
1011.5,22.7,88,1.7
1011.8,22.9,86,2.1
1012.2,22.8,88,2.4
1012.1,23.0,84,1.7
1011.8,22.6,87,2.5
1011.2,22.4,88,2.8
1010.7,22.3,86,2.4
1010.4,22.0,87,2.6
1010.0,21.6,88,2
1010.0,21.7,89,2.1
1010.2,21.3,89,2.6
1010.4,21.6,86,2.6
1011.2,21.9,85,3.9
1011.7,23.4,80,4.5
1011.9,24.8,74,3.9
1011.7,26.3,70,3.7
1011.3,27.7,64,3.1
1010.5,28.6,59,3.4
1009.6,29.7,54,3.5
1008.7,29.6,56,5.4
1008.1,29.2,56,5.1
1007.9,28.6,57,4.7
1008.3,27.6,53,4.5
1008.8,26.7,57,3.4
1009.0,25.6,62,2.7
1009.9,25.3,64,2.9
1010.5,25.0,63,1.7
1010.5,24.8,64,1.3
1010.5,24.4,66,0.6
1010.4,24.5,66,0.1
1010.3,24.3,69,0.4
1010.1,24.1,70,0.5
1009.9,23.9,68,0.7
1009.9,23.7,73,0.4
1010.2,23.5,78,1.2
1010.6,23.4,80,1.1
1011.1,24.4,77,1.2
1011.8,25.7,71,1.5
1012.0,27.4,64,1.4
1011.9,28.8,52,1.3
1011.2,28.3,49,2.3
1010.7,29.5,37,3.2
1009.9,30.1,41,3
1009.1,29.9,40,2.6
1008.3,30.4,40,4
1008.2,29.9,38,4.7
1008.5,28.3,52,3.9
1009.0,27.6,56,3.3
1009.5,26.5,64,3.2
1010.1,26.1,66,2.6
1010.3,25.6,67,2.5
1010.6,25.3,68,1.3
1010.8,25.3,66,1
1010.5,24.9,68,1.7
1010.1,24.7,69,0.8
1009.5,24.4,70,0.8
1008.9,24.2,71,1.3
1008.9,23.9,73,1
1008.8,23.6,73,1.6
1009.1,23.3,74,1.7
1009.9,24.5,69,0.6
1010.2,26.2,62,2.5
1010.0,27.9,54,2
1010.0,29.7,47,2
1009.6,30.1,43,2.5
1009.2,29.9,49,3.3
1008.5,29.9,49,2.6
1007.9,30.2,46,2.6
1007.2,30.5,44,3.5
1006.7,30.6,43,2
1006.7,30.0,45,2.3
1007.2,29.3,47,2.4
1007.9,28.7,48,1.5
1008.5,28.4,48,1.3
1009.1,27.9,55,2.3
1009.6,27.4,56,2.5
1009.2,27.1,56,2.3
1008.6,27.0,56,1.5
1008.2,26.5,57,1
1007.6,26.4,58,0.2
1006.9,25.8,62,0.8
1006.6,25.5,64,0.8
1007.2,25.3,66,1
1007.7,25.3,67,1.3
1008.2,26.5,62,1.5
1008.9,28.5,57,1.7
1009.2,29.4,58,2.5
1008.8,30.7,56,5.1
1008.8,30.4,61,6.4
1008.6,30.9,65,6.4
1008.2,30.9,62,7.5
1007.7,30.7,62,7
1007.5,30.1,69,5.8
1007.1,30.0,67,5.3
1007.3,29.0,77,4.4
1008.4,28.1,84,4.4
1008.8,27.7,86,3.4
1009.6,27.6,87,2.8
1010.3,27.6,82,2.9
1010.6,27.6,80,1.4
1010.7,27.4,82,1.5
1010.3,27.1,85,0.9
1009.1,27.0,83,1.2
1008.6,26.8,86,0.4
1008.3,26.6,89,1.4
1008.5,25.5,90,2.2
1009.2,24.8,89,1.9
1009.3,24.5,92,2.6
1009.9,23.8,93,3.2
1010.9,23.6,92,2.4
1010.9,22.2,92,4.8
1011.4,21.7,95,3.6
1011.3,22.3,92,3.8
1011.0,23.1,90,3.8
1010.4,23.7,87,3.9
1010.0,24.8,81,3.7
1009.2,24.9,78,4.7
1009.2,25.1,78,4.1
1009.6,23.8,81,5.5
1010.3,23.7,78,4.9
1010.5,23.0,82,5.1
1011.1,21.9,80,5
1011.6,21.8,81,3.7
1011.9,21.0,81,5.9
1012.0,20.9,81,4.3
1011.5,20.4,84,4.2
1011.1,20.4,85,4
1010.6,20.6,86,3.3
1010.3,20.6,83,3.1
1010.3,20.5,82,3.9
1010.6,20.5,82,4.3
1011.3,20.8,83,2.5
1011.8,20.6,86,3
1012.2,21.8,80,3
1012.6,23.4,73,2.7
1012.6,24.0,71,2.6
1012.2,25.7,67,3.6
1011.6,27.7,62,3.3
1010.8,28.1,62,3.2
1010.1,28.1,63,3.6
1009.9,27.3,65,5.6
1009.1,26.4,69,4.7
1009.4,25.7,71,4.1
1009.6,25.5,72,3.6
1010.2,25.2,71,3
1010.6,24.8,72,2.7
1011.2,24.6,74,3.5
1011.6,24.4,75,3.1
1011.6,24.2,77,1.7
1011.3,24.2,78,2.2
1010.8,24.1,78,2.2
1010.2,24.1,79,2
1009.8,23.8,82,2.1
1009.4,23.5,84,1.4
1009.6,23.5,85,2.3
1010.2,23.4,85,2
1010.9,23.9,82,3.3
1010.9,25.3,76,2
1010.8,26.6,68,1.9
1010.6,28.7,60,1.5
1009.8,28.9,60,1.3
1009.2,29.5,61,3
1008.6,30.3,57,2.9
1007.9,29.1,58,3.8
1007.6,29.0,60,2.9
1007.2,27.8,66,3.3
1007.0,28.2,66,2.1
1007.5,27.7,69,1.6
1007.8,27.3,72,1
1008.4,27.2,73,0.4
1009.0,27.1,75,1.2
1009.1,26.9,77,0.4
1009.1,27.0,78,0.4
1008.4,26.8,78,1.2
1008.0,26.7,78,0.6
1007.5,26.6,78,1.3
1007.3,26.4,80,0.5
1007.2,26.5,81,1.4
1007.0,26.3,81,1.9
1007.2,26.1,80,2.5
1007.7,27.4,74,2
1008.4,28.7,71,2.8
1009.0,29.3,69,3.6
1009.3,29.8,68,4.1
1009.0,30.3,65,3.8
1008.7,30.0,68,4.7
1007.9,30.2,71,4.6
1007.2,30.4,66,4.4
1006.6,30.9,63,2.9
1006.0,30.0,66,4.7
1006.1,29.3,75,4.1
1006.9,28.9,78,4.4
1007.6,27.9,84,3.5
1008.1,27.4,86,2.9
1008.0,27.4,82,2.4
1008.8,27.6,83,2
1009.2,27.2,86,2.5
1009.3,26.8,88,3.5
1009.4,26.5,87,3.6
1009.1,26.2,85,4.5
1009.2,26.0,86,3.1
1009.3,25.7,87,4.2
1009.6,25.3,85,3.1
1009.7,25.0,87,3.9
1009.8,26.0,82,2.9
1010.2,27.8,75,3.2
1010.6,28.2,72,2.9
1010.7,27.9,67,4
1011.0,29.1,62,3
1010.6,29.7,59,3.7
1010.2,30.6,57,3.2
1009.8,30.2,53,3.3
1009.4,30.0,53,2.7
1009.9,28.8,55,5
1010.2,27.4,59,4
1011.0,26.5,63,3.3
1011.6,25.5,62,5
1011.7,25.1,64,3.4
1011.6,25.0,67,2.7
1011.8,25.3,66,1.2
1011.9,24.3,69,2.8
1011.6,23.9,72,2.6
1011.3,23.4,76,3.3
1010.7,23.5,75,2.5
1010.2,23.5,76,1.2
1010.2,23.5,77,1.8
1010.7,23.3,80,2.4
1011.0,23.4,77,3
1011.5,23.4,80,3
1011.8,23.6,80,1.9
1012.2,24.5,75,3.3
1012.2,25.0,73,2.1
1011.5,25.9,71,1.7
1011.1,26.0,72,3.3
1010.5,25.6,71,4
1009.7,25.5,73,4
1009.3,25.5,73,3.7
1009.1,24.9,75,4.3
1009.4,24.3,78,5.4
1010.0,23.9,75,5.5
1009.9,23.3,80,5.2
1010.0,23.2,81,4.3
1010.3,23.2,82,2.4
1010.4,23.1,83,3.7
1010.3,23.2,82,2.1
1009.8,23.1,83,2.3
1009.5,23.1,84,3
1009.2,22.9,86,3.2
1009.1,23.1,86,3.2
1009.3,22.5,89,3.4
1009.6,22.5,89,4.3
1009.9,22.6,87,4.3
1010.1,23.7,81,4.3
1010.3,26.4,68,3
1010.3,28.1,63,3.4
1010.2,29.5,58,2.7
1009.6,30.2,60,4
1009.3,29.9,60,3.6
1008.7,30.1,60,4.8
1008.1,30.3,59,5.5
1007.8,30.3,60,5.1
1007.8,29.7,62,5.1
1007.6,28.4,68,4.8
1008.0,28.1,69,3.2
1008.4,27.2,74,3.2
1009.2,26.7,75,3
1009.8,26.2,78,1.9
1010.1,25.8,79,1.4
1010.1,25.5,81,1
1009.6,25.1,83,1.2
1009.0,25.0,84,2.1
1008.7,24.7,85,2.4
1008.7,24.6,86,2
1008.9,24.2,87,3.1
1009.3,24.2,89,1.9
1009.8,24.3,88,2.7
1010.3,25.3,84,1
1010.5,26.4,77,2.7
1010.4,28.3,70,1.8
1010.2,29.6,62,2.4
1009.6,30.3,59,2.5
1008.6,31.6,55,3.1
1007.8,32.0,55,3.7
1007.3,31.4,51,3.8
1007.1,31.6,51,3.5
1007.0,30.4,60,3.6
1007.3,29.2,65,4.3
1007.9,28.2,71,3
1008.6,27.6,76,3.4
1009.0,27.2,75,2.7
1009.1,27.1,75,1.9
1009.5,27.2,77,1.1
1009.5,27.0,77,0.7
1009.0,27.0,77,1.3
1008.6,26.8,76,1.1
1008.5,26.8,77,0.7
1008.3,26.7,77,1.1
1008.6,26.4,77,1
1008.8,26.0,79,1.4
1009.1,25.9,82,1.8
1009.5,26.4,78,2.8
1010.2,27.8,70,3.6
1010.7,29.2,64,2.7
1010.5,30.3,58,3.4
1010.0,31.3,55,3.5
1009.5,31.6,59,3.9
1008.9,31.3,61,5.4
1008.5,31.5,55,4.9
1007.9,31.1,52,4.5
1007.5,30.6,55,4.6
1008.0,28.5,63,5.7
1008.7,27.7,71,4.2
1009.2,27.1,74,4.6
1009.9,26.4,77,3.3
1010.4,25.5,80,4.4
1010.9,25.4,79,3.4
1010.9,24.4,81,3.9
1010.7,24.0,81,3.3
1010.3,23.4,81,4.4
1010.2,23.3,81,2.9
1009.9,23.2,81,3.2
1009.6,22.9,81,3.3
1010.0,22.7,81,3.4
1010.6,22.7,81,4.3
1011.0,23.4,77,4
1011.4,24.6,75,3.3
1011.7,26.7,68,3.4
1011.6,28.3,64,3
1011.0,29.8,59,3.2
1010.4,30.5,57,4.7
1009.9,30.5,57,6
1009.9,29.8,59,5.8
1009.3,29.7,55,5
1009.2,29.4,59,4.5
1009.4,27.6,64,4.7
1009.9,26.1,68,5
1010.3,25.6,70,4.3
1010.7,25.3,73,3.5
1011.3,24.7,74,3.1
1011.3,24.8,74,2.6
1011.1,24.4,76,2.7
1011.1,24.4,77,2.8
1010.5,23.9,79,3.2
1010.2,23.8,77,2.8
1010.0,23.8,77,2
1009.8,23.7,77,3.4
1009.8,23.6,77,2.7
1009.9,23.8,77,2.3
1010.3,24.3,77,3.6
1010.7,25.6,75,3.7
1011.1,26.9,70,4.1
1011.2,28.7,65,2.5
1010.9,28.7,65,3.8
1010.2,29.8,63,3.3
1009.4,30.1,63,4.8
1008.8,29.8,62,4
1008.6,28.4,68,5.5
1008.6,28.5,68,4.5
1008.6,28.4,69,3.2
1008.9,27.3,72,4.1
1009.4,26.2,78,3.4
1010.0,25.1,80,4.4
1010.3,24.7,83,3.9
1010.4,24.8,83,3.1
1010.2,24.6,84,3.6
1009.6,24.5,85,2.1
1009.0,24.1,87,4.2
1008.4,24.0,87,3.6
1007.9,24.0,88,2.8
1008.1,23.8,89,2.3
1008.5,24.1,88,1.8
1009.1,24.0,87,2.5
1009.6,24.6,86,2.9
1010.2,25.6,81,3.7
1009.9,27.8,71,2.7
1009.6,29.2,65,2
1009.1,31.1,57,2.1
1008.4,30.8,64,3.7
1007.7,31.2,62,3.8
1007.3,30.0,64,5.3
1006.8,29.8,64,4.9
1006.7,28.9,64,5.1
1006.7,27.7,72,4.7
1006.7,26.9,74,5
1007.1,26.3,76,2.7
1007.5,26.1,79,2.3
1007.4,25.9,80,2
1007.6,25.9,79,1.7
1007.2,25.6,79,2.2
1006.3,25.5,76,1.3
1006.1,25.3,78,2.4
1005.8,25.1,83,2.4
1005.8,25.0,85,2.5
1005.9,24.7,87,2.6
1006.2,24.9,86,2.8
1006.5,24.8,88,3.2
1006.6,25.6,82,2.2
1007.1,26.9,76,3.4
1007.1,28.0,70,4
1006.8,30.3,61,2.3
1006.0,30.8,59,3.1
1005.3,30.4,65,5.6
1004.6,30.0,64,5.6
1004.0,31.2,58,3.5
1003.4,30.9,53,4.3
1003.5,29.8,53,5.1
1003.6,29.3,50,4.9
1003.9,28.3,57,3.3
1004.4,27.8,62,2.3
1004.9,27.1,71,3.1
1005.4,26.6,77,2.7
1006.2,26.4,80,2.3
1006.0,26.5,78,1.4
1005.7,26.6,71,1.8
1004.9,26.3,79,1.5
1004.5,25.9,74,1.9
1004.4,25.8,76,1.4
1004.6,25.7,79,1.1
1004.9,25.5,82,0.9
1005.3,25.4,81,0.5
1005.8,26.2,74,0.9
1006.2,27.3,70,0.8
1006.4,29.6,60,0.6
1006.4,29.2,58,2.6
1006.2,29.6,58,2.9
1005.6,29.9,59,3.3
1004.6,30.3,60,3
1004.1,29.2,67,4.5
1003.5,30.7,59,4
1003.4,29.7,66,4.5
1003.3,29.2,68,4.3
1003.5,28.7,69,3.4
1004.0,28.0,73,2.6
1004.4,27.6,77,1.9
1004.7,27.4,76,0.9
1004.8,27.5,75,0.8
1004.4,27.5,76,0.5
1003.8,27.1,78,1.5
1003.7,27.0,78,0.3
1003.6,26.9,81,0.9
1003.6,26.6,81,1.4
1004.0,26.5,81,0.3
1004.2,26.3,83,0.9
1004.6,26.4,83,1
1005.1,26.9,79,0.8
1005.8,27.9,71,1.5
1006.5,28.4,69,0.8
1006.6,28.4,70,1.6
1006.0,28.6,69,1.3
1005.4,29.4,69,2.5
1004.5,29.1,71,3.2
1004.4,29.2,73,4.2
1004.4,28.9,77,3.3
1004.9,26.8,86,4
1005.4,25.0,90,5
1005.9,25.3,86,3.5
1005.7,25.5,88,3.4
1006.2,25.9,80,2.4
1006.6,25.9,81,1.2
1006.6,25.8,80,1.7
1006.6,25.9,76,2.2
1005.9,25.7,78,1.9
1006.2,25.7,76,0.4
1005.5,25.6,77,0.7
1005.3,25.7,76,1.4
1005.4,25.7,73,1.2
1005.7,25.4,74,1.6
1006.3,25.3,74,1.8
1006.9,25.6,79,2.2
1007.2,27.6,70,2
1007.3,29.5,60,2.8
1007.5,31.1,55,3.5
1007.1,32.0,47,3.6
1006.7,32.8,49,3
1005.8,32.8,50,3.8
1005.2,32.3,57,4.5
1004.8,32.3,54,4.5
1004.5,31.4,58,5.5
1004.3,31.0,56,3.9
1005.4,29.7,65,3.6
1005.7,28.2,78,2.8
1006.3,27.9,79,2.7
1007.0,27.8,75,2.3
1007.3,27.3,79,1.2
1007.3,27.4,79,0.8
1007.2,26.9,81,2.4
1006.8,26.9,82,1.8
1006.4,26.7,85,2
1006.6,26.6,85,1.1
1006.8,26.7,85,0.5
1006.7,26.7,84,0.1
1007.1,26.5,84,1.3
1007.7,27.2,78,0.6
1008.0,28.3,67,1.4
1008.2,29.6,61,1.1
1008.3,30.6,64,3.2
1008.5,30.7,56,3.4
1008.4,30.0,65,4.2
1007.9,30.0,67,4.4
1007.7,29.9,61,3.9
1007.7,29.2,68,3.4
1007.4,29.4,66,1.9
1007.7,28.3,75,2.1
1008.1,26.8,71,3
1008.0,26.7,71,2.8
1008.6,26.8,71,2.3
1008.8,26.6,74,1.1
1009.5,26.3,71,2.3
1009.5,26.5,72,1.9
1009.4,26.4,75,1.4
1009.0,25.9,76,1.9
1008.2,26.0,75,2.4
1007.7,25.7,75,1.7
1007.8,25.6,77,1.5
1008.0,25.7,77,0.9
1008.5,26.1,77,1.1
1008.9,27.1,74,2.1
1008.8,27.9,72,1.4
1009.0,28.8,68,2.1
1008.9,28.8,71,3.6
1008.9,29.0,66,4
1008.5,29.3,63,4.5
1008.0,29.5,63,5.4
1007.8,29.4,67,4.8
1007.5,28.5,75,4.4
1007.1,28.3,73,4.1
1007.3,28.2,74,2.7
1007.5,28.0,71,2.8
1007.7,27.3,78,2
1008.3,27.2,77,1.2
1008.9,27.1,77,2.6
1009.2,26.9,79,2.5
1008.9,26.7,79,2.1
1008.5,26.5,77,2.3
1007.8,26.4,78,2.4
1007.5,26.2,80,2
1007.5,26.3,81,1.5
1007.4,26.1,83,1.3
1007.6,25.9,80,1.6
1007.9,25.8,80,2
1008.3,26.7,77,1.8
1008.8,27.1,75,0.8
1009.1,28.0,70,2.5
1009.5,27.7,72,4.1
1009.6,28.8,65,3.9
1009.0,29.3,62,3.3
1008.4,28.7,65,3.5
1007.8,28.8,66,3.8
1007.3,28.2,68,3.8
1006.8,28.3,69,2.8
1006.8,27.6,72,3.3
1007.0,26.9,75,3.1
1007.6,26.6,75,2.4
1008.4,26.4,77,2
1008.8,26.6,74,1.2
1009.0,26.5,73,0.3
1008.7,26.1,78,2.3
1008.2,26.0,79,1.7
1007.8,25.7,80,2.2
1007.5,25.6,81,2.7
1007.2,25.5,81,1.6
1007.1,25.6,77,1.4
1007.5,25.8,76,1.8
1007.7,25.9,77,1.6
1007.9,26.9,74,1.4
1008.1,27.8,69,2.2
1008.5,28.0,67,3.7
1008.5,28.8,65,2.9
1008.3,28.5,68,3.5
1008.0,28.6,67,3.8
1007.7,29.3,65,3.6
1007.0,29.1,64,3.2
1006.6,29.2,66,3.2
1006.3,29.0,67,3.5
1006.3,28.8,67,2.8
1006.6,28.2,69,2.1
1006.9,27.4,73,2.2
1007.2,27.2,72,2.7
1007.6,27.0,73,2.1
1007.5,26.8,76,0.9
1007.3,26.9,73,0.5
1007.0,26.6,76,1.4
1006.6,26.3,75,2
1006.4,26.0,76,1.7
1006.1,25.8,78,1.7
1006.1,25.4,81,2.2
1006.4,25.4,84,2.1
1006.8,25.7,82,1.6
1007.5,26.5,79,1.5
1007.6,27.8,75,3.8
1007.6,29.6,64,3.1
1007.9,29.4,68,4.2
1008.1,29.8,68,4.3
1007.8,30.8,63,3.6
1007.1,30.0,65,4.9
1006.6,29.4,69,5.1
1006.5,29.7,67,4.6
1006.0,29.2,67,4.5
1006.1,28.7,72,3.4
1006.4,28.2,75,2.9
1006.8,28.2,75,2.4
1007.5,27.8,79,2.6
1008.0,27.9,79,2.7
1008.6,27.8,77,2.1
1008.7,27.7,79,2.4
1008.0,27.5,80,1.9
,,,
,,,
,,,
,,,
,,,
,,,
,,,
,,,
,,,
,,,
,,,
,,,
,,,
,,,
,,,
,,,
,,,
,,,
,,,
,,,
,,,
,,,
,,,
,,,
,,,
,,,
,,,
,,,
,,,
,,,
,,,
1011.0,24.9,77,0.8
1010.8,24.7,80,2.1
1010.5,24.5,81,2.7
1010.5,24.4,81,2.3
1010.7,24.6,82,0.5
1011.3,24.5,83,0.6
1011.8,24.5,80,1.1
1012.2,25.8,76,0.9
1012.7,27.1,70,2.2
1012.8,28.4,61,2.8
1012.3,29.1,58,2.4
1011.5,30.2,53,2.1
1011.0,31.0,47,3.2
1010.5,30.6,54,3.1
1010.0,30.7,53,2.9
1009.6,29.4,62,3.9
1009.8,28.3,63,2.4
1010.0,27.8,64,2.1
1010.6,27.3,67,2
1011.4,27.0,69,2.2
1012.2,26.8,70,1.6
1012.9,26.5,74,1.2
1013.1,26.2,73,1.7
1012.7,26.3,70,1.6
1012.0,25.9,77,1
1011.4,25.6,79,0.4
1011.0,25.3,81,0.5
1010.7,25.3,79,1.5
1011.1,24.9,80,0.1
1011.6,24.9,81,1.3
1012.1,25.2,80,2.5
1012.4,26.4,72,2.6
1012.5,28.2,62,2.2
1011.8,29.0,60,1.6
1011.3,30.0,55,1
1010.6,30.3,60,3.6
1010.1,30.9,58,4.2
1009.6,30.3,58,4.1
1009.3,29.4,60,3.4
1008.8,28.5,66,4.1
1008.9,27.9,70,3.7
1009.6,27.3,73,3.6
1009.7,27.0,73,3.4
1010.2,26.9,72,3.1
1010.8,26.6,73,3.1
1011.2,26.7,70,2
1011.0,26.4,71,1.6
1010.5,26.0,74,0.8
1010.0,25.9,74,1.3
1009.3,25.6,73,2
1008.7,25.5,73,0.8
1008.4,25.5,74,1.4
1008.7,25.0,76,0.6
1008.8,24.3,80,2.3
1009.2,25.0,77,1.7
1009.5,27.4,67,2.6
1009.5,28.9,58,4.5
1009.3,30.6,53,5.1
1008.7,31.4,54,5.9
1008.0,31.8,53,6.5
1007.8,31.5,52,8.2
1007.2,31.2,58,7.4
1006.8,30.8,58,6.6
1006.6,30.3,61,4.8
1006.5,29.3,67,5.4
1007.1,28.4,74,4.2
1007.6,28.0,78,3.4
1008.1,27.7,80,3.6
1008.3,27.5,80,3.4
1008.7,27.2,82,2.7
1008.8,27.1,81,2.3
1008.5,26.9,83,2.1
1008.2,26.4,86,2.1
1007.5,25.9,87,1.8
1007.5,25.9,87,1.3
1007.5,25.7,87,1.7
1007.7,25.5,86,1.6
1007.8,25.4,86,1.7
1007.9,25.8,86,1.6
1008.2,27.1,74,2.2
1008.2,28.5,63,2.7
1008.3,29.6,56,2.7
1008.1,29.7,56,2.8
1007.7,29.7,58,2.9
1007.4,30.1,57,3.1
1007.0,30.9,54,3.3
1006.8,29.5,58,3
1006.9,29.3,60,3.3
1007.5,28.6,65,1.8
1007.9,28.2,67,1.6
1008.6,27.8,71,1.7
1009.2,27.9,69,0.8
1009.7,27.8,70,1.3
1010.1,27.7,65,1
1010.1,27.0,67,1.3
1009.8,26.8,67,0.5
1008.9,26.8,66,1.5
1008.8,26.5,65,0.7
1008.2,26.1,67,0.5
1008.4,26.0,66,0.3
1009.2,26.0,65,0.9
1009.6,25.9,65,0.5
1010.3,26.0,64,1.9
1011.1,26.9,70,1.5
1011.4,28.0,62,2
1011.0,28.4,60,3.2
1011.2,27.0,76,5.4
1010.4,27.4,74,1.9
1010.7,28.1,69,2.2
1010.1,26.6,77,4.2
1009.9,26.1,80,2.3
1010.2,26.0,80,1.6
1010.4,25.7,82,2.1
1011.0,24.9,88,2
1011.7,24.3,88,4
1012.3,23.4,89,3.8
1013.8,23.1,90,3.9
1013.9,22.7,90,2.7
1013.6,22.6,91,3.2
1013.4,22.5,91,2.7
1012.6,22.5,92,1.8
1011.1,22.8,92,3
1011.5,23.1,92,1.6
1012.1,22.8,91,2
1012.4,22.1,91,2.6
1012.6,22.0,92,2.2
1013.4,21.5,90,3.2
1014.2,22.0,86,2.3
1014.4,22.6,87,0.6
1014.7,22.7,88,1.6
1014.5,24.0,84,1
1014.3,23.9,82,2
1013.7,23.6,84,2.4
1013.3,23.1,89,2.1
1012.8,22.3,93,1.3
1012.8,22.3,91,0.7
1012.7,22.1,91,0.8
1013.0,22.4,89,1
1013.1,22.4,90,0
1013.3,22.3,91,2.1
1013.8,22.4,90,1.6
1013.6,22.5,90,1.5
1013.4,22.2,92,2
1012.8,21.9,93,1.6
1012.3,21.7,91,2.1
1011.9,21.5,91,1.2
1011.6,21.2,91,1.6
1011.6,21.0,92,2.3
1011.8,20.7,92,2.6
1012.0,20.8,91,3.3
1012.9,21.4,90,3.2
1013.2,22.9,84,4.4
1013.4,25.0,75,3
1013.3,26.2,71,4.4
1012.9,27.8,66,3.1
1012.0,28.7,57,3.3
1011.1,29.9,54,3.9
1010.3,29.7,54,4.2
1009.6,29.6,54,4.4
1009.4,29.0,55,5
1009.8,27.7,55,4.1
1010.3,26.3,58,3.9
1010.6,25.4,64,1.9
1011.4,24.8,67,1.8
1012.0,24.4,67,0.8
1012.1,24.2,66,0.7
1012.1,23.7,70,0.4
1011.9,23.6,71,0
1011.8,23.3,73,0.3
1011.7,23.2,72,0.2
1011.5,23.0,78,0.4
1011.4,22.7,82,0.3
1011.8,22.6,84,0.3
1012.2,22.5,86,0.3
1012.7,23.8,80,0.3
1013.4,25.5,73,2
1013.5,26.3,68,1.3
1013.4,28.5,54,1.5
1012.7,29.1,50,1.5
1012.1,30.1,43,2.7
1011.5,29.5,54,3.7
1010.5,29.7,50,1.6
1009.8,30.2,47,2.7
1009.6,29.9,47,4.2
1009.9,28.3,52,3.7
1010.5,27.3,57,3.4
1011.1,26.2,66,2.8
1011.7,25.5,70,2.3
1011.8,25.0,70,1.4
1012.1,24.7,70,1.1
1012.3,24.7,70,0.1
1012.0,24.2,74,1.5
1011.6,23.9,73,0.5
1011.0,23.4,76,0.4
1010.5,23.4,75,1.4
1010.5,22.9,79,0.4
1010.4,22.4,81,0.8
1010.6,22.7,79,0.5
1011.4,23.5,75,0.9
1011.7,25.7,70,1.2
1011.5,27.9,49,1.7
1011.4,28.9,49,2.5
1011.1,30.2,44,2.6
1010.6,30.3,47,1.9
1009.9,30.0,50,2.9
1009.3,30.3,47,3.2
1008.7,30.6,45,3.4
1008.2,30.5,43,2.5
1008.1,30.1,44,1.4
1008.7,29.3,46,2.7
1009.4,28.5,49,1.7
1010.0,27.7,53,1.1
1010.7,27.4,59,0.9
1011.1,26.7,62,1.9
1010.7,26.3,60,1.3
1010.1,26.1,61,1.4
1009.7,25.9,60,0.1
1009.1,25.5,63,0.4
1008.4,25.1,67,0.6
1008.1,24.7,70,0.7
1008.8,24.4,71,1.3
1009.2,24.3,72,1.7
1009.7,25.6,67,1.3
1010.4,27.9,59,2
1010.7,29.7,58,3
1010.4,30.7,56,3.7
1010.2,31.0,59,5.8
1009.9,32.0,56,7.7
1009.6,32.0,55,6.3
1009.1,31.9,56,7.8
1008.9,31.4,58,4.9
1008.5,30.6,63,5.4
1008.6,29.5,70,5.3
1009.8,28.7,78,4.7
1010.2,28.1,82,2.6
1011.0,27.9,82,3.7
1011.8,28.1,78,2
1012.1,28.0,76,1.9
1012.3,27.7,78,0.6
1011.7,27.4,80,1.2
1010.6,27.0,85,1.2
1010.1,26.7,88,0.9
1009.7,26.6,87,0.1
1010.1,24.4,92,4.1
1010.6,24.3,93,1.1
1010.9,23.9,93,2.1
1011.4,23.5,93,3.2
1012.4,22.7,92,3.6
1012.5,22.0,94,4.3
1012.8,21.7,96,4.3
1012.8,22.0,95,2.6
1012.8,22.5,95,2.6
1011.9,23.2,93,4.2
1011.5,23.9,86,4.8
1010.8,24.5,83,4.5
1010.9,23.9,83,5.6
1011.2,23.5,84,4.4
1011.8,23.4,81,4.4
1012.1,22.9,84,4.5
1012.7,21.7,83,4.1
1013.2,21.4,84,3.9
1013.5,20.9,84,4.9
1013.6,20.5,84,4.1
1013.1,20.2,86,4.5
1012.7,20.3,86,3.8
1012.3,20.3,87,3.8
1011.9,20.3,85,3.6
1012.0,20.3,85,4.1
1012.2,20.2,86,3.6
1012.8,20.4,87,2.8
1013.5,20.4,89,2
1013.8,21.9,83,2.1
1014.1,22.5,79,2.4
1014.1,24.3,74,3.1
1013.9,25.7,68,3.4
1013.1,27.2,68,2.5
1012.3,28.2,64,2.2
1011.5,28.4,64,3.6
1011.4,27.3,67,5.2
1010.7,26.7,70,4.1
1010.9,25.9,72,4.5
1011.1,25.3,71,4.1
1011.9,24.8,74,2.8
1012.1,24.4,76,3
1012.7,24.3,77,2
1013.2,24.0,79,2.1
1013.1,23.9,80,1.9
1012.8,23.9,81,2.3
1012.3,23.8,82,1.9
1011.8,23.6,84,0.8
1011.4,23.5,84,1.7
1011.0,23.2,87,0.8
1011.2,23.1,88,1.2
1011.7,22.9,88,2.2
1012.4,23.6,85,3.5
1012.4,25.0,79,1.9
1012.3,26.6,74,1.1
1012.1,28.3,64,1.9
1011.2,29.7,60,0.9
1010.6,30.0,58,2.2
1010.0,30.6,58,3.6
1009.1,30.6,58,3.2
1009.0,29.7,59,3.3
1008.6,29.6,60,3.1
1008.4,28.6,64,2.6
1008.9,27.3,72,2.8
1009.3,26.8,74,1.2
1009.9,26.5,76,1.6
1010.5,26.5,75,0.4
1010.6,26.8,75,0.6
1010.7,26.4,78,0.4
1009.9,26.4,76,1.7
1009.5,26.3,77,1.2
1009.0,26.1,79,1.3
1008.8,26.0,80,0.3
1008.7,26.3,80,1.8
1008.5,25.8,82,1.9
1008.7,25.5,84,2.1
1009.2,27.0,77,2.6
1009.9,28.6,72,2.8
1010.4,29.6,68,3.6
1010.7,30.8,65,3.2
1010.3,31.3,64,3.9
1009.9,31.8,63,4.1
1009.2,31.7,63,5.5
1008.5,31.8,62,3.9
1007.9,31.6,61,5.2
1007.2,31.0,64,4.5
1007.6,30.0,70,4.2
1008.5,28.8,79,3.7
1009.0,27.9,84,2.7
1009.6,27.3,86,2.2
1009.6,27.2,87,2.1
1010.3,27.1,87,1.5
1010.7,26.9,88,1.8
1010.9,26.7,89,2.6
1010.9,26.5,89,2.5
1010.7,26.1,87,3.6
1010.7,25.7,90,2.6
1010.9,25.3,89,3.9
1011.1,24.9,89,3.8
1011.2,24.8,89,3.8
1011.4,25.6,86,3.3
1011.6,27.3,80,2.9
1012.1,27.8,73,3.4
1012.3,27.9,67,3.5
1012.4,29.3,62,2.9
1012.1,29.6,60,2.6
1011.6,30.2,60,3.1
1011.3,30.0,55,4.3
1010.8,29.8,54,2.2
1011.3,29.2,53,4.5
1011.7,27.9,58,3.8
1012.5,26.5,58,3.8
1013.0,25.5,62,3.3
1013.2,25.1,65,3.6
1013.1,24.5,69,1.6
1013.3,24.7,70,1.2
1013.5,23.9,71,2.7
1013.1,23.4,75,2.9
1012.8,23.0,78,3
1012.3,23.0,78,1.4
1011.7,22.9,80,1.6
1011.8,22.7,82,1.5
1012.2,22.7,84,1.5
1012.6,22.7,84,1.4
1013.0,23.0,84,2.9
1013.3,23.5,81,2.6
1013.7,24.3,78,2.4
1013.7,24.5,77,2.2
1012.9,25.8,75,2.8
1012.7,25.5,76,4.8
1012.1,25.6,74,3.9
1011.2,25.5,75,4.2
1010.8,25.2,75,4.1
1010.8,24.8,76,4.8
1010.9,24.3,79,5.3
1011.5,23.9,78,4.6
1011.5,23.2,82,3
1011.6,22.8,85,4.4
1011.9,22.8,85,4
1012.0,22.7,87,2.9
1011.8,22.7,86,3.4
1011.3,22.7,87,1.8
1011.1,22.9,86,2.6
1010.6,22.7,89,2.8
1010.8,22.7,88,3.6
1010.9,22.3,90,3.5
1011.2,22.6,89,2.6
1011.5,22.5,89,4.1
1011.6,23.9,81,2.3
1011.8,26.5,70,3.1
1011.8,28.3,64,3.3
1011.6,29.4,61,3.6
1011.1,30.1,58,3.5
1010.7,30.7,59,3.8
1010.2,30.5,60,3.9
1009.6,31.0,58,4.5
1009.2,30.7,59,4.9
1009.2,30.0,62,4.1
1009.1,28.9,68,4.2
1009.5,28.0,72,3.9
1009.9,27.0,73,3.9
1010.7,26.7,75,2.3
1011.2,25.7,80,2.1
1011.6,25.2,82,1.9
1011.6,24.8,85,1.4
1011.1,24.6,86,1.5
1010.6,24.3,87,2.1
1010.2,24.1,88,1.7
1010.2,24.1,88,1.6
1010.4,24.1,88,1.1
1010.8,23.8,90,1.8
1011.3,23.9,91,1.9
1011.8,24.8,86,2.6
1012.1,26.2,80,2.8
1011.9,28.2,73,2.4
1011.7,29.3,64,1.1
1011.1,30.7,59,1.9
1010.0,31.8,55,2.8
1009.1,32.9,53,3.8
1008.6,32.3,52,3.3
1008.4,31.9,52,4.3
1008.4,31.2,57,3.3
1008.8,29.5,65,3.9
1009.4,28.3,70,2.8
1010.1,27.5,75,3.4
1010.6,26.8,79,1.9
1010.6,26.8,80,1.3
1011.1,26.8,78,1.1
1011.0,26.5,80,0.8
1010.5,26.6,79,1.1
1010.1,26.4,81,0.5
1010.0,26.2,81,0.3
1009.8,26.0,80,1.2
1010.1,25.7,81,0.6
1010.4,25.4,82,1.1
1010.6,25.1,86,1.2
1011.0,25.7,83,2.2
1011.7,27.3,75,2.7
1012.2,29.4,62,3.2
1012.0,30.4,58,2.5
1011.5,31.2,55,2.3
1010.9,32.2,54,3.9
1010.3,31.5,60,4.6
1009.9,32.6,54,5.2
1009.4,31.3,52,4.3
1009.0,30.9,54,3.9
1009.5,28.9,62,5.8
1010.1,27.7,73,5.2
1010.8,26.8,75,3.7
1011.4,26.1,79,3.1
1011.9,25.3,81,3.5
1012.5,25.0,81,3.2
1012.6,24.1,82,2.8
1012.2,23.6,82,3.2
1011.8,23.4,82,3.3
1011.8,23.0,82,3.2
1011.4,22.8,83,3.8
1011.2,22.8,82,3.2
1011.6,22.6,82,2.9
1012.2,22.4,82,4
1012.7,23.2,79,3
1012.9,24.7,76,4.4
1013.2,26.5,71,3.6
1013.2,28.4,64,3.4
1012.6,29.9,60,2.8
1011.8,31.3,54,3.1
1011.3,31.6,53,4.7
1011.3,30.9,55,5.2
1010.8,30.0,54,5
1010.7,29.2,60,5.3
1011.0,27.6,65,5
1011.5,26.2,68,3.6
1011.9,25.6,71,3.7
1012.3,24.8,75,4
1012.9,24.4,77,3.3
1012.8,24.4,76,2.5
1012.6,24.0,79,2.2
1012.6,24.0,79,2.4
1012.1,23.7,80,1.9
1011.7,23.5,79,3.4
1011.6,23.5,78,2.9
1011.4,23.3,79,2.7
1011.3,23.1,79,2.5
1011.4,23.3,79,1.9
1011.8,24.0,77,3.3
1012.3,26.1,73,3.4
1012.6,27.5,68,3.5
1012.7,28.3,66,1.8
1012.3,28.9,66,3.6
1011.6,30.9,59,2.9
1010.8,31.0,61,4.4
1010.2,30.8,59,4.2
1010.0,29.2,65,4.3
1010.1,29.0,66,4.1
1010.1,28.6,69,4.3
1010.4,27.3,74,5.3
1011.0,26.2,76,3.5
1011.5,25.2,80,2.8
1011.8,24.7,83,2.8
1011.9,24.6,84,2.9
1011.7,24.6,85,2
1011.2,24.4,86,3.1
1010.5,24.2,87,2.6
1010.0,24.0,88,2.6
1009.4,23.7,90,2
1009.6,23.7,90,1.5
1010.1,23.8,90,1.8
1010.6,23.7,89,2.8
1011.1,24.6,86,2.1
1011.7,25.8,81,3.3
1011.4,27.8,73,2.5
1011.1,29.2,67,1
1010.6,30.7,59,1.9
1009.8,32.0,58,3.5
1009.2,31.7,59,3.3
1008.8,31.1,61,4.4
1008.3,30.5,60,4.3
1008.2,29.0,65,4.9
1008.2,27.7,71,5
1008.2,27.1,72,3.3
1008.6,26.4,77,3.4
1009.0,26.0,79,2.2
1009.0,25.8,80,1.5
1009.1,25.6,80,2.4
1008.7,25.2,78,2
1007.9,25.1,81,1.4
1007.6,24.8,83,2
1007.4,24.6,85,1.4
1007.4,24.4,87,2.7
1007.4,24.7,87,2.2
1007.7,24.8,87,1.8
1008.0,24.9,87,3.4
1008.1,25.4,82,3.8
1008.6,26.3,79,3.4
1008.7,27.9,72,3.2
1008.3,29.5,65,3.6
1007.5,31.0,58,3.2
1006.8,31.4,61,4.4
1006.0,32.0,58,4.3
1005.4,31.6,56,5.2
1004.9,31.1,55,4.5
1005.0,30.2,54,4.4
1005.0,29.5,52,3.9
1005.4,28.4,58,3.9
1005.9,27.5,64,3.5
1006.5,26.9,72,2.3
1006.9,26.5,78,1.7
1007.7,26.4,79,1.4
1007.4,26.2,79,0.6
1007.2,26.1,77,1.5
1006.5,25.9,76,1.6
1006.0,25.7,75,1
1005.9,25.4,78,0.6
1006.1,25.3,81,0.5
1006.4,25.0,84,1.2
1006.7,25.0,85,0.3
1007.3,25.6,82,1.3
1007.7,26.8,73,0.3
1007.8,28.8,65,1.3
1007.8,30.3,53,2.5
1007.6,31.0,51,2.9
1007.0,31.3,55,3.4
1005.9,31.4,57,3.5
1005.4,31.8,59,4.6
1004.8,31.6,56,4.5
1004.8,30.9,59,3.8
1004.8,29.4,65,4
1005.0,28.8,69,3.1
1005.4,28.0,73,3.2
1005.9,27.3,76,2.2
1006.2,27.1,78,1
1006.3,27.2,78,1
1005.9,27.0,79,1
1005.4,26.7,81,1
1005.2,26.6,83,0.7
1005.1,26.5,83,0.7
1005.1,26.3,83,0.2
1005.5,26.3,81,0.9
1005.6,26.2,83,1.6
1006.1,26.2,83,1.1
1006.6,26.8,80,0.1
1007.3,27.7,72,0.3
1007.9,28.5,69,0.6
1008.0,28.8,69,1.8
1007.5,29.5,66,1.8
1006.7,29.7,66,2.6
1005.9,30.3,66,3
1005.8,30.1,68,4
1005.7,29.7,71,4.5
1006.6,26.0,87,4.7
1006.9,24.8,90,4.9
1007.3,25.1,90,2.1
1007.4,25.2,88,2.5
1007.5,25.1,84,2.8
1008.1,25.8,81,0.6
1008.1,25.5,81,1.2
1008.3,25.1,84,1.1
1007.4,24.8,84,1
1007.6,24.7,82,0
1007.0,25.0,82,1.1
1006.9,25.0,78,1
1006.9,24.8,77,0.2
1007.2,24.4,80,0.4
1007.8,24.3,86,2.1
1008.3,25.4,81,1.6
1008.7,26.7,76,2.3
1008.8,28.9,66,3.1
1008.9,30.5,59,3.1
1008.6,32.2,51,3.2
1008.2,32.6,50,3.4
1007.3,33.0,48,3.4
1006.7,32.8,50,3.6
1006.2,32.3,57,4.5
1006.0,32.0,58,3.9
1005.8,30.8,61,3.7
1006.8,29.8,68,3.4
1007.2,28.0,80,3.3
1007.8,27.6,78,3.3
1008.5,27.2,79,1.5
1008.9,26.9,81,0.9
1008.8,26.8,81,0.8
1008.7,26.6,81,1.8
1008.3,26.5,85,1.3
1007.9,26.4,85,1.8
1008.1,26.3,86,0.8
1008.3,26.3,85,0.4
1008.2,26.0,86,1.3
1008.6,26.0,83,1.1
1009.2,26.6,80,0.9
1009.5,28.6,67,2.2
1009.5,30.0,60,1.6
1009.7,31.7,55,1.9
1009.9,31.2,56,4.4
1009.8,31.6,59,4.9
1009.2,31.0,59,5.1
1009.0,32.0,54,4.9
1009.0,31.0,60,4.9
1008.8,30.6,60,2.2
1009.6,26.1,78,4
1009.6,24.5,90,2.8
1009.5,25.4,83,2.1
1010.1,25.3,82,2.2
1010.3,25.4,82,1.3
1011.0,25.4,81,0.8
1011.0,25.2,80,2.3
1010.9,25.1,82,2.3
1010.5,25.0,82,2.9
1009.8,25.3,79,3
1009.2,25.0,80,2.1
1009.3,25.0,80,1.8
1009.5,24.9,80,1.4
1010.0,25.2,79,1.6
1010.4,26.1,75,2.3
1010.3,27.7,73,1.8
1010.4,29.7,65,1.6
1010.2,29.7,66,2.7
1010.2,30.4,64,3.6
1009.8,30.3,61,4.4
1009.4,30.0,61,5.1
1009.1,30.5,62,4.8
1008.9,30.3,67,3.7
1008.5,29.5,67,3.8
1008.7,28.5,70,3.3
1008.9,28.1,71,3.3
1009.1,27.6,76,2.2
1009.7,27.1,77,1.2
1010.3,27.3,76,2.6
1010.6,27.0,77,2.5
1010.4,26.2,79,3.1
1010.0,26.0,78,2.7
1009.3,25.8,79,2.1
1008.9,25.7,80,2.6
1009.0,25.6,80,2.5
1008.9,25.6,81,2
1009.1,25.6,81,2
1009.4,25.5,81,1.9
1009.8,26.5,78,2.3
1010.2,27.6,72,2.2
1010.5,28.9,65,3.2
1010.9,29.1,65,2.5
1010.9,30.0,63,4.2
1010.4,30.5,61,4.6
1009.8,30.1,61,4.3
1009.2,30.1,62,4.6
1008.6,29.6,63,4.3
1008.2,28.6,68,3.7
1008.2,28.0,68,3
1008.5,27.0,73,2.9
1009.1,26.6,74,2.5
1009.9,26.2,76,2
1010.3,26.0,79,0.4
1010.5,26.1,78,0.9
1010.1,26.1,78,2.2
1009.7,25.7,79,2.3
1009.3,25.3,81,2.6
1009.0,25.0,82,1.8
1008.7,24.8,83,1.9
1008.6,24.9,83,1.9
1009.0,25.0,83,2.1
1009.3,25.3,82,1.6
1009.4,26.1,78,2.3
1009.6,28.2,66,3
1009.9,28.9,64,3.4
1009.9,29.4,63,4.4
1009.7,29.8,63,3.3
1009.4,30.4,59,3.7
1009.0,30.3,60,4
1008.4,30.2,60,2.4
1008.0,30.0,60,3.1
1007.7,29.5,63,3.6
1007.6,29.2,65,4
1008.0,28.2,69,3.7
1008.4,27.2,74,2.7
1008.8,26.8,74,1.9
1009.1,26.7,76,1.4
1009.0,26.4,79,0.5
1008.8,26.4,77,1.1
1008.5,26.3,76,1.4
1008.1,26.1,76,2
1007.9,25.5,79,1.9
1007.7,25.3,81,2.3
1007.6,25.2,81,2.2
1007.8,25.1,84,1.7
1008.3,25.3,83,1.9
1009.0,26.6,80,1.9
1009.1,27.6,75,2.5
1009.1,29.6,68,2.7
1009.2,30.5,62,2.4
1009.3,31.1,64,3.9
1009.1,31.7,59,4
1008.5,31.0,60,5
1008.0,31.2,62,5.2
1007.8,31.4,59,3.9
1007.4,30.9,61,2.4
1007.5,30.1,65,3.1
1007.9,29.2,69,3
1008.3,28.5,72,2.8
1009.0,28.2,74,1.7
1009.4,28.2,77,1.2
1010.0,28.1,76,1.5
1010.1,28.0,74,2.7
1009.5,27.7,77,1.7
,,,
,,,
,,,
,,,
,,,
,,,
,,,
,,,
,,,
,,,
,,,
,,,
,,,
,,,
,,,
,,,
,,,
,,,
,,,
,,,
,,,
,,,
,,,
,,,
,,,
,,,
,,,
,,,
,,,
,,,
,,,
1011.1,23.4,95,0.1
1010.8,23.3,92,0.2
1010.5,23.0,94,0.1
1010.4,23.0,94,0
1010.6,22.9,93,0
1011.3,22.3,96,0.1
1011.7,24.2,88,0.1
1012.2,26.5,75,0.8
1012.7,27.1,72,2.2
1012.9,28.2,72,2.3
1012.3,29.5,65,2
1011.9,29.7,63,2.3
1011.1,30.1,63,3.4
1010.7,29.7,66,3.2
1010.1,29.5,67,2.5
1009.8,28.8,70,3.4
1009.8,27.7,73,1.7
1010.1,26.7,77,1.4
1010.5,25.8,81,1.1
1011.4,25.4,83,1.4
1012.4,25.2,84,1
1012.8,24.6,86,0.5
1013.0,24.4,89,0.1
1012.5,24.6,87,0
1011.9,23.7,92,0
1011.4,23.6,89,0
1010.9,23.0,91,0.3
1010.8,22.4,94,0.1
1011.1,22.1,95,0.2
1011.5,22.2,95,0.3
1012.2,24.6,85,0.1
1012.4,27.3,67,0.4
1012.7,28.4,61,1
1011.7,29.8,60,0.8
1011.2,30.1,63,1.9
1010.8,30.5,60,3.6
1010.3,29.6,65,3.9
1009.4,29.9,66,3.4
1008.9,29.6,63,2.4
1008.2,29.7,64,0.8
1008.5,28.9,67,0.4
1009.1,28.1,69,0.9
1009.6,27.0,74,1
1010.1,26.6,76,0.2
1010.7,26.2,75,0.7
1011.2,25.4,80,0.2
1011.1,24.9,81,0
1010.4,24.3,84,0.2
1010.0,23.6,88,0.2
1009.2,23.5,88,0.4
1008.6,23.1,89,0.3
1008.3,23.0,91,0.1
1008.7,23.2,89,0.3
1009.0,22.9,90,0.5
1009.3,25.5,79,0.5
1009.6,27.1,70,2.5
1009.8,29.1,61,2.6
1009.5,30.6,57,3.5
1009.2,30.7,59,3.8
1008.4,31.1,58,3.8
1008.0,31.1,59,3
1007.3,31.1,62,2.7
1006.8,31.5,59,2.3
1006.7,30.6,62,1.9
1006.7,29.7,67,1.7
1007.0,28.8,70,0.9
1007.6,28.2,75,1.3
1008.0,27.6,80,1.2
1008.5,27.1,83,0.1
1008.7,27.1,82,1.2
1009.0,25.8,88,0.1
1008.6,25.2,91,0.1
1008.3,25.0,93,0.3
1007.5,24.8,93,0.3
1007.5,24.3,95,0.2
1007.5,23.8,96,0
1007.7,23.5,97,0.1
1007.9,23.4,97,0.1
1008.0,25.1,94,0
1008.3,27.4,71,0.1
1008.4,28.8,68,0.7
1008.3,29.3,63,1.1
1008.1,30.6,60,2.3
1007.8,30.5,58,2.3
1007.3,31.0,55,2.7
1007.1,30.6,62,2.8
1006.7,29.8,65,2.5
1006.9,29.0,70,2.1
1007.6,28.2,71,2.1
1007.9,27.6,74,1.5
1008.7,26.8,79,0.4
1009.1,25.9,83,0.1
1009.6,25.5,85,0.1
1010.2,24.8,88,0
1010.0,24.4,88,0.1
1009.6,24.8,82,0.1
1009.0,25.1,82,0.2
1008.6,24.7,80,0.3
1008.2,24.4,80,0.2
1008.2,24.2,81,0.2
1009.2,24.7,77,0.3
1009.7,23.8,80,0.4
1010.5,24.9,82,0.2
1011.2,23.7,91,0.8
1011.6,26.5,79,0.3
1011.2,28.2,68,0.6
1010.8,28.6,73,0.3
1010.1,29.8,71,1.9
1010.3,28.6,80,3.1
1009.8,28.4,80,1.7
1009.6,27.4,83,1.9
1009.9,27.1,76,0.9
1010.3,26.7,77,0.9
1010.7,26.0,74,0
1011.1,24.9,80,0
1011.8,25.4,83,0.2
1013.0,24.8,90,0.7
1013.7,23.5,94,0.3
1013.2,23.2,94,0.5
1013.0,23.0,95,0.6
1012.4,22.7,97,0.5
1011.8,23.1,97,1
1011.1,23.2,95,2.7
1011.7,23.1,97,0.8
1012.1,22.9,97,0.4
1012.2,22.6,97,0.5
1013.2,22.4,96,0.1
1014.1,22.6,94,0.5
1014.3,23.3,95,0.5
1014.5,23.5,96,1
1014.4,23.1,97,1.1
1014.1,23.1,97,1.5
1013.7,22.9,97,1.7
1013.0,22.7,97,1.7
1012.9,22.9,95,0.7
1012.4,22.5,97,0.7
1012.9,22.1,97,0.2
1012.5,22.1,97,0.5
1012.8,21.8,97,0.2
1012.9,21.5,98,0.6
1013.6,21.1,98,0.2
1013.4,21.3,98,0.5
1013.2,21.0,99,0
1012.6,21.2,98,0.2
1012.0,20.9,98,0.2
1011.7,21.1,98,0.2
1011.5,21.0,98,0.6
1011.3,20.9,98,0.1
1011.5,20.7,98,0.8
1011.9,20.5,99,0.6
1012.6,21.3,99,0.3
1013.0,22.5,94,0.6
1013.1,24.5,84,1
1013.0,26.5,77,1.3
1012.5,28.5,69,2.5
1011.8,29.1,73,2.4
1010.9,29.3,70,3.4
1010.2,29.4,69,3.5
1009.4,28.9,71,3.1
1009.3,28.4,69,3.2
1009.7,27.3,71,3.2
1010.2,26.1,71,1.7
1010.7,24.4,78,0.4
1011.4,23.0,87,0.4
1011.9,25.0,72,1.3
1011.9,25.3,74,0.9
1012.0,23.7,84,0.1
1011.8,22.6,89,0.6
1011.7,21.6,95,0.4
1011.5,20.9,96,0.1
1011.3,20.8,97,0.3
1011.3,20.5,97,0.1
1011.6,20.4,98,0.4
1012.0,20.5,98,0.1
1012.6,22.9,90,0.2
1013.2,25.9,79,0.2
1013.4,27.3,71,0.7
1013.3,27.4,64,0.4
1012.3,29.7,53,0.6
1011.9,30.2,52,2.7
1011.2,29.3,58,2.7
1010.4,29.7,48,2.8
1009.7,30.0,47,2.3
1009.6,28.5,50,2.1
1009.7,28.0,52,2.2
1010.4,26.7,58,1.5
1011.0,24.6,72,0.2
1011.7,23.2,77,0.5
1012.0,22.2,84,0.2
1012.1,21.6,87,0.1
1012.1,21.6,88,0
1011.9,21.1,90,0.2
1011.5,20.6,92,0
1010.8,20.6,93,0.1
1010.3,20.6,93,0
1010.3,20.7,91,0
1010.2,20.4,93,0.1
1010.6,20.7,90,0.5
1011.2,23.0,78,0.1
1011.7,25.5,65,0.4
1011.4,27.8,61,0.4
1011.3,29.5,57,1.6
1010.9,29.1,60,2.6
1010.8,29.0,63,2.1
1010.0,29.6,62,2.7
1009.3,29.2,51,1.6
1008.7,30.3,55,1.3
1008.1,30.5,57,1.1
1008.3,29.2,57,2.2
1008.7,28.0,62,1.1
1009.4,26.1,73,0.3
1009.8,25.6,73,0.2
1010.5,24.6,81,0.2
1010.9,24.4,83,0
1010.6,24.1,83,0.2
1010.0,22.8,84,0
1009.7,22.7,80,0
1008.9,22.2,81,0
1008.4,21.9,86,0.2
1008.1,21.9,87,0.1
1008.8,21.7,90,0
1009.1,21.8,90,0.5
1009.9,25.4,76,0.2
1010.3,28.7,62,1.3
1010.7,29.5,63,2.6
1010.6,31.0,59,3.4
1010.6,30.4,67,3
1010.3,30.8,66,3
1009.8,32.0,59,1.9
1009.5,31.1,64,2.7
1009.0,30.5,66,2
1008.6,30.5,67,2.1
1008.5,30.1,61,2.6
1009.9,28.8,77,2.3
1010.2,28.0,81,0.5
1011.2,27.2,86,1.1
1011.6,27.3,87,1.1
1012.3,27.1,86,1.2
1012.1,26.2,91,0.6
1011.6,25.0,95,0.1
1010.7,24.8,96,0.2
1010.1,24.6,98,0.3
1009.5,24.8,97,0.5
1009.9,24.7,97,0
1010.5,24.9,97,0.5
1010.6,24.9,98,0.1
1011.1,25.1,97,0.7
1011.9,25.5,95,0.1
1011.9,26.4,88,0.6
1012.2,28.0,84,0.9
1012.2,26.9,82,1.2
1011.9,27.5,78,1
1011.1,28.3,73,1.7
1010.4,28.8,72,1.7
1010.1,29.3,69,1.2
1010.0,28.4,73,1.2
1010.3,27.1,74,1.5
1011.3,24.7,82,0.7
1011.6,23.5,85,1
1012.3,23.4,86,0.7
1012.8,22.9,87,0.9
1013.1,22.3,87,0.4
1013.1,21.4,89,0.8
1012.7,21.2,89,0.8
1012.4,20.9,91,0.4
1011.7,20.8,92,0.4
1011.5,20.8,91,0.6
1011.7,20.7,90,0.5
1012.0,20.7,90,0.3
1012.6,20.8,90,0.2
1013.0,21.8,87,0.6
1013.5,22.6,85,0.5
1013.7,25.2,77,1.1
1013.6,26.8,75,0.8
1013.4,28.2,69,2.1
1012.8,28.9,67,2.4
1012.1,29.1,65,3
1011.4,28.3,66,2.7
1011.1,27.6,70,2.9
1010.6,27.8,70,3.3
1010.5,27.5,71,2.1
1010.8,26.4,72,1.5
1011.5,25.9,72,0.7
1011.9,25.5,75,0.1
1012.6,25.0,76,0.3
1013.0,24.4,78,0.3
1013.1,24.3,81,0.1
1012.7,24.1,80,0
1012.1,22.9,88,0
1011.5,22.2,92,0
1011.4,22.6,90,0.1
1010.9,22.0,93,0.1
1010.9,21.7,95,0
1011.6,21.9,95,0
1012.2,24.1,86,0.3
1012.3,25.7,80,0.7
1012.2,27.2,71,0.8
1011.8,28.6,68,1
1011.2,30.4,65,2.3
1010.7,30.0,63,3.1
1010.1,29.9,63,3.1
1009.3,29.8,63,2.9
1008.9,29.8,65,2.8
1008.3,29.1,67,2.7
1008.4,28.4,71,2.6
1008.9,27.0,76,2
1009.4,26.1,81,1.6
1009.8,25.3,86,0.2
1010.5,25.6,86,0.2
1010.7,25.3,87,0.2
1010.5,24.6,90,0
1010.1,24.0,93,0.2
1009.5,23.7,94,0
1009.0,23.8,94,0.3
1008.6,24.8,91,0.4
1008.7,25.0,91,0.1
1008.6,24.9,90,0.4
1008.7,25.2,88,0.9
1009.3,27.2,77,1
1009.9,29.2,73,1.8
1010.2,31.0,66,0.7
1010.6,30.4,69,2.6
1010.2,31.3,67,2.9
1009.8,31.6,70,3.2
1009.2,31.0,72,4.3
1008.5,30.9,67,4.3
1007.9,31.1,67,3.9
1007.4,30.4,69,3.2
1007.6,29.8,74,2.5
1008.2,28.4,81,2
1008.8,27.5,86,2
1009.3,27.1,89,1.4
1009.4,26.7,92,1.2
1010.1,26.1,93,0
1010.8,25.8,94,0.6
1010.6,26.4,91,2.4
1010.6,26.4,89,1.2
1010.5,26.2,88,1.6
1010.3,26.2,88,1.4
1010.5,25.4,89,0.4
1010.9,25.0,92,0.6
1011.1,25.0,92,0.4
1011.3,25.7,86,0.6
1011.3,27.7,79,0.6
1012.0,29.1,72,1.8
1012.1,29.6,75,3.5
1012.5,30.3,71,3
1012.0,30.8,68,3.1
1011.7,30.8,63,3
1011.3,30.5,62,3.3
1011.2,30.4,61,3
1011.3,29.8,57,3
1011.6,28.4,63,2.1
1012.2,27.4,68,1.3
1012.7,27.0,66,1.5
1013.1,26.4,64,0.2
1013.1,25.7,65,0
1013.1,25.0,68,0
1013.1,24.5,72,0.4
1012.7,25.6,69,0.7
1012.5,25.1,74,1.1
1011.9,24.3,76,0.1
1011.5,23.9,77,0.7
1011.7,23.3,80,0
1011.9,23.1,83,0.1
1012.4,23.8,79,0.1
1012.8,24.3,79,0.2
1013.2,24.6,75,0.6
1013.5,25.2,77,0.4
1013.3,25.8,76,0.5
1012.9,26.5,70,0.5
1012.2,26.8,71,0.9
1011.5,27.4,70,1
1010.7,27.0,72,1.1
1010.3,27.0,72,0.9
1010.4,26.2,74,1.2
1010.5,25.7,73,0.6
1010.9,24.8,76,0.9
1011.0,24.0,80,0.7
1011.2,23.5,82,1.2
1011.5,23.5,83,0.6
1011.7,23.2,86,0.4
1011.6,23.2,85,0.4
1011.0,23.2,85,0.4
1010.7,23.2,86,0.2
1010.4,23.2,85,0.3
1010.5,23.3,86,0.2
1010.5,22.5,91,0.4
1010.8,22.4,90,0.4
1011.1,22.7,90,0.1
1011.4,23.9,84,0.7
1011.5,26.4,71,0.6
1011.6,28.6,65,1.1
1011.3,30.7,56,1.1
1010.8,31.5,61,3.9
1010.5,30.5,66,3.6
1009.8,31.3,62,3.6
1009.3,31.8,59,3.6
1009.0,31.9,55,3.6
1008.9,30.6,62,3.8
1008.9,29.9,61,2.3
1009.2,28.7,69,1.6
1009.7,27.5,74,0.9
1010.6,27.5,73,0.2
1011.2,26.3,79,0
1011.4,25.5,84,0
1011.4,25.8,83,0.3
1010.9,25.8,83,0
1010.4,24.2,90,0.2
1010.0,23.8,91,0
1009.9,23.6,93,0
1010.3,23.1,95,0
1010.7,23.4,95,0
1011.1,24.2,91,0
1011.7,25.4,86,0.4
1011.8,27.1,80,0.7
1011.7,29.1,70,0.5
1011.5,30.2,67,1.1
1010.8,31.8,61,3.3
1010.1,31.7,57,2.7
1009.3,32.0,58,3.9
1008.7,31.9,58,3.5
1008.5,31.1,59,3.8
1008.4,30.1,62,3
1008.7,29.1,67,2.8
1009.3,28.2,73,1.3
1009.9,27.4,77,1.1
1010.5,27.0,79,0.3
1010.6,26.0,84,0.1
1010.9,25.5,86,0
1011.1,25.2,88,0
1010.5,24.5,90,0.1
1010.0,24.3,90,0
1009.9,24.2,90,0
1009.7,23.6,93,0.1
1010.0,23.5,93,0.1
1010.3,23.6,92,0.2
1010.5,24.0,92,0
1010.9,25.6,85,0
1011.5,28.1,69,1.1
1012.0,29.9,65,0.7
1011.9,30.5,63,2.2
1011.4,31.1,64,2.9
1011.0,31.1,65,3.4
1010.4,31.5,59,3.9
1009.8,31.5,58,3.9
1009.2,31.4,57,2.5
1008.8,30.8,60,3.1
1009.2,29.7,63,2.4
1009.8,28.5,70,1.9
1010.6,27.8,68,1.1
1011.1,27.2,72,0.5
1011.7,26.6,73,0.2
1012.1,25.4,82,0
1012.2,25.5,83,0.3
1011.8,24.9,84,0.6
1011.5,24.4,85,0.5
1011.2,24.3,84,0.3
1011.0,23.3,85,0.6
1010.9,22.9,87,0.2
1011.1,23.1,86,0.2
1011.7,23.2,85,1
1012.4,23.3,82,0.7
1012.7,24.6,78,0.6
1012.9,26.8,73,0.4
1012.8,29.8,65,1.2
1012.3,30.6,66,3
1011.7,31.7,59,3.4
1011.2,31.4,55,2.7
1010.9,30.9,59,4
1010.6,31.1,55,3.1
1010.5,30.7,57,1.9
1010.6,29.4,60,1.8
1010.9,28.6,71,1.4
1011.5,27.3,67,1.1
1011.9,26.8,69,0.5
1012.5,26.0,72,0.3
1012.7,25.1,76,0.2
1012.3,24.4,79,0.2
1012.3,24.8,77,0.7
1011.7,24.7,78,0.1
1011.4,24.3,80,0.4
1011.3,24.0,80,0.6
1011.1,23.4,83,0.6
1011.2,23.0,85,0.2
1011.2,23.3,84,0.1
1011.4,24.2,80,0.2
1012.2,26.3,71,0.8
1012.3,28.0,67,1.5
1012.5,29.2,65,0.9
1012.0,30.2,64,1.6
1011.5,31.2,60,2.5
1010.6,31.6,63,3.3
1010.1,30.4,63,3.6
1010.0,29.5,68,4
1009.9,28.3,72,2.8
1009.9,28.3,69,2.5
1010.1,27.1,78,2.5
1010.7,26.7,80,1.6
1011.2,26.5,78,0.3
1011.5,25.6,81,0.3
1011.8,25.0,84,0.5
1011.5,24.3,87,0.2
1010.8,23.9,89,0
1010.3,23.8,90,0.1
1009.7,23.6,91,0.2
1009.5,23.3,92,0.1
1009.5,23.0,94,0
1009.9,23.0,95,0
1010.2,23.6,92,0.1
1010.9,24.6,88,0.9
1011.5,25.8,84,0.4
1011.2,27.4,78,1
1011.1,30.2,66,1.5
1010.4,31.0,62,2.3
1010.0,31.8,57,2.9
1009.2,32.0,59,3.4
1008.7,30.7,64,2.8
1008.1,29.7,68,4.1
1007.8,30.2,62,2.6
1007.8,28.2,68,2.8
1007.9,27.8,70,1.1
1008.4,26.8,74,0.6
1008.9,26.2,75,0.9
1009.0,25.4,82,0.2
1009.0,24.3,88,0
1008.7,23.9,90,0
1007.8,23.9,91,0.2
1007.4,23.4,93,0.4
1007.2,23.2,94,0.1
1007.1,23.0,95,0
1007.4,23.9,91,0.2
1007.5,24.3,88,0.5
1007.9,24.6,89,0.3
1008.1,25.6,85,0.7
1008.3,27.6,78,0.8
1008.3,29.7,67,1
1007.9,30.7,63,0.9
1007.3,31.4,64,2.6
1006.7,30.1,69,3.9
1006.0,30.3,67,3.3
1005.4,31.2,57,2.3
1004.9,30.7,59,4
1004.7,29.5,62,3.1
1004.9,29.1,61,3.3
1005.3,27.5,72,2.9
1005.6,26.8,75,1.4
1006.4,26.2,76,1.5
1007.0,26.0,78,1.1
1007.7,25.8,82,1.5
1007.4,25.2,86,0.7
1006.8,24.9,88,0.6
1006.2,24.7,90,0.4
1005.9,24.6,87,0.2
1005.8,24.2,88,0.1
1006.1,23.8,89,0
1006.4,24.1,87,0
1006.8,23.8,90,0
1007.3,26.1,78,0
1007.7,27.8,73,0.6
1007.7,29.4,65,1.1
1007.8,30.3,61,2.6
1007.7,31.0,59,3
1007.1,30.9,62,3.5
1006.1,31.2,60,4
1005.5,31.2,63,3.3
1005.0,31.0,63,3.7
1004.8,29.8,69,3
1004.8,29.2,71,2.6
1005.1,28.2,74,1.5
1005.4,27.4,78,1.6
1005.8,26.9,81,1.3
1006.2,26.5,85,1
1006.4,25.8,89,0.2
1006.0,25.4,91,0.1
1005.3,25.2,92,0.2
1005.1,25.0,93,0.1
1005.2,24.5,94,0.2
1005.3,24.5,94,0.5
1005.5,24.7,94,0
1005.6,24.4,95,0.1
1006.0,24.7,95,0
1006.4,26.3,88,0.3
1007.1,28.0,75,0.4
1008.0,29.4,71,1.1
1007.7,30.8,65,0.9
1007.3,30.6,67,2.2
1006.6,29.2,73,2
1006.0,29.8,72,2.8
1005.5,29.9,72,1.6
1005.5,29.4,76,3
1005.9,28.7,79,2.7
1006.3,27.7,80,1
1007.1,25.9,84,0.6
1007.8,25.8,87,0.4
1007.7,25.3,90,0.7
1008.0,24.7,91,0.3
1008.0,24.9,90,0.8
1008.0,24.1,93,0.5
1007.5,23.9,95,0.6
1007.4,23.8,92,0.2
1007.1,23.2,96,0.2
1006.5,23.4,96,0.9
1006.7,23.0,97,0.5
1007.1,22.4,95,0.3
1007.6,22.5,97,0
1008.2,25.0,88,0.1
1008.5,27.6,72,0.3
1008.5,30.3,61,0.6
1008.7,31.3,57,0.6
1008.3,33.6,55,1.7
1007.9,33.4,54,3.3
1007.1,33.1,52,3.8
1006.5,32.9,50,3.7
1006.3,32.9,48,3.5
1005.9,31.5,54,3.1
1006.0,31.0,53,1.7
1006.8,30.3,50,1.6
1006.9,29.3,55,1
1007.6,28.2,65,0
1008.3,27.5,73,0.1
1008.9,26.6,76,0.1
1008.9,26.5,76,0.2
1008.6,26.6,75,0.4
1008.2,25.7,78,0.3
1007.8,24.8,84,0
1008.2,24.9,85,0.1
1008.4,24.7,87,0
1008.3,24.7,89,0
1008.7,25.5,81,0.6
1009.2,27.3,74,0
1009.5,28.2,71,1
1009.5,30.7,59,0.6
1009.7,31.5,59,2.5
1009.9,31.2,59,4
1009.8,32.1,62,3.9
1009.4,30.8,71,4.4
1009.2,29.4,75,3.8
1009.3,29.1,64,2.7
1009.4,26.3,77,1.5
1009.6,26.4,75,1.6
1010.0,25.9,80,1.8
1009.7,25.3,79,2.7
1010.3,25.4,79,1.5
1010.4,25.4,79,1.4
1011.0,25.5,79,0.6
1011.2,24.7,84,0.3
1011.1,25.2,83,0.6
1010.6,25.7,81,0.6
1009.9,24.6,85,0.6
1009.3,23.9,89,0.2
1009.2,23.6,91,0.3
1009.6,23.4,90,0.3
1010.1,24.7,85,0.3
1010.5,26.1,77,0.4
1010.4,28.1,73,0.9
1010.5,28.5,75,2.2
1010.3,29.7,71,2.8
1010.4,31.3,65,3.6
1010.1,30.1,68,3.9
1009.9,29.7,64,4
1009.4,29.2,70,4
1009.2,29.3,68,3.2
1008.9,28.9,73,3.2
1009.0,28.4,70,2.9
1009.2,28.3,71,1.6
1009.4,26.9,80,0.9
1010.0,26.5,77,1.3
1010.5,26.3,77,2.1
1010.8,26.5,77,1.3
1010.5,26.5,78,1.4
1010.1,26.0,78,1.9
1009.4,25.7,80,0.5
1009.1,25.8,79,0.8
1009.1,24.4,93,0.6
1009.0,23.8,97,0.6
1009.2,23.7,97,0.3
1009.4,23.6,97,1
1009.9,25.2,91,0.4
1010.4,27.0,86,0.1
1010.6,28.1,74,1.3
1010.9,30.0,70,2.4
1010.9,30.0,70,2.9
1010.4,29.3,71,3.5
1009.8,29.5,70,3.1
1009.1,29.5,70,4.1
1008.7,29.1,73,3.8
1008.3,28.5,72,3.1
1008.3,27.9,74,2.4
1008.6,26.6,78,2.1
1009.1,25.7,81,1.8
1010.0,25.3,84,1.4
1010.5,24.6,88,0.5
1010.7,23.9,91,0.2
1010.3,23.7,93,0
1009.8,25.6,81,0.7
1009.4,23.8,91,0.2
1009.0,25.1,86,0.3
1008.7,24.0,92,0.2
1008.6,23.4,95,0
1009.0,23.4,96,0.3
1009.2,24.0,96,0
1009.4,25.4,90,0.1
1009.6,27.1,79,1.8
1009.7,28.7,71,2.4
1009.8,28.4,73,2.5
1009.8,29.7,68,3
1009.4,30.0,67,3.6
1009.0,28.9,72,2.7
1008.5,30.2,69,3.1
1008.2,29.8,68,3.4
1007.8,29.1,70,3
1007.7,28.2,74,2.4
1008.0,27.2,79,1.9
1008.3,26.5,82,2.1
1008.8,25.9,85,1
1009.0,25.8,86,0.2
1009.2,25.3,88,0.3
1008.9,24.5,92,0.1
1008.6,24.4,92,0.3
1008.1,24.5,90,0.2
1008.0,25.4,87,1
1007.8,24.5,91,0.2
1007.7,24.7,90,0.4
1007.7,24.2,93,0.4
1008.4,24.0,95,0.1
1009.0,26.4,83,1.1
1009.3,27.8,76,1.2
1009.2,29.9,68,1.7
1009.3,29.5,70,1.8
1009.5,29.8,70,3.5
1009.2,31.5,63,3.7
1008.6,31.2,61,4.3
1008.0,30.8,64,3.9
1007.9,30.9,66,3.3
1007.4,30.0,69,3.4
1007.6,29.5,69,2.7
1007.9,28.4,74,2.2
1008.3,27.7,78,1.4
1009.0,27.5,78,1.8
1009.5,27.0,83,0.3
1010.0,26.3,85,0.3
1010.2,26.2,86,0.7
1009.5,25.9,90,0.2
,,,
,,,
,,,
,,,
,,,
,,,
,,,
,,,
,,,
,,,
,,,
,,,
,,,
,,,
,,,
,,,
,,,
,,,
,,,
,,,
,,,
,,,
,,,
,,,
,,,
,,,
,,,
,,,
,,,
,,,
,,,
1008.8,22.7,93,0.4
1008.7,22.4,94,0.4
1008.4,21.9,96,0.8
1008.4,21.6,96,0.2
1008.8,22.1,95,0.3
1009.4,21.9,97,0.7
1009.6,23.6,92,0.4
1010.1,25.6,80,1.1
1010.5,27.1,74,1.8
1010.6,28.3,65,2.7
1010.2,29.6,64,2.4
1009.3,30.4,62,2.3
1008.7,30.9,56,2.1
1008.4,29.3,69,3.4
1007.9,29.1,69,2.4
1007.5,28.9,70,2.6
1007.5,28.5,71,2.2
1007.8,27.3,76,1.3
1008.4,26.0,82,1
1009.3,25.2,87,0.7
1010.2,24.8,88,0.4
1010.7,25.2,82,0.6
1011.0,24.4,92,0.4
1010.7,24.2,91,0.6
1010.0,23.5,94,0.9
1009.3,23.1,95,0.9
1009.1,22.7,96,0.9
1009.0,22.6,95,1.6
1009.3,22.4,92,1.2
1009.4,22.2,93,1.6
1010.1,24.0,86,1.5
1010.5,25.3,83,1.9
1010.4,27.8,68,1.8
1009.6,28.9,64,2.8
1009.1,29.2,66,2.1
1008.6,30.4,58,1.9
1007.7,31.1,59,1.6
1007.0,30.9,63,2.5
1006.7,30.0,63,3.1
1006.8,28.8,64,2.5
1007.3,27.9,67,2.6
1008.0,26.8,72,1.2
1008.0,26.0,76,0.6
1008.5,25.7,81,0.6
1008.7,24.8,85,0.7
1009.1,25.2,80,0.8
1009.0,25.1,84,0.3
1008.4,24.4,87,0.7
1007.6,24.0,90,0.6
1006.9,23.8,92,0.2
1006.5,23.7,91,0.3
1006.5,24.4,85,1
1006.4,24.7,83,1.4
1006.6,24.1,84,1.2
1007.0,25.5,76,1
1007.2,27.1,73,2
1007.2,29.0,59,3.5
1006.7,31.1,52,4.4
1006.0,31.9,49,4.5
1005.4,32.5,50,7
1004.6,32.9,51,6.8
1004.0,32.9,52,7
1003.8,32.3,53,6.3
1003.6,31.5,54,6.7
1003.8,30.6,60,5.6
1004.5,28.8,65,4.3
1005.3,27.6,74,4.5
1005.6,27.5,77,2.7
1005.8,27.1,78,2.2
1006.3,26.9,79,2.4
1006.4,26.5,82,2.5
1006.0,26.3,84,2
1005.8,26.2,84,2.2
1005.2,26.2,84,2.1
1004.9,26.2,84,2.9
1005.2,25.9,84,2
1005.2,25.8,84,2.3
1005.4,25.6,82,1.6
1005.4,26.0,84,2.7
1005.8,26.6,82,2.3
1005.8,27.7,73,2.8
1006.1,28.4,70,3.6
1005.6,29.6,60,3.1
1005.4,28.9,64,2.7
1005.0,30.0,59,4.2
1004.3,30.5,56,4.7
1004.0,29.5,64,5.4
1004.2,29.5,58,5
1005.1,28.5,65,4.5
1005.7,27.4,70,4.2
1006.5,26.9,74,2.6
1007.0,27.4,70,2.2
1007.6,26.9,69,1.8
1007.8,27.1,65,2.3
1007.8,27.3,60,1.6
1007.6,25.1,73,1.1
1006.7,26.2,65,1.8
1006.6,25.7,66,1.1
1006.4,23.4,87,1.1
1006.3,22.9,94,1
1006.9,22.8,94,0.5
1007.6,22.7,95,1
1008.4,22.8,93,1.3
1008.9,23.5,90,0
1009.4,24.8,91,0.9
1009.0,25.4,91,1.3
1008.8,25.2,90,1
1009.1,23.3,94,3
1009.3,22.1,97,2.4
1008.4,23.4,93,2.5
1007.8,23.7,91,1.6
1008.4,23.2,93,1.7
1008.7,22.6,96,1.8
1009.1,22.3,97,2.3
1010.2,21.9,97,2.6
1010.9,21.6,97,2.1
1011.7,21.5,97,3
1011.8,21.5,98,1.8
1011.9,21.2,99,1.1
1011.3,21.5,99,1.2
1010.3,21.5,99,1.4
1009.0,21.4,99,1.8
1010.0,20.2,99,3.1
1010.0,20.6,98,1.4
1010.5,20.6,98,0.6
1010.4,20.5,98,1.5
1011.1,20.4,97,1.2
1011.9,21.2,97,0.9
1012.2,22.2,94,1.1
1012.5,22.2,94,1.3
1012.3,23.0,91,0.5
1012.2,22.9,93,0.9
1011.6,22.8,91,0.9
1010.7,23.3,90,0.9
1010.4,23.5,88,2.3
1010.4,23.7,85,1.6
1010.6,23.4,87,2.5
1010.7,23.1,86,1.4
1011.1,22.5,91,0.5
1011.6,22.0,98,0.4
1011.7,21.9,97,1.2
1011.6,22.1,94,0.2
1011.3,21.8,93,0.6
1010.8,21.5,95,0.2
1010.3,21.1,97,0.6
1009.9,20.8,97,0.6
1009.5,20.3,98,0.7
1009.6,20.1,98,0.8
1009.8,19.8,98,0.6
1010.2,19.8,98,0.7
1010.9,21.1,92,2.7
1010.9,23.2,86,1.5
1011.2,24.4,83,2.7
1011.1,25.9,77,2.4
1010.8,27.0,71,3.1
1010.1,28.0,64,2.8
1009.2,28.2,63,2.8
1008.3,28.5,61,3.1
1007.8,28.5,59,3.2
1007.4,27.9,59,2.6
1008.0,26.7,57,3
1008.1,25.2,63,2.5
1008.5,23.5,75,0.2
1009.2,22.8,77,0.4
1009.6,21.2,88,0.1
1009.8,20.9,90,0
1009.7,20.5,92,0.2
1009.8,20.1,96,0.1
1009.6,20.4,93,0.5
1009.7,19.6,97,0.5
1009.5,20.1,94,0.6
1009.3,19.7,96,0.5
1009.7,19.4,97,0.4
1010.3,19.9,96,1.1
1010.8,22.2,92,0.1
1011.3,24.5,77,0.5
1011.4,25.8,70,1.3
1011.5,26.8,66,0.9
1011.0,28.2,63,1.1
1010.3,27.7,65,2.3
1009.7,28.7,58,1.7
1008.8,28.6,59,2.4
1007.9,28.9,57,2.5
1007.7,28.3,54,2.3
1008.0,27.1,66,3.3
1008.4,25.8,66,3
1009.3,24.5,72,1.1
1009.6,23.5,77,0.3
1009.8,23.2,81,0.6
1010.0,22.6,82,0.4
1010.0,21.4,91,1.6
1009.8,21.5,89,0.4
1009.6,20.6,95,0.1
1009.0,20.4,94,0.7
1008.4,20.0,96,0.9
1008.5,20.0,96,1
1008.6,19.7,98,0.7
1008.8,20.1,96,1.1
1009.4,22.2,89,1.6
1009.8,24.5,80,1.4
1009.6,27.9,57,2
1009.4,28.8,50,2.2
1009.3,29.9,48,2.4
1008.7,30.2,47,1.7
1008.1,28.8,50,2.1
1007.6,29.0,47,2.4
1006.9,29.3,47,1.8
1006.1,30.0,45,1.7
1006.3,29.2,47,1.3
1006.4,27.8,51,0.4
1007.3,26.3,64,0.5
1008.0,24.2,79,0.7
1008.7,23.9,81,0.9
1009.0,22.8,84,0.5
1008.8,22.6,86,0.6
1007.8,21.9,90,1.4
1007.6,21.9,90,0.5
1006.7,21.3,92,1
1006.4,21.4,89,0.8
1006.0,21.1,93,1
1006.5,21.1,91,0.6
1007.1,20.8,94,1.4
1007.6,23.7,86,0.7
1008.1,28.5,61,0.3
1008.4,29.1,58,2.7
1008.1,30.8,57,3.9
1007.6,31.9,49,4
1007.1,32.7,51,5.4
1006.4,33.4,47,5.4
1006.1,33.1,51,5.4
1006.1,32.6,51,4.7
1005.6,31.2,59,5.1
1005.9,30.3,66,5.1
1007.2,29.1,71,4.9
1008.0,27.9,81,3.5
1008.6,27.3,86,2.9
1009.8,27.1,87,2.5
1010.4,27.0,87,2.1
1010.2,26.5,88,0.8
1009.7,25.0,92,1.2
1008.8,24.1,95,1.7
1008.4,23.9,95,1.8
1008.2,22.8,97,1.7
1008.2,22.5,97,1.4
1008.7,21.8,95,2.4
1009.0,21.8,94,2.2
1009.7,21.8,94,2
1010.3,21.7,92,2.4
1010.9,22.1,93,1.5
1010.9,22.4,91,1.7
1011.2,22.2,93,2.4
1011.0,22.8,89,2
1010.4,22.1,95,2
1010.0,21.7,96,2.6
1009.3,21.6,97,3.1
1009.2,22.0,95,3
1009.5,22.5,89,3.2
1010.2,21.4,90,3.2
1010.6,20.8,90,2.8
1011.0,20.2,90,2.8
1011.3,20.1,91,1.8
1011.7,19.8,91,1.9
1011.7,19.8,91,2
1011.2,19.6,92,1.7
1010.8,19.6,92,1.5
1010.3,19.5,92,1.4
1009.9,19.5,93,2.3
1010.2,19.6,93,1.6
1010.1,19.5,94,1.8
1010.7,19.6,94,0.9
1011.2,20.2,91,1.6
1011.8,20.9,87,1.6
1011.8,22.4,82,1.5
1012.2,23.2,81,2.1
1011.8,24.5,76,1.1
1011.2,26.1,73,1.9
1010.3,26.8,72,1.4
1009.6,27.9,68,2.7
1009.4,26.7,71,2.3
1009.0,25.9,73,2
1008.8,25.0,76,3
1009.1,24.6,78,1.8
1009.6,24.1,81,1.1
1010.1,23.6,86,1.4
1010.5,23.4,88,0.8
1011.0,23.4,87,0.5
1011.0,23.3,88,0.5
1010.7,23.4,87,0.1
1010.0,22.9,92,1.3
1009.6,22.9,91,0.1
1009.3,22.9,92,0.2
1009.0,22.7,94,0
1008.9,22.3,94,0.7
1009.7,22.1,95,0.5
1010.2,23.1,93,2
1010.3,24.3,86,1.3
1010.3,24.6,86,1.2
1010.0,26.7,75,1.2
1009.2,27.9,66,1
1008.6,29.5,64,2
1007.8,30.1,64,1.6
1007.1,30.2,68,3.2
1006.7,30.2,64,2.4
1006.1,29.9,63,1.9
1006.3,28.8,67,2.1
1006.8,27.2,72,2
1007.3,26.0,77,1.9
1007.9,25.6,82,0.6
1008.4,24.6,93,0.1
1008.5,24.8,93,0.2
1008.6,24.8,87,0.3
1007.7,23.9,93,0.9
1007.0,25.6,80,0.8
1006.6,25.0,84,1
1006.6,23.0,95,0.4
1006.5,22.9,96,0.7
1006.2,24.8,85,1
1006.5,23.3,95,0.7
1006.9,25.1,89,1
1007.6,27.7,77,1.6
1008.3,30.0,69,4.3
1008.3,30.8,66,4.1
1007.8,31.9,62,4.4
1007.5,32.3,59,5
1006.9,32.8,62,4.3
1006.4,32.6,64,3.9
1005.8,31.9,61,3.3
1005.4,31.0,64,2.7
1005.6,30.4,69,2.2
1006.7,28.6,80,1.5
1007.1,27.4,86,0.4
1007.5,26.9,90,0.7
1007.6,26.5,92,0.8
1008.1,26.6,91,1.3
1008.9,26.1,95,0.9
1009.2,25.9,94,1.6
1009.0,25.7,94,2.2
1008.7,25.5,94,1.1
1008.7,24.7,92,3
1009.0,24.4,92,1.2
1009.4,24.5,92,2.4
1009.3,24.4,92,2.7
1009.3,24.9,90,2.7
1009.7,25.1,82,2.4
1010.4,25.6,76,2.8
1010.2,26.8,72,2.6
1010.4,26.6,69,2.9
1010.2,27.0,69,2.8
1009.7,27.8,67,3
1009.4,28.4,61,2.3
1008.7,28.5,56,1.8
1009.1,27.2,59,2.3
1009.8,25.7,62,1.4
1010.5,24.9,64,2.6
1011.0,23.9,70,2.4
1011.2,22.3,81,2.1
1010.8,22.3,83,1.9
1011.1,22.1,87,1.1
1011.6,21.0,89,1.8
1011.0,21.0,91,1.5
1010.7,21.3,91,0.6
1010.2,21.3,94,1
1009.6,21.4,95,0.1
1009.8,21.6,94,0.5
1010.1,21.6,94,0.2
1010.5,21.6,95,0.8
1010.9,21.7,94,1.1
1011.1,22.5,89,1.8
1011.7,23.1,87,0.6
1011.6,23.5,89,1.3
1011.3,23.6,88,0.7
1011.1,23.4,90,1.7
1010.4,23.4,92,2
1009.6,23.8,90,2.1
1009.3,23.6,85,2.5
1009.2,23.2,87,3.8
1009.4,22.5,89,2.8
1010.1,21.6,93,3.4
1009.8,21.5,95,2.3
1009.8,21.4,95,2.2
1010.0,21.5,96,0.6
1010.3,21.4,97,1.5
1010.0,21.5,97,1.1
1009.1,21.7,97,1.1
1009.1,21.5,97,2.8
1008.9,21.4,97,2.4
1009.1,21.5,97,2.6
1009.2,21.3,98,2.8
1009.7,21.4,97,2.9
1009.8,21.6,94,2
1009.9,22.1,95,1.6
1009.6,23.9,87,1.6
1009.8,25.5,81,1.3
1009.8,28.1,70,2.6
1009.4,28.3,67,3.2
1008.9,28.9,69,3.7
1008.4,29.6,67,3.4
1007.9,29.2,71,3.4
1007.6,28.9,73,3.7
1007.4,28.1,75,3.4
1007.4,27.5,77,2.3
1007.7,26.2,81,1.4
1008.1,25.0,86,0.7
1008.6,24.8,90,0.7
1009.0,24.2,92,0.7
,,,
1009.4,23.5,94,0.7
1009.0,23.3,94,0.5
1008.5,22.7,97,0
1008.2,22.3,98,0
1008.2,22.5,98,0.4
1008.4,22.8,97,0.1
1008.7,22.2,98,0.7
1009.3,22.6,98,0.5
1010.0,24.4,91,1.8
1009.9,26.1,81,1.4
1010.0,27.3,77,1.8
1009.6,28.5,71,1.3
1009.0,29.9,68,1.2
1008.0,30.8,61,1.6
1007.1,31.9,56,2
1006.5,31.6,61,2.3
1006.3,31.4,59,3.4
1006.3,30.6,61,2.5
1006.8,29.1,65,2.2
1007.3,27.5,79,2
1007.9,26.1,84,1.4
1008.5,25.8,85,1.2
1008.6,25.6,89,0.2
1008.9,25.2,88,0.3
1008.9,24.3,93,0.6
1008.4,24.3,93,0.8
1008.1,24.1,94,0.5
1007.8,23.4,96,1.7
1007.8,23.7,94,0.6
1008.3,23.6,96,1.3
1008.6,23.0,97,1.1
1008.7,23.5,94,0.7
1009.2,24.9,90,2.3
1009.8,26.5,80,2.5
1010.2,27.9,70,3.1
1010.2,29.6,66,3
1009.6,29.9,66,2.7
1008.9,30.3,62,3.3
1008.4,31.0,61,3
1007.8,31.0,66,3.6
1007.2,30.4,66,3.1
1007.0,29.3,70,3.8
1007.4,28.4,71,3.6
1008.0,27.1,79,3.3
1008.7,25.9,83,1.5
1009.2,24.6,86,1.8
1009.9,23.8,86,1.3
1010.5,23.1,87,1.7
1010.6,22.5,88,1.5
1010.3,22.0,89,1.4
1009.8,21.9,88,2.6
1009.7,22.0,88,1.9
1009.3,21.9,88,1.7
1009.0,21.3,90,1.9
1009.9,21.4,88,2.5
1010.4,21.5,89,2.8
1010.7,22.4,84,2.5
1011.0,23.9,82,2.3
1011.3,25.5,78,3.1
1011.2,26.4,76,2.8
1010.8,27.3,74,3.2
1010.0,28.2,68,1.7
1009.4,29.3,65,2.9
1009.3,28.6,65,3.1
1009.1,28.1,69,2.6
1008.9,27.2,71,3.4
1009.0,25.7,73,3
1009.3,24.7,78,2
1009.8,23.9,81,2.2
1010.3,23.3,83,1.9
1010.5,23.4,84,0.7
1010.8,22.4,87,1.4
1010.8,22.1,88,0.8
1010.5,22.0,87,0.9
1010.0,22.0,87,0.9
1009.7,22.1,86,0.6
1009.6,22.1,88,1.3
1009.4,21.8,89,0.5
1009.4,21.9,90,0.2
1009.3,21.9,91,0.8
1009.7,23.2,85,1.2
1010.2,25.0,76,0.3
1010.6,26.3,74,1.5
1010.5,27.4,70,2.2
1010.4,28.2,70,1.5
1009.7,29.2,68,1.8
,,,
1008.2,29.7,70,3.6
1008.1,28.2,75,3.1
1008.2,27.5,77,3.6
1008.4,26.4,81,3.1
1008.7,25.1,84,3.8
1009.1,24.3,88,2.4
1009.5,24.1,90,1.4
1009.8,23.7,92,1.8
1009.9,23.7,92,1.1
1009.6,23.7,91,1.4
1009.2,23.9,91,1
1008.4,23.7,92,1
1007.8,23.7,92,1.3
1007.3,23.7,94,0.8
1007.5,23.4,94,0.7
1008.1,23.1,94,1.3
1008.6,23.3,94,1.6
1009.2,24.1,91,1
1009.9,24.7,88,2
1009.5,25.8,84,2
1009.1,27.9,76,0.5
1008.8,29.9,70,1.4
1007.9,30.5,63,1
,,,
1006.7,31.2,65,2
1006.3,29.1,73,3.7
1006.2,27.4,77,3.4
1006.3,27.2,78,2.7
1006.4,26.0,82,2.2
1006.8,25.1,85,1.9
1007.0,24.9,88,0.7
1006.8,24.4,89,0.3
1007.2,23.9,92,0.1
1006.6,23.7,94,0.1
1005.8,23.3,95,0.9
1005.5,23.6,94,0.5
1005.5,23.7,94,0.5
1005.5,24.0,94,0.3
1005.4,24.2,94,1.2
1005.9,24.2,94,1
1006.0,24.3,94,1.5
1006.2,25.0,91,1.7
1006.6,25.8,85,1.6
1006.9,26.8,79,1.3
1006.3,28.3,71,1
1005.6,29.5,68,2.6
1004.8,30.3,67,2.5
1004.0,30.8,65,2.3
1003.3,30.2,67,3.1
1003.0,29.6,69,3.3
1003.0,28.4,69,2.6
1003.2,27.9,71,2.5
1003.5,26.9,75,1.5
1003.9,25.7,84,0.6
1004.4,25.4,86,0.7
1004.8,25.0,86,0.4
1005.5,24.9,88,0.8
1005.3,24.5,90,0.7
1005.0,24.3,91,0.1
1004.2,24.2,91,0.9
1003.9,23.6,94,0.4
1003.8,23.0,97,0.1
1003.9,24.1,92,0.5
1004.3,23.8,94,0
1004.9,23.4,96,0.8
1005.3,24.6,91,0.4
1005.5,25.4,87,0.1
1005.7,26.8,77,1.4
1005.6,28.5,70,1.3
1005.6,30.6,62,1.9
1004.8,30.2,65,2.6
1003.8,30.7,64,1.7
1003.3,31.0,59,2.2
1002.8,30.8,63,1.8
1002.6,30.0,65,1.9
1002.6,29.0,70,2
1003.0,27.2,79,2.8
1003.1,26.4,83,0.1
1003.5,26.2,82,0.3
1003.9,26.1,83,0.9
1004.1,25.8,83,1.4
1003.8,25.6,86,0.2
1003.3,24.4,94,0.9
1003.1,24.1,94,0.4
1003.1,24.2,94,0.3
1002.9,25.2,87,1.6
1003.3,25.7,86,1.3
1003.7,25.8,86,1.1
1004.1,25.8,86,0.6
1004.4,26.1,87,0.2
1005.3,26.5,83,1.7
1006.1,27.3,80,0.6
1005.8,28.5,72,1
1005.1,29.0,68,1.2
1004.5,29.8,67,2.1
1004.0,28.4,80,2.7
1003.9,25.7,95,2.9
1004.5,23.8,97,4.3
1004.9,23.5,98,2.5
1004.6,23.3,97,3.7
1004.6,24.4,90,2.8
1004.7,25.0,88,1.1
1005.5,23.5,96,2.5
1006.1,23.2,96,0.2
1006.3,22.8,99,0.8
1006.1,22.8,98,1.1
1005.5,22.5,98,0.4
1005.4,22.3,98,1.2
1005.2,22.3,97,0.2
1004.7,22.4,98,0.4
1005.0,22.7,97,0
1005.4,22.7,99,1.1
1006.0,22.6,98,1.3
1006.5,24.0,90,0.6
1006.8,25.6,82,1.2
1006.9,26.7,79,2.4
1007.0,27.5,77,2.4
1007.1,28.6,71,2.4
1006.4,29.1,71,3.3
1005.5,30.1,64,3.2
1004.8,31.0,67,2.8
1004.2,30.3,71,3.1
1004.1,29.2,78,2.6
1004.2,27.9,83,2.7
1004.9,26.8,86,2.6
1005.2,25.9,90,0.5
1005.8,25.9,92,0.8
1006.3,25.6,93,0.8
1006.6,25.5,94,0.3
1006.6,25.4,93,0.8
1006.7,24.5,97,0.2
1006.2,24.8,95,0.1
1005.7,24.8,95,0.8
1006.0,24.4,97,0.2
1006.2,24.3,97,0.6
X,X,X,0.6
1006.6,23.9,96,1.6
1007.2,24.9,92,0.5
1007.3,27.1,83,1.1
1007.5,29.2,68,1.4
1007.8,30.3,63,1.3
1007.7,30.6,62,1.2
1007.6,30.6,64,1.7
1007.1,29.9,73,2.9
1006.6,29.9,71,3.2
1006.3,29.5,76,3.1
1006.6,29.4,70,1.6
1006.8,27.5,74,3
1007.2,28.6,71,2.3
1007.2,27.9,63,2.4
1007.4,27.9,65,1.6
1008.0,26.5,74,1.7
1008.4,26.3,78,2.2
1008.8,26.2,78,1.1
1008.5,25.8,79,1.5
1008.1,25.9,77,1.7
1007.4,25.9,77,2.2
1006.8,26.1,76,1.6
1006.9,25.6,80,1.6
1007.3,23.5,93,1.1
1007.8,23.7,92,0.4
1008.4,25.0,88,0.7
1008.1,28.3,70,1.3
1008.1,29.3,69,3
1007.9,30.1,63,2
1007.7,31.2,61,1.6
1007.4,30.6,65,3.5
1006.9,31.1,64,3.6
1006.7,30.6,67,3.5
1006.2,30.5,62,3.7
1006.0,30.5,59,3
1006.1,29.8,67,1.4
1006.3,28.8,70,2.5
1006.6,27.6,74,2.3
1007.3,27.0,77,3.1
1007.9,26.6,80,2.6
1008.2,26.7,80,2.5
1008.1,26.5,80,1.5
1007.5,25.7,83,1.7
1006.7,25.6,82,2.6
1006.6,26.0,79,2.4
1006.7,25.9,78,1.9
1006.7,25.5,80,2.7
1006.7,25.7,79,1.5
1007.1,25.4,81,0.9
1007.6,26.8,75,1.7
1008.0,27.8,72,3.2
1008.2,28.6,69,3.1
1008.4,29.9,64,4.3
1008.2,31.0,58,4.2
1007.5,31.5,59,4.1
1007.0,31.3,61,4.1
1006.5,30.8,57,5.4
1006.1,30.1,58,4.7
1005.8,29.8,54,3.9
1006.0,28.4,68,4.4
1006.2,26.8,79,1.9
1006.8,25.9,84,1.1
1007.5,26.2,82,1.4
1007.9,26.5,80,1.7
1008.1,26.1,79,1.1
1007.8,25.7,82,2.1
1007.5,25.4,84,1.9
1007.1,24.9,84,1.2
1006.7,24.0,88,1.3
1006.5,24.1,88,1.6
1006.6,24.2,87,1.5
1006.8,24.0,87,0.9
1007.0,24.7,83,1.6
1007.1,26.4,76,2.2
1007.4,27.5,73,2.8
1007.6,28.8,65,4.3
1007.6,28.1,75,4.1
1007.5,28.7,72,3.3
1007.1,29.9,67,3.7
1006.7,29.1,70,3
,,,
1005.8,29.5,67,2.8
1005.5,29.8,65,3.4
1005.6,29.0,68,2.3
1005.9,28.1,71,1.6
1006.3,26.6,76,1.3
1006.7,25.7,83,1
1007.1,24.5,92,0.3
1006.8,24.6,92,0
1006.7,23.9,93,0.9
1006.2,23.6,94,0.2
1006.0,23.6,92,0.2
1005.6,22.9,96,0.3
1005.4,23.0,91,0.9
1005.5,22.8,94,0.1
1005.8,24.4,83,1.2
1006.2,22.9,93,0.3
1006.8,25.5,84,0.1
1007.0,27.8,73,2.1
1006.8,29.3,67,2.7
1006.8,30.3,65,4.2
1006.8,31.7,56,3.4
1006.5,32.5,59,3.5
1005.8,32.4,60,4.7
1005.2,32.5,59,4.5
1005.2,31.5,61,5.4
1005.0,30.8,65,4.7
1005.4,30.0,68,3.8
1005.7,29.0,75,2
1006.2,27.8,80,1.3
1006.8,27.7,80,1.8
1007.3,27.6,82,1.4
1007.8,27.2,83,1.8
1008.0,27.0,84,1.7
1007.4,27.2,83,1.6
,,,
,,,
,,,
,,,
,,,
,,,
,,,
,,,
,,,
,,,
,,,
,,,
,,,
,,,
,,,
,,,
,,,
,,,
,,,
,,,
,,,
,,,
,,,
,,,
,,,
,,,
,,,
,,,
,,,
,,,
,,,
1002.3,23.6,83,0.3
1002.3,23.5,82,0.4
1002.2,22.5,87,0.4
1002.2,22.4,86,0.1
1002.3,22.1,85,0.2
1002.9,22.4,84,0.2
1003.4,24.0,79,0.1
1003.6,25.4,74,0.7
1003.7,27.0,67,2
1003.9,28.7,66,1.6
1003.8,29.3,58,1.8
1003.2,29.3,63,2.2
1002.7,29.2,66,1.8
1002.4,29.2,63,1.9
1001.8,29.2,61,2.4
1001.3,29.2,56,1.9
1001.3,28.4,57,2.5
1001.4,27.9,59,1.6
1001.7,27.1,63,1.2
1002.4,26.8,63,0.5
1003.4,25.7,71,0.5
1004.2,25.2,72,0.5
1004.4,24.9,73,0.4
1004.2,24.9,74,0.4
1003.7,23.9,79,0
1003.4,23.8,78,0
1003.1,23.3,81,0.1
1002.8,23.1,81,0
1003.1,24.0,83,1.1
1003.3,23.6,86,0.5
1003.9,24.1,83,0
1004.2,25.7,73,0.2
1004.0,27.7,59,0.3
1003.4,28.8,56,0.2
1002.7,29.7,52,1
1002.2,31.3,54,0.7
1001.4,30.5,53,2.1
1000.6,30.7,50,2.1
1000.3,30.7,49,2.7
1000.2,29.1,53,2.2
1000.6,28.8,55,1.6
1001.1,27.9,56,1.6
1001.4,27.5,56,0.4
1002.0,27.0,60,1.1
1002.3,26.4,67,1.3
1003.0,26.3,68,0.2
1002.4,26.1,68,0.5
1001.8,25.7,68,0.7
1001.2,25.5,72,0.4
1000.4,24.9,76,0.2
999.8,24.7,75,0.6
999.7,24.4,76,0.3
999.9,24.2,76,0.3
1000.2,23.7,79,0.3
1000.7,24.9,74,0.3
1000.9,25.8,69,1.6
1000.7,27.0,65,1.1
1000.6,28.8,62,2.7
999.8,29.8,55,2.9
999.1,30.8,54,2.9
998.4,32.2,50,2.2
997.6,31.9,51,2.9
997.3,32.1,51,3.2
997.2,31.4,56,2.9
997.5,30.4,56,2.7
998.2,29.3,62,2.2
998.7,28.1,65,2.6
999.0,27.9,65,2.5
999.4,27.5,70,3
999.7,27.3,69,1.9
999.7,27.1,71,0.8
999.6,26.8,72,1.6
999.3,26.7,74,1.9
998.8,26.5,77,1.9
998.5,26.3,78,2.2
998.9,26.2,79,1.6
999.0,25.2,87,1.1
998.8,25.5,79,0.9
998.9,26.2,64,1.6
999.1,26.7,72,2.7
999.3,27.5,65,2.3
999.2,28.8,61,3
999.2,28.2,65,2.2
998.8,28.0,67,1.9
998.3,29.5,60,3.2
997.8,28.8,59,3.1
997.4,28.8,61,2.5
997.8,28.7,62,2.6
998.4,27.8,68,1.6
998.8,27.3,69,2.3
999.8,26.9,68,3.1
1000.7,26.5,73,1.3
1001.0,26.5,71,1.3
1001.1,26.7,68,0.7
1001.2,26.8,64,1.4
1000.8,26.8,64,1.2
1000.4,25.8,71,0.8
1000.4,25.6,76,0.4
1000.1,24.9,81,1.1
1000.1,24.7,79,0.2
1000.4,24.4,83,0.6
1001.2,23.6,84,0.4
1002.2,23.5,84,0.8
1002.7,23.6,82,0.7
1003.0,23.7,82,0.7
1002.6,24.4,77,1.1
1003.5,22.3,90,1.3
1003.4,21.7,94,0.2
1003.1,22.0,94,0.7
1002.4,22.9,91,1.2
1002.1,22.1,93,0.6
1002.0,21.5,93,1.4
1002.4,21.6,92,1.5
1003.3,21.4,92,1
1004.3,21.3,93,0.3
1005.2,21.2,96,1
1005.7,20.7,93,1.5
1006.0,20.9,95,0.5
1005.6,21.0,95,0.1
1004.9,20.8,97,0.2
1004.7,20.5,96,0
1003.7,21.0,96,0.7
1003.6,20.9,94,1.4
1003.2,20.5,94,0.4
1004.1,20.5,90,1.3
1004.2,20.3,93,0.2
1004.7,21.3,87,1.1
1005.3,22.2,85,0.5
1005.8,22.3,84,0.3
1005.8,23.1,87,0.3
1005.6,22.3,91,0
1005.6,22.7,89,0.5
1004.9,23.3,87,0.6
1004.4,22.6,88,1
1004.0,23.5,80,0.8
1003.7,23.4,79,1.1
1004.0,23.5,76,0.9
1004.4,23.2,82,0
1004.8,22.7,85,0
1005.1,22.4,82,0.6
1005.2,22.4,82,0.3
1005.4,22.7,82,0.6
1005.0,22.5,86,0
1004.4,22.5,87,0.1
1003.9,22.2,89,0
1003.5,22.4,88,0.3
1003.2,21.8,90,0
1003.3,21.7,87,1.5
1003.6,21.3,86,0.9
1004.0,21.3,88,0
1004.5,21.8,85,1.1
1004.7,23.1,80,0.4
1004.9,25.3,71,1.2
1004.5,26.9,56,1.3
1004.3,27.4,53,2.9
1003.7,28.3,52,1.7
1002.6,29.4,49,0.7
1001.6,29.2,49,1.9
1001.2,29.4,52,2.4
1000.8,28.7,48,2.5
1001.2,27.7,46,2.6
1001.7,26.8,51,1.9
1002.0,25.6,56,1.2
1002.4,25.0,58,0.4
1002.9,23.5,64,0.2
1003.5,23.0,71,0.4
1003.2,22.3,76,0
1003.0,22.0,77,0.2
1003.2,21.5,79,0.2
1003.3,20.9,83,0.6
1003.2,20.7,83,0.3
1003.0,20.9,81,0.1
1003.5,20.2,78,0
1004.2,20.8,78,0.3
1004.7,22.4,68,0
1004.9,24.5,61,1
1005.1,26.3,63,0.8
1005.1,26.9,59,2.1
1004.7,28.4,57,0.9
1004.0,28.0,55,1.5
1003.3,28.2,53,2.6
1002.6,28.1,50,1.7
1001.9,28.6,50,1
1001.6,27.5,50,3
1001.9,26.9,49,1.9
1002.1,26.1,51,1.4
1002.7,26.0,43,0.8
1003.5,24.4,48,0.2
1003.5,23.4,59,0
1003.5,23.0,59,0.1
1003.7,22.5,64,0.4
1003.7,22.5,68,0.4
1003.4,21.7,72,0.1
1002.9,21.2,76,0.2
1002.3,20.9,80,0.4
1002.2,21.3,78,0
1002.3,20.6,82,0.2
1002.6,21.7,77,0.1
1003.4,22.9,77,0.1
1003.8,24.6,63,0.2
1003.7,26.7,58,0
1003.4,28.5,44,1
1003.1,29.8,39,1.3
1002.7,29.3,44,1.5
1001.8,29.3,48,2.2
1001.3,28.9,58,2.4
1000.6,29.1,58,1.9
1000.1,28.6,55,1.7
999.9,29.0,49,1.4
1000.2,28.4,51,1.7
1000.9,27.3,49,0.6
1001.8,25.9,54,0.2
1002.4,25.6,58,0.1
1002.9,25.5,69,0.2
1002.8,25.6,64,0.3
1001.7,24.5,72,0
1001.4,24.2,73,0.5
1000.7,24.1,76,0.1
1000.3,23.5,78,0
1000.1,23.3,79,0.3
1000.3,22.9,80,0.7
1000.9,23.0,80,0.1
1001.4,24.9,73,1.2
1001.7,26.2,66,0.3
1002.2,28.5,60,1.3
1002.1,29.2,58,1.2
1001.8,29.5,58,1.3
1001.0,29.1,60,1
1000.4,29.3,58,1.6
1000.5,28.3,64,0.3
1000.3,24.7,91,2.6
1000.3,24.6,91,1.4
1000.1,24.4,92,0.4
1001.5,25.1,87,0.8
1002.3,24.3,89,0.4
1003.2,24.9,86,0.8
1003.9,24.6,88,1.1
1004.4,23.7,94,1.1
1004.1,23.6,95,0.8
1003.7,22.9,94,0.8
1002.7,22.7,96,0
1002.5,21.7,93,2.2
1002.2,21.5,93,1.2
1002.1,21.4,90,0.8
1002.3,21.0,89,1.5
1002.8,21.3,88,1.1
1003.5,21.2,87,1.4
1004.1,21.5,85,2.1
1004.4,22.1,82,2.1
1004.7,21.8,82,2.1
1004.6,21.5,86,2.9
1004.7,21.3,85,2.7
1004.1,21.7,87,1.7
1003.7,22.4,81,1.2
1003.6,21.8,82,2.1
1003.4,21.4,81,2.3
1003.6,21.6,79,1.7
1003.9,21.5,79,1.3
1004.2,20.9,80,1.9
1004.7,20.9,81,1.4
1004.9,20.6,81,2.3
1005.2,20.9,80,1.1
1005.1,20.7,80,0.4
1004.7,20.5,81,0.6
1004.6,20.5,81,0.6
1004.0,20.5,82,0.6
1003.6,20.1,83,1.1
1003.7,20.2,81,1
1003.7,20.1,82,0.8
1004.3,19.9,83,1
1004.9,20.1,82,1.2
1005.3,22.1,78,0.5
1005.3,22.9,73,1.4
1005.5,24.2,71,1
1005.0,25.5,66,1
1004.6,26.2,63,1
1003.8,27.6,64,0.9
1002.9,28.1,62,1.3
1002.9,28.2,59,2.7
1002.3,27.5,62,1.5
1002.2,27.0,63,0.7
1002.8,25.9,68,2.1
1003.0,25.1,71,1.7
1003.6,25.0,72,0.3
1004.1,25.1,72,0.7
1004.3,24.6,77,0.2
1004.5,24.6,76,0.7
1004.1,24.1,77,0.9
1003.8,24.0,76,0.6
1003.2,23.8,78,0.3
1003.0,23.6,80,0.7
1002.8,23.4,81,0.5
1002.7,23.1,83,0.1
1003.1,23.3,82,0.4
1003.6,24.1,80,0.2
1003.8,24.7,78,0.4
1003.9,26.9,72,1.4
1003.2,28.0,67,0.9
1002.5,28.7,59,1.2
1002.1,29.7,61,1.1
1001.6,29.8,63,1.7
1001.1,29.5,60,1.3
1000.5,30.0,59,1.5
999.9,30.1,59,1.1
999.8,29.2,61,1
999.9,28.4,63,1.3
1000.7,26.8,67,1.5
1001.5,26.0,69,1.4
1002.1,25.4,74,0.8
1002.2,25.2,76,0.6
1002.2,25.0,77,0.5
1001.3,24.7,80,0.5
1000.8,24.6,82,0.3
1000.5,24.1,84,0.2
1000.2,24.0,84,0.3
1000.1,24.0,85,0.4
1000.0,24.3,84,0.6
1000.3,24.0,86,0.6
1000.9,25.4,79,0.4
1001.2,27.6,71,0.9
1002.0,29.1,67,1.5
1002.1,29.6,67,2.2
1001.5,30.5,65,3
1001.3,30.8,63,2
1001.0,31.2,68,3.1
1000.4,31.1,59,2.6
999.9,30.5,67,2.7
999.4,29.6,70,1.5
999.5,29.5,68,1.2
1000.4,29.0,73,1.2
1000.9,28.3,77,1
1001.5,28.1,76,0.8
1001.4,28.0,77,0.5
1002.1,27.7,77,1.6
1002.7,26.4,84,2.5
1002.8,26.0,81,1.9
1002.7,25.4,82,2
1002.3,25.6,80,1.3
1002.2,25.5,80,1.9
1002.7,25.1,80,1.6
1003.2,23.9,76,2
1003.3,24.2,76,1.6
1003.7,24.4,74,1.5
1003.5,24.9,68,1.9
1004.1,25.6,63,4.6
1003.7,24.6,65,4.7
1004.2,25.1,62,2.7
1003.7,27.0,55,1.7
1003.2,27.9,51,2.3
1002.9,27.1,48,2.2
1002.5,26.7,50,2.3
1002.7,25.9,54,1.6
1003.3,24.6,65,2
1004.2,22.1,85,1.5
1004.8,21.9,89,1.2
1005.2,21.2,90,1.4
1004.5,21.4,96,0.1
1004.7,22.0,91,0.6
1005.0,21.6,91,0.9
1004.6,21.0,94,0.1
1004.1,21.2,95,0
1003.6,21.6,96,0.2
1003.3,21.8,96,0.7
1003.3,21.8,95,0.1
1003.8,22.1,92,0.9
1004.2,21.8,90,0.9
1004.6,21.6,92,0.8
1004.9,21.7,89,0.9
1005.1,22.1,89,0.1
1005.2,22.0,91,0.1
1005.1,22.7,89,0.2
1004.8,23.6,87,0.7
1004.3,23.6,86,0.7
1003.5,23.0,87,1.3
1003.2,22.7,88,0.9
1002.9,21.9,94,1.1
1003.0,21.8,94,1
1003.3,21.2,95,0.1
1004.1,21.4,97,0.4
1004.2,21.0,97,0.1
1004.0,21.1,98,0
1004.4,21.3,97,0.3
1004.2,21.4,98,0.1
1003.6,21.2,96,1.7
1003.1,21.1,97,0.1
1002.9,21.2,98,0.7
1002.9,21.1,98,0
1003.1,21.0,98,0.1
1003.7,20.9,98,0.2
1003.8,20.9,98,0.1
1004.2,21.4,97,0.4
1004.2,22.4,93,0.1
1004.2,23.8,83,1.8
1004.0,25.7,76,1
1003.5,27.0,66,0.9
1002.7,29.1,58,1
1002.2,29.7,64,1.8
1001.7,28.7,66,2.5
1001.3,28.8,66,2.5
1000.9,28.8,63,2
1000.9,27.8,68,1.5
1001.1,27.5,69,1.3
1001.5,26.4,75,1
1002.1,25.4,81,0.8
1002.5,24.8,84,0.3
1002.9,24.2,88,0.3
1002.8,23.8,90,0.1
1002.5,23.7,91,0.2
1001.9,23.8,90,0.2
1001.9,23.2,90,0.1
1001.9,23.4,89,0
1002.0,23.1,89,0.3
1002.4,22.8,89,0
1002.9,22.9,90,0
1003.6,24.4,85,0.1
1003.7,25.5,81,0.7
1003.7,26.8,77,0.7
1003.2,28.6,70,0.7
1002.7,28.9,66,2.2
1001.8,30.6,63,2.1
1001.0,30.6,63,2
1000.2,31.4,60,1.7
1000.0,30.6,56,2.3
1000.1,29.9,58,1.8
1000.6,27.8,68,2.9
1000.9,27.4,68,0.8
1001.6,27.3,66,0.7
1002.0,26.7,71,0.6
1002.2,25.8,78,0.3
1002.5,25.3,79,0.5
1002.7,25.8,76,0.7
1002.2,25.1,80,0.2
1001.9,25.2,80,0.1
1001.7,24.3,84,0.2
1001.7,24.1,84,0.2
1002.2,25.2,81,0.5
1002.5,24.7,83,0.2
1002.8,24.9,82,0.1
1003.2,25.8,76,1
1003.4,26.7,70,0.6
1003.9,27.5,69,1
1003.8,29.0,65,0.5
1003.4,29.4,61,1.1
1002.7,30.5,57,1.2
1002.1,30.7,59,2.1
1001.3,30.4,63,1.4
1000.9,30.6,58,2.5
1000.5,29.7,58,2.3
1001.0,28.9,64,2.3
1001.7,26.9,69,2.5
1002.2,25.9,71,3
1002.8,24.9,74,2.1
1003.2,24.7,74,1.7
1003.8,23.7,76,2.2
1004.1,23.4,76,1.8
1003.8,23.1,76,1.3
1003.6,22.8,76,1.8
1003.1,22.8,77,1.1
1003.2,22.4,78,2.4
1003.3,22.1,82,1.6
1003.6,22.0,80,2.6
1004.1,22.1,80,1.4
1004.4,22.2,79,1.8
1004.8,23.1,76,0.8
1005.1,23.5,74,1.9
1005.1,25.1,70,1.7
1004.7,25.9,67,2.7
1003.8,27.1,65,2.4
1003.1,27.3,65,1.3
1002.9,26.6,65,3.2
1002.6,26.4,66,2.2
1002.4,25.8,67,2.1
1002.4,25.1,70,2.2
1002.9,24.3,72,1.6
1003.3,23.4,76,1.1
1003.5,23.2,77,0.7
1003.9,22.6,79,1.8
1004.4,22.4,79,1.6
1004.3,22.4,79,1.3
1004.0,22.2,79,1
1003.3,22.5,79,0.3
1003.0,22.5,79,0.1
1003.1,22.9,78,0.4
1002.9,22.9,80,0.4
1003.0,22.9,80,0.3
1003.3,23.0,80,0.2
1003.1,23.8,77,0.1
1003.6,25.1,73,0.3
1004.2,26.2,69,1.3
1004.0,26.8,67,0.7
1003.7,28.1,63,1.4
1003.2,28.6,65,1.7
1002.8,28.1,72,2.4
1002.2,27.7,70,3
1001.9,27.0,74,2.5
1001.7,26.8,74,2.4
1002.1,25.5,80,2.1
1002.3,25.0,81,2.3
1002.5,24.9,81,1.4
1003.1,24.3,84,1
1003.4,24.0,85,1.6
1003.4,24.0,86,0.1
1003.4,24.3,84,1
1002.8,23.9,86,1.1
1002.0,23.9,86,0.2
1001.3,23.6,88,0.1
1001.1,23.5,89,0.1
1001.2,24.3,85,0.3
1001.8,24.3,84,1.1
1002.1,24.4,84,0.3
1002.8,24.4,83,1.3
1003.4,24.8,82,1.1
1003.0,26.0,80,0.5
1002.9,27.7,73,0.5
1002.3,29.1,69,1.7
1001.8,30.2,65,1.5
1000.7,30.7,62,1.9
1000.4,29.0,71,1.9
1000.1,29.4,66,1.4
1000.0,27.6,71,2.6
999.8,27.7,67,2.3
999.8,27.6,68,0.3
1000.1,27.1,73,1.1
1000.3,26.1,79,0.3
1000.5,25.8,79,0.4
1000.4,25.6,80,0.5
1000.1,25.4,81,1.4
999.4,25.0,83,0.7
999.2,25.2,82,0.3
998.9,24.9,84,0.2
999.0,24.5,86,0.4
999.0,24.5,85,0.7
999.5,24.5,83,0.3
999.4,24.0,89,0.2
999.8,25.1,84,0.5
1000.1,26.4,78,0.7
1000.3,27.5,75,0.5
999.9,28.2,70,0.8
999.3,29.6,68,0.7
998.4,30.1,62,1.3
997.6,30.6,59,1.3
997.0,29.5,61,2
996.7,29.8,58,2.3
996.6,28.9,61,1.9
996.8,28.4,67,0.9
996.9,28.3,66,0.7
997.3,27.9,70,1.2
998.0,26.8,75,0.1
998.4,26.3,78,0.2
999.1,25.7,75,1.9
998.7,25.5,76,0.2
998.1,25.7,77,0.5
997.5,25.7,80,1
997.5,25.1,83,0.9
997.4,25.0,83,0.8
997.7,24.9,83,0.7
998.0,24.7,84,0.4
998.5,24.9,84,0.7
998.8,25.2,83,0.4
998.8,26.0,80,0.4
999.2,27.1,76,1.2
999.6,27.5,71,0.9
999.8,27.3,70,1.7
998.9,27.5,71,0.8
998.0,27.9,71,0.6
997.2,28.9,65,0.9
996.9,28.1,72,2.7
996.9,26.8,78,2.4
996.4,26.5,77,1.8
996.6,26.6,77,0.4
996.6,26.1,79,0.1
996.9,26.6,77,0.7
997.5,26.3,78,0.5
998.0,26.2,79,0.3
997.5,26.0,77,0.1
996.8,26.0,81,0.5
996.7,25.9,81,1.1
996.6,25.8,83,0.6
996.6,25.8,83,1
996.9,25.6,84,0.1
997.2,25.5,85,0.3
997.8,25.8,84,0.4
998.3,26.2,82,0.9
999.0,26.5,78,0.9
999.7,27.3,74,1.3
999.9,26.2,83,1.2
1000.0,24.7,82,2.3
999.0,25.7,77,0.9
998.4,25.9,74,0.1
998.5,24.1,89,0.6
997.9,23.6,94,0.4
997.8,24.1,93,1.5
997.8,24.1,94,1.4
998.4,24.0,94,0.4
999.3,23.8,93,0.7
1000.0,23.6,95,0.3
1000.3,23.8,95,0.5
1000.3,23.6,95,0
999.9,22.9,96,0.3
999.7,23.1,96,0.2
999.5,23.1,94,0.2
999.2,23.0,93,0
999.0,23.1,94,0
999.0,23.0,94,0
999.3,23.0,94,0.3
999.9,23.2,93,0.3
1000.4,24.0,87,0
1000.9,25.7,80,0.3
1000.8,27.5,68,0.5
1000.7,28.3,66,1
1000.7,29.1,64,1.2
1000.2,30.7,57,0.8
999.4,30.7,62,2
998.6,30.6,62,2.6
998.0,29.8,66,1.6
997.5,29.0,71,2.9
997.6,29.1,70,1.7
998.1,29.0,67,0.9
998.4,28.2,72,0.1
999.1,27.0,80,0.7
999.5,27.1,77,0.8
1000.0,26.9,81,1
1000.2,26.3,83,0.6
1000.2,25.9,85,0.5
999.9,25.3,86,0.1
999.4,25.5,82,0.5
999.4,25.1,83,0.3
1000.0,24.5,86,0
1000.1,24.4,86,0.2
1000.5,24.4,85,0.1
1000.8,26.3,77,0.1
1001.1,28.0,66,0.3
1001.3,29.1,65,0.4
1001.4,30.3,57,0.8
1001.3,31.1,56,0.7
1000.9,30.6,64,1.9
1000.7,30.5,59,1.8
1000.0,31.5,59,2.7
999.6,31.3,54,1
999.2,31.3,52,1.2
999.5,30.4,53,2.1
1000.2,29.2,60,2.2
1000.8,28.6,67,2.2
1001.3,28.0,70,1.6
1001.6,27.3,71,1.1
1002.0,27.3,72,1.2
1002.0,27.0,74,0.9
1002.0,26.6,75,1.3
1001.9,25.9,80,0.3
1001.2,26.0,79,0.6
1001.0,25.5,81,0.3
1001.0,25.1,82,0.1
1001.3,24.8,83,0.3
1001.6,25.3,81,0.1
1002.2,26.2,77,0.4
1002.2,27.2,73,0.3
1002.0,28.7,70,0.2
1001.7,30.0,64,0.5
1001.5,29.7,67,1.3
1001.0,31.1,63,2.4
1000.4,30.6,64,3.3
1000.1,30.8,63,1.8
999.9,30.9,61,1.7
999.5,30.1,60,1.3
999.5,29.7,60,1
999.5,29.7,59,1.1
999.9,28.9,62,0.5
1000.6,27.6,69,1.4
1001.2,27.1,71,0.7
1001.5,26.9,75,0.9
1001.8,26.9,77,1.4
1001.1,26.5,77,1.3
1000.4,25.9,80,1.4
1000.3,25.5,83,0.9
1000.5,25.6,82,1.3
1000.5,25.6,80,0.8
1000.6,25.7,78,1.5
1001.0,25.3,80,0.6
1001.4,25.9,76,0.4
1001.8,26.9,72,0.9
1001.9,27.7,68,0.9
1002.0,28.9,67,1
1002.0,29.5,65,1
1001.0,30.7,57,1.4
1000.6,31.5,57,1.6
999.9,29.8,68,2.2
999.4,30.1,65,1.8
999.1,29.7,70,1.9
999.3,28.4,72,1.8
999.6,27.7,74,1.7
1000.2,27.5,74,1.5
1000.9,27.4,73,0.9
1001.2,26.8,76,0.3
1001.5,26.9,76,1.9
1001.2,26.2,80,0.9
1000.8,25.7,80,1.6
1000.7,25.7,81,0.8
1000.4,25.4,83,1.2
1000.0,25.5,81,1.1
1000.0,25.4,81,1.2
1000.4,25.3,78,1.1
1000.7,25.3,78,1.3
1000.8,26.0,72,0.9
1000.9,26.8,71,2
1001.1,28.8,63,1.8
1001.1,28.6,63,1.5
1001.0,28.6,63,2.1
1000.5,29.4,65,1.6
1000.1,28.9,71,2.9
999.8,29.2,69,2.5
999.2,29.4,66,2.4
999.1,28.8,69,2.2
999.2,28.5,68,2
999.5,27.6,71,1.1
999.8,27.2,74,0.7
1000.3,26.9,71,1.3
1000.6,26.3,75,1.2
1000.4,26.3,66,0.9
1000.0,25.6,73,0.5
999.8,25.4,78,0.4
999.5,25.1,85,0.6
998.9,24.6,86,0.1
999.0,24.7,86,1.1
999.2,24.2,88,0.3
999.6,24.6,84,1.9
999.9,24.4,85,0.6
1000.5,25.7,77,1.2
1000.6,26.9,69,1.7
1000.6,28.2,66,2.8
1000.6,29.8,64,2.4
1000.6,30.8,58,2.8
1000.2,31.8,58,2.1
999.4,31.8,53,2.9
998.9,31.8,63,2.4
998.8,31.3,62,2.7
998.7,30.4,67,2.3
999.0,29.2,71,2.5
999.5,28.6,74,1.7
999.9,28.1,75,0.9
1000.3,27.6,78,1.5
1000.8,27.3,77,1.6
1001.2,27.1,80,1.7
1001.5,27.0,81,1.2
1001.1,27.2,79,1.6
,,,
,,,
,,,
,,,
,,,
,,,
,,,
,,,
,,,
,,,
,,,
,,,
,,,
,,,
,,,
,,,
,,,
,,,
,,,
,,,
,,,
,,,
,,,
,,,
,,,
,,,
,,,
,,,
,,,
,,,
,,,
764.5,7.4,54,0.4
764.4,7.4,76,0.3
764.0,7.7,94,1.7
763.7,7.1,61,1.1
763.8,7.6,60,0.7
764.4,7.8,56,0.7
765.0,8.9,47,0.7
765.6,13.7,28,1.2
765.9,15.1,28,0.9
766.3,15.5,32,1.1
766.3,16.3,45,1.8
765.9,15.0,72,1.1
765.6,13.6,75,1.7
765.4,13.2,87,1.8
765.2,12.9,87,1.6
764.8,13.3,87,1
764.9,12.5,90,0.7
765.0,11.5,91,0.1
765.1,9.6,96,1.1
765.5,9.9,98,2.2
766.2,9.5,98,1.2
766.4,8.5,98,0.5
766.5,8.9,99,1
766.2,8.7,99,0.6
765.6,8.5,100,0.6
765.0,8.4,99,1.6
764.8,7.7,78,1.5
764.6,7.3,75,1
764.7,9.8,65,2.1
764.8,10.9,50,3
765.3,9.7,82,1.1
765.6,13.2,63,0.6
766.1,12.5,86,1
765.9,15.7,73,0.9
765.5,16.4,71,2.2
765.2,15.1,79,1.4
764.9,14.5,78,1.1
764.4,13.4,91,0.9
764.1,12.0,98,0.3
763.8,12.4,95,0.2
763.8,12.0,98,0.2
764.2,11.5,100,0.6
764.5,10.8,100,1.3
764.7,10.4,96,2.2
765.1,9.9,98,1
765.5,10.3,98,1.1
765.3,10.4,99,0.8
765.0,10.4,99,1.3
764.4,10.5,95,3.3
763.8,11.1,86,2.6
763.4,10.1,92,1.4
763.2,9.7,92,0.8
763.4,11.6,77,1.2
763.7,11.6,78,0.6
763.9,12.5,74,2.1
764.3,13.9,71,0.4
764.5,15.2,68,0.8
764.7,16.3,59,1.3
764.4,15.7,67,1.6
763.9,17.2,70,1.2
763.7,14.7,84,1.3
763.4,15.7,75,1.7
763.2,14.3,80,1.9
763.2,14.6,72,2
763.3,13.0,63,1.7
763.5,12.2,70,1.5
763.8,11.6,42,2
764.1,11.6,43,1.7
764.3,11.5,41,1.7
764.4,11.2,47,2.2
764.6,12.0,46,2.6
764.1,11.8,48,1.9
763.9,11.0,51,2.2
763.2,11.6,45,1.8
763.0,11.1,49,2.1
762.6,10.7,58,1
762.7,10.1,68,0.7
762.8,10.3,56,1.8
763.1,10.8,63,1.7
763.4,11.6,58,1.2
763.6,13.0,83,1.1
763.6,13.2,91,1.6
763.5,13.9,86,1
763.3,14.0,83,1
763.1,14.0,84,1.8
762.7,13.4,90,1.6
762.6,13.3,94,1.1
762.8,12.5,99,1.6
763.0,11.8,67,0.8
763.2,10.8,66,0.7
763.6,11.4,50,2
764.1,9.9,81,0.9
764.3,9.4,89,0.7
764.6,8.8,96,0.9
764.6,8.8,79,1.6
764.2,9.5,61,0.7
763.7,9.0,63,1.3
763.5,9.6,73,2.1
763.4,8.8,90,1.6
763.2,8.5,92,1.5
763.6,9.5,89,2.4
764.1,9.5,96,0.6
764.6,10.3,98,1.3
764.9,10.3,100,1.4
765.0,10.5,100,1.5
764.8,11.7,100,0.9
764.8,10.9,97,1.3
764.4,10.3,100,1.5
764.3,10.1,100,1.3
764.0,10.2,100,1.3
764.1,10.2,100,2.2
764.1,10.4,100,2.4
764.3,10.1,100,1.1
764.8,10.3,100,0.7
765.2,9.8,100,0.7
765.9,9.9,100,1.6
766.5,9.4,100,1.2
766.8,9.9,100,1.4
766.3,9.4,100,1.1
765.9,9.4,100,1.7
765.7,9.2,100,1.8
765.2,9.2,100,2.1
764.9,8.7,100,2.1
764.9,8.7,100,3.1
765.0,8.6,100,1.8
765.4,8.7,100,1.7
765.6,9.9,100,2.2
766.5,10.0,100,2.1
766.7,9.6,100,2.2
766.7,9.9,100,2
766.3,10.1,100,2.1
765.8,10.1,100,1.4
765.4,9.9,100,2.2
765.1,9.1,100,1.7
764.5,9.4,100,1.7
764.4,9.2,100,2.1
764.6,9.4,100,1.9
765.0,9.7,100,2.4
765.4,9.6,100,1.8
765.6,9.3,100,1.3
765.9,9.4,100,1.1
765.9,9.4,100,1.3
765.6,9.2,100,1.6
765.0,9.2,100,1.5
764.5,9.0,100,1.6
764.1,8.8,100,0.4
763.9,8.7,100,1.6
763.9,8.4,100,1
764.0,8.1,100,1.7
764.2,8.3,100,0.5
764.7,8.7,100,0.4
765.3,9.8,100,1
765.6,11.6,74,1
765.5,12.2,61,1
765.5,13.8,78,1.3
765.3,12.7,90,1.3
764.9,13.5,84,1.2
764.4,12.6,91,1
764.1,13.0,87,1
763.9,12.1,93,0.8
764.1,11.4,90,1.1
764.1,9.9,95,1.3
764.4,9.0,99,1.6
764.4,7.2,93,1.6
764.8,8.2,95,1.6
764.8,5.9,87,1.4
764.6,6.1,45,1.4
764.4,4.9,50,0.3
764.3,6.2,32,0.7
763.9,5.8,29,0.8
763.7,5.2,37,0.3
763.3,5.4,27,0.2
763.6,5.6,28,1.6
764.0,5.1,34,1.7
764.7,7.3,40,1.3
765.2,11.6,21,0.8
765.7,15.9,28,0.5
765.9,15.6,50,0.9
765.8,13.7,72,1
765.5,14.5,80,0.9
765.0,12.4,94,0.6
764.5,11.9,99,0.5
764.3,11.6,100,0.4
764.1,11.7,100,0.5
764.2,11.9,97,0.6
764.4,11.1,95,1.9
764.8,11.9,37,1.9
765.4,9.9,61,2.3
765.5,9.4,28,2.1
765.4,9.1,28,1
765.4,8.6,35,1.8
765.1,7.2,43,0.4
764.6,8.9,40,2.5
764.3,8.3,59,1.9
763.8,9.7,37,1.3
763.9,9.6,45,1.8
763.8,9.1,41,2.1
764.4,9.6,50,2.1
764.9,10.5,42,0.6
765.4,12.4,46,0.7
765.6,15.5,49,0.9
765.7,15.4,54,1.9
765.8,16.3,64,1.5
765.6,15.8,73,2.2
765.0,14.6,84,1.1
764.6,13.7,87,0.8
764.1,13.4,91,1.6
763.8,14.2,86,0.6
763.9,13.4,81,0.8
764.2,11.9,92,0.2
764.6,11.5,72,1.8
765.0,11.4,71,1.6
765.5,11.5,61,1.8
765.9,11.3,57,0.7
765.9,10.7,65,1
765.1,10.8,59,1.1
764.9,10.6,64,1.3
764.3,10.8,65,1.1
764.0,10.9,70,1.3
763.8,10.7,67,1.4
764.1,10.4,65,1
764.4,10.9,66,1.2
764.9,12.2,53,1.3
765.3,13.3,47,1.3
765.7,15.4,47,1.3
765.9,16.4,45,1.4
766.1,15.6,56,1.5
765.5,14.2,62,1.1
765.0,14.3,66,1.1
764.8,13.4,80,1.8
764.9,13.2,71,1.9
764.3,13.1,83,1.3
764.4,12.2,92,1.1
765.1,11.3,95,1.2
765.5,10.8,90,1.2
765.9,10.0,87,1.2
766.6,10.4,86,2.3
766.7,10.1,87,1
766.6,9.8,84,1.1
766.2,9.6,83,1
765.5,10.2,79,1.7
765.2,10.7,80,0.9
764.8,10.4,87,0.7
764.7,11.1,84,2.6
764.9,11.0,90,1.2
764.9,10.6,96,0.4
765.2,11.0,98,1
765.9,11.0,98,0.7
766.0,11.3,97,0.6
765.9,11.1,99,1.2
765.8,11.3,100,0.7
765.5,11.2,100,0.8
765.0,10.5,100,1.6
764.6,9.8,100,1.1
764.4,10.3,100,0.9
764.4,10.2,100,0.9
764.6,9.8,100,0.8
765.2,10.1,100,1.6
765.4,10.6,100,1.8
765.8,10.6,100,1.7
766.0,10.6,100,1.1
766.2,10.4,100,1.5
766.0,10.1,100,1.4
765.5,10.3,97,2
765.2,10.0,98,2
764.7,10.1,98,1
764.5,10.3,100,0.4
764.7,10.3,100,0.5
764.6,9.9,100,0.9
765.1,10.0,100,0.5
765.6,10.7,100,0.9
766.1,12.2,99,0.4
766.4,13.4,97,0.6
766.7,13.7,90,0.8
766.6,12.8,95,0.6
766.4,13.8,93,1
766.1,14.6,92,1.2
765.6,14.9,88,0.9
765.5,13.5,95,1.8
765.1,12.2,100,2.1
765.1,12.0,99,1
765.2,11.8,99,0.5
765.6,11.6,99,1.1
766.0,11.6,100,0.6
766.4,11.4,99,0.7
766.7,11.5,99,0.5
766.5,11.4,99,0.6
766.2,10.8,99,0.6
765.8,11.1,99,0.5
765.2,11.1,99,0.6
765.1,10.4,99,0.6
764.8,9.6,99,0.9
765.1,10.1,96,1.3
765.3,10.5,94,1.4
765.6,11.4,92,0.6
766.1,13.5,86,1.1
766.4,14.3,86,0.8
766.3,14.9,86,1.6
766.3,15.9,78,1.3
766.1,16.0,84,1.5
765.7,16.2,76,0.9
765.2,15.2,91,0.8
764.9,15.1,89,1.1
764.6,14.2,92,0.8
764.3,13.8,95,0.3
764.6,13.2,97,1.1
764.8,12.0,99,1.2
765.2,11.6,99,2
765.5,11.1,95,1.3
765.6,10.6,98,0.9
765.7,10.5,87,1.3
765.3,10.8,91,2.3
764.9,13.5,63,1.7
764.5,13.7,62,3.1
764.2,11.1,89,1.3
764.1,12.1,76,2.6
764.1,11.9,75,2
764.6,12.3,70,0.7
765.0,12.7,72,0.5
765.6,15.3,63,1.5
766.0,14.7,68,1
766.6,16.7,64,1.7
766.5,17.9,63,1.3
766.4,17.7,62,1.5
766.1,16.5,78,1.5
765.6,14.7,92,1.7
765.0,14.1,99,1.1
764.8,14.4,96,0.9
764.7,14.4,91,0.6
765.4,14.1,96,0.9
765.6,12.6,95,1.5
766.0,12.1,97,1.5
766.3,11.2,92,1.3
766.7,11.3,88,0.7
767.0,10.9,90,1.4
766.3,10.9,88,0.7
766.0,10.3,90,1.2
765.8,10.3,92,1
765.9,10.3,93,0.9
766.1,11.0,91,1.3
766.3,11.4,89,1.1
766.4,11.3,92,1.2
766.7,12.3,88,0.3
766.7,13.6,80,0.4
767.0,13.9,86,0.5
767.0,14.1,85,1.2
767.0,14.7,82,1.2
766.8,15.1,86,1.4
766.5,14.8,88,1.6
766.3,14.4,88,1.6
766.0,13.1,96,2.4
765.7,12.5,99,2.5
765.7,12.1,100,1.7
766.0,11.8,100,1.4
766.2,11.6,100,1.3
766.4,11.4,100,1.7
766.6,11.1,100,0.4
766.7,11.3,100,0.4
766.6,11.4,100,0.9
766.1,11.4,100,0.7
765.6,11.3,100,0.3
765.2,11.1,100,1.4
765.0,11.1,100,1
764.9,11.1,100,2.5
765.0,11.1,100,0.7
765.2,11.2,100,1.3
765.5,11.1,100,0.8
765.7,11.1,100,1
766.2,11.9,100,0.9
766.2,11.5,100,1
765.8,11.9,100,1
765.7,12.2,100,0.7
765.4,11.7,100,0.6
764.8,12.0,100,1
764.4,11.5,100,1.1
764.2,11.6,100,1.1
764.1,11.6,100,0.8
764.5,11.5,100,0.8
764.9,11.3,100,0.5
765.1,11.1,100,0.4
765.3,10.7,100,0.7
765.4,11.3,100,0.3
765.3,11.2,100,1.7
764.6,10.9,100,0.5
764.2,10.9,100,0.5
763.9,10.9,100,0.9
763.8,10.8,100,0.8
763.8,10.8,100,1.3
764.2,10.5,100,1.2
764.9,10.4,100,1.1
765.3,10.7,100,0.2
765.6,11.0,100,0.6
765.8,11.3,100,1
765.9,11.3,100,1.1
765.8,12.5,100,1
765.7,13.3,97,1.2
765.5,14.7,89,1.1
765.1,15.4,87,1
765.0,15.6,85,1
764.8,13.9,92,1.3
764.8,13.7,93,0.3
765.0,12.9,96,0.5
765.1,12.1,94,1.8
765.4,11.8,98,1.3
765.7,11.7,96,2.5
766.0,11.3,99,1.3
765.9,10.7,97,1.3
765.5,11.6,88,1.9
765.0,10.7,91,1.7
764.7,10.9,87,0.5
764.5,11.4,82,2.9
764.5,11.0,84,2.3
764.8,10.8,85,1.8
765.1,11.3,79,1.2
765.6,11.2,86,1.4
765.8,13.2,77,1.9
766.1,14.2,86,1
766.3,15.0,90,0.9
766.2,14.6,92,0.9
765.9,16.3,78,1.2
765.5,15.3,88,1.6
765.2,15.2,84,1.3
765.0,15.2,88,0.9
764.8,14.6,89,0.8
764.7,14.2,90,0.8
765.0,13.5,97,0.2
765.1,12.1,99,1.3
765.6,11.9,100,1.1
765.7,10.7,99,0.6
766.0,10.2,96,0.2
766.0,9.5,91,0.8
765.7,9.8,86,0.7
765.4,9.9,89,1.6
765.2,9.6,89,1.2
764.9,9.7,84,1.1
765.1,10.5,76,1.5
765.3,11.1,72,2.1
765.5,10.4,84,0.8
765.9,13.1,68,0.6
766.4,15.6,59,0.4
766.7,16.0,73,1.2
766.9,16.0,76,0.9
766.8,15.0,91,0.6
766.4,16.5,75,1.6
766.1,15.6,86,1.3
765.7,14.8,95,1
765.4,14.8,91,1.5
765.1,15.2,91,0.3
765.2,14.6,91,0.6
765.4,13.7,96,0.2
765.8,13.0,98,0.5
766.2,13.0,97,1.1
766.5,12.3,96,0.6
766.9,12.4,99,1.8
766.9,12.2,99,0.8
766.4,11.9,100,0.5
765.9,12.1,87,2.3
765.7,12.2,83,1.2
765.6,11.1,95,1.1
765.4,11.7,77,1.4
765.7,11.9,81,1.5
766.0,11.2,85,1.1
766.4,12.0,84,0.3
766.9,13.9,77,1
767.1,14.8,83,0.8
767.3,14.3,93,0.7
767.2,13.9,97,0.6
766.7,14.3,92,0.8
766.4,13.5,100,0.7
766.0,13.7,100,1.3
765.7,13.5,100,0.8
765.5,13.4,100,1.3
765.6,13.0,100,1.1
765.7,12.6,100,0
765.9,12.6,100,0.8
766.2,12.5,100,0.3
766.6,12.5,100,0.1
766.6,12.2,100,1.1
766.3,11.6,100,1.3
766.1,12.2,100,0.5
765.6,12.1,100,0.7
765.4,11.9,100,0.2
765.5,11.8,100,0.4
765.2,11.7,100,0
765.5,11.8,100,0.1
765.6,11.8,100,0.9
765.9,12.3,100,0.2
766.3,15.4,78,1.2
766.5,13.9,96,0.6
766.6,13.7,100,0.6
766.5,15.1,96,1
766.4,15.1,92,1.3
765.9,14.1,96,1
765.5,14.6,97,0.6
765.4,14.8,89,0.7
765.2,14.6,95,0.5
765.4,13.8,97,0.2
765.5,13.5,98,0.3
765.9,12.7,98,0.4
766.2,12.3,98,1.4
766.5,12.1,99,1.5
766.7,11.7,100,1.8
766.4,11.6,99,1.4
765.8,12.5,96,1.9
765.3,12.7,91,1.4
764.7,12.8,86,2.7
764.5,11.5,97,0.6
764.6,12.4,91,1.6
764.7,12.4,94,1.1
765.1,11.9,95,0.5
765.5,13.1,87,1.3
766.1,14.4,84,1
766.0,15.8,73,1.3
766.3,16.6,87,1.1
766.2,16.2,84,1.1
766.1,16.6,81,1.3
765.5,15.5,93,1
765.1,14.6,93,1.2
764.7,14.5,95,0.4
764.4,15.4,87,1.2
764.2,15.0,96,0.6
764.4,14.2,97,0.6
764.6,12.6,99,1.1
765.0,11.3,95,0.9
765.0,11.5,92,1.3
765.2,11.3,86,1.6
764.6,11.3,92,1.2
763.9,11.6,82,1.4
763.3,12.5,78,1.9
762.8,11.9,84,2.3
762.7,11.1,93,2.1
762.6,11.8,85,0.7
762.9,11.5,88,0.9
763.4,11.1,92,1.4
763.5,13.1,85,1
763.9,13.6,85,0.9
764.2,15.0,80,0.8
764.1,14.7,91,0.6
763.8,15.1,94,0.8
763.5,16.2,89,1
762.9,15.1,91,0.9
762.4,15.4,86,1
762.1,14.6,94,0.3
761.9,14.6,95,0.6
762.0,14.6,91,0.5
762.2,14.0,93,0.1
762.5,12.9,100,1.5
762.9,12.8,99,0.9
763.2,11.4,94,1.6
763.5,12.0,98,0.9
763.2,11.2,98,1
762.7,11.0,99,1.1
762.0,10.7,99,0.6
761.8,10.7,98,0.4
761.7,11.1,97,0.5
761.7,10.9,95,2
761.9,11.6,96,1.4
762.2,11.9,87,1.7
762.7,14.1,81,0.6
763.1,14.7,78,0.2
763.5,15.4,86,1.9
763.5,16.2,69,1.3
763.5,15.3,87,1.6
763.2,13.5,93,0.8
762.5,13.7,97,1.3
762.0,14.6,94,2
761.7,13.7,97,1.1
761.6,13.5,100,1.7
761.6,13.3,100,0.8
761.9,13.2,100,0.4
761.9,12.8,99,2
762.4,13.0,98,1.7
762.7,13.0,97,2
762.8,12.9,97,1.6
762.4,12.4,99,1.2
761.8,12.2,99,0.6
761.5,12.2,94,1.7
761.2,11.9,100,1
761.2,12.0,100,0.2
761.3,11.7,100,1.1
761.5,11.6,100,1
761.8,11.3,100,1.5
762.4,11.9,93,1.1
762.8,12.7,89,1.5
763.7,13.9,88,1.2
763.7,14.0,90,1.6
763.1,14.0,90,1
762.6,14.5,84,0.7
762.1,15.2,87,1
761.9,12.5,98,1.9
761.6,11.4,96,3.5
762.1,11.0,100,1.3
762.1,10.9,100,0.9
762.9,10.6,100,1.1
762.8,10.6,98,1.9
763.3,10.7,98,1.4
763.8,10.5,98,0.6
763.7,11.4,92,2.6
763.6,12.0,89,1.7
763.0,11.4,92,1.6
763.0,11.2,95,1.1
763.0,11.0,97,1
762.6,10.6,98,1.1
762.6,10.3,100,1.1
762.8,10.2,99,0.7
763.3,10.8,99,0.3
763.6,12.4,95,0.3
764.0,13.1,92,0.5
764.2,13.4,96,0.4
764.4,12.4,99,0.8
764.7,13.2,98,0.2
764.5,13.0,100,0.5
764.0,13.8,96,0.3
763.4,14.4,95,1.1
763.0,13.8,100,0.4
762.7,13.2,100,0.6
762.8,12.9,100,0.6
763.0,12.6,100,0.8
763.3,12.5,100,0.1
763.7,12.4,100,1
764.3,11.9,100,0.3
764.5,11.6,100,1.7
764.4,11.0,100,0.1
764.4,11.9,100,0.4
764.0,11.1,100,0.6
763.6,11.0,100,0.9
763.8,11.1,100,1
763.9,11.3,100,0.7
763.9,11.0,100,0.9
764.1,11.3,100,1.1
764.6,12.2,99,0.7
764.9,13.8,98,0.4
765.1,15.5,94,0.8
765.4,13.9,99,0.7
765.6,13.8,98,0.3
765.5,13.9,95,0.4
765.0,13.0,99,0.7
764.6,12.1,98,0.3
764.2,12.4,100,1.4
764.1,12.4,100,0
764.4,12.4,100,0
764.6,12.3,100,0.2
765.0,11.6,100,1
765.2,11.2,100,1.1
765.7,11.5,98,0.9
765.9,11.1,100,1
765.9,11.3,99,0.2
765.6,11.4,99,0.6
765.3,11.3,99,1.2
764.8,10.9,99,1.5
764.2,11.1,99,1.8
764.4,10.8,99,0.4
764.4,10.9,99,1.3
764.7,11.5,99,0.8
765.1,12.5,97,1.1
765.3,13.8,92,1
765.5,15.5,85,1.3
765.4,16.7,77,1.5
765.3,17.1,88,1.5
765.3,13.9,100,0.8
765.0,14.3,95,0.5
764.7,14.5,94,1.1
764.3,15.0,95,1.3
764.1,14.0,97,0.2
764.0,13.4,100,0.2
764.1,12.9,100,0.3
764.2,12.8,100,0.1
764.6,12.6,100,0.2
764.9,12.4,100,0.5
765.1,12.0,100,0.9
765.1,12.2,100,0.4
764.6,11.7,100,0
764.0,10.8,100,0.2
763.7,11.0,100,0.5
763.6,11.3,100,0.1
763.5,11.6,100,0.3
763.5,11.3,100,0.5
763.8,10.7,100,0.6
764.2,12.2,100,0.5
764.6,13.0,100,1
765.0,14.4,96,0.3
765.3,14.6,93,1
765.5,13.2,98,0.4
765.2,14.4,95,1.1
764.9,14.6,91,1.6
764.4,15.0,87,0.7
764.0,14.4,96,0.8
763.6,14.2,95,1.2
763.6,13.2,99,1
763.5,13.1,95,0.6
763.9,12.2,98,0.3
764.5,12.0,99,0.4
764.9,11.6,100,0.3
765.0,11.1,100,1.1
764.9,10.3,100,0.3
764.4,10.8,96,0.4
764.0,9.5,98,0.2
763.5,10.2,100,1.2
763.1,9.8,96,0.8
763.0,9.2,96,0.5
763.2,9.5,92,0.8
763.5,9.7,95,0.1
763.9,11.5,81,0.5
764.1,15.0,76,0.6
764.4,15.5,83,0.4
764.4,16.3,83,0.6
764.4,15.4,95,0.9
764.3,13.4,100,0.5
764.1,13.1,100,0.6
763.7,13.8,100,0.9
763.6,13.4,100,0.4
763.4,13.6,100,0.3
763.5,13.0,100,0.8
763.7,12.8,100,0.4
763.8,11.0,100,0.1
764.1,11.0,100,1.6
764.4,9.0,98,1.6
764.5,7.8,97,1.1
764.4,7.5,95,1.6
764.2,9.3,87,1.4
763.9,10.8,79,1.9
763.5,12.0,72,1.7
763.4,11.1,77,1.6
763.2,12.7,71,1.8
763.3,10.5,79,1.5
763.7,11.4,86,2.2
764.0,13.6,66,1.1
764.3,14.6,74,0.8
764.5,16.4,70,0.9
765.0,15.9,73,0.9
765.2,15.9,79,1.4
765.2,15.9,85,1.6
764.8,15.3,92,1.4
764.6,15.1,92,0.7
764.6,15.4,92,0.6
764.4,15.1,92,0.6
764.5,14.8,96,0.4
764.7,14.6,97,0.3
765.0,13.3,96,1
765.5,12.4,98,1.2
766.0,12.3,99,1.2
766.4,12.1,97,1.4
766.4,11.8,98,1
765.9,11.8,98,0
,,,
,,,
,,,
,,,
,,,
,,,
,,,
,,,
,,,
,,,
,,,
,,,
,,,
,,,
,,,
,,,
,,,
,,,
,,,
,,,
,,,
,,,
,,,
,,,
,,,
,,,
,,,
,,,
,,,
,,,
,,,
1011.7,25.2,78,2.1
1011.2,25.1,79,1.1
1010.9,24.1,84,1
1011.0,23.3,87,1.5
1011.2,23.1,85,0.8
1011.8,22.8,84,1.2
1012.5,24.1,77,1.3
1013.2,27.0,71,0.9
1013.4,27.9,67,2.4
1013.6,28.5,67,2.6
1013.4,29.0,67,1.3
1013.0,29.1,67,1.4
1012.3,29.6,64,1.5
1011.6,29.2,66,2.3
1011.4,29.6,67,2.4
1011.2,27.7,72,1.8
1011.2,27.5,73,1.1
1011.5,27.2,74,0.8
1011.9,27.0,76,0.8
1012.6,27.0,77,0.5
1013.4,26.8,75,1.7
1013.9,26.3,78,1.1
1013.8,26.1,78,1.1
1013.5,24.6,89,0.9
1013.0,24.1,91,1.8
1012.3,23.6,90,1.3
1012.2,24.2,91,2.3
1012.0,24.0,90,1.2
1012.1,23.7,87,2.6
1012.7,24.0,84,2.2
1013.7,24.2,78,2.4
1014.7,25.1,75,2.6
1015.5,22.8,92,3.7
1015.5,22.2,92,2.8
1014.9,22.9,92,5.5
1014.3,23.4,82,2.7
1013.5,24.2,79,1.2
1012.8,24.3,76,1.4
1012.4,24.0,77,1.6
1011.6,25.2,71,0.9
1011.7,24.9,72,1.1
1012.0,24.7,74,1.5
1012.4,23.4,84,1.5
1012.9,23.4,82,1.5
1013.2,23.2,84,2.3
1013.8,23.3,83,1.4
1013.5,23.1,84,1.2
1012.9,23.0,85,1.3
1012.4,22.9,85,0.8
1011.4,22.8,86,1.5
1010.7,22.6,87,1.9
1010.1,22.6,87,1.7
1010.2,22.5,87,1
1010.6,22.4,87,1
1011.0,23.9,81,0.8
1011.1,25.8,73,0.8
1011.2,26.9,70,0.7
1011.5,24.3,91,0.5
1010.4,26.8,78,1.1
1009.6,29.2,75,2.3
1008.5,30.2,72,3.4
1007.5,30.0,75,3.8
1006.5,29.8,77,4.7
1006.3,29.3,79,3
1006.2,29.7,57,2.3
1006.5,28.0,65,1.9
1006.9,27.2,68,1.2
1007.0,26.3,71,0.7
1007.1,26.0,71,0.8
1007.4,26.6,68,1.1
1007.1,26.6,72,1
1006.3,26.9,67,1.3
1005.8,27.1,58,1.8
1004.9,27.2,50,0.7
1004.3,28.8,37,2.4
1004.4,29.0,36,2
1004.8,28.9,37,1.9
1004.8,28.6,41,2.1
1004.9,29.3,41,2.4
1005.1,30.9,39,2.4
1005.0,32.4,30,2.1
1004.6,34.0,28,2.4
1004.0,34.3,28,3.4
1003.4,34.6,30,3.4
1002.8,34.0,32,3.7
1002.5,33.7,37,4.3
1002.8,34.0,35,3.5
1004.0,32.7,41,1.8
1005.2,28.9,74,1.4
1006.2,28.0,79,1.5
1006.9,27.4,82,1.3
1008.0,26.5,88,0.1
1008.8,25.5,89,2
1009.7,25.0,82,2.8
1009.8,25.1,76,2.6
1009.8,24.4,71,2.5
1009.2,24.1,75,2.8
1009.1,23.9,79,2.1
1009.0,24.2,81,1.9
1009.2,24.4,84,1.4
1010.1,24.9,87,1.7
1010.6,24.3,89,1.4
1011.3,24.6,88,1.6
1012.1,25.8,80,1.7
1012.2,27.1,75,1
1011.9,27.8,72,2.2
1011.8,27.4,74,1.6
1011.4,26.7,76,1.7
1011.0,26.9,75,1.9
1010.4,26.6,78,2.4
1010.4,26.4,79,3.5
1010.5,25.8,82,4.5
1011.0,25.5,81,4.4
1011.7,25.2,80,4.4
1012.4,25.3,81,3.4
1013.2,24.9,84,4.1
1014.3,24.7,82,5.1
1014.7,24.8,80,3.6
1014.6,24.5,79,4
1014.3,24.3,77,3.7
1013.9,22.8,83,2.3
1013.8,22.2,86,1.7
1013.4,21.5,94,0.8
1013.0,21.6,91,1.7
1013.5,21.8,92,1.4
1014.0,22.2,89,1.3
1014.8,22.8,81,0.2
1015.1,22.4,91,1
1015.3,23.1,89,1
1015.4,24.7,77,2.2
1015.0,24.8,77,3
1014.2,24.7,82,2.4
1013.3,25.0,77,3.4
1012.6,25.2,77,2.8
1012.5,25.0,78,2
1012.2,24.1,83,2.6
1012.6,24.1,81,2.7
1012.9,23.9,82,2.3
1013.5,23.9,82,2.3
1013.9,23.9,79,1.3
1014.0,23.1,89,0.9
1014.1,22.7,91,1.3
1013.7,22.3,92,1
1012.8,22.4,91,1.4
1012.3,21.9,91,2.2
1011.8,21.5,92,0.4
1011.3,21.5,90,1.4
1011.5,21.6,89,1.4
1011.7,21.5,90,1.2
1012.2,21.8,89,1.7
1012.8,23.1,85,0.7
1013.0,24.9,76,0.8
1013.3,26.5,71,1.4
1013.5,27.5,65,1.8
1013.5,27.9,64,1.9
1013.2,28.1,67,3.6
1012.4,27.4,70,3.4
1011.9,26.2,69,5.1
1011.4,26.1,70,4.4
1011.2,25.9,69,4.4
1011.7,25.8,68,4
1012.3,25.3,69,3.3
1013.0,25.0,68,2.5
1013.2,24.5,68,2.4
1013.8,24.6,67,2.4
1014.0,24.5,68,1.7
1013.7,24.2,68,0.7
1013.4,22.2,81,2.2
1013.2,21.8,81,0.6
1012.8,22.0,77,1.2
1012.7,21.8,76,0.9
1012.6,21.8,75,0.8
1013.1,21.5,77,0.6
1013.5,21.5,77,1
1014.1,22.7,75,2.4
1014.5,25.9,65,1.5
1014.7,27.1,61,1.3
1014.7,27.7,62,1.4
1014.0,28.0,61,1.5
1013.3,28.2,60,1.4
1012.4,27.9,63,1.7
1011.9,28.4,58,2.1
1011.5,28.0,58,1.3
1011.5,27.7,58,1.2
1011.7,27.0,63,0.9
1012.1,26.6,64,1
1012.8,26.4,65,1.3
1013.4,26.2,66,1.2
1013.6,25.0,72,1.2
1013.8,23.6,80,2.5
1013.5,23.2,80,2.9
1013.3,22.6,83,2
1012.7,22.4,83,2.6
1012.1,22.4,80,1.5
1011.6,22.4,78,1.2
1011.7,22.0,79,2.1
1011.8,22.0,75,1.3
1011.9,22.2,72,1.5
1012.6,23.6,67,2.6
1012.9,26.6,60,3.4
1013.1,27.5,63,1.6
1012.9,27.9,64,2.2
1012.9,27.3,67,1.6
1012.5,27.2,71,1.7
1011.6,27.4,69,2.1
1011.0,28.0,65,1.3
1010.5,28.1,66,0.8
1010.1,27.8,67,1
1010.4,27.0,70,1.4
1010.7,26.7,76,2.4
1011.3,26.6,77,2.1
1011.8,26.4,77,1.4
1012.2,26.0,78,1
1012.4,25.2,81,1.7
1012.7,25.8,80,2
1012.3,25.5,78,1
1011.8,24.7,82,1.4
1010.9,24.4,84,1.8
1010.3,24.3,84,1.4
1010.1,24.1,84,1.2
1010.4,24.2,83,0.7
1010.8,24.4,82,0.9
1011.2,25.8,76,0.5
1011.5,27.6,72,1.2
1011.9,28.1,72,1.5
1011.7,30.5,67,2.6
1011.4,30.2,70,1.9
1011.0,29.4,78,2
1010.2,30.1,79,4.2
1009.3,30.4,76,4.2
1008.8,31.2,73,4.6
1008.4,29.1,82,2.5
1008.2,30.7,52,2.3
1008.9,29.3,60,1.8
1009.6,28.6,59,2.3
1010.1,27.9,61,1.6
1010.4,27.5,62,1.7
1010.7,27.4,63,1.3
1010.4,26.8,65,0.6
1010.0,26.7,63,0.8
1009.6,25.3,68,1.2
1009.2,25.8,63,3.4
1009.3,26.2,70,1.5
1009.9,25.6,71,2
1010.8,24.1,73,2.9
1011.2,24.0,77,2.4
1011.9,25.4,74,1.8
1012.6,27.0,78,1.3
1012.8,26.9,78,4.2
1012.8,27.5,76,3.9
1012.9,27.2,76,2.6
1012.4,27.0,78,2.4
1011.8,26.8,77,2.1
1011.2,26.9,79,2.6
1011.0,25.6,85,4.4
1010.9,24.9,85,5
1011.5,24.5,84,4.4
1012.4,24.4,84,4.8
1012.7,24.1,82,4.9
1013.8,24.0,79,4.3
1014.4,23.8,79,4.1
1015.2,23.3,79,4
1015.3,23.1,77,3.8
1014.6,23.3,77,3.8
1014.1,23.2,78,3
1013.3,22.7,83,1.5
1013.1,23.1,80,1.4
1013.3,23.4,82,2.5
1013.5,23.3,81,1.6
1014.2,23.5,78,1.9
1014.6,24.0,75,3
1015.3,24.3,74,4.1
1015.5,25.3,70,3.8
1015.3,26.6,67,3.8
1015.3,27.2,66,4.3
1015.2,26.9,68,3.3
1014.6,26.9,69,3.7
1013.6,26.5,70,5
1013.3,25.8,73,4.9
1012.9,25.4,72,4.6
1012.9,25.2,74,4.5
1013.4,25.0,75,3.4
1013.9,24.5,77,3.2
1014.1,24.5,74,3.4
1014.5,24.5,72,2.8
1014.6,24.3,74,3.2
1014.9,24.5,73,2.1
1014.3,24.3,75,3
1013.6,24.1,75,2.1
1012.8,23.1,81,1.1
1012.5,23.8,78,1.2
1012.6,23.3,80,1.6
1012.8,23.8,78,1.1
1013.0,23.8,77,1.5
1013.1,24.5,76,0.8
1013.6,25.2,75,2.8
1013.5,26.9,71,1.6
1013.4,26.2,72,1.5
1012.9,26.6,70,1.2
1012.3,27.4,72,1
1011.6,27.7,72,2
1010.7,27.7,73,1.2
1010.2,27.6,75,1.4
1009.7,27.3,75,0.9
1009.4,27.0,77,0.4
1009.6,26.9,78,0.4
1010.3,26.7,79,0.4
1010.9,26.1,82,0
1011.2,25.7,84,0.8
1011.5,25.2,87,1.3
1011.3,25.6,85,1.2
1010.6,25.9,83,0.7
1010.2,25.6,84,0.4
1009.9,25.4,86,1.5
1009.2,25.2,86,1.1
1009.0,25.3,85,0.9
1008.9,24.7,86,1.8
1009.2,24.6,85,1
1009.3,26.2,77,1.5
1009.6,29.7,73,2.4
1009.8,30.7,74,4.5
1009.6,31.4,73,4.7
1008.8,34.4,49,3.8
1007.9,34.0,54,5.3
1006.7,36.0,47,2.8
1005.7,35.9,43,2.3
1005.1,35.0,45,4
1004.4,34.4,47,3.8
1004.4,32.2,54,3.7
1006.0,31.1,68,1.6
1007.0,28.8,83,1.4
1008.1,27.8,87,0.5
1008.9,27.0,88,1.6
1009.3,27.0,84,0.9
1009.5,27.1,76,0.8
1009.7,26.9,74,1.7
1009.8,26.1,77,1.9
1009.9,25.6,79,1.7
1010.2,25.4,81,2.5
1010.9,26.9,85,2.9
1011.8,26.1,89,5.4
1012.6,25.7,85,6.6
1013.7,25.6,81,7.6
1014.4,25.2,80,7.3
1015.3,25.1,76,7.9
1015.4,26.3,70,7.7
1015.4,25.9,68,6.2
1015.3,26.4,66,4.8
1014.9,27.7,63,5.4
1014.5,26.4,69,5.3
1014.3,25.7,68,4.8
1014.2,25.4,67,4.5
1014.4,24.5,66,5.1
1015.0,24.0,65,4.5
1015.7,24.2,61,3.7
1016.1,24.5,60,3.1
1016.4,24.1,65,4
1016.6,23.9,65,4.1
1016.5,23.6,66,4.2
1015.8,23.4,68,4.2
1015.3,23.3,64,3.3
1014.9,23.4,62,3.8
1014.2,23.3,62,3.4
1013.9,23.3,56,2.5
1014.0,23.6,59,1.1
1014.5,23.6,60,1.2
1014.7,23.6,61,1
1014.8,23.7,64,1.6
1015.1,24.4,67,3.4
1014.7,25.3,62,3.2
1014.1,26.3,61,2.3
1013.6,26.4,60,2.4
1012.7,26.3,61,3.2
1012.0,27.2,62,2.5
1011.7,26.4,66,3.2
1011.3,26.1,69,3.5
1011.3,26.3,70,2
1011.4,25.6,72,2.5
1011.4,25.2,73,1.7
1011.7,24.8,75,1.4
1012.0,24.0,80,1.5
1012.5,23.7,81,1.4
1012.3,23.6,81,1.4
1011.7,23.3,82,2.3
1011.2,23.4,81,1.2
1010.8,23.2,82,2.3
1010.7,23.1,84,1
1010.6,22.5,89,1.2
1010.9,22.5,90,1.5
1011.2,22.5,90,1.5
1011.6,23.9,84,1.9
1012.3,26.4,72,0.6
1012.4,27.4,68,1.2
1012.2,27.4,68,1.4
1011.6,28.6,64,1.2
1011.4,29.3,62,1.9
1011.0,29.1,64,1.7
1010.7,28.7,66,1.8
1010.5,27.9,71,1.9
1010.4,27.5,73,2.5
1010.6,27.1,77,3.2
1011.1,26.4,82,3
1011.6,25.6,86,3.7
1012.3,25.8,83,3.3
1012.8,25.9,79,2.5
1012.9,25.9,78,1
1012.5,26.2,76,1.9
1012.0,25.6,79,1.1
1011.2,25.2,82,0.9
1010.7,24.3,86,2.2
1010.6,23.8,87,2.1
1010.7,24.2,82,0.6
1010.9,23.8,82,0.8
1011.3,24.0,80,0.5
1011.8,25.3,75,0.6
1011.8,28.3,64,1.2
1011.8,28.7,66,1.5
1011.6,28.8,68,1.5
1011.6,29.8,65,2
1011.2,29.7,67,1.3
1010.5,30.3,65,1.2
1010.0,28.4,72,1.2
1009.5,28.7,72,1
1009.2,28.2,75,0.8
1009.2,28.1,76,0.9
1009.7,27.9,76,0.7
1010.3,27.8,78,0.6
1010.8,26.7,83,1.1
1011.2,26.0,86,1
1011.4,25.9,87,2.2
1011.3,25.8,83,0.4
1010.8,25.6,82,0.6
1010.4,24.9,83,0.3
1010.0,24.4,85,0.8
1010.2,24.2,84,0.9
1010.0,23.9,84,1.9
1010.5,23.8,84,1.8
1010.8,24.2,81,1.7
1011.6,26.0,76,1.6
1011.8,28.4,71,1.1
1012.2,29.0,71,1
1012.1,29.5,67,1.4
1011.9,30.5,67,2.1
1011.3,30.0,71,1.6
1010.9,30.0,68,1.5
1010.6,29.8,70,2.3
1010.3,30.3,69,3.3
1009.9,28.6,76,4.2
1010.4,27.7,77,4.2
1010.8,26.3,88,4.2
1011.4,26.7,80,3.3
1012.2,26.7,78,3.5
1012.7,26.5,75,3.7
1013.1,26.4,76,2.4
1013.0,26.4,76,2.6
1012.8,26.3,75,2.1
1012.5,26.2,73,2.9
1012.0,25.8,73,2.4
1011.7,25.6,71,2
1011.7,25.2,76,2.2
1012.2,24.9,75,1.6
1013.0,25.4,70,2.5
1013.1,26.8,66,3.7
1013.5,26.9,69,3.7
1014.0,28.5,65,3.5
1013.9,29.4,60,2.7
1013.7,29.5,64,3.2
1013.2,29.6,64,3.1
1012.7,28.4,68,5.2
1012.3,27.9,72,4.5
1012.1,27.2,72,4.3
1011.8,26.6,75,4.7
1012.2,26.4,75,4.8
1012.7,25.9,76,5.5
1013.2,25.4,74,3.5
1013.8,25.6,69,3.4
1014.2,25.4,69,4.3
1014.1,25.4,71,3.3
1013.7,25.1,74,1.2
1013.2,24.9,77,1
1012.6,24.7,76,1.3
1012.1,23.8,78,1
1012.0,23.5,81,1.9
1011.9,23.3,81,2.1
1011.9,23.1,83,2.5
1012.3,23.2,82,0.6
1012.4,25.8,71,0.4
1012.6,27.2,65,2.8
1012.7,28.1,62,3.3
1012.8,29.1,62,2.5
1012.5,29.3,63,2.2
1011.8,30.5,61,1.6
1011.2,29.3,69,1.6
1010.9,30.3,65,1.3
1010.5,28.9,70,1.1
1010.2,28.5,72,1.2
1010.3,28.2,72,2.1
1010.8,27.8,76,1.6
1011.3,26.2,88,1.6
1011.9,26.2,86,1.6
1012.2,25.8,91,0.5
1012.3,25.2,93,1.8
1011.9,25.4,91,1.7
1011.2,25.2,90,1.4
1010.4,25.1,87,1.7
1009.8,24.6,87,0.6
1009.5,24.7,86,0.6
1009.2,24.7,84,1.2
1009.5,24.8,83,0.6
1010.1,24.8,83,1.4
1010.0,26.6,76,1.2
1010.0,28.6,73,1.9
1009.7,31.3,66,2.3
1009.1,31.8,61,3.2
1008.7,31.3,68,4.1
1008.3,31.2,69,5.3
1007.9,30.9,71,5
1007.5,30.6,73,4.5
1007.2,30.5,71,4.6
1007.1,29.9,73,3.3
1007.3,28.8,79,4.4
1007.9,28.4,80,4.7
1008.6,28.3,79,3.8
1009.2,28.1,78,2.7
1009.2,28.0,77,2
1009.2,27.6,80,2.5
1008.8,26.2,85,1.4
1008.0,25.7,86,1.7
1007.1,25.8,83,0.5
1006.7,25.5,82,1.5
1006.4,24.9,85,1
1006.6,25.0,83,1.8
1006.8,24.3,87,2
1007.3,24.8,84,1
1007.6,26.7,76,1
1007.9,28.9,75,1.4
1008.1,29.2,74,1.5
1008.0,29.2,75,2.2
1007.6,29.1,73,1.1
1007.1,30.2,72,2
1006.6,28.6,77,1.8
1006.0,28.5,78,2.1
1005.8,27.6,82,3.2
1005.6,26.6,87,2.2
1005.9,26.6,84,2.7
1006.5,26.1,88,0.9
1007.0,25.8,92,2.4
1007.5,25.2,89,1.7
1008.2,25.2,91,1.4
1008.4,24.9,91,1.1
1008.0,24.8,88,1.1
1007.3,24.6,86,0.8
1006.5,24.3,87,0.4
1006.3,23.8,88,0.9
1006.0,23.6,87,1.3
1006.2,23.5,87,2.1
1006.3,23.2,87,1.5
1006.8,23.5,85,2.6
1007.5,25.3,79,0.6
1007.9,28.3,65,1.3
1008.0,28.5,63,1.2
1007.9,29.0,65,1.6
1007.7,29.4,66,1.8
1007.2,29.3,67,1.5
1006.5,28.7,70,0.8
1005.7,30.1,66,0.9
1005.4,29.1,70,1
1005.2,28.8,72,1.1
1005.5,28.5,73,1.1
1005.9,28.2,75,0.6
1006.3,28.0,77,1.3
1006.8,27.6,78,1.2
1007.2,27.4,76,0.2
1007.4,26.5,80,0.7
1006.9,26.2,80,1.4
1006.4,27.0,74,1.9
1006.1,26.5,77,0.3
1005.7,26.3,85,2.9
1005.5,26.2,82,2.7
1005.9,25.9,81,1.8
1006.2,24.9,84,1
1006.8,25.0,82,1.1
1007.2,26.0,78,0.4
1007.8,27.9,72,1.4
1008.5,28.4,71,1.1
1008.7,29.6,67,1.4
1008.2,30.1,66,1.4
1007.5,28.6,72,1.4
1006.9,28.4,75,1.8
1006.6,28.2,76,1.9
1006.3,28.0,76,2
1005.9,28.2,78,2.3
1006.5,27.3,80,3.1
1007.5,26.9,80,3.1
1008.2,26.8,79,2.6
1008.5,26.2,84,1.5
1008.6,25.7,85,0.9
1008.4,25.8,83,1.5
1008.1,25.8,84,2
1007.6,25.3,87,0.9
1007.5,25.4,83,0.7
1007.5,25.4,83,1
1007.0,24.5,88,0.6
1006.9,24.4,88,2.1
1007.2,24.3,87,1.2
1008.1,24.3,83,1.3
1009.0,25.9,76,1.9
1009.3,28.5,67,2.5
1009.6,29.2,61,3
1009.8,30.0,64,4.5
1009.9,30.0,66,2.7
1009.5,29.4,71,3.2
1008.8,28.5,76,2.6
1008.5,25.2,91,2.7
1008.4,24.7,93,2.5
1008.3,24.7,91,5.4
1008.4,24.8,89,2.2
1009.1,25.2,88,5.4
1009.7,24.3,85,5.3
1010.1,25.2,76,3
1010.8,25.7,76,1.4
1011.4,25.5,76,3.1
1011.2,25.4,75,3.7
1010.7,25.1,78,4.2
1010.2,25.4,74,3.6
1010.0,25.3,73,3.8
1010.0,25.7,71,4.2
1010.1,25.7,69,4.1
1010.4,25.7,71,3.7
1010.8,25.7,71,4.2
1011.6,25.8,70,4.9
1012.1,25.8,74,5.4
1012.4,26.1,73,6.4
1013.1,25.5,81,4.1
1013.3,23.9,91,5.2
1013.1,25.2,91,4.1
1012.4,25.8,83,4.6
1012.0,25.8,74,6
1012.1,24.6,79,5.2
1011.5,24.5,75,4.7
1012.1,23.8,77,4.8
1012.3,23.3,79,2.3
1012.7,23.9,73,3.4
1013.2,25.3,64,4.6
1013.4,25.8,55,3.9
1013.6,26.0,56,3.3
1013.6,26.1,54,2.5
1013.4,25.3,58,1.3
1013.6,24.8,72,4
1012.7,24.7,67,2.6
1012.2,25.3,58,2.4
1012.2,25.2,63,3.8
1012.7,23.4,82,3.2
1012.6,24.3,68,3
1012.8,25.7,64,3.3
1013.5,25.8,66,6.4
1013.8,23.3,85,3.6
1013.7,24.9,76,3.5
1013.4,26.2,69,4.5
1013.3,25.7,67,4.4
1012.8,26.7,62,5.1
1012.1,26.8,64,4.8
1011.7,27.3,64,3.7
1011.2,27.0,65,3.2
1011.2,26.2,67,2.4
1011.4,26.1,66,3.5
1011.6,25.9,63,2.6
1012.2,25.4,66,2.1
1012.7,25.7,65,3
1012.8,25.8,63,3.2
1012.6,25.7,63,2.6
1012.2,25.6,63,2.4
1011.6,25.1,64,2.5
1011.2,25.0,67,2.3
1011.2,24.8,67,1.4
1011.0,22.8,77,2.8
1011.0,22.5,78,2.5
1011.3,22.7,77,3.2
1011.8,25.4,69,2.4
1012.2,26.8,66,3.6
1012.4,27.3,64,3.7
1012.5,28.2,62,3.5
1012.4,28.1,60,2.3
1011.5,28.5,61,1.2
1010.9,28.0,60,1.5
1010.1,27.9,63,1
1009.7,27.5,65,1.6
1009.2,27.7,64,1.6
1009.1,26.9,65,1.7
1009.4,27.0,66,0.8
1010.1,25.8,71,1
1010.7,26.1,70,0.7
1011.4,25.4,74,1.3
1011.9,25.0,76,0.9
1011.8,25.1,75,1.2
1011.1,24.9,75,1.2
1010.4,24.8,75,0.7
1009.9,24.6,76,1
1009.4,24.4,76,1.4
1009.3,24.2,77,0.7
1009.5,23.8,79,0.4
1009.4,23.5,80,1.1
1009.8,25.4,71,0.9
1009.8,27.6,64,1.1
1010.1,28.4,64,1.9
1010.1,28.6,66,2
1009.8,29.8,63,2.3
1009.5,29.0,67,2.3
1009.1,29.0,65,2.3
1008.6,28.6,70,2.6
1008.3,28.5,72,2
1007.7,28.5,76,3.3
1007.4,28.4,73,1.8
1007.7,28.0,73,0.9
1007.9,27.4,76,0.9
1008.5,25.9,83,0.6
1009.2,25.4,84,1.4
1009.7,25.2,83,1.2
1009.7,25.1,83,1.8
1009.4,24.7,85,1.1
1008.8,24.3,86,1.8
1008.4,24.3,85,1.5
1008.2,24.6,82,0.4
1007.8,23.9,84,0.9
1008.0,23.8,84,1.8
1008.3,24.1,82,1.6
1008.9,25.9,76,0.7
1009.0,29.4,66,2.5
1008.6,31.7,56,3.2
1008.5,31.2,64,5.3
1008.3,31.2,68,6.8
1007.2,35.1,46,2.6
1006.7,35.4,41,2.8
1006.1,34.8,45,2.5
1005.7,33.8,48,2.4
1005.7,30.8,66,1.8
1006.1,30.1,71,3
1006.8,29.5,78,1.3
1007.7,28.8,79,1.3
1008.5,28.1,83,0.3
1009.1,26.8,83,2
1009.7,26.3,82,2.3
1009.9,26.3,80,1.8
1009.6,25.8,82,1.2
,,,
,,,
,,,
,,,
,,,
,,,
,,,
,,,
,,,
,,,
,,,
,,,
,,,
,,,
,,,
,,,
,,,
,,,
,,,
,,,
,,,
,,,
,,,
,,,
,,,
,,,
,,,
,,,
,,,
,,,
,,,
643.0,1.0,38,12.2
642.4,0.9,38,12.9
642.3,0.7,35,12.6
642.4,3.3,12,9.7
642.7,3.4,11,9.4
642.8,3.2,12,7.7
643.3,3.9,9,4.2
643.9,6.2,10,3.2
644.5,9.4,16,2.2
644.7,9.0,17,0.8
644.7,8.7,35,1.5
644.5,9.8,53,1.8
644.2,11.2,60,1.9
643.8,7.7,63,1.9
643.6,5.8,73,2.1
643.4,5.5,67,2.5
643.5,4.6,75,1.4
643.5,3.9,68,6.2
643.5,1.7,52,10.2
644.0,1.8,43,10.1
644.6,2.0,34,8.9
645.0,2.4,34,7.9
644.9,1.7,60,5.6
644.7,2.2,53,6.1
644.1,2.0,50,5.5
643.6,1.8,53,5.8
643.2,0.9,71,7.7
643.1,0.6,80,5.6
643.0,0.6,74,3
643.3,0.9,82,5.7
644.1,4.0,38,3.2
644.5,5.8,33,2.4
644.6,6.8,31,0.9
644.8,11.9,30,1.9
644.6,13.0,26,1.7
644.0,14.6,45,2.6
643.9,8.7,55,1.6
643.5,8.6,68,2.4
643.0,4.6,94,3
642.8,5.2,99,4.3
642.7,4.0,95,2.9
642.9,4.2,99,3
643.4,4.4,100,2.8
643.7,4.3,100,3
644.0,2.9,100,7.1
644.4,1.0,99,3.3
644.4,2.1,100,5.2
644.0,2.9,100,3.6
643.6,3.0,100,5.3
643.2,2.9,100,4.4
642.8,3.8,100,3
642.6,3.8,100,5.6
642.7,3.9,100,1.1
642.9,4.0,100,2
643.2,4.5,100,1.4
643.5,5.3,99,1.3
643.6,6.6,95,2.3
643.9,9.0,84,2.3
643.4,9.5,82,1.2
643.3,11.3,82,1.8
642.9,6.5,83,1.6
642.2,6.5,75,3.4
642.0,6.5,82,2.5
641.9,6.8,86,3.2
641.6,5.4,65,5.3
641.6,1.9,78,5.8
641.9,1.2,69,8
642.1,1.5,52,12
642.6,1.3,59,4.3
642.3,1.9,68,6.8
642.6,1.6,64,6.4
642.2,0.9,63,5.7
641.7,1.2,85,8.1
641.0,2.0,99,6.6
640.6,1.2,100,10.7
640.2,2.8,100,8.3
640.6,2.5,99,4.3
640.6,3.7,100,4.4
641.3,4.0,99,3.9
641.6,4.6,100,9.7
642.3,5.0,100,4.2
642.6,6.3,100,3.3
642.4,8.3,93,1.9
642.5,7.9,92,3.7
642.3,10.1,93,1.3
641.9,5.9,86,4.9
641.7,5.0,93,4.8
641.7,4.8,95,2.6
641.5,4.0,100,4.3
641.4,0.9,92,2.2
641.4,1.4,77,5
641.8,0.7,86,4.6
642.2,0.2,91,4.5
642.1,0.2,92,2.2
641.9,0.4,93,3.4
641.5,0.0,96,2.3
640.9,0.1,92,2
640.7,0.1,91,3.3
640.6,-0.5,100,3.4
640.6,0.3,99,2.9
640.8,2.2,100,2.9
641.8,1.8,100,1.9
642.3,2.6,100,4
642.8,2.8,100,2.5
642.9,3.2,100,2.2
643.0,4.0,100,3.8
643.2,4.3,100,2.7
642.8,4.6,100,7.4
642.6,3.5,100,6.3
642.1,3.4,100,8.7
642.0,3.2,100,9.4
642.2,2.9,100,4.4
642.4,2.4,100,8.8
642.5,2.5,100,8.7
643.0,2.1,99,4.3
643.4,2.5,99,5.1
643.7,2.2,100,5.8
644.2,1.8,100,5.5
643.6,1.7,100,9.3
643.0,2.1,100,9.9
643.2,2.3,100,2.7
642.6,2.2,100,3
642.3,1.9,99,3.2
642.3,1.8,100,6.1
642.4,1.5,100,2.4
643.0,1.9,100,3.8
643.0,1.7,100,2.7
643.4,2.5,100,4.6
643.7,2.0,100,4.5
644.0,2.2,100,5
643.7,3.7,100,1.1
643.5,3.8,100,2.5
643.1,4.6,100,1.6
642.5,3.4,97,2.8
642.4,3.6,100,1.9
642.0,3.6,100,1.6
642.4,3.1,100,1.9
642.9,2.8,100,0.9
643.2,2.2,100,2.1
643.0,1.1,100,4.4
643.2,0.3,100,6.1
643.2,-0.3,100,6.6
642.8,-0.5,100,6.8
642.0,-0.5,100,6.1
641.5,-0.5,100,5.1
641.0,-0.9,100,7.7
641.0,-1.2,100,6
640.8,-3.1,100,6
641.0,-5.3,99,8.9
641.4,-3.2,99,5.1
642.0,-0.7,40,5.1
642.8,1.9,25,4.4
643.0,3.5,23,3.6
643.3,8.0,42,2.6
643.4,10.5,44,1.8
643.1,8.3,59,2.2
643.0,6.1,54,3.6
642.7,11.4,58,2.3
642.4,10.6,61,2
642.3,7.0,53,3
642.5,6.2,40,4.7
642.8,3.0,35,1.8
643.0,1.8,17,6.9
643.7,4.2,9,6.8
644.0,4.7,8,8.3
644.0,4.2,8,8.6
643.8,5.0,8,11.3
643.4,4.0,8,11.5
643.4,4.0,8,8.8
643.2,4.1,9,8.1
642.9,4.6,8,10.4
643.0,4.5,8,10.9
643.1,5.3,7,9.4
643.8,6.3,6,4.2
644.3,5.3,9,4.1
644.6,7.4,9,2.9
645.1,8.6,12,2.3
645.0,8.4,12,3.4
645.2,11.5,19,1.5
644.9,13.6,20,1
644.2,14.7,23,0.9
643.8,11.9,23,1.7
643.6,12.9,27,1.1
643.5,10.6,35,2
643.4,7.8,26,1.4
643.5,6.2,26,2.6
644.0,3.7,29,1.3
644.6,4.2,27,3.2
645.0,4.6,27,3.6
645.0,4.1,32,2.5
644.9,5.2,22,5.8
644.5,4.7,26,5.3
644.1,4.2,27,5.2
643.7,4.6,29,6.8
643.4,4.2,24,4.1
643.3,4.3,21,4.2
643.4,3.9,26,3
643.3,2.9,50,8
643.8,3.1,74,7.6
644.4,5.8,67,5.2
644.8,8.7,58,4.2
644.6,9.2,49,4.9
644.7,7.8,60,3.6
644.3,7.0,73,4.7
644.0,7.2,64,2.9
643.5,6.6,73,3.1
643.2,5.8,80,2.9
643.1,6.0,78,2.7
643.1,6.9,75,2.8
643.0,4.2,97,2.5
643.3,3.7,100,2.2
643.8,3.4,100,2.5
644.0,3.3,100,2.5
644.5,2.7,100,2.5
644.3,2.7,100,3
643.8,1.7,100,3.6
643.4,2.1,100,3
642.8,2.1,100,3
642.5,1.9,100,3.9
642.4,2.0,99,5.3
642.7,-0.5,100,5.2
643.1,2.2,91,6
643.4,2.7,75,5
643.7,3.6,55,5.2
644.0,4.1,58,5.9
644.1,4.0,55,5
644.5,6.0,41,6
643.9,3.3,82,5.7
643.4,5.9,79,4.2
642.7,3.4,91,9.4
642.6,1.5,85,8.7
642.4,3.2,100,6.3
642.5,3.8,99,10.8
643.0,2.8,100,7.5
643.3,2.7,99,4.3
643.7,2.6,100,2.9
643.9,2.2,100,3.7
644.1,2.2,100,4
644.0,2.1,100,3.5
644.1,2.1,100,2.3
643.7,2.4,100,3.8
643.0,3.0,99,5.1
642.9,2.6,100,10.6
643.1,3.0,100,6
642.8,3.1,100,6.9
643.1,3.4,100,8.7
643.6,3.6,100,5.1
644.1,4.2,100,7.7
644.2,4.5,99,7.6
644.2,4.5,99,8.9
644.1,5.2,100,5.5
643.9,5.8,100,4.5
643.7,6.2,100,2.8
643.0,5.4,100,4.2
642.7,5.6,100,4.7
642.9,5.6,100,3
643.2,6.0,99,1.4
643.7,4.9,100,1.5
643.7,4.1,99,2.4
643.8,3.5,100,9.4
644.3,3.2,100,4
644.5,3.4,100,2.2
644.2,2.8,100,7.4
643.8,2.9,100,2.3
643.5,2.1,100,3.3
642.7,1.7,99,6.6
642.9,0.9,100,5.3
642.9,0.6,100,8.1
643.0,0.9,100,7.5
643.6,2.7,86,5.3
644.2,3.9,62,7.3
644.8,6.3,36,7
645.1,8.4,39,5.2
645.3,10.4,54,2.8
645.4,10.5,61,2.4
645.4,12.4,39,3.3
645.1,12.2,54,3.3
644.6,11.9,49,3
644.4,10.0,60,2.5
643.8,6.3,80,2.5
644.0,4.8,89,4.1
643.9,4.3,99,2.5
644.3,3.6,99,3
644.3,3.0,99,4.6
644.9,2.1,100,4.1
645.2,2.7,100,3
645.2,3.6,93,2.8
644.8,3.7,85,2.6
644.4,2.4,99,5
644.1,3.1,88,2.7
643.7,2.6,93,2.5
643.7,2.4,98,2.3
644.2,2.2,100,2.4
644.3,3.0,95,5.3
644.8,4.5,85,2.2
645.2,8.4,74,3.9
645.4,10.6,61,1.3
645.4,11.9,49,1.6
645.6,11.4,67,2
645.2,12.1,63,1.4
644.9,11.0,65,2
644.5,11.7,66,1.4
644.1,9.4,65,1.9
644.0,8.2,77,1.8
643.9,8.6,68,2.6
644.0,5.6,85,3.5
644.2,3.6,97,2.5
644.7,4.1,90,6.8
645.0,4.2,89,4
645.1,3.8,88,1.9
645.0,4.4,81,2.6
644.7,4.1,83,2.5
644.4,4.0,82,2.5
644.0,3.9,82,3.4
643.6,3.7,80,2.2
643.3,3.8,82,2.2
643.6,4.0,84,2.2
643.8,4.6,85,2.1
644.3,4.3,91,2
644.9,5.4,82,1.9
645.2,6.8,80,2.5
645.4,9.7,71,2.3
645.4,6.6,78,6.7
645.6,9.7,70,2.7
645.2,12.4,80,1.5
644.4,8.6,81,2.1
644.2,9.3,83,4.3
644.1,6.8,91,3.6
644.1,8.5,74,3.7
644.6,5.5,91,2.4
644.6,4.5,100,5.6
645.0,4.2,100,5.5
645.2,3.5,99,5.1
645.6,3.1,100,3.6
645.7,3.9,100,3.3
645.2,3.2,100,5.3
645.0,3.0,100,2.6
644.6,2.6,100,2.3
644.6,3.1,100,5.6
644.6,3.7,100,2.8
644.5,3.4,99,3.2
644.6,3.5,99,3.9
645.0,3.5,100,5.8
645.1,5.0,100,3.1
645.6,8.0,91,4.3
645.5,7.0,87,1.9
645.6,8.5,83,2.2
645.4,5.1,88,8.4
644.8,5.0,95,7.2
644.6,5.0,93,3.3
644.4,5.2,97,4.8
644.1,5.2,100,4
644.1,4.4,100,3
644.4,4.3,100,2.7
644.6,4.2,100,1.6
644.9,4.5,100,2.1
645.0,4.6,99,4.9
645.2,4.1,100,5.3
644.8,3.9,100,2.3
644.5,4.0,99,6.3
644.1,3.6,99,3.6
643.7,4.0,100,2.1
643.4,3.7,100,4.5
643.2,3.5,100,3.3
643.4,3.8,100,3
643.6,3.4,100,6.8
643.8,3.6,100,6.6
644.2,4.1,100,3.4
644.4,5.1,99,9.3
644.5,5.1,100,3.1
644.1,4.5,100,5.8
644.2,5.1,99,7.2
643.8,4.1,100,4.2
643.3,4.3,99,6.4
643.0,4.0,99,5
643.0,3.9,100,5.2
642.9,3.6,100,4.9
643.2,3.7,100,7.2
643.3,3.6,100,4
643.6,3.8,100,3.8
644.0,3.6,100,4.3
643.9,3.4,100,6.3
643.8,3.3,100,6
643.1,3.3,100,6.3
642.7,3.1,100,5.4
642.3,1.3,99,3.8
642.0,1.8,100,7
642.0,2.8,100,9.1
642.0,3.1,100,8.9
642.7,3.3,100,1.9
643.5,3.9,100,1.1
643.8,5.1,100,1.6
644.0,6.2,100,1.9
644.2,7.2,95,2.3
644.5,6.3,96,5.1
644.3,6.5,93,4.5
644.2,10.0,84,3
643.9,8.2,81,1.9
643.7,6.7,82,5.9
643.8,8.6,79,1.6
643.7,7.5,79,3.8
643.9,4.7,77,4.6
643.9,2.1,100,5.1
644.3,2.1,99,8.6
644.5,2.1,74,8.1
644.7,3.8,54,10.6
644.6,2.8,71,6.8
644.2,3.6,53,5.8
643.7,2.8,71,8
643.4,2.8,77,2.6
643.3,2.4,82,1.5
643.4,2.2,82,2.2
643.7,2.3,80,3
644.0,3.3,75,3.1
644.3,3.0,73,6.6
644.7,5.3,61,5.2
645.1,8.2,60,3
645.3,10.1,64,1.6
645.4,12.5,51,1.7
645.1,12.5,56,1.9
644.9,14.3,61,1.1
644.6,13.1,59,1.1
644.2,11.1,66,1.2
643.9,9.0,73,1.8
644.0,6.2,87,2.6
644.0,5.6,95,4
644.3,3.2,98,4.2
644.6,3.0,95,3.5
644.9,3.2,94,4.4
645.5,4.1,96,3
645.3,3.9,93,7.5
645.1,3.1,97,4.7
644.9,3.8,95,4.8
644.6,3.1,99,4.3
644.3,2.8,100,5.1
644.2,2.6,100,3.6
644.6,2.6,100,6.8
645.0,4.4,100,4.5
645.5,5.6,92,3.8
645.9,5.0,83,3.7
646.2,9.2,78,1.7
646.1,9.9,64,3.2
646.1,10.6,60,3.1
645.8,10.9,62,2
645.6,8.0,80,1.6
645.1,7.2,88,4.2
644.8,6.7,97,1.4
644.6,6.3,100,1.8
644.8,6.1,97,4.8
644.8,6.5,95,5.9
645.0,4.7,100,4.3
645.5,5.1,100,3.2
645.7,4.7,100,6.2
646.1,4.7,100,3.3
645.9,4.8,100,3
645.3,4.4,100,4.4
645.2,4.5,100,4.5
644.7,4.3,100,4.8
644.4,4.6,100,6.1
644.6,4.6,100,3.5
644.9,4.7,100,1.4
644.9,4.8,100,8
645.4,5.9,100,5.1
646.0,7.8,100,3.1
646.3,11.2,75,3.2
646.4,11.4,76,1.5
646.2,10.2,78,1.4
645.9,9.4,99,2.1
645.4,8.6,100,2
645.3,7.6,98,2.2
645.2,7.0,99,2.2
644.9,7.6,100,1.1
645.0,6.7,98,3.9
645.1,6.8,99,1.6
645.2,5.3,100,5.5
645.4,5.1,99,3.8
645.7,5.3,100,5
645.9,5.9,99,4.1
645.4,5.3,100,6.2
645.0,5.1,100,3.7
644.8,5.0,100,5.5
644.5,4.6,100,4.9
644.5,4.7,100,4.1
644.5,4.5,100,4.9
644.8,4.3,100,6.3
644.9,4.8,100,3.7
645.2,4.9,100,2.6
645.7,7.6,94,5.6
645.9,11.9,73,1.9
646.1,11.8,69,2
646.2,11.2,61,2.9
645.8,8.0,87,3
645.4,7.9,90,0.9
645.1,7.8,95,2.9
644.9,12.9,85,1.3
644.8,9.5,86,1.6
644.9,7.3,81,3.3
645.1,6.5,100,3.9
645.3,4.8,100,4.7
645.5,4.6,100,3.8
645.7,4.3,100,3.7
646.0,4.5,100,3
645.9,4.1,100,4.5
645.4,3.7,100,1.5
644.8,3.6,100,5.8
644.4,3.6,100,2.7
644.2,3.6,100,3.9
644.1,3.6,100,3.6
644.1,3.7,100,1.6
644.5,4.0,100,2.7
644.9,4.8,100,2.3
645.3,6.1,99,2.7
645.5,7.6,97,3.1
645.6,10.1,76,3
645.6,11.6,71,1.3
645.5,9.1,75,2.7
644.9,7.5,91,1.9
644.6,7.0,77,2.9
644.1,7.0,83,3.3
644.1,8.1,76,2.3
643.8,7.1,80,6.3
644.1,6.5,85,4.8
644.3,3.7,98,4.3
644.4,4.0,100,5.1
644.5,4.3,100,3.6
644.5,4.3,100,5.6
644.1,3.5,100,5.4
643.4,3.5,99,5.3
642.8,3.2,100,3.7
642.2,3.0,100,3.3
642.1,3.3,100,4.2
642.0,2.7,100,2
642.1,3.0,100,3
642.4,3.8,100,2.5
642.7,4.6,100,1.6
643.2,4.8,99,3.5
643.3,6.5,100,2.9
643.6,8.9,98,2.8
643.5,9.5,79,2.3
643.0,8.8,79,3
642.6,7.8,82,1.4
642.4,7.8,100,2.8
642.0,7.4,93,3.5
641.8,10.3,80,4
642.0,7.0,100,2.4
642.2,4.9,100,5.2
642.1,4.9,99,4.2
642.6,5.0,100,5.6
642.7,4.4,100,5.3
643.1,4.5,100,5.1
642.5,4.5,100,4.5
642.1,4.9,100,5
641.5,5.1,100,3.6
641.3,4.9,100,3.2
641.3,4.9,100,2.6
641.5,5.0,100,2.5
641.7,5.0,100,2.5
642.0,5.4,100,2.6
642.5,6.8,99,3.3
642.7,8.3,99,1.6
643.1,9.0,98,1.8
643.1,8.5,84,3.8
643.1,8.7,95,2.8
642.8,10.2,89,2.3
642.1,12.1,81,1.3
641.8,9.6,87,2.4
641.6,8.6,85,2.7
641.4,8.6,97,1.9
641.4,6.5,99,3.2
641.7,6.0,98,3.2
641.9,5.5,100,6.4
642.2,5.4,100,3.1
642.4,5.6,100,4.2
642.2,5.2,100,4
641.7,4.4,100,5.3
641.3,4.0,99,5.6
1008.6,22.0,83,0.8
1008.8,21.5,84,0.2
1008.4,20.7,84,1.1
1008.5,20.5,84,1.5
1009.0,20.3,83,0.8
1009.6,20.2,82,1.4
1010.0,21.6,77,1
1010.3,24.5,74,0.6
1010.0,26.7,76,0.7
1010.3,28.1,70,1.5
1010.7,27.6,75,2.5
1010.3,27.5,76,1.3
1009.6,28.2,66,2.2
1009.1,28.5,62,1.3
1008.8,28.7,57,0.6
1008.4,29.1,47,1.6
1008.3,28.3,55,1.8
1008.5,27.6,53,1.7
1008.7,26.7,59,1.2
1009.0,25.9,62,1.2
1009.7,25.2,63,1.2
1010.3,24.5,70,0.6
1010.4,24.0,73,1
1010.2,23.5,73,0.6
1009.8,23.3,73,1
1009.5,22.7,78,0.4
1009.4,22.4,79,0.7
1009.3,22.3,81,0.4
1009.5,23.2,82,0.5
1009.8,23.2,83,1.2
1010.2,23.3,77,1.4
1010.9,24.4,80,1.3
1010.9,26.1,74,0.7
1010.0,28.3,58,1.7
1009.3,29.3,57,0.3
1008.8,29.7,62,3.4
1007.9,30.1,60,2.2
1007.2,30.7,53,2.1
1006.9,30.3,50,2.6
1006.5,29.9,52,1.9
1006.8,28.7,56,1.2
1007.0,28.4,55,0.8
1007.5,27.8,63,0.4
1008.1,26.7,74,0.4
1008.6,26.4,75,0.3
1009.3,26.5,76,1.3
1008.9,26.0,78,0.4
1008.3,25.7,76,0.2
1007.5,25.4,79,0.5
1006.8,24.7,77,0.5
1006.1,24.1,78,1.2
1005.9,23.7,78,0.6
1006.0,23.2,82,0.5
1006.6,23.3,80,0.7
1006.8,23.7,78,1.1
1006.9,24.9,74,1.1
1006.7,25.7,77,1
1006.5,26.7,75,1.6
1005.5,27.8,74,1.7
1004.9,29.8,69,3
1003.6,30.6,63,3.2
1003.3,29.0,69,3.7
1002.6,29.6,64,4.4
1002.3,29.2,68,2.2
1002.4,29.1,67,3.3
1003.0,28.0,73,3.7
1003.3,27.6,74,2.5
1003.4,27.7,71,2.2
1003.6,27.8,67,1.1
1003.9,27.9,64,1.3
1004.2,27.9,64,1
1004.5,26.2,80,1.1
1004.3,26.2,76,1.1
1003.3,26.5,71,2
1003.1,25.7,68,1.7
1003.0,25.8,71,1.1
1002.7,25.8,81,1.9
1003.0,26.1,74,1.8
1002.8,27.0,58,1.4
1003.3,28.2,60,2.9
1003.4,29.0,59,3.5
1003.3,30.0,52,2.2
1003.4,29.5,64,3.8
1003.5,29.2,64,4.6
1003.1,29.3,64,4.5
1002.4,28.6,68,4
1002.4,28.7,69,4.1
1002.9,27.5,75,3.1
1003.7,27.2,77,3.5
1004.3,24.1,81,2.3
1005.7,22.6,88,2
1007.1,21.0,91,3.2
1008.2,20.9,90,3
1008.0,20.5,91,2
1008.0,19.9,95,2.3
1007.9,20.0,94,1.9
1007.7,20.0,94,0.4
1007.4,20.2,96,1.1
1007.7,20.0,95,1.9
1007.5,19.8,95,1.6
1008.1,19.8,94,1.8
1008.9,19.8,94,0.9
1009.9,20.0,93,1.9
1010.5,19.8,94,1.7
1010.9,20.0,91,2.9
1010.8,20.3,92,2.7
1010.9,19.9,91,1.8
1010.9,20.1,89,1
1010.4,19.5,92,2
1010.3,19.3,95,1.5
1009.7,19.5,92,1.6
1010.1,19.8,93,1.7
1010.5,19.8,91,1.4
1010.9,19.0,95,2.1
1011.8,18.5,95,1.9
1012.7,18.7,93,1.8
1013.8,17.9,94,1.3
1014.4,17.7,94,2.3
1013.4,18.0,92,1.4
1012.5,18.1,92,0.8
1011.9,18.1,92,0.8
1011.5,18.1,93,1.9
1011.7,18.2,94,1.1
1011.2,18.5,90,1.2
1012.2,18.2,91,0.8
1012.4,18.1,91,1.3
1012.5,18.9,88,1.3
1013.1,20.4,84,1.2
1013.1,21.8,75,2.9
1013.3,21.7,73,2
1013.2,21.7,77,1.2
1012.8,22.0,78,1.8
1012.1,22.2,74,1.3
1011.5,22.1,75,1.9
1011.3,21.4,84,3
1011.1,20.7,84,2.5
1011.1,20.5,86,1.8
1011.8,20.1,87,1.6
1012.2,19.8,87,1.9
1012.7,19.7,85,2.6
1012.6,19.7,86,1.6
1012.4,19.8,86,0.8
1012.0,19.7,87,1.1
1011.4,19.6,88,1.3
1011.1,19.8,89,0.5
1010.6,19.8,89,1.2
1010.4,19.5,91,0.9
1010.6,19.4,90,0.8
1010.9,19.5,85,1.4
1011.3,19.1,88,1.6
1011.8,20.1,83,1.5
1012.1,22.3,73,1.2
1012.4,23.8,67,2.4
1012.1,25.2,60,1.8
1011.6,26.4,54,2.1
1010.9,27.2,49,1.7
1009.9,28.1,46,1.5
1008.9,28.3,40,2
1008.3,28.7,43,1.8
1008.1,27.8,45,2.3
1008.2,27.0,47,1.6
1008.8,25.0,59,1.8
1009.0,23.9,65,1.5
1009.2,23.3,67,1.3
1009.5,22.4,67,1.5
1009.7,22.0,68,1.2
1009.5,21.0,72,1.1
1009.3,20.7,70,0.7
1009.5,20.1,70,1.4
1009.7,19.0,79,0.5
1009.6,18.4,81,0.6
1009.5,18.3,80,1.1
1009.8,18.1,80,0.8
1010.7,18.3,79,0.8
1011.2,20.2,77,1.1
1011.5,23.0,68,1.6
1011.4,26.0,65,0.9
1011.4,27.2,61,1.5
1011.1,27.4,61,1.6
1010.7,27.5,63,1.9
1009.9,27.0,68,1.7
1009.3,26.5,69,2.1
1008.8,25.6,77,2.3
1008.7,25.0,80,0.9
1008.7,24.9,76,0.4
1008.7,25.0,69,0.6
1009.1,24.5,74,0.2
1010.0,23.9,79,0.6
1010.4,22.8,81,1
1010.4,22.1,83,2.2
1010.0,22.3,83,0.4
1009.7,22.1,83,0.6
1009.5,21.9,85,0.8
1009.0,21.6,86,0.8
1008.7,20.9,88,1
1008.6,20.9,87,0.8
1008.8,21.0,86,0.8
1009.2,20.9,87,1
1009.7,22.4,78,1.2
1010.1,24.5,70,0.5
1010.1,26.6,53,0.5
1010.0,27.4,57,2.1
1010.0,27.8,64,2.8
1009.7,27.8,67,1.6
1008.9,27.9,61,1.5
1008.1,28.1,59,1.7
1007.7,27.3,53,1.4
1007.0,27.8,52,1.3
1007.2,27.2,52,1.4
1007.4,26.5,63,1.3
1007.9,25.7,68,1.6
1008.5,25.7,69,1.4
1009.0,25.1,77,1.4
1009.2,25.0,76,1.1
1009.1,24.7,78,0.7
1008.4,24.5,79,1.2
1007.9,24.1,81,0.4
1007.2,23.9,80,0.4
1006.7,23.7,80,0.5
1006.5,23.5,81,0.8
1006.8,22.9,85,1
1007.3,23.4,85,0.4
1007.9,23.9,81,0.6
1008.1,25.4,79,0.8
1008.4,27.6,67,0.4
1008.3,29.1,64,0.5
1007.9,29.0,73,1.5
1007.3,27.8,73,2.4
1006.7,26.8,78,1.1
1007.4,25.0,88,2.5
1006.6,24.5,90,0.8
1006.8,24.3,91,2.1
1007.2,23.7,94,2.2
1008.0,22.9,96,2.5
1009.4,22.4,95,1.2
1010.2,22.0,94,1.5
1010.9,21.6,93,0.6
1011.4,20.9,91,1
1011.6,20.6,89,1.4
1011.5,20.3,92,1
1010.9,19.8,95,1.8
1010.4,19.4,96,1.7
1010.4,19.4,94,1.3
1010.5,19.3,94,2.1
1010.6,19.3,94,1.8
1010.8,19.3,93,2.4
1011.6,19.3,94,2
1012.4,19.2,94,2.2
1012.8,19.2,94,3
1012.9,19.3,94,2.3
1012.7,19.2,94,2
1012.5,19.1,93,3.3
1012.3,18.6,94,2.2
1012.1,18.4,95,2.3
1011.8,18.7,94,2.3
1011.9,18.4,94,3
1012.3,18.6,93,1.8
1012.9,18.5,94,1.4
1013.1,18.5,94,2
1013.4,18.4,93,1.4
1013.5,18.7,91,2
1013.5,18.3,91,1.7
1013.4,18.8,88,2
1012.8,18.9,88,1.6
1012.6,19.0,86,0.9
1012.2,19.0,87,2.3
1011.9,19.0,84,2.6
1012.0,18.8,83,2.1
1011.9,18.7,84,2
1012.2,18.8,82,1.5
1012.8,19.5,78,2.3
1012.9,20.4,76,1.7
1013.0,21.0,71,2.7
1012.9,22.5,69,2.5
1012.5,23.8,67,2.9
1011.9,24.2,70,2.6
1011.2,24.7,65,2.8
1010.4,24.7,67,1.7
1010.1,24.4,67,2.2
1009.5,24.0,68,1.7
1009.4,23.6,70,1.9
1009.7,23.3,73,1.6
1009.7,22.3,75,1.4
1010.2,22.2,77,1.6
1010.5,22.1,78,1.3
1010.8,22.1,78,1.3
1010.8,22.3,78,0.9
1010.3,22.1,81,0.3
1009.9,22.1,83,0.6
1009.3,22.3,84,0.5
1009.1,22.4,85,0.3
1009.1,22.5,88,0.6
1009.1,22.5,89,0.2
1009.5,22.8,89,0.6
1010.1,23.5,84,1.8
1010.3,23.8,85,0.7
1010.2,24.9,83,1.2
1009.7,26.6,76,0.9
1009.3,27.0,76,2.2
1009.0,27.5,70,1.9
1008.7,26.0,77,1.5
1007.9,25.9,73,1.7
1007.2,26.8,68,1.5
1006.6,27.0,66,1.7
1006.4,26.4,68,1.3
1006.4,26.2,69,0.7
1006.8,25.7,71,0.6
1007.6,25.1,74,0.3
1007.9,25.0,75,0.3
1008.2,24.2,85,0.6
1008.1,24.1,85,0.6
1007.3,23.6,84,0.2
1006.8,23.0,89,0.9
1006.2,22.8,89,0.6
1005.7,22.7,88,1
1005.3,22.5,90,0.2
1004.9,22.6,88,0.6
1005.3,23.0,87,0.6
1005.8,26.3,78,1.4
1006.2,28.1,74,1.3
1006.7,29.1,72,4.2
1006.4,29.7,71,3.2
1006.6,29.8,72,3.4
1006.8,29.1,77,3.7
1006.8,28.3,84,4.6
1006.3,28.2,82,3.9
1006.2,27.2,86,3.1
1005.5,27.8,79,2.3
1005.7,27.9,81,1.7
1006.8,26.7,85,1.9
1007.5,26.2,91,1.7
1008.5,25.9,91,1.7
1008.7,25.7,88,1.1
1009.3,25.7,83,1.5
1009.9,25.1,86,2
1010.1,24.4,84,2.8
1010.3,23.3,76,2.8
1010.5,22.5,78,2.6
1010.7,22.1,77,1.3
1011.3,22.1,73,3.2
1011.9,21.6,74,2.6
1012.7,20.9,80,1.9
1012.9,21.1,75,2.8
1013.6,21.0,75,3.6
1014.4,21.0,73,3.1
1013.6,22.5,60,2.8
1012.8,23.3,54,4.4
1012.4,25.0,56,5
1011.5,25.2,53,4.8
1011.1,24.2,56,3.2
1010.9,23.7,60,2.7
1010.8,22.8,65,3.9
1011.1,21.7,68,2.8
1012.3,19.4,70,2.5
1013.0,17.3,83,1.6
1013.2,17.1,82,2.5
1012.8,17.5,82,2.2
1012.6,17.8,83,1.6
1011.9,18.0,83,1.8
1011.5,18.2,83,1.4
1010.9,18.3,84,2
1010.2,18.6,85,1.9
1009.9,18.7,86,1
1010.2,18.6,90,0.7
1010.6,18.5,93,0.7
1011.2,18.4,95,0.8
1011.5,18.6,96,1.3
1011.9,19.0,96,0.6
1012.2,19.3,96,1.8
1012.0,20.1,93,0.8
1012.0,20.8,93,0.5
1011.5,21.2,94,0.8
1011.1,21.2,93,1
1010.6,21.2,92,0.7
1009.9,21.2,93,1
1009.9,21.1,94,0.8
1010.1,21.0,96,0.5
1010.2,20.9,97,1.5
1010.2,20.8,98,0
1011.2,21.0,98,0.4
1011.1,20.8,97,0.6
1010.8,20.7,97,0.5
1011.4,20.8,98,0.7
1010.4,20.6,97,0.5
1009.6,20.5,98,0.5
1009.1,20.4,98,0.4
1009.3,20.3,99,0
1009.3,20.4,99,0.1
1010.0,20.4,99,0.3
1010.7,20.6,99,0.3
1011.0,21.2,98,0.7
1011.0,22.3,95,1
1011.1,23.1,89,0.5
1010.9,24.5,84,0.5
1010.7,24.3,85,1.5
1010.2,25.2,78,2.9
1009.6,27.1,73,2.4
1009.1,26.0,76,2.5
1008.9,25.5,75,2.8
1008.5,26.0,74,2.7
1008.3,25.2,76,2.7
1008.3,24.5,81,2.2
1008.4,23.8,86,1.6
1009.0,23.6,84,0.9
1009.2,23.0,87,0.9
1009.5,22.6,89,1.5
1009.3,22.4,90,1.4
1009.0,21.9,92,1.2
1008.5,21.7,93,0.4
1008.3,21.3,93,0.9
1008.3,21.0,95,0.6
1008.5,20.9,94,0.5
1008.8,20.9,94,0.4
1009.5,21.3,92,0.8
1010.2,22.3,89,0.9
1010.2,23.5,86,0.6
1010.2,25.3,82,1.2
1009.7,26.4,75,0.6
1009.2,27.6,77,1.6
1008.6,27.4,78,2.2
1007.9,28.0,74,1.5
1007.1,27.9,75,1.6
1006.8,28.4,73,1.4
1006.9,28.3,74,1.7
1007.2,26.0,81,2
1007.6,25.7,82,0.5
1008.0,25.5,85,0.9
1008.4,25.7,83,0.6
1008.7,25.2,88,1.3
1009.0,25.3,86,0.9
1009.0,24.9,86,1
1008.6,24.4,87,0.4
1008.4,24.1,90,0
1008.4,24.1,89,0.9
1008.4,23.9,88,0.6
1008.7,23.5,86,0.4
1009.2,23.5,89,0.5
1009.8,23.8,89,0.5
1010.2,24.5,88,0.7
1010.6,25.5,86,2.1
1011.1,26.3,80,2.2
1011.1,27.0,76,2.5
1011.2,25.3,81,4
1010.7,25.7,76,4
1010.3,26.4,74,3.6
1009.8,25.7,75,3.5
1009.8,24.6,77,3.7
1009.8,23.8,80,2.9
1010.3,22.9,82,3.2
1010.6,22.1,83,3.9
1011.4,21.7,83,3.4
1011.4,21.5,83,2.8
1011.9,21.1,82,3.4
1012.2,20.9,84,3.1
1012.3,20.7,85,3.5
1012.2,20.6,85,3.2
1011.8,20.7,85,2.8
1011.5,20.6,84,3
1011.1,20.4,85,2.9
1011.6,20.4,83,2.3
1012.0,20.3,82,3
1012.7,20.1,84,3.3
1012.9,19.9,89,1.9
1013.3,20.2,87,3.2
1013.5,20.7,84,3.7
1013.6,21.0,80,3.9
1012.9,22.4,77,2.8
1012.4,22.7,73,4
1011.6,23.7,70,3
1011.1,23.5,71,3
1010.9,22.5,74,3.5
1010.9,21.8,77,2.2
1010.9,21.3,84,2.3
1010.8,21.3,82,1.9
1010.7,21.6,80,1.8
1010.8,21.7,80,2
1011.0,21.7,81,1.9
1011.1,21.7,82,0.3
1010.9,21.8,83,1.1
1010.7,21.8,83,0.8
1010.0,20.9,90,0.7
1009.6,20.8,94,0.2
1009.7,21.2,90,0.2
1009.7,21.0,93,0.4
1009.9,21.0,94,0
1009.9,21.1,95,0
1010.2,22.0,90,1
1010.9,22.5,91,1.4
1011.1,23.3,87,1.1
1010.7,25.1,81,0.7
1010.7,25.5,80,1.4
1010.7,25.0,83,2.2
1010.2,24.1,87,2.2
1009.5,24.0,88,2.4
1009.3,23.5,89,2.2
1009.1,23.0,93,1.6
1009.5,23.3,91,1.9
1009.7,23.3,91,1.8
1009.7,23.2,92,1.7
1010.2,23.0,93,1.3
1010.0,22.9,94,1.2
1010.4,23.0,93,1.2
1010.2,22.8,95,1.4
1009.6,23.0,94,0.7
1008.5,23.0,93,0.6
1008.1,22.9,93,0.4
1007.8,22.8,94,0.5
1008.0,23.0,94,0.2
1008.5,23.1,94,0.5
1008.8,22.9,91,0.9
1009.4,23.1,90,1.3
1009.8,23.6,89,0.1
1009.5,24.0,88,0.9
1009.6,25.1,82,0.9
1009.4,25.7,80,1.6
1009.0,26.7,75,1.9
1008.3,27.5,72,1.9
1007.8,27.3,76,1.7
1007.0,27.3,68,1.9
1006.8,27.4,68,1.4
1006.6,26.2,77,2.2
1006.6,26.1,78,1.7
1006.9,25.6,79,1.1
1007.1,25.1,81,1.1
1007.3,24.5,84,0.9
1007.1,23.9,86,0.9
1006.5,23.3,89,1
1006.1,23.2,87,1.3
1005.8,23.1,87,1
1005.5,23.0,89,1.2
1005.6,23.2,88,0.8
1005.8,23.0,88,0.5
1006.2,22.9,89,0.7
1006.4,23.1,89,0.6
1007.0,23.6,86,0.2
1007.0,24.7,82,1.4
1007.1,26.0,77,0.6
1006.5,27.2,68,1.1
1006.1,28.6,67,2.2
1005.5,28.5,73,2.2
1004.6,29.0,67,1.9
1004.1,29.2,62,2
1003.5,28.4,66,2
1003.4,28.2,67,1.3
1003.7,27.7,69,1.9
1003.9,26.4,69,1.7
1003.8,25.9,71,1.7
1004.6,25.1,75,1.6
1005.4,24.7,76,1.4
1005.6,25.3,72,1.5
1004.8,24.9,73,1.1
1004.4,24.5,77,1.5
1004.0,24.4,80,0.8
1003.8,24.4,81,1.1
1003.8,24.2,80,0.7
1004.0,24.1,81,0.6
1004.4,23.9,83,0.6
1004.7,23.7,85,0.4
1004.9,24.5,82,0.6
1005.3,25.4,77,0.9
1005.8,26.4,75,0.2
1006.0,26.8,74,0.4
1006.2,27.0,77,1.9
1005.6,26.5,78,1.5
1004.8,26.1,80,1.6
1004.3,26.0,82,1.3
1004.4,24.7,88,1.7
1004.5,23.4,92,1.4
1004.6,21.9,91,1.9
1003.4,22.1,95,1.1
1004.0,22.5,92,0.8
1004.2,22.8,92,1.4
1004.5,22.7,91,1.6
1005.3,22.6,93,1.4
1004.6,22.6,91,1.4
1003.4,22.8,89,1.4
1002.6,23.0,88,1.3
1003.1,22.6,93,0.7
1003.4,22.3,96,1.2
1003.4,22.5,93,1.6
1003.9,22.4,95,1.3
1004.0,22.5,94,1.1
1004.6,23.1,94,0.7
1005.0,23.7,94,1.2
1006.4,23.5,97,1.1
1006.8,23.1,97,0.8
1006.7,22.9,94,1.2
1006.0,23.1,90,1.8
1004.5,23.5,89,0.9
1003.5,24.3,88,0.8
1003.7,24.6,84,1
1004.0,24.8,85,0.6
1004.4,24.7,84,0.8
1005.5,24.0,89,0.8
1006.2,23.8,91,1
1006.8,23.0,96,0.6
1007.4,22.7,98,0.9
1007.5,22.8,96,1.4
1006.8,22.5,98,0
1006.3,22.7,96,1.2
1006.2,22.6,98,0.3
1006.2,22.6,97,0.1
1005.9,22.3,99,0.4
1006.1,22.7,95,1
1006.4,22.7,95,0.6
1006.9,22.8,95,0.7
1007.4,23.7,91,0.7
1007.8,25.0,86,0.8
1007.9,26.7,77,1.4
1007.7,28.2,69,1.5
1007.5,29.6,61,2.4
1006.9,30.7,59,2.6
1006.0,31.5,57,2.7
1005.1,31.3,58,2.9
1004.6,30.6,56,2.6
1004.1,29.6,60,3.5
1004.1,28.9,59,2.1
1004.4,28.0,59,3
1004.8,26.5,63,1.6
1005.5,25.3,65,2.8
1006.0,24.8,68,2.1
1006.5,24.9,68,1.7
1006.6,24.8,68,1.4
1006.8,24.6,69,1.8
1006.7,24.4,72,1.4
1006.3,24.3,74,2.1
1006.5,24.0,75,1.9
1006.8,24.0,74,1.8
1007.0,23.7,76,1.8
1007.2,24.0,73,1.7
1007.6,25.4,67,1.4
1007.8,26.9,62,2.9
1007.9,28.5,55,2.8
1007.9,29.8,52,3.3
1007.7,30.9,48,2.8
1007.4,31.4,48,3.2
1007.1,31.0,49,2.9
1006.6,30.4,51,2.4
1006.2,29.6,50,3.3
1005.7,29.4,50,2.3
1006.0,28.6,53,3.7
1006.7,27.2,56,3.6
1007.2,26.2,58,2.4
1008.0,25.9,58,3.7
1008.6,25.5,61,1.6
1008.9,25.2,63,1.3
1008.7,25.2,62,1.9
1008.3,25.1,62,2
1008.2,24.7,65,1.2
1007.9,24.3,63,1.4
1007.6,23.9,66,1.6
1007.7,24.0,63,1
1007.8,23.9,65,1.6
1008.3,24.1,66,1.5
1008.9,24.6,66,2.3
1009.1,26.2,63,1.2
1009.1,27.8,60,1.7
1008.6,29.1,59,1.6
1008.2,30.1,55,0.7
1007.6,30.8,52,1.8
1006.8,32.0,49,1.2
1006.1,31.9,47,1.7
1005.8,32.0,47,2.5
1005.5,31.4,48,2
1005.5,30.3,50,2.2
1005.9,28.7,53,2.8
1006.2,27.4,56,1.7
1006.9,26.2,61,1.8
1007.5,25.7,60,1.6
1007.7,25.2,62,1.8
1008.0,24.9,63,1.4
1007.6,24.6,64,0.5
1007.0,24.1,66,1.7
1006.8,23.9,67,1.7
1006.9,24.2,66,1.3
1007.0,24.3,67,1.1
1007.2,24.3,67,1.2
1007.9,24.2,67,0.9
1008.2,24.6,68,1.3
1008.6,25.3,65,1.8
1008.4,27.3,67,0.6
1008.6,28.8,65,1.8
1008.5,29.3,66,1.6
1007.7,29.8,66,1.7
1007.4,29.6,67,2.3
1006.8,30.1,63,2.7
1006.4,29.0,67,2
1006.2,28.3,66,1.6
1006.1,28.2,63,1.9
1006.1,27.9,59,0.8
1006.5,28.0,58,0.9
1007.2,27.0,67,0.2
1007.7,25.7,76,1.7
1007.9,25.3,79,0.7
1007.6,25.0,79,0.7
1007.3,24.9,80,1.3
1006.7,24.8,80,0.6
1006.2,24.4,82,0.6
1005.9,24.5,82,0.3
1006.2,24.3,83,0.8
1006.2,24.4,84,0.5
1006.7,24.4,83,0.8
1006.9,25.4,81,0.3
1007.1,27.6,75,1.2
1007.3,28.0,69,1.7
1007.4,28.2,72,3.1
1007.3,28.0,74,2.3
1006.8,28.0,77,2.1
1006.4,27.5,77,3
1006.0,28.4,72,3.2
1005.7,27.5,74,2.4
1005.4,28.0,71,2.1
1005.6,27.2,74,1.8
1005.7,26.4,75,1.1
1005.8,26.2,75,0.4
1006.1,25.7,80,0.4
1006.5,25.9,80,0.6
1006.5,25.7,79,1.2
1006.1,25.4,82,1.1
1005.7,24.9,85,1.4
1005.4,24.5,86,1.3
1005.0,24.2,87,0.5
1005.0,24.0,86,0.7
1005.1,24.0,84,1.1
1005.3,23.8,84,0.4
1005.8,23.7,84,0.5
1006.1,25.4,81,1.1
1006.3,27.5,70,1.1
1006.2,28.8,66,1.8
1006.3,29.8,62,1.9
1006.2,30.8,65,2.5
1005.6,31.2,63,2.5
1005.1,31.2,68,2.6
1004.7,29.6,71,3.6
1004.8,29.4,73,3.3
1004.4,28.7,74,3.7
1004.6,28.1,78,2.3
1005.0,27.7,80,1.5
1005.5,27.4,82,1.4
1005.9,27.4,79,0.5
1006.5,27.2,80,0.5
1007.0,27.3,79,1
1007.1,27.0,78,0.9
1006.7,26.8,79,0.7
,,,
,,,
,,,
,,,
,,,
,,,
,,,
,,,
,,,
,,,
,,,
,,,
,,,
,,,
,,,
,,,
,,,
,,,
,,,
,,,
,,,
,,,
,,,
,,,
,,,
,,,
,,,
,,,
,,,
,,,
,,,
1009.4,24.9,83,0.5
1009.1,25.1,82,2
1008.6,25.0,82,1.9
1008.6,24.9,81,2.7
1008.9,24.6,82,0.8
1009.6,24.4,82,2.2
1010.3,25.9,76,2.1
1010.5,27.4,69,0.8
1010.8,29.2,61,3.2
1011.0,29.9,58,4.2
1010.6,30.8,55,4.4
1010.4,31.0,57,4.1
1009.6,30.7,57,5.1
1009.1,29.9,62,4.6
1008.8,29.6,63,4.5
1008.4,29.3,62,3.9
1008.4,28.5,66,3.9
1008.9,27.4,72,3.1
1009.5,26.6,77,1.3
1010.0,26.4,79,1.5
1010.7,26.3,79,2.3
1011.3,26.1,81,1.2
1011.3,26.1,82,2.1
1011.0,25.8,83,1.5
1010.3,25.6,84,1
1009.8,25.6,84,1.6
1009.6,25.6,83,1.2
1009.5,25.6,85,1.1
1009.6,25.4,85,0.8
1010.1,25.3,80,1.3
1011.0,25.4,78,2.5
1011.5,26.4,72,5.8
1011.4,27.0,72,5.7
1011.5,27.8,66,5.8
1011.1,27.7,67,7.7
1010.3,28.5,64,6.3
1010.1,27.8,68,5.5
1009.6,27.3,70,5.3
1009.0,27.8,65,6.6
1008.3,27.1,68,5.9
1008.5,26.5,69,4.9
1008.8,25.9,71,4.2
1009.2,25.6,73,4.8
1009.7,25.7,73,4.8
1009.9,25.5,76,3.9
1010.5,25.5,78,4
1010.4,25.6,76,4.3
1010.0,25.5,77,2.9
1009.5,25.8,74,3.7
1008.7,25.6,76,3.4
1007.9,25.2,79,2.6
1007.4,25.0,81,3.2
1007.6,25.3,80,3.2
1007.9,25.3,80,2.9
1008.5,25.9,80,3.4
1008.7,27.7,74,2.8
1008.7,28.5,67,3.4
1008.9,29.3,67,3.6
1008.1,29.7,69,3
1007.7,31.2,63,3.9
1006.7,30.7,67,3.8
1006.1,30.4,69,4.1
1005.5,29.9,72,3.1
1005.2,29.3,72,3.4
1005.2,29.5,70,2.5
1005.5,28.2,81,1.9
1006.1,27.8,81,1.9
1006.5,27.4,82,0.9
1006.7,27.2,81,0.9
1007.2,27.1,83,0.6
1007.0,26.8,85,0.7
1006.6,26.7,86,1.2
1006.1,26.5,87,1.3
1005.5,26.3,86,1.8
1005.1,26.2,84,2.1
1005.1,26.2,84,2.4
1005.4,26.0,83,2.1
1005.6,26.1,81,2.2
1005.8,26.6,80,2.9
1006.1,27.8,72,2.9
1006.1,28.6,67,3.1
1006.0,29.4,63,3
1005.9,29.5,64,3.2
1005.5,29.7,67,2.9
1005.0,30.0,66,2.4
1004.8,29.2,70,3.5
1004.6,29.2,71,3.5
1004.6,28.8,73,3.5
1005.2,28.3,74,2.4
1005.7,27.7,79,2.4
1006.1,27.3,80,1.9
1006.9,27.0,83,1.9
1007.5,27.0,84,1.8
1008.1,26.9,81,1.3
1008.1,26.9,79,1.5
1007.8,26.4,80,1.7
1007.2,26.0,78,1.3
1007.0,25.7,78,0.4
1006.8,24.8,80,1.1
1007.1,25.0,78,1
1007.8,24.3,83,1.6
1008.9,24.1,91,1.1
1009.4,24.4,92,1.5
1010.0,26.3,86,1.5
1009.9,28.4,71,1.1
1009.5,29.4,66,1.5
1009.5,30.0,66,2.9
1009.0,29.6,67,1.6
1008.4,30.1,66,2.3
1008.0,30.2,65,2.7
1007.8,30.1,65,2.2
1007.9,29.0,70,2.8
1008.4,27.7,75,2.4
1009.2,26.9,77,2.2
1009.7,26.1,78,1.8
1010.6,25.8,78,1.6
1011.6,25.7,78,1.2
1012.1,25.4,77,1.5
1011.5,25.1,78,1.6
1011.3,24.8,78,2.7
1011.1,24.6,78,3.1
1010.9,23.6,86,1.5
1010.6,23.7,82,3.9
1009.8,23.2,85,1.1
1010.4,23.5,82,0.8
1010.9,23.9,80,1.4
1011.5,24.2,79,1.9
1012.1,24.6,77,1.5
1012.3,26.0,73,1.9
1012.5,26.2,71,1.9
1012.3,27.1,68,3.7
1011.5,26.5,70,3.8
1010.9,27.8,65,2.9
1010.5,26.6,76,2.2
1009.9,25.7,84,4.2
1010.1,25.3,83,3.5
1010.4,25.3,81,3.8
1010.7,25.3,78,1.9
1011.0,24.7,80,1.8
1011.3,24.7,80,0.9
1011.5,24.7,80,0.5
1011.8,24.2,83,0.7
1011.2,23.6,85,0.8
1010.7,23.5,85,1
1010.3,23.3,87,0.5
1009.8,23.4,84,1.2
1009.4,22.5,88,0.5
1009.5,22.3,88,1.5
1009.7,22.1,89,1.2
1010.1,21.8,90,0.7
1010.7,23.5,85,0.8
1010.8,26.3,74,0.8
1011.1,27.3,65,1
1011.1,28.6,60,1.4
1011.1,29.1,62,2.2
1010.7,29.8,63,1.9
1009.9,28.7,65,1.7
1009.1,28.8,63,1.3
1008.4,29.7,58,3.6
1008.4,28.5,62,3.9
1009.1,27.2,65,3.8
1009.5,25.9,70,2.8
1010.0,25.3,71,1.4
1010.2,25.2,74,3.2
1010.9,24.9,73,3.8
1011.0,24.6,71,3.9
1010.7,24.7,69,5
1010.3,24.7,68,5.3
1010.1,24.6,69,5.2
1009.9,24.4,69,4.5
1009.8,24.4,69,4.4
1009.6,24.1,70,3
1010.0,23.2,74,3.7
1010.5,23.7,73,4.5
1011.1,25.3,67,4.5
1011.5,26.3,64,5.6
1011.7,27.5,60,5.1
1011.7,28.8,56,4.3
1011.3,29.2,53,5.5
1010.4,30.3,45,4.4
1009.6,30.2,50,4.9
1009.0,29.4,52,4.7
1008.6,29.3,52,4.2
1008.6,27.7,59,5.7
1008.7,27.4,59,3.9
1009.3,26.3,65,4.1
1009.8,25.7,68,3.9
1010.6,25.4,70,2.8
1010.6,25.3,71,4.3
1010.7,25.4,71,3.8
1010.7,25.1,73,3.3
1010.5,25.3,71,2.9
1009.9,25.2,72,1.6
1008.7,25.1,71,1.8
1008.6,25.2,71,3.3
1008.6,25.3,69,3
1008.6,25.5,68,3.1
1008.6,25.7,67,2.4
1009.4,26.6,64,1.6
1009.9,27.8,61,3.2
1010.0,29.0,58,3.7
1010.0,29.4,58,4
1010.1,28.9,62,4.1
1009.6,30.3,59,4.9
1008.4,30.6,58,4.2
1008.1,30.5,59,3.4
1007.5,29.9,61,4
1007.1,29.3,63,3.6
1007.3,28.6,67,3.3
1007.7,27.4,72,4.4
1008.2,26.6,76,3.5
1008.9,26.5,76,2.3
1009.4,26.4,78,2.2
1009.5,26.3,79,3.6
1009.7,26.3,79,3.8
1009.2,26.2,81,4.2
1008.8,25.9,85,3.4
1008.1,25.6,82,2.6
1007.4,26.5,77,4.2
1007.3,26.3,79,3
1007.8,25.8,81,3
1008.0,26.2,80,3.8
1008.3,27.5,76,3.5
1009.2,29.1,71,3.5
1009.9,29.3,71,2.8
1010.0,30.3,74,2.9
1009.7,29.7,77,4.1
1009.3,30.5,75,4
1009.0,30.4,74,3.6
1008.2,29.6,78,2.9
1007.9,29.3,79,3.3
1007.4,30.2,71,2.9
1007.2,29.2,77,2.2
1008.1,28.2,84,2
1008.7,27.6,87,0.5
1009.3,27.4,89,0.8
1009.9,27.3,90,0.5
1010.2,27.3,90,1
1010.2,27.1,92,1.1
1009.6,26.9,91,1.1
1009.1,26.5,89,0.5
1008.5,26.3,90,0.4
1008.1,26.3,90,0.6
1008.4,26.2,91,0.2
1009.0,25.9,91,0.7
1009.2,25.9,91,0.6
1009.8,27.1,87,0.3
1010.2,28.1,77,1.3
1010.4,29.5,64,0.8
1010.4,29.4,74,2.5
1010.4,31.3,63,2.5
1010.1,30.9,64,1.9
1009.4,30.2,66,2.2
1008.6,31.1,59,1.9
1008.3,29.2,70,3.4
1008.2,28.3,73,2.8
1008.7,27.9,74,2.6
1009.5,27.3,75,1.3
1009.8,26.3,76,2.9
1010.7,25.7,77,1.5
1011.0,24.8,80,4.6
1011.7,24.6,79,4.9
1011.7,24.2,79,4.4
1011.0,23.9,78,4.5
1010.4,23.8,79,3.3
1010.0,23.6,77,3.5
1009.8,23.7,76,3.5
1010.0,24.5,72,2
1010.3,24.2,74,1.8
1010.5,24.6,73,2
1011.1,24.9,73,3.7
1011.5,26.2,69,4.8
1011.9,27.1,65,4.3
1011.9,28.1,63,4.5
1012.1,28.8,59,4.5
1011.8,27.8,64,6.8
1011.0,28.4,63,4.4
1010.2,29.5,59,4.3
1009.7,26.9,68,7.1
1009.2,26.7,68,6.2
1009.3,26.8,68,3.8
1009.7,25.7,73,3.5
1009.8,25.1,76,4
1010.3,25.2,75,5.2
1011.4,25.1,76,2.8
1011.2,25.3,73,3.2
1011.6,25.0,76,6.1
1010.9,24.7,78,2.5
1010.5,24.6,77,3.1
1009.8,24.6,78,2.2
1009.5,24.7,78,1.4
1009.6,24.5,78,2.3
1009.3,24.6,77,1.8
1009.1,25.3,77,3.4
1009.8,26.5,71,2.9
1010.7,26.7,72,4
1010.9,27.5,69,3.9
1010.7,28.3,68,3.9
1010.5,27.6,71,4.2
1009.8,28.6,68,3.3
1008.8,30.1,64,4.1
1008.1,30.6,63,4.2
1007.5,30.2,64,3.7
1007.1,29.8,66,3
1006.8,29.2,69,2.6
1007.2,28.1,74,3
1008.0,26.9,78,2.5
1008.6,26.9,79,2.2
1008.8,26.6,82,2.7
1009.2,26.3,84,3
1009.0,26.1,85,2.7
1008.4,26.3,85,2.6
1008.2,26.4,84,2.2
1007.7,26.4,84,2.5
1007.1,26.0,86,2.7
1007.0,26.0,88,1.8
1007.1,26.0,89,1
1007.5,25.5,89,1
1007.9,27.7,83,0.9
1008.3,29.3,78,2.1
1008.8,30.5,71,3
1008.8,30.6,69,2.6
1008.6,31.1,69,2.9
1008.2,31.3,64,2.5
1007.4,31.3,65,2.3
1006.5,30.8,69,2.6
1006.1,31.0,70,2.4
1005.6,30.2,74,1.8
1005.7,29.5,75,1.6
1006.4,28.8,78,1.8
1006.9,28.2,84,1.8
1007.6,27.8,86,1.9
1007.6,27.6,89,2.5
1007.8,27.4,89,2.7
1008.3,27.2,89,3.6
1008.2,27.1,88,2.1
1008.1,27.1,87,3.4
1008.1,27.3,83,3.4
1008.4,26.9,85,2.4
1008.7,26.6,87,1.6
1009.2,26.9,83,2.1
1009.4,27.0,79,5.7
1010.3,26.9,76,7
1010.5,27.2,71,7.1
1011.3,27.4,68,7.9
1011.1,27.3,65,9.6
1011.2,27.2,64,8
1011.3,27.7,60,8.1
1010.9,28.6,57,7.2
1010.6,27.9,58,7.6
1010.3,27.2,62,7.7
1010.0,26.9,62,7.2
1010.6,26.0,65,7.3
1011.2,24.9,67,6.7
1011.9,24.2,69,6.1
1012.3,24.1,68,6
1012.4,24.1,66,6.5
1012.4,24.1,66,7.6
1012.1,23.9,70,8.3
1011.3,23.7,70,8.6
1010.9,23.6,69,6.7
1010.4,23.5,67,7.2
1009.9,23.4,67,6.3
1010.2,23.3,69,3.1
1010.6,23.7,67,3.6
1011.1,24.0,67,3.5
1011.4,24.4,65,2.6
1011.5,25.6,65,2.4
1011.7,26.0,60,5.4
1011.3,28.4,54,4.5
1011.2,28.4,55,3.1
1010.6,29.3,53,4.7
1009.5,30.0,52,3.9
1009.1,29.0,56,4.8
1008.6,30.4,52,3.2
1008.5,29.5,56,2.4
1008.7,28.0,60,2.8
1008.9,26.4,68,2.6
1009.0,26.0,68,2.1
1009.5,25.7,70,1.4
1009.6,25.4,73,0.8
1010.0,25.4,73,0.9
1009.9,25.1,75,0.8
1009.2,25.3,75,1.8
1009.0,24.4,84,0.4
1008.7,23.7,90,1.1
1008.7,23.8,87,1.2
1008.6,23.4,91,1
1008.8,23.4,92,0.9
1009.1,23.3,91,1.4
1009.8,25.6,82,0.6
1010.1,26.7,75,1.8
1010.1,28.8,70,1.5
1009.8,30.6,59,1.2
1009.3,31.3,59,2.2
1009.1,30.4,60,2.2
1008.5,31.9,57,2.3
1008.0,31.8,57,1.9
1007.9,30.0,66,1.8
1007.7,30.0,65,1.5
1008.0,28.8,66,1.9
1008.4,27.9,68,2.8
1009.0,27.3,73,2.3
1009.7,27.0,76,2.6
1010.0,27.0,74,2.9
1009.9,26.6,77,2.8
1009.7,26.5,78,4.2
1009.1,26.8,74,3.2
1008.7,26.4,76,1.3
1008.3,25.8,79,2.3
1008.3,25.6,80,3
1008.4,25.7,79,2.4
1008.9,25.4,79,0.9
1009.1,25.6,79,0.6
1009.7,27.0,73,0.6
1009.9,28.7,65,0.7
1009.9,29.6,65,2.3
1009.6,30.8,61,2
1009.5,31.1,60,1.8
1008.9,31.3,59,1
1008.2,32.2,60,2.7
1007.7,31.4,65,2.9
1007.2,30.9,64,3.4
1006.9,29.8,67,2.5
1007.0,29.9,67,2.4
1007.7,28.8,73,2.3
1008.2,27.9,78,1.9
1008.8,27.8,76,1.3
1009.3,26.9,83,1
1009.4,26.2,84,1.3
1009.3,25.9,86,0.5
1009.0,25.8,87,0.3
1008.4,24.9,90,1
1008.2,24.9,90,0.7
1008.3,24.9,88,0.6
1008.2,24.5,91,1.6
1008.5,24.4,88,1
1009.0,24.3,91,1.1
1009.6,26.8,80,1
1009.7,29.4,68,0.7
1010.2,29.1,71,2.1
1010.3,30.5,64,2
1010.0,30.0,62,1.7
1009.3,30.4,62,2.3
1008.8,30.3,62,2.1
1008.3,31.0,59,2
1008.1,30.7,61,2.3
1007.9,30.2,65,1.9
1008.0,29.8,72,1
1008.5,28.5,75,2.2
1009.2,27.6,82,2
1010.0,26.6,83,3.8
1010.2,26.9,78,4.9
1010.6,27.0,77,3.9
1010.5,26.9,76,4.4
1010.1,26.7,79,3.8
1009.5,26.5,77,1.7
1009.0,26.2,79,2.8
1008.7,26.2,77,2.2
1009.0,25.9,77,2.6
1009.3,25.6,79,2.1
1009.7,26.0,75,3.3
1009.9,26.4,72,3.8
1010.7,26.8,71,4.7
1011.2,28.7,65,3.5
1011.1,28.9,62,6
1011.1,30.4,59,4.7
1010.6,30.1,60,4.5
1010.3,30.2,60,3.7
1009.9,29.4,63,5
1009.7,28.6,66,5.1
1009.2,28.0,69,5
1009.4,27.2,70,6.4
1009.9,26.5,71,5.8
1010.1,26.1,73,5.9
1010.6,26.1,72,5.8
1010.8,25.9,72,6.3
1011.0,25.6,73,6
1010.4,25.2,72,5.2
1010.0,25.4,69,4.9
1009.9,25.4,72,3.6
1009.9,24.9,76,1.5
1009.6,24.5,77,1.5
1009.6,24.4,76,1
1009.8,24.5,73,0.6
1009.7,25.3,69,1.2
1009.7,27.0,66,1.7
1010.0,28.6,58,2.9
1010.2,29.8,54,4.4
1010.5,31.0,53,3.9
1010.2,29.7,62,3.1
1009.8,29.7,66,2
1009.1,29.5,69,1.9
1008.7,30.4,63,2
1008.3,30.1,64,2.3
1008.3,29.2,70,2.6
1008.5,28.1,75,1.6
1008.8,27.3,79,2.2
1009.3,27.0,80,1.7
1009.9,26.9,80,1
1010.0,27.0,80,0.4
1010.2,26.8,81,0.5
1010.1,26.7,83,1.4
1009.2,26.3,83,0.9
1008.3,25.8,83,0.4
1007.8,25.5,85,0.6
1007.7,25.4,86,0.6
1007.5,25.3,86,0.8
1008.1,24.9,88,0.3
1008.5,25.8,86,0.7
1008.7,27.2,80,2.2
1009.1,29.0,74,1.8
1009.3,29.1,73,2.8
1009.1,30.0,68,2.7
1008.8,30.6,67,2.5
1008.2,31.4,59,1.9
1007.6,31.8,55,2.2
1006.9,31.7,54,1.7
1006.4,30.5,66,2.7
1006.2,29.5,71,3.9
1006.0,28.8,73,3.1
1006.5,27.8,79,4
1007.1,27.1,79,3.1
1007.6,26.7,82,1.6
1007.7,26.5,82,1
1007.7,25.8,85,1.4
1007.3,25.7,86,0.7
1006.5,25.7,85,0.5
1005.7,25.6,86,0.3
1005.2,26.1,86,0.8
1004.8,26.0,86,1
1005.1,26.3,86,1.2
1005.3,26.2,86,0.7
1005.5,26.2,86,2.1
1006.1,26.8,81,3
1006.3,27.2,76,4
1006.5,28.6,71,3.6
1006.2,29.4,66,2.7
1005.9,29.9,66,2.6
1005.3,30.2,65,2.7
1004.6,29.5,67,1.9
1004.0,30.6,56,1.6
1003.8,30.0,64,2.1
1003.5,29.2,70,2
1004.0,28.7,71,1.5
1004.5,27.8,75,2
1004.8,27.7,73,1.5
1005.2,27.7,78,1.6
1006.0,27.6,78,1.5
1006.2,25.8,89,1.6
1005.9,26.2,84,1.8
1005.4,26.1,82,0.8
1004.7,26.3,79,0.9
1004.4,26.4,76,0.8
1004.2,26.3,80,0.9
1004.2,26.0,82,1
1004.5,25.0,86,0.3
1005.1,25.1,85,0.3
1005.8,26.3,81,1.1
1006.1,27.8,76,1.3
1006.4,28.6,72,1.3
1006.1,29.8,66,1.7
1005.8,31.0,61,1.6
1005.4,30.8,64,2.8
1004.5,31.0,62,2.3
1003.8,31.1,61,3.2
1003.5,30.7,61,1.5
1003.2,30.3,60,1.8
1003.4,29.5,69,2.3
1003.9,28.3,75,1.7
1004.2,27.7,79,1.3
1004.5,27.8,77,0.9
1005.1,27.4,79,0.7
1005.1,27.4,79,0.8
1004.6,27.2,79,0.5
1004.1,27.2,79,1.6
1003.9,27.1,78,0.8
1003.3,26.8,80,1.3
1003.5,26.8,82,1
1003.9,26.5,82,1.7
1004.3,26.3,82,2.1
1004.6,26.4,81,1.1
1005.0,27.8,73,1.4
1005.6,28.8,69,3.4
1006.1,30.4,64,2.9
1006.1,30.4,63,2.1
1006.0,29.3,73,1.1
1005.2,30.5,69,2.8
1004.2,31.1,64,1.9
1004.0,30.5,67,3.2
1004.0,29.6,71,2.5
1003.6,29.5,72,2.5
1004.2,29.1,72,2.6
1005.2,28.6,74,1.5
1005.9,27.9,78,1.7
1006.6,27.7,79,1.1
1007.1,26.7,86,0.9
1006.7,26.3,87,1
1005.9,26.0,89,1.8
1005.8,25.8,91,1.2
1005.5,25.8,89,0.7
1005.2,25.6,92,1.3
1004.6,25.2,93,0.9
1005.2,25.1,94,0.4
1004.8,25.2,92,1.5
1005.9,24.9,93,1.5
1006.5,26.3,87,1.8
1006.8,28.9,69,1
1007.2,30.2,62,2.2
1007.2,31.6,57,2.8
1007.2,32.5,52,2.6
1006.8,32.1,55,3.6
1006.1,31.1,59,4.1
1005.6,31.4,58,3.9
1005.1,31.1,60,4.9
1005.5,28.7,69,3.2
1005.4,27.8,72,3.3
1005.6,26.7,77,4.2
1005.7,25.9,82,7.4
1006.9,25.2,84,6
1007.8,25.4,80,5.4
1008.2,25.8,78,4.7
1008.1,26.0,78,4
1008.0,25.4,77,4
1007.6,25.6,77,2.4
1007.1,25.8,78,3
1007.3,25.3,82,2.9
1007.6,25.5,77,3.5
1007.6,25.5,78,4.3
1007.8,25.4,78,2.2
1008.7,25.9,75,4
1008.6,26.3,74,4.4
1008.2,27.0,71,7.6
1009.1,26.9,72,6.5
1009.3,27.8,72,5
1009.6,26.7,75,4.3
1009.3,26.3,79,3.9
1008.7,27.1,74,3.8
1008.8,26.0,77,2.8
1008.5,25.6,76,5
1008.4,25.0,78,3.3
1008.7,24.9,74,4.9
1008.8,24.9,73,4.5
1008.6,25.3,69,6.1
1009.0,25.7,64,6.6
1009.4,26.0,61,7
1010.4,26.0,62,4.9
1010.0,26.1,62,5.5
1009.5,24.9,68,7
1008.5,25.7,61,6.4
1008.3,25.0,70,6.8
1008.1,25.2,67,6.1
1008.5,25.1,70,6.6
1008.6,25.1,69,6.4
1009.0,25.6,65,6
1009.5,26.6,63,6.9
1009.9,27.1,64,7.9
1009.6,28.3,56,6.8
1009.4,29.1,55,5.6
1009.3,29.1,56,6.2
1008.6,29.1,56,7.3
1008.2,27.8,58,7.1
1008.4,28.6,58,6.2
1007.9,28.5,58,3.2
1007.9,26.9,63,4.3
1008.0,26.5,64,5.4
1008.3,26.3,67,5.9
1008.8,26.0,68,6.2
1009.4,25.8,69,5.2
1009.6,25.9,68,5.6
1010.1,25.6,68,4.2
1009.6,25.5,69,3.3
1008.9,25.5,70,2.8
1008.4,25.4,68,4.7
1008.3,25.4,66,2.7
1008.2,25.1,71,4.1
1008.0,25.0,71,3.5
1008.2,25.2,70,4.5
1008.8,26.2,67,4.9
1009.2,27.5,62,4.6
1009.4,28.5,60,5.1
1009.7,28.7,57,4.9
1009.7,29.6,55,4.6
1009.0,29.4,53,3.1
1008.5,30.4,48,3.9
1007.9,29.2,53,3.7
1007.3,28.4,55,4.3
1006.9,28.1,58,3.1
1006.9,27.4,65,2.3
1007.1,27.0,66,2.9
1007.9,26.7,67,1.8
1008.5,26.7,67,1.7
1009.2,26.7,69,2.5
1009.5,26.5,68,1.8
1009.5,26.5,68,2.1
1008.6,26.3,71,2.3
1008.0,26.1,70,1.9
1007.6,25.6,73,2.7
1007.3,25.3,74,0.7
1007.1,25.1,75,0.9
1007.4,25.3,73,1.4
1007.5,24.8,77,0.8
1007.9,26.5,70,1.6
1007.9,28.1,64,1.2
1008.1,29.8,59,2.1
1008.3,29.3,59,1.1
1008.1,30.5,59,2
1007.7,29.6,63,2.1
1007.4,28.6,66,1.6
1006.8,28.9,66,2.1
1006.6,29.9,64,2.6
1006.4,29.2,66,1.8
1006.2,28.8,67,1.5
1006.5,27.8,71,1.9
1006.6,27.3,73,0.5
1007.1,27.0,74,0.3
1007.6,26.9,75,0.4
1008.0,26.7,76,0.5
1007.9,25.9,80,0.8
1007.6,25.9,82,0.6
1006.9,25.5,84,1.2
1006.5,24.9,85,1.9
1006.4,24.8,86,0.8
1006.3,24.2,88,1.2
1006.3,23.9,89,0.6
1006.7,24.0,90,1.1
1007.5,26.6,80,0.4
1007.9,27.7,75,2.4
1008.0,28.5,70,2.2
1008.0,29.9,64,2.2
1008.2,30.8,62,3
1008.1,30.5,65,2.8
1007.4,30.6,65,2.7
1006.8,31.1,63,3.1
1006.4,31.1,65,2.3
1006.0,29.9,69,2.1
1006.1,29.3,70,2
1006.4,28.7,73,1.4
1007.0,28.1,76,0.5
1007.6,27.8,79,0.4
1008.0,27.7,79,0.7
1008.5,27.5,81,0.4
1008.4,27.3,82,0.4
1008.1,27.1,83,0.8
,,,
,,,
,,,
,,,
,,,
,,,
,,,
,,,
,,,
,,,
,,,
,,,
,,,
,,,
,,,
,,,
,,,
,,,
,,,
,,,
,,,
,,,
,,,
,,,
,,,
,,,
,,,
,,,
,,,
,,,
,,,
1008.4,22.5,95,2
1007.9,22.5,96,2.5
1007.6,22.6,93,2.2
1007.6,22.5,95,1.5
1007.7,22.4,95,1.9
1008.2,22.3,95,3.2
1009.2,24.2,90,1.5
1009.9,26.1,83,2.3
1010.2,26.3,79,2.4
1010.3,27.3,76,3
1009.9,27.7,74,2.9
1009.3,27.1,75,2.5
1008.8,27.1,77,1.7
1008.4,27.0,75,2
1008.2,26.3,79,1.8
1007.8,25.8,79,1.8
1007.9,25.7,78,2.1
1008.4,24.8,86,1
1008.9,24.1,90,2.2
1009.4,23.6,93,3.1
1010.3,23.1,95,3.1
1010.7,23.0,96,1.8
1010.8,23.2,97,0.8
1010.7,22.9,96,2.4
1010.2,22.5,95,1.4
1009.7,22.0,95,2.6
1009.6,22.0,97,0.9
1009.5,21.9,96,2
1009.3,21.8,95,2.7
1009.6,21.8,94,2.5
1010.6,22.6,91,1.9
1011.6,22.9,90,2.1
1011.6,24.6,85,2.1
1012.1,23.7,88,1.8
1011.7,22.5,94,3.4
1010.7,23.8,85,3.8
1010.1,24.9,81,1.6
1009.5,24.9,78,1.7
1008.9,23.6,84,2.5
1008.3,24.3,74,2.3
1008.4,24.4,77,1.7
1008.7,23.8,83,1.4
1009.0,23.2,87,2.1
1009.3,22.9,86,3.6
1009.7,22.6,91,0.8
1010.2,23.7,88,2.4
1010.3,22.5,95,0.8
1009.4,22.2,94,1
1008.6,22.1,94,1
1007.4,21.8,96,0.5
1006.7,22.1,95,0.6
1006.2,23.1,90,1.5
1006.2,22.5,93,1.3
1006.6,23.3,90,1.8
1006.9,24.8,82,1.1
1007.1,25.6,80,3.3
1007.0,26.9,80,1.1
1006.8,26.0,81,1.2
1005.9,26.5,82,1.2
1005.2,26.2,83,1.4
1004.2,26.1,85,1.3
1003.2,25.5,90,1.5
1002.5,26.0,91,1.9
1002.2,26.2,92,1.6
1001.9,26.3,91,2
1002.1,26.6,91,1.9
1002.7,26.2,91,0.8
1002.8,25.0,91,1.7
1002.9,24.0,84,3.7
1002.7,23.6,86,3.9
1002.4,22.9,88,2
1001.9,22.0,91,1.3
1001.4,22.0,86,3.6
1000.7,21.9,84,2.3
1000.4,22.1,85,3.4
1000.3,21.9,84,3.1
1000.7,21.3,89,1.9
1001.1,21.6,89,1.5
1001.5,24.9,83,1.1
1001.8,26.4,82,0.8
1001.8,27.1,79,1
1001.7,27.7,76,1.1
1001.3,28.7,74,2.1
1000.9,29.3,75,2.7
1000.3,29.4,75,3.2
1000.1,29.4,77,3.9
1000.2,27.9,79,5.3
1000.7,28.0,74,6
1001.3,27.0,82,4.6
1002.1,26.9,77,5.1
1003.1,25.7,87,5.2
1004.1,25.3,85,4.4
1005.1,25.0,86,4.2
1006.0,24.9,85,3.9
1006.3,24.4,86,3.9
1006.2,23.9,86,4
1005.7,23.5,86,3.6
1005.4,23.5,83,3.7
1005.6,23.4,83,3.3
1005.8,23.4,82,2.9
1006.4,23.2,83,2.8
1007.2,23.3,82,2.1
1007.8,23.8,81,2.4
1008.2,24.1,80,3.4
1008.8,24.4,80,3.1
1008.5,24.9,79,2.3
1008.2,25.7,77,3
1008.3,25.1,81,2.8
1007.9,24.5,83,4.1
1007.6,24.2,83,3.8
1007.4,22.7,91,4.4
1007.7,22.7,91,4.4
1007.8,22.3,92,4.9
1008.6,21.8,91,5.3
1009.2,22.0,88,5.9
1009.9,22.2,85,4.6
1011.0,22.0,86,4.9
1011.5,22.2,82,4.8
1011.6,22.2,83,4.1
1010.9,21.6,85,4.8
1010.6,21.6,86,3.6
1010.2,20.8,91,3.9
1009.8,20.5,93,3
1009.7,20.5,93,2.2
1010.2,20.5,92,1.9
1011.0,20.6,94,1.6
1011.3,20.8,94,1.7
1012.1,20.9,95,0.6
1012.4,21.2,95,1
1012.3,21.2,94,1.4
1011.9,21.2,95,1.9
1010.9,22.0,93,1.4
1010.2,22.4,92,1.4
1009.6,21.8,91,2.2
1009.4,21.5,95,3.1
1009.0,21.7,94,2.5
1009.3,21.4,94,2.9
1009.6,21.1,93,2.4
1010.2,21.5,90,3.1
1010.5,21.4,91,2.2
1010.7,21.4,93,1.7
1010.7,21.4,94,2.1
1010.2,21.4,92,1.4
1009.5,21.2,94,1.4
1008.8,21.5,92,2.3
1008.2,21.4,92,1.7
1007.7,21.5,90,1.5
1007.9,21.5,91,1.3
1008.3,21.5,91,1.6
1008.7,21.8,90,1.2
1009.3,22.4,87,2.7
1009.6,24.6,80,3.3
1009.9,25.1,78,3.5
1010.1,25.0,80,4.8
1010.5,25.1,69,6.1
1009.9,25.9,68,5.8
1009.5,26.4,67,5.5
1008.5,25.3,68,5.4
1008.0,24.7,67,5.5
1007.9,24.6,66,4.1
1008.3,24.1,67,3
1009.1,23.7,68,2.7
1009.5,23.6,69,3.1
1010.4,22.4,78,2.7
1010.7,22.0,79,3.6
1010.6,22.6,77,2.9
1010.3,22.3,79,2.5
1010.1,22.3,79,3.2
1009.6,22.1,80,2.9
1009.4,21.1,84,3
1009.2,21.1,83,3.3
1009.3,21.3,82,3.3
1009.5,21.3,81,3.3
1010.2,21.5,82,3.1
1010.6,23.5,78,1.5
1011.1,25.8,69,1.8
1011.2,26.0,69,1.3
1011.0,26.4,68,2
1010.6,26.5,71,1.5
1009.8,27.3,66,1.8
1009.0,26.7,67,1.4
1008.5,26.8,65,2.1
1008.2,26.7,65,1.2
1008.2,25.9,66,1.3
1008.2,25.6,68,0.9
1008.8,24.7,74,0.5
1009.2,24.3,77,1.3
1009.7,23.3,82,2
1010.2,23.1,82,2
1010.3,23.2,81,1.9
1010.0,22.9,81,2.1
1009.8,22.7,82,1.6
1009.2,22.0,85,2.4
1008.9,21.4,87,2.9
1008.3,21.3,85,3.4
1008.2,21.4,85,4
1008.2,21.5,83,3.8
1008.9,22.2,81,3.3
1009.1,24.1,79,2.2
1009.6,26.2,69,0.6
1009.8,26.8,68,1.6
1009.5,27.3,71,2.1
1009.4,26.5,71,1.7
1009.2,26.3,74,1.2
1008.4,26.0,73,0.5
1007.7,25.4,78,1.5
1007.3,25.1,80,0.9
1007.1,25.0,77,1.4
1007.2,23.8,87,2.7
1007.5,23.7,88,2.3
1008.2,23.7,89,1.9
1008.7,23.4,89,1.6
1009.0,23.3,89,1.8
1009.6,22.9,89,2.7
1009.5,23.0,88,2.6
1008.9,23.5,87,2.8
1008.2,23.3,88,2.3
1007.4,23.3,89,1.2
1006.6,23.1,89,2.4
1006.7,22.6,92,1.3
1006.9,22.7,92,1.9
1007.3,23.0,90,1.1
1007.6,25.5,80,0.6
1007.9,26.3,81,1.1
1008.2,26.9,78,1.6
1008.3,26.6,79,1
1007.8,27.2,79,1
1007.3,26.2,92,3.7
1006.7,25.7,89,2.6
1005.5,26.7,88,1.8
1005.4,26.5,84,1.7
1004.4,26.7,88,1.1
1003.6,27.4,88,1.5
1003.6,27.1,89,2.5
1004.6,27.2,84,3.7
1004.8,27.2,79,3
1005.2,27.1,73,3.6
1005.9,25.1,78,3.4
1006.1,25.4,87,3.7
1006.2,25.9,82,2.6
1006.3,25.5,87,2.9
1005.8,25.0,89,4.8
1005.9,24.6,88,6.1
1006.3,24.3,87,6.3
1006.9,24.1,87,5.1
1007.6,24.0,86,4
1008.3,24.2,86,5.6
1009.2,24.3,85,4.2
1009.6,24.0,86,4.3
1009.4,25.0,84,4.5
1009.2,25.2,81,5.3
1009.0,25.4,79,4.9
1008.2,24.5,82,5.1
1008.4,23.2,87,4
1008.1,22.2,91,5.6
1008.1,22.1,89,5.6
1008.6,21.9,88,5.1
1009.5,21.6,90,5.1
1010.0,21.2,92,4.3
1010.6,21.1,91,4.9
1011.4,21.3,88,5.3
1011.9,21.5,85,5.1
1011.8,21.6,84,4.9
1011.4,21.6,85,4.4
1010.9,21.3,85,2.3
1010.2,21.5,84,3.1
1010.2,21.2,87,2
1010.2,21.5,85,3.2
1010.5,21.6,82,2.6
1011.2,21.4,86,2.9
1011.8,21.1,89,2.4
1012.2,22.1,81,3.8
1012.5,22.7,81,3.7
1012.4,22.9,79,3.9
1012.0,23.6,78,4.5
1011.8,23.9,79,6.3
1011.5,23.2,79,4.8
1011.0,22.2,86,3.9
1010.4,22.6,84,4
1009.9,23.2,78,4.2
1009.9,22.6,83,3.5
1010.4,22.0,87,2.8
1010.8,22.0,85,3.6
1011.4,21.8,87,3.7
1011.5,22.1,85,1.8
1011.8,22.1,86,2.9
1011.6,22.0,87,3
1011.1,21.8,87,1.7
1010.6,21.5,91,2.6
1009.8,21.4,92,1.6
1009.5,21.2,95,2
1009.3,21.3,95,1.7
1009.5,21.3,94,1.7
1009.9,21.6,94,1.6
1010.1,21.8,95,1.6
1010.2,22.2,94,1.2
1010.2,22.8,93,1.8
1009.9,23.4,90,1.5
1009.7,23.5,86,1
1008.9,23.9,89,1.5
1008.4,23.6,92,1.7
1007.4,23.4,94,1.4
1006.7,24.2,91,0.8
1006.4,23.8,92,1.6
1006.2,23.8,92,1.6
1006.4,23.5,94,1.6
1006.9,23.3,95,0.8
1007.4,23.1,97,0.7
1007.9,23.1,96,0.6
1008.0,23.1,96,0.6
1007.4,22.7,96,1.3
1006.8,22.7,96,1.1
1006.5,23.1,95,1.3
1005.8,23.4,95,0.8
1004.9,24.4,93,2
1004.6,24.8,91,1.2
1004.5,25.1,90,1.1
1004.7,25.8,84,0.9
1005.1,26.4,81,1.1
1005.4,27.9,79,1.4
1005.4,27.8,84,1.7
1005.4,28.0,88,1.7
1005.3,27.5,91,1.6
1005.0,27.3,92,1.7
1004.1,28.7,87,1.3
1003.2,28.6,88,1.1
1002.9,28.5,87,1.3
1002.7,28.4,84,0.8
1002.9,28.2,84,1
1003.5,27.5,88,2.2
1004.2,27.0,90,2.4
1005.0,27.0,89,3.4
1005.2,26.2,92,1.5
1005.9,25.9,93,1.6
1006.6,25.4,91,1.6
1006.4,26.4,89,3.4
1006.5,26.4,89,4
1007.1,25.1,90,6.5
1007.1,25.2,90,7.3
1008.0,24.1,91,8.2
1009.2,23.1,92,6.8
1010.0,22.6,92,6
1011.3,22.4,92,5.9
1012.0,22.4,88,6.5
1012.3,23.9,78,6
1012.4,24.1,77,6.8
1012.6,25.4,69,7.2
1012.8,23.4,76,6.4
1012.4,23.3,73,5.4
1011.4,23.6,64,6.4
1011.5,23.0,63,4.9
1011.1,21.6,78,2.9
1011.1,22.5,70,5
1011.9,22.2,72,4.1
1012.5,21.3,77,3.1
1013.1,21.7,79,4.5
1013.6,22.0,74,4.8
1013.9,20.5,79,6.8
1013.4,21.9,65,4.3
1012.7,21.8,65,3.7
1012.2,21.8,66,4.1
1011.8,21.8,67,3.3
1010.8,21.6,69,2.9
1010.7,21.6,70,3
1010.7,21.5,72,2.8
1011.2,21.3,74,1.7
1011.7,21.4,75,1.5
1011.9,21.6,74,1.8
1011.9,22.4,74,1.6
1011.8,23.1,74,1.1
1011.0,23.4,73,1.8
1010.6,23.5,76,2
1009.4,24.9,72,3.4
1008.8,25.5,70,3.1
1008.2,24.5,71,3
1008.0,24.2,76,1.9
1007.8,23.9,78,2.4
1008.2,23.5,80,1.9
1008.3,23.1,81,2.3
1008.5,22.7,83,1.9
1008.7,22.7,81,2.1
1008.7,22.6,80,1.4
1008.7,23.2,80,2.3
1008.1,23.2,78,1.9
1007.7,22.8,82,1.8
1007.1,22.7,81,1.9
1006.8,22.6,83,2
1007.0,22.5,82,2
1007.2,22.3,84,2.6
1007.7,23.0,81,2.5
1008.3,23.8,81,0.9
1008.5,25.0,75,0.7
1008.7,25.6,70,0.6
1008.5,26.4,72,0.7
1008.4,27.0,72,2.2
1008.2,27.6,75,2.2
1007.7,27.5,79,2.6
1007.4,27.2,77,2.2
1007.3,26.6,81,3.6
1007.3,24.7,93,2.8
1007.6,24.0,94,1.3
1007.9,23.6,94,2.2
1008.4,23.2,94,3.8
1009.2,22.9,96,2.2
1009.4,23.0,95,2.6
1009.5,22.9,94,3.6
1009.0,22.9,94,3.1
1008.4,22.9,94,3
1007.8,23.0,93,2.6
1007.1,22.9,93,2.4
1006.8,22.8,92,2.5
1007.0,22.5,92,2.6
1007.4,22.0,93,2.8
1007.8,22.6,89,3.3
1008.1,24.8,85,2.2
1008.2,26.7,75,0.7
1008.4,27.1,74,1.8
1008.4,27.3,70,1.5
1008.3,27.8,75,2.6
1007.7,28.0,76,2.9
1007.2,28.2,77,2.5
1006.6,27.6,77,2.4
1006.1,27.3,79,1.6
1005.8,27.1,80,1.1
1005.8,27.0,79,1.6
1006.2,26.3,82,1.4
1006.8,25.7,88,1.7
1007.4,25.1,89,1.6
1007.7,24.9,87,2.2
1008.1,24.7,87,2.4
1007.7,24.3,89,2.4
1007.2,23.8,90,2.3
1006.8,24.0,89,0.6
1006.6,24.4,90,1.4
1006.4,23.5,90,2.9
1006.5,23.2,90,1.9
1007.0,23.0,92,3.1
1007.7,23.9,89,2.4
1008.0,25.8,85,0.9
1008.4,27.4,78,2
1008.6,28.0,76,2.3
1008.7,30.0,69,2.8
1008.7,28.7,75,3.6
1008.2,29.4,70,3.8
1007.9,28.0,79,3.9
1007.6,27.4,83,4.4
1007.2,26.8,88,3.2
1007.2,24.6,91,5.5
1007.3,25.2,81,4.3
1007.7,25.2,81,4.2
1008.4,25.2,83,4.9
1009.1,24.8,85,3.8
1009.4,24.4,88,5.3
1009.8,24.6,83,5.8
1009.8,24.6,81,6.6
1009.3,24.7,78,6.3
1009.0,24.2,81,6.5
1008.3,24.4,78,6.1
1008.4,24.4,77,6.6
1008.3,24.0,78,6.1
1008.7,24.1,76,5.8
1009.0,24.2,76,6.2
1009.7,24.7,78,6.6
1010.5,24.9,79,7.4
1010.5,25.8,77,6.3
1010.9,26.1,76,6.6
1010.6,26.4,73,8.2
1010.4,26.3,75,6.8
1009.7,25.8,77,8.2
1009.1,25.3,76,7.8
1009.1,24.6,80,7.4
1008.8,24.8,74,6
1009.0,24.3,77,6.7
1009.6,23.8,82,7.9
1010.3,23.3,81,7.5
1010.6,23.3,80,6.4
1011.1,23.5,78,5.7
1010.9,23.2,82,3.8
1010.4,23.2,82,3.1
1009.9,23.2,80,2.3
1009.3,23.3,79,3.1
1008.7,23.3,80,3.5
1008.7,23.1,78,2.8
1008.4,23.4,74,2.9
1008.3,23.2,79,2
1008.8,23.6,79,2.9
1009.3,24.2,78,1.6
1009.4,25.4,75,2.5
1009.6,25.9,76,4.7
1009.3,27.1,69,4.9
1009.1,28.2,70,3.3
1008.8,27.4,73,4.7
1007.9,26.9,76,4.6
1007.2,26.8,81,4.9
1007.1,26.8,80,3.3
1006.8,26.7,81,3.8
1007.1,26.3,81,2.9
1007.4,25.9,83,3.7
1008.0,25.8,79,2.7
1008.2,24.9,86,0.8
1008.8,25.3,84,2.4
1008.7,25.3,85,1.6
1008.3,25.0,86,1.1
1007.5,23.5,92,1.7
1006.8,23.3,90,2.7
1006.2,23.0,90,2.4
1005.7,22.3,94,1.3
1005.5,22.8,91,1.3
1005.9,22.8,92,1.5
1006.1,24.5,89,0.6
1006.5,25.8,85,0.9
1006.8,26.4,80,0.6
1006.8,27.3,76,1.5
1006.8,28.0,78,1.7
1006.6,27.1,81,1.1
1006.3,27.2,83,0.6
1005.7,28.1,74,1.1
1005.2,28.7,77,1.7
1004.8,28.0,84,2.6
1004.5,27.6,83,2.5
1004.4,26.5,88,3.2
1004.9,26.1,93,3
1005.6,25.7,96,3.5
1006.3,24.9,97,3.5
1006.5,24.7,96,1.6
1006.5,24.4,96,1.9
1005.9,24.3,96,2.2
1004.9,24.2,96,2.2
1004.1,23.9,96,2.6
1003.3,23.8,96,2.5
1003.0,23.9,95,2.9
1003.0,23.9,94,3.2
1003.2,23.9,93,2.3
1003.7,24.2,90,3.2
1003.9,24.9,90,2.5
1004.3,26.3,85,3.3
1004.6,27.2,85,4
1004.3,28.9,79,4.9
1004.3,27.4,81,5.8
1003.7,27.3,82,3.9
1003.2,26.6,83,4.6
1002.7,26.9,81,3.3
1002.4,27.4,80,2.4
1002.3,24.9,91,2.6
1002.7,24.4,94,3.2
1003.3,24.2,92,2.5
1003.6,23.9,89,2.2
1004.1,23.9,83,2.7
1004.6,24.2,74,2.4
1004.9,23.8,84,2.1
1004.4,23.8,86,1.8
1003.9,23.7,85,2
1003.1,23.1,90,0.6
1002.6,23.0,89,1.2
1002.4,22.6,89,1.7
1002.4,22.4,90,2.2
1002.7,22.6,88,2.6
1003.2,23.0,87,3.2
1003.9,25.4,82,2.5
1004.3,27.2,77,0.7
1004.6,27.3,77,1.1
1004.4,27.6,78,1.5
1004.2,27.6,80,1.7
1003.8,27.8,79,2.3
1003.2,27.6,78,1.2
1002.7,27.1,79,1
1002.4,26.5,83,1.4
1002.0,26.3,83,2
1002.1,26.0,81,2.7
1002.6,26.2,79,1.4
1003.2,25.4,84,2.4
1003.5,25.3,83,1.6
1003.9,25.1,88,3.4
1004.3,24.7,90,3.6
1003.9,24.1,90,4.2
1003.4,24.1,88,2.1
1002.7,23.9,91,1.4
1002.2,24.1,90,2.8
1002.2,24.0,89,1.7
1002.2,24.0,88,1.3
1002.9,24.0,89,1.5
1003.4,24.4,88,1.6
1003.9,24.6,86,1.3
1004.5,24.9,85,2.8
1005.1,25.5,83,1.8
1005.1,26.7,77,2.7
1005.0,26.1,81,2.6
1004.4,25.5,85,3.2
1003.8,26.0,84,3.1
1003.4,26.2,82,3.8
1002.9,26.4,82,3.1
1002.9,26.1,84,3
1003.7,24.3,95,1.9
1004.0,24.0,97,2.7
1003.7,23.6,96,0.7
1004.3,23.6,97,2.9
1004.9,23.2,96,2.9
1005.6,22.8,95,3.4
1005.3,23.4,93,2.5
1004.6,23.0,94,2
1004.1,22.9,94,2.8
1004.1,22.9,92,3
1003.5,22.7,92,2.8
1003.7,22.8,91,3
1004.2,23.0,91,2.3
1004.7,23.0,91,1.8
1005.5,26.4,83,0.9
1005.8,27.1,76,5.2
1005.8,28.2,72,5.5
1006.6,27.3,81,5.9
1006.9,26.2,86,4.7
1006.4,27.3,82,6
1006.4,24.6,96,4.1
1006.0,24.1,96,2.3
1005.8,23.9,94,3
1005.9,23.1,96,5.5
1006.4,23.1,96,3.3
1006.7,22.7,95,1.9
1007.0,22.5,94,2.5
1007.2,22.6,93,1.8
1008.0,22.5,93,4.1
1008.4,23.0,90,4
1008.3,22.8,90,3.6
1007.8,23.2,86,3.6
1007.4,23.6,81,3.8
1007.1,23.9,80,4.6
1007.1,23.6,83,4.1
1007.3,23.4,81,4.6
1007.5,23.6,86,5.2
1008.1,23.4,87,5.9
1008.9,23.8,89,6.1
1009.4,24.2,88,5.7
1010.0,22.6,95,4.8
1010.2,24.6,87,5.3
1010.4,24.2,85,6.6
1009.9,26.1,75,5.3
1009.5,25.6,81,6.1
1009.2,24.8,80,4.9
1009.2,24.1,77,4.7
1008.8,23.6,79,3.2
1009.5,22.0,90,4.2
1009.2,22.6,81,4.3
1009.5,23.4,67,4.3
1009.9,24.1,71,3.6
1010.6,24.3,65,3.4
1011.0,23.5,74,2
1011.2,23.0,84,4.5
1011.1,21.6,94,4.5
1010.1,21.8,87,3.3
1009.7,22.6,79,4.8
1009.9,21.5,91,3.8
1009.9,21.1,92,4.9
1009.6,21.9,84,4.2
1009.8,22.0,84,3.4
1010.6,22.3,90,2.1
1010.7,22.6,91,0.8
1010.9,23.6,87,2.6
1010.9,23.5,85,3.5
1010.7,23.1,87,3.3
1010.1,24.0,82,4.6
1009.4,26.0,68,3.6
1008.7,27.1,64,4.3
1008.5,25.7,70,4.2
1008.2,25.0,72,2.4
1008.1,24.7,71,3
1008.5,24.7,72,3.4
1008.5,24.2,70,3.1
1008.9,24.2,71,2.6
1009.5,24.2,71,2.6
1009.8,23.7,73,2.7
1009.6,23.8,72,2.8
1009.1,23.2,75,2.2
1008.4,22.8,78,2.3
1007.8,22.2,82,3.2
1007.8,22.4,81,2
1007.6,21.4,85,2.8
1007.7,21.5,83,3.3
1008.1,22.2,83,2.6
1008.5,24.3,76,1
1008.7,25.6,71,3.1
1009.0,27.4,67,3.2
1009.0,26.5,70,3.2
1008.8,26.5,68,2.3
1008.1,28.2,68,1.7
1007.2,28.0,64,2.8
1006.6,28.0,64,3
1006.1,26.8,68,2.5
1005.8,27.3,67,1.7
1006.0,26.2,68,2.9
1006.4,25.6,72,2.5
1006.7,25.1,73,1.9
1007.2,24.4,76,2
1008.1,24.6,74,2.2
1008.6,23.9,79,2.9
1008.4,23.4,80,2.9
1007.6,22.6,83,3.3
1006.9,22.3,83,3.7
1006.3,22.1,85,3.6
1005.8,21.7,86,3.7
1005.6,21.7,86,3.8
1005.6,21.5,87,3.5
1005.8,22.4,84,2.5
1006.1,25.7,73,0.5
1006.1,26.2,71,1.4
1006.5,26.8,73,1.6
1006.4,28.0,73,1.7
1006.0,28.7,74,1.4
1005.9,28.7,75,1.7
1005.5,28.4,73,2
1005.1,28.5,74,1.5
1004.8,28.3,74,0.9
1004.3,26.6,78,1.2
1004.2,26.6,78,1.1
1004.6,26.4,79,0.9
1004.9,25.5,81,0.8
1005.5,24.0,87,2.2
1005.9,23.4,89,2
1006.5,23.5,89,2.5
1006.5,23.9,89,2.1
1006.0,24.4,89,1.8
1005.4,24.3,97,2.1
1005.0,23.9,97,1.6
1004.2,23.3,95,3.2
1004.1,23.5,96,1.7
1004.3,23.5,97,0.6
1004.5,23.9,95,1.4
1005.0,25.5,88,0.6
1005.4,26.4,87,0.9
1005.3,28.2,80,1.5
1005.1,28.6,79,1.6
1005.0,28.7,79,2.6
1004.9,27.9,82,1.7
1004.6,27.1,82,1.6
1004.4,25.6,91,2.7
1004.2,25.5,94,1.7
1003.8,25.5,94,1.8
1003.9,25.8,93,1.8
1004.3,26.0,93,0.7
1004.8,25.6,95,0.8
1005.5,25.5,94,1.7
1006.0,25.8,93,1.1
1006.5,25.6,95,1.6
1006.5,25.7,93,2.2
1006.1,25.3,95,2.3
,,,
,,,
,,,
,,,
,,,
,,,
,,,
,,,
,,,
,,,
,,,
,,,
,,,
,,,
,,,
,,,
,,,
,,,
,,,
,,,
,,,
,,,
,,,
,,,
,,,
,,,
,,,
,,,
,,,
,,,
,,,
975.8,22.7,96,3.7
975.3,22.7,97,4.1
974.9,22.5,97,3.4
975.0,22.6,97,4.4
975.3,22.2,97,5.3
975.8,21.9,99,3.3
976.6,22.3,97,7.4
977.3,23.5,94,5.3
977.7,23.5,92,4.5
977.9,24.2,89,6
977.8,24.2,91,5.2
977.5,25.1,87,5.7
976.9,25.1,87,5.2
976.3,24.5,88,5.2
975.9,24.3,88,5.6
975.7,23.8,90,5.3
975.7,23.7,91,4.3
976.2,23.5,91,4.9
976.7,23.4,92,5.7
977.2,23.3,94,5.5
977.8,23.5,94,6.2
978.3,23.5,94,6.1
978.3,23.5,95,4.8
977.9,23.3,94,5.5
977.3,23.2,96,5.5
976.8,23.2,94,7.1
976.5,23.2,95,5.6
976.3,23.0,97,5.8
976.2,22.7,98,9.5
976.6,22.9,95,8.7
977.4,22.8,88,9.8
978.3,23.3,81,8.1
978.7,23.2,81,8.7
979.0,23.2,78,9.2
979.0,21.0,99,7.5
978.0,21.2,99,5.7
977.4,22.4,87,8.7
976.8,23.1,82,8.2
976.4,23.1,82,6.4
976.0,23.1,78,7.3
976.1,23.0,81,6.9
976.2,22.9,83,7.2
976.6,22.9,83,7.6
977.1,22.8,86,8.2
977.7,22.6,86,7.5
977.8,22.6,86,6.6
977.8,22.3,85,6.1
977.4,22.4,88,5.7
976.7,22.4,88,5.7
975.9,22.4,89,5.4
975.2,22.5,89,5.4
975.0,22.4,89,4.3
974.7,22.5,89,4.7
975.1,22.6,91,3.7
975.6,23.1,90,4.9
975.9,24.0,87,5.3
975.9,24.8,86,4.8
975.8,25.4,86,6.1
975.3,26.0,85,6.5
974.6,25.2,89,6.1
973.6,24.8,91,6.8
972.8,24.6,93,6.3
972.4,24.8,95,7.1
971.9,24.8,97,7.5
971.7,24.7,97,8.1
971.7,24.7,98,9.4
972.0,24.6,97,8.3
972.5,24.5,96,7.2
972.8,24.1,94,7
972.7,24.1,94,7.8
972.4,24.2,96,9.2
971.5,23.6,97,12.2
971.0,23.7,96,12.7
970.4,23.6,96,14.6
970.2,23.5,96,13.3
970.1,23.4,95,14.1
970.3,23.3,93,14.6
970.1,23.5,92,15.9
970.0,23.7,90,15.4
970.6,24.2,85,15.2
970.9,24.7,86,15.5
971.1,25.1,84,14.1
970.5,25.4,86,15.5
969.8,25.5,86,16.3
969.2,25.7,86,17.7
968.5,25.6,84,17.2
968.8,25.6,86,17.4
969.0,25.5,85,16.3
969.4,25.2,83,15
970.4,24.7,86,12.6
971.1,24.5,87,12.7
972.3,24.4,86,10.2
973.4,24.3,88,8.8
974.5,24.1,90,5.5
974.7,24.2,91,0.2
974.3,23.8,95,4
973.8,23.6,98,5.9
973.6,23.4,98,4.7
973.6,23.2,98,3.8
973.9,23.1,98,4.2
974.6,23.1,98,3.9
975.0,23.2,98,3.4
975.8,23.5,98,3.5
976.6,23.6,97,2.9
976.9,23.9,96,2.6
976.5,26.0,89,2.3
976.2,24.3,96,2.1
976.1,25.3,93,0.8
975.4,25.2,94,3.2
975.0,24.8,95,3.6
974.8,24.8,95,3.1
974.9,24.7,97,3.2
975.2,24.3,95,2.5
975.7,23.0,98,9.9
976.3,22.9,97,8
977.3,22.8,98,7.4
977.9,22.7,98,5.8
978.5,22.6,98,8.2
978.2,22.4,98,9.6
977.5,21.9,99,9
977.4,21.7,99,8.8
976.9,21.5,98,7.9
977.1,21.4,98,9.8
976.9,21.2,97,3.4
977.2,21.4,96,4.6
978.0,21.7,94,5.3
978.2,21.9,94,5.3
979.2,22.4,94,5.4
979.2,22.6,94,5.4
979.4,22.9,94,4.3
979.0,22.6,98,2.7
978.3,22.5,98,4.5
977.3,22.0,98,7
976.9,21.9,96,3.6
976.2,22.0,98,10.3
976.1,21.9,97,10.4
976.6,22.1,97,8.3
977.1,21.9,98,7.8
977.7,21.8,98,7.3
977.7,21.7,98,8.6
978.1,22.0,98,7.7
978.0,22.0,97,6.9
977.8,22.1,97,6.4
976.9,22.2,97,6.6
976.6,22.2,97,5.2
975.8,21.9,98,5.7
975.5,21.8,98,6.2
975.7,22.0,97,3.5
976.0,21.6,97,3.8
976.5,22.0,96,4.6
977.0,22.5,94,4.6
977.3,22.6,94,5.5
977.5,22.8,92,6.7
977.9,22.8,93,4.1
977.9,22.9,93,8.1
977.3,23.2,93,4.7
976.8,23.9,89,3.7
975.9,23.7,89,5.9
975.5,22.1,94,5.3
975.3,22.5,90,6
976.0,22.2,88,4.7
976.3,22.1,87,4.2
977.1,22.2,85,4.6
977.3,22.2,87,5.8
977.7,22.1,87,5.2
978.1,22.1,84,5.8
977.8,21.9,81,6.2
977.5,21.9,81,5.8
977.1,21.7,81,6.9
976.8,21.5,82,5.7
976.6,21.2,83,6.8
976.7,21.2,82,6.2
977.1,21.3,81,6
977.8,21.5,81,6.3
978.1,22.6,76,6.1
978.6,23.4,74,6.4
978.9,24.0,75,5.7
978.7,24.6,73,6
978.4,25.1,72,6.1
977.7,24.8,73,6.1
977.1,24.7,74,5.9
976.5,24.1,74,5.2
976.1,23.5,77,5.4
976.0,23.1,80,6.5
975.7,22.9,82,6.8
976.3,22.7,84,5.9
977.1,22.5,84,5.8
977.7,22.6,84,5.9
977.9,22.8,85,5.7
978.0,22.8,84,5.6
977.8,22.7,84,5.8
977.4,22.3,85,4.9
977.0,22.4,87,4.9
976.3,22.4,87,5
975.8,22.6,88,4.8
975.8,22.6,87,6.4
976.0,22.6,87,6.6
976.3,22.7,89,5.7
976.5,22.8,90,7
977.2,23.0,89,7.3
977.5,23.1,90,5.8
977.5,23.2,92,6.8
977.1,23.0,96,7.1
976.9,22.2,99,8.2
976.0,23.8,93,6.9
975.3,23.4,94,6.6
975.2,23.3,95,6.3
975.1,23.3,96,5.2
974.6,23.1,98,6.1
975.5,23.2,98,5.1
975.8,23.1,99,4.1
976.1,23.1,99,6.1
977.0,22.3,99,4.3
977.5,22.2,99,3.4
977.4,22.8,97,3.4
976.5,22.6,98,1.7
976.4,21.8,96,3.1
975.6,23.2,86,0.4
975.0,23.3,92,2.3
974.9,23.9,96,3
975.1,23.8,98,4.6
975.4,24.3,99,6
975.6,24.2,99,7.6
975.8,24.5,99,9.2
976.4,24.8,99,8.8
976.9,25.0,98,9.1
976.5,25.6,97,8.4
976.8,25.6,96,6.6
976.1,25.4,96,6.4
975.0,25.4,98,5.8
974.6,26.1,93,6.8
974.2,25.4,97,5.9
973.9,25.1,97,7.1
974.4,25.1,99,6.2
975.2,25.1,99,6
975.6,25.0,99,6
976.1,24.9,99,5.6
976.5,24.6,99,6.2
976.4,24.6,99,7
976.1,24.3,99,7.2
975.5,24.4,99,7.4
974.8,24.2,99,6.7
974.6,24.1,99,5.8
974.8,24.0,99,5.3
974.9,24.0,98,5.6
975.3,24.0,97,9.2
976.2,24.3,94,7
977.3,25.2,88,1.9
977.6,25.1,92,2.6
977.6,24.2,94,4.5
977.3,24.7,92,6.4
977.0,25.0,90,7.5
976.2,25.8,89,5.6
975.9,25.2,90,5.4
975.5,24.7,91,6.7
975.3,24.2,93,7.6
975.6,23.4,96,6.2
976.2,22.8,97,9.1
976.6,22.6,97,9.4
977.2,22.1,99,10.8
978.0,21.7,99,10.1
978.5,21.6,99,6.6
978.6,21.3,99,6
977.8,21.2,99,8
977.0,21.3,99,9.7
976.4,21.1,99,10.7
976.7,21.1,99,6.6
976.6,21.2,99,7.1
976.8,21.0,99,9.5
977.4,21.2,99,8.4
978.0,20.9,99,9.1
978.4,20.8,99,9.9
979.0,21.2,99,7.3
979.0,21.3,99,4.4
978.9,22.2,95,5.2
978.6,23.4,91,6.3
978.3,22.5,93,5.3
977.4,23.3,91,7.5
977.0,23.2,91,7.9
976.7,22.4,94,7.1
976.7,22.2,95,6.5
977.0,21.9,97,4.4
977.3,22.1,95,7.9
977.8,22.1,96,8.9
978.2,21.8,98,7.6
978.4,21.9,97,6.3
978.4,21.9,98,4.3
978.0,21.8,98,4.8
977.5,21.7,99,6.1
976.8,21.9,97,5.7
976.5,22.1,95,6.7
976.7,21.5,99,5.9
976.8,21.8,99,5.9
977.0,21.7,99,6.7
977.4,21.7,99,4.2
977.7,22.2,99,5.6
977.9,22.1,99,1.9
977.8,22.5,99,4.4
977.1,22.7,99,4.2
976.5,22.6,99,6.4
976.1,22.9,99,3.9
975.5,23.1,99,2.8
974.7,23.3,99,2.9
974.3,23.3,99,1.6
974.2,23.6,98,2.4
974.5,23.7,97,3.2
974.9,23.9,97,5.5
975.7,24.0,97,5.7
976.1,24.1,97,5.1
976.5,24.0,96,5.8
976.2,24.0,97,4.9
975.4,24.0,97,4.5
975.2,24.0,98,4.5
974.8,24.0,98,5.1
974.3,23.9,98,4.2
973.9,24.0,97,6.2
973.9,24.0,99,4.8
974.1,24.2,99,6
974.7,24.7,98,6.3
975.0,25.4,96,5.8
975.3,25.9,95,6.8
975.4,26.5,95,5.9
975.1,26.7,95,6.1
974.6,26.3,96,7.9
973.7,26.2,97,9.2
972.7,26.9,94,8.1
971.9,26.5,95,11
971.3,25.7,97,11.6
971.3,25.4,98,11.7
971.8,25.1,98,12
972.0,25.0,99,14.1
972.1,24.5,98,16.5
973.6,24.7,96,7.8
974.0,24.8,97,9.2
973.9,24.9,98,5.5
974.1,24.9,98,2.7
973.9,25.2,94,5.2
973.5,25.2,96,9.2
973.0,25.1,92,14.2
973.3,25.0,95,14.9
974.1,23.9,98,18.5
975.0,23.7,96,14
975.6,22.8,99,13.6
976.9,22.1,99,10.7
977.6,22.1,93,7.5
978.2,22.3,89,8.5
978.0,22.4,85,9.4
977.9,22.5,85,9.6
977.3,21.7,92,11.4
977.4,22.2,86,10.9
977.1,22.0,84,9.4
976.9,21.8,86,11.8
977.1,21.9,82,7.2
977.9,21.7,80,8.3
978.5,21.7,81,7.5
978.9,21.7,81,6.3
979.2,21.7,85,7.9
979.4,21.6,86,7.3
979.4,21.3,92,7
978.5,20.6,96,8.8
977.9,19.8,97,12.5
977.5,20.1,96,8.3
976.9,20.3,96,10.6
976.8,20.3,97,10.1
977.2,20.2,99,5.6
977.7,20.7,94,5.2
978.1,21.1,93,4.1
978.4,21.5,93,8.2
978.6,22.2,91,5.9
978.4,22.3,92,6.1
978.2,24.2,86,4.4
977.5,23.8,89,6
976.5,23.4,91,10.8
975.8,23.3,90,10.1
975.6,22.4,94,9.8
975.4,22.3,96,8.6
975.4,21.8,98,6.9
975.4,21.9,97,9.3
975.7,21.8,98,8.1
975.9,21.9,98,7.6
976.3,22.3,96,8.3
976.5,22.5,94,8.3
976.7,22.2,98,6.2
975.8,22.0,99,6
975.4,21.9,99,6.6
975.1,22.0,99,6
974.6,22.0,99,5.9
974.8,22.1,98,3.3
975.1,22.2,98,6.8
975.5,22.2,99,4.8
976.4,23.2,99,4.7
976.8,23.6,98,4.7
977.0,24.4,94,5
976.7,25.7,87,4.4
976.3,26.1,87,4.5
976.3,25.8,87,5.7
975.7,25.5,90,5.6
975.2,25.4,86,5.2
975.1,25.1,90,5.4
975.0,24.7,93,4.9
975.2,24.4,94,3.4
975.4,24.1,94,5
975.9,23.9,97,5.5
976.5,23.9,96,6
976.9,23.8,93,6.2
977.1,23.7,92,6.6
976.8,23.6,94,5.1
976.4,23.7,95,4.3
975.7,23.6,97,2.6
975.1,23.6,97,6.5
975.0,23.4,99,4.6
974.9,23.5,99,5.1
975.5,23.4,99,5.1
976.0,23.6,99,3.3
976.3,24.3,96,4.8
976.5,24.8,96,5.5
976.6,25.7,92,4.3
976.7,25.4,92,3.9
976.5,26.4,87,3.6
976.3,26.1,92,4.6
975.6,25.9,89,3.8
975.0,25.5,91,3.8
974.6,25.8,92,2.7
974.3,25.2,94,2.2
974.3,25.0,94,2.2
974.8,24.6,96,1.2
975.3,24.3,96,2.1
976.0,24.2,93,2.3
976.2,24.1,90,2.5
976.6,24.1,94,2.9
976.0,24.2,97,2.7
975.8,24.1,97,2.8
975.3,24.1,98,2
975.0,24.2,98,0.8
975.0,24.0,98,3
975.1,24.0,99,2.7
975.1,23.8,99,3.3
976.0,24.0,98,1.6
976.5,24.6,97,0.9
976.9,24.8,98,1.7
977.1,25.0,98,2.4
977.3,27.1,93,2.9
977.0,27.3,92,2.4
976.5,27.2,91,1.8
976.2,26.4,91,2
975.6,26.1,93,1.7
975.3,25.6,90,0.7
975.0,25.7,92,3.1
975.2,25.4,94,2.5
975.6,24.6,93,4.3
976.1,24.1,96,4.2
976.7,24.1,97,4.2
977.1,23.7,98,10
977.4,23.6,98,4.9
977.0,23.4,99,13.4
976.6,23.1,98,12.6
975.9,22.9,98,17.2
975.3,22.8,98,16.4
974.9,22.5,99,16.6
974.8,22.7,98,18
974.8,22.5,98,20.6
975.6,22.6,98,13.4
976.2,22.9,97,14.6
976.6,22.9,96,15.3
976.8,23.0,96,17.4
977.0,22.9,95,19.5
977.1,23.2,92,18.2
976.4,23.1,93,17.3
975.7,23.1,94,16.8
975.7,23.0,94,14.9
975.6,23.0,93,10.3
975.1,22.6,94,11.9
975.2,22.4,92,16.5
975.5,22.3,91,18.6
975.9,22.0,97,18
976.3,22.0,96,15
976.9,22.0,97,14.1
976.4,21.4,99,18.6
976.1,21.4,99,16.1
975.6,21.3,99,19.7
975.4,21.5,99,18.6
975.1,21.7,99,14.6
974.9,21.7,98,15.5
974.6,22.3,97,15.8
975.4,22.4,97,14.3
975.8,22.5,98,10.4
975.8,22.8,97,11.4
976.1,22.8,98,9.3
976.5,22.9,99,11.7
976.7,23.2,99,9.5
976.6,23.4,99,9.5
976.3,24.3,94,9.4
975.8,25.7,92,8.3
975.4,24.8,92,6.6
975.1,25.1,96,6.6
974.7,24.4,95,7.3
975.2,24.3,96,7.3
975.3,23.9,97,5.8
975.7,23.8,98,9.1
976.4,23.8,99,8.1
976.5,23.8,98,7.5
976.7,23.8,99,7.1
976.6,23.7,99,5.9
975.9,23.6,98,5.5
975.3,23.7,99,4.1
974.5,23.5,99,3
974.3,23.4,99,1.9
974.3,23.6,97,0.7
974.6,23.3,98,3
975.0,23.7,98,3.2
975.2,24.2,97,2.4
975.5,25.5,95,2.6
975.5,26.0,90,4
975.6,26.0,92,4.2
975.1,26.4,90,5.3
974.7,26.9,89,6.5
973.9,27.4,85,6.1
973.3,27.2,84,6.6
972.7,27.4,82,6.2
972.3,27.0,79,5.7
972.1,26.1,86,9.8
972.2,25.3,95,9.2
973.0,25.1,94,9.1
973.8,25.2,99,5.2
974.0,25.1,99,4.6
974.0,25.4,99,4.7
973.2,25.3,99,5.6
972.4,24.9,99,7
971.7,24.8,99,6.4
971.4,24.3,99,4.1
971.1,24.2,99,3.6
971.4,24.1,98,1.5
971.6,24.2,94,3.6
972.0,24.2,95,3.3
972.5,24.8,90,3.9
972.9,26.0,86,1.8
973.1,26.5,84,2
973.1,27.6,80,1.7
972.9,25.6,93,3
972.3,25.1,96,3
971.5,25.5,92,2
971.0,25.0,94,2.3
970.7,24.8,96,5.1
970.2,24.4,99,5.2
970.5,24.2,99,5
971.1,24.2,99,4.6
971.6,24.0,98,4.5
971.9,24.2,96,5.4
972.6,24.1,96,4.2
972.9,23.9,97,5.3
972.4,23.6,96,5.4
971.7,23.9,96,6.4
971.1,23.9,97,5.2
970.8,24.1,91,9.8
970.7,23.7,95,6.9
970.6,23.7,94,7.4
971.0,23.7,93,8.2
971.6,23.8,95,5.9
972.3,25.0,91,3.8
972.8,25.6,89,4.2
973.1,25.4,88,3.7
973.1,25.4,89,3.8
972.8,25.2,90,3.4
972.3,25.6,87,3.4
971.6,26.2,87,3.7
971.0,25.7,89,3.7
970.7,25.4,90,3.2
970.5,25.1,90,3.4
970.6,24.5,93,3.5
971.1,24.4,95,3.4
971.3,23.6,98,5.3
971.8,23.5,99,5.2
972.0,23.3,99,5.6
972.3,23.9,95,5.8
971.6,23.9,94,5.7
971.3,23.8,94,5.5
971.0,23.8,93,5.7
970.5,23.7,94,6.2
970.2,23.6,92,5.9
970.5,23.6,99,6.8
971.0,23.7,97,6
971.4,23.8,94,3.8
972.0,24.3,94,2.5
972.8,25.1,91,3.4
973.3,26.0,89,3.6
973.4,25.6,88,5
973.2,26.7,85,3.7
972.6,26.3,83,4.1
971.9,26.1,84,4.3
971.4,26.4,86,4.2
971.2,26.1,89,4.7
970.9,24.8,94,5.3
971.3,25.0,95,2.1
972.5,24.7,94,3.4
973.0,24.4,96,4.9
973.5,24.4,98,2.6
973.5,24.4,97,3.7
973.6,24.4,97,3.3
973.1,24.5,97,3.2
972.8,24.5,97,2.7
972.3,24.6,98,2.3
972.3,24.5,98,2
971.9,24.4,99,1.4
971.9,24.5,99,1.3
972.3,23.3,95,1.9
973.0,23.3,99,2.7
973.6,23.3,98,3.6
974.0,25.6,87,2.6
974.1,25.7,90,5.7
974.6,26.3,88,6.2
974.8,24.6,97,3.7
974.4,25.4,95,4.9
973.6,25.7,91,5.8
972.9,24.9,94,7
972.6,23.8,95,5.7
972.3,23.9,94,5.7
972.4,23.9,95,6.8
972.8,23.4,98,7.7
973.4,23.0,99,9.8
973.6,22.0,99,7.4
974.5,22.7,99,7.3
975.3,23.4,97,4.6
975.1,23.0,99,6.3
974.8,22.3,99,8.2
974.5,22.7,99,6.5
974.1,22.6,99,5.8
973.9,21.7,98,4.8
974.0,22.1,99,6.4
974.1,22.5,99,6
974.4,22.8,98,9
975.0,22.9,98,8.7
975.6,23.4,94,8.2
976.1,23.4,90,6.8
976.6,23.4,91,7
976.5,22.4,99,8.5
976.6,22.1,99,6.4
975.8,21.8,99,4.9
975.9,22.1,99,6.5
975.5,21.9,99,5.6
975.4,21.7,99,9.3
975.5,21.3,99,8.1
975.8,21.6,98,8.4
975.7,22.1,95,9.4
976.0,22.5,85,6.2
976.5,22.8,82,8.1
977.0,22.9,81,8.3
976.7,23.0,81,8.5
977.1,23.1,83,7.5
976.6,23.1,78,8.6
976.2,23.0,80,6.9
975.6,22.8,82,7.8
975.7,22.9,79,5.9
975.6,22.5,82,7.7
975.9,22.8,76,8.8
976.4,23.1,77,6.9
976.7,23.3,78,7.3
976.6,23.8,75,8.3
976.9,23.1,81,7.9
976.7,23.7,80,7.5
976.6,24.5,75,8.3
976.2,25.0,73,6.7
975.7,25.5,73,5.8
975.4,25.2,70,7.1
975.1,24.3,72,3.7
975.1,23.3,78,4.1
975.2,23.1,80,6
975.2,22.7,79,4
975.7,22.9,81,6.4
976.4,22.8,80,5.6
976.5,22.6,79,5.6
976.4,22.5,74,5.1
976.3,22.5,76,6.2
975.7,22.3,76,6.2
975.1,22.2,80,6.2
975.1,22.1,78,5.2
975.0,22.1,80,5
975.1,22.2,80,5.2
975.4,22.3,81,5.2
975.8,23.1,76,6.1
976.1,24.0,75,5.6
976.5,24.8,73,3.9
976.7,25.3,76,4.1
976.6,26.1,73,4.2
976.0,25.6,72,6.3
975.6,26.5,71,4.2
974.8,26.3,71,4.6
974.2,25.7,74,5.5
973.8,25.1,78,4.8
973.6,24.4,78,3.9
973.9,23.2,80,5.1
974.5,23.0,83,5
975.2,22.9,84,3.7
975.8,22.7,85,4
976.1,22.9,84,5.3
976.2,22.6,87,3.8
975.3,22.6,91,5.2
975.0,23.0,88,5.3
974.3,22.8,89,4.8
973.9,22.8,91,4.4
973.8,22.4,92,4.2
974.0,22.3,90,3.3
974.2,22.7,89,2.7
974.5,24.3,85,2.4
974.8,24.9,80,3.7
975.2,24.4,85,1.3
975.0,25.7,79,3.4
974.9,25.5,83,1.3
974.7,25.9,85,2.4
974.3,26.5,84,3.6
973.6,26.2,83,3.4
973.3,25.8,83,3.7
973.3,24.7,87,4.5
973.1,23.8,90,3.9
973.2,23.5,90,5.7
973.4,23.3,91,5.9
974.1,23.3,91,4.3
974.6,23.6,90,4.3
975.0,23.6,91,4.7
975.0,23.6,91,4.8
974.4,23.5,90,4.7
974.0,23.3,92,5.6
973.4,23.1,94,5.5
973.0,22.9,93,5.6
973.0,23.0,93,5.3
973.1,23.1,92,4.9
973.5,23.4,92,5
974.2,24.5,88,3.4
974.5,25.2,85,4.4
974.8,24.9,85,5.2
974.9,25.5,84,6.4
974.6,26.2,82,7.3
974.4,26.6,83,7.3
973.8,26.9,85,8.2
973.2,25.8,88,8.8
972.7,26.3,89,9.1
972.2,25.7,91,10.4
972.3,25.5,91,8.7
972.6,24.8,93,9.8
973.2,24.6,93,9.8
973.6,24.8,94,11.9
973.9,24.8,92,10.4
974.7,24.8,92,9.6
975.1,24.7,94,6.6
974.6,24.5,95,6.6
,,,
,,,
,,,
,,,
,,,
,,,
,,,
,,,
,,,
,,,
,,,
,,,
,,,
,,,
,,,
,,,
,,,
,,,
,,,
,,,
,,,
,,,
,,,
,,,
,,,
,,,
,,,
,,,
,,,
,,,
,,,
901.6,18.8,96,0
901.6,19.2,95,0.6
901.4,18.7,94,1.7
901.1,18.0,98,1.1
901.2,18.0,96,0.6
901.9,17.7,98,0.5
902.3,18.5,90,0
902.5,19.8,88,0.6
902.6,22.8,77,0.4
903.0,23.5,67,0.4
903.0,24.9,68,0.3
902.5,24.9,68,0.6
902.1,25.4,63,0.7
901.7,26.1,59,1.3
901.1,26.0,66,0.5
900.8,25.6,68,0.8
900.9,23.7,76,0.3
901.3,21.5,86,0.3
901.6,20.2,94,1.3
902.3,20.0,95,0
903.1,19.9,95,0
903.6,19.5,94,1.3
903.7,19.7,92,0.3
903.5,19.4,92,0.3
903.0,19.2,91,0.6
902.5,18.8,95,0.6
902.3,18.8,90,0
902.0,18.2,93,0.5
902.1,17.8,98,0.5
902.3,18.1,96,1.3
902.7,18.8,94,0.4
903.0,20.3,89,0.2
903.3,22.2,79,0.1
902.6,23.5,60,0.2
901.9,24.2,65,0.6
901.7,24.3,72,0.5
901.2,26.0,64,0.3
900.5,26.1,62,0.4
900.2,23.9,73,0.7
899.9,23.9,74,0.6
900.0,21.5,86,0.7
900.7,20.4,85,0.6
901.3,19.7,89,0.4
901.6,19.2,94,1.1
901.8,18.7,95,1.2
902.2,19.0,93,1.4
901.9,18.8,96,0.9
901.4,19.2,90,1
900.9,19.1,88,0.6
900.0,20.0,81,0.1
899.6,20.0,79,0.7
899.3,19.5,82,0.1
899.4,19.5,82,0
899.8,19.4,84,0.1
899.9,20.3,81,0.1
900.5,21.7,77,0.1
900.6,23.2,69,0.4
900.5,24.1,69,0.3
899.9,24.8,65,0.3
899.5,26.7,62,1.5
899.2,23.8,72,1.7
898.7,25.5,69,0.7
898.3,25.0,72,0.9
898.3,24.8,75,0.7
898.3,23.5,81,0.7
898.8,21.9,87,1
899.3,20.9,92,0.8
899.6,20.5,94,0.4
899.6,20.3,95,0.6
899.8,20.3,95,0.5
899.9,19.9,96,0
899.5,20.5,76,0.1
899.4,20.0,93,0.6
898.9,19.7,85,0.8
898.6,19.6,89,1.6
898.4,20.5,77,0.3
899.3,18.8,98,0.4
898.9,17.4,99,0.9
899.0,18.5,71,0.9
899.3,20.6,62,0
899.2,22.5,68,0.2
899.4,22.7,66,0.3
899.2,22.6,75,0.1
899.1,23.2,74,0.3
898.8,23.5,77,0.3
898.2,22.8,80,0.1
898.1,21.7,89,0.3
898.0,22.2,86,0.8
898.5,20.6,93,1.4
899.0,19.8,94,0.7
899.5,19.4,93,1
900.5,19.0,95,0.3
900.8,18.6,97,1.8
901.1,18.6,97,2.4
901.2,18.8,93,1.1
900.7,19.2,86,1.4
900.2,19.8,68,1.6
900.2,18.3,89,1
899.9,17.7,90,2.9
899.9,18.5,74,1.1
900.1,18.9,72,0.2
900.6,19.1,68,0.2
901.4,19.3,67,0.1
902.1,17.1,80,1.7
901.9,18.3,79,1
901.4,20.4,79,0.2
901.7,20.3,78,0.5
902.4,17.0,100,1.3
901.9,16.5,100,1
901.6,16.1,100,2.1
900.7,16.3,100,0.5
900.5,16.9,93,2.2
901.2,17.2,95,0.7
901.8,16.9,100,2
902.8,17.5,100,0.1
903.3,17.0,100,2.5
904.2,17.1,100,0.6
904.4,17.1,100,0.9
904.0,17.2,99,0.5
903.5,17.0,100,1.5
903.4,16.7,100,1.3
902.1,16.7,96,3.1
902.0,16.8,96,0.8
902.2,17.6,86,0.6
902.4,16.8,93,0.2
902.7,17.7,88,1.2
903.0,17.2,92,0.8
903.6,18.5,81,0.3
903.8,19.3,75,0.2
904.0,18.6,86,0
904.0,18.4,98,0.3
903.7,17.8,99,0
903.3,18.2,99,0.2
902.6,17.7,100,0.2
902.0,17.7,100,0
901.9,17.6,100,0
902.2,17.4,100,0.3
902.6,17.4,100,0.1
902.9,17.4,100,0
903.2,17.3,100,0.1
903.5,17.2,100,0.1
903.4,17.0,100,0.1
902.9,16.8,100,0.6
902.5,17.0,100,0
902.2,16.9,100,0.1
901.8,16.8,100,0.1
901.5,16.8,100,0
901.6,16.5,100,0.7
901.7,16.0,100,1.1
901.9,16.0,100,0.3
902.5,16.5,100,0.5
902.8,18.2,97,0.2
903.3,19.9,92,0.6
903.0,21.2,82,0.3
902.9,22.5,84,0.1
902.4,24.8,75,0.5
901.8,24.4,70,0.5
901.0,25.6,68,0.3
900.6,25.2,61,0.6
900.2,24.0,60,0.4
900.6,22.6,70,0.9
901.1,20.5,79,0.1
901.5,18.7,88,1.7
901.7,19.0,85,0.8
902.0,18.4,88,1.7
902.5,18.5,88,0.7
902.4,17.8,90,0.6
902.1,18.0,89,0.1
902.3,17.4,89,0.6
902.1,16.9,94,0.2
901.9,16.4,88,0.1
901.5,17.0,79,0.1
901.7,15.9,90,0.8
902.5,15.6,89,0.8
903.1,17.2,82,0.5
903.3,18.6,77,0.4
903.5,20.3,74,0.2
903.7,22.6,53,0.3
903.4,23.6,55,0.5
902.9,23.9,64,0.5
902.3,22.8,64,0.4
901.7,24.5,64,0.4
901.1,24.1,66,1
900.8,22.6,69,0.3
900.9,21.8,77,0.9
901.2,20.1,84,0.2
901.5,18.0,89,2
902.4,17.2,86,2.3
902.4,17.9,85,1.3
902.3,17.5,92,0.5
902.5,17.4,91,0.5
902.5,17.8,90,1.4
902.1,17.8,90,1
901.9,17.5,93,0.3
901.4,17.6,92,0.1
901.3,17.3,94,0
901.3,17.1,93,0.9
901.6,17.4,91,1
901.9,18.2,85,0.3
902.7,20.0,72,0
902.7,21.5,71,0.2
902.6,23.8,55,0.3
902.4,25.6,56,0.6
902.0,26.6,55,0.3
901.3,24.8,61,0.4
900.9,23.2,69,0.8
900.5,24.2,66,0
899.9,23.0,68,0.3
900.0,22.9,72,0.2
900.3,21.2,78,0
900.9,20.5,81,0.2
901.5,20.1,82,1.3
902.1,20.0,82,1
902.5,19.6,84,2
902.4,19.3,86,1.4
901.5,19.4,84,0.3
901.2,19.2,88,0.1
900.6,18.8,91,0.3
900.2,18.8,89,0.7
900.0,19.0,85,0.6
900.1,19.7,77,0.6
900.5,20.1,79,1.2
901.0,20.5,81,0.1
901.4,21.8,73,0.2
901.9,24.3,70,0.2
901.8,24.3,64,0.4
902.0,24.1,70,0.2
901.1,24.5,72,0.3
900.8,25.0,72,0.6
900.4,23.2,81,0.5
900.4,24.3,79,0.5
900.0,23.1,82,0.3
900.3,22.3,83,0.2
901.2,21.8,87,0.4
901.8,21.2,93,0.4
902.4,20.9,94,0.7
903.1,20.5,96,0.1
903.4,20.1,100,1.2
902.7,20.1,96,0
902.7,19.4,99,0.8
902.2,19.3,100,1
901.4,19.0,100,1.2
901.1,19.1,98,0.9
901.1,18.9,98,0.3
900.8,19.1,94,0.2
901.3,18.8,99,0.8
901.7,18.7,98,2.5
902.6,19.9,92,0.2
902.7,20.1,96,0
902.9,19.5,100,0
902.6,19.3,100,0.1
902.4,19.4,100,0.2
901.9,18.7,100,0.6
901.7,18.3,100,0.1
901.3,18.1,100,0.1
901.5,18.4,100,0
901.6,17.8,100,0.7
902.0,18.2,100,0.4
902.2,17.5,100,1.6
902.7,17.6,100,0.6
902.8,17.9,98,0.7
903.0,17.6,98,0.3
903.0,17.5,99,0.8
902.6,17.5,98,0.5
902.5,17.7,98,0.5
901.9,17.7,98,0.4
901.8,17.5,99,0.2
901.7,17.6,98,0.1
901.7,17.6,98,0.6
902.2,17.8,95,0.1
902.9,19.1,93,0.1
903.2,20.0,95,0.1
903.5,22.1,85,0.6
903.7,21.3,90,0.1
903.4,22.0,84,0.1
903.2,22.1,89,0.2
902.8,21.8,89,0.3
902.2,23.1,84,0.2
902.0,23.5,83,0.4
901.8,20.7,92,0.3
901.8,21.2,87,0.1
902.0,20.1,93,0.1
902.3,19.5,97,0.2
902.7,19.7,95,0.6
903.2,19.6,97,0.5
903.3,19.3,98,0.4
903.3,19.0,99,0.1
903.0,19.1,98,0
902.6,18.8,100,0
902.0,18.8,100,0
901.8,18.7,100,0
901.7,18.4,100,0.2
901.8,17.9,100,1.5
901.9,18.3,98,0.8
902.4,19.8,94,0
902.8,20.2,93,0
902.9,21.7,84,0.2
902.5,23.9,75,0.4
902.1,23.8,79,0.1
901.7,25.9,74,0.7
901.2,26.3,74,1.3
900.7,26.3,73,1.4
900.4,25.8,76,0.8
900.1,23.8,83,0.4
900.0,23.1,86,0.3
900.3,21.7,91,0.1
900.6,20.9,96,0.4
901.2,20.8,97,0.6
901.6,20.7,97,0.3
901.8,20.4,98,0.8
901.8,20.2,99,1
901.4,19.7,100,0.7
900.7,19.6,99,0.2
900.1,19.4,100,0.4
900.1,19.3,100,0.1
900.1,19.4,100,0.3
899.9,19.4,98,0.4
900.3,19.7,98,0.2
900.5,20.6,94,0.2
901.2,21.8,89,0.1
901.7,24.0,86,0.5
902.3,24.6,81,0.5
901.8,24.6,70,0.4
901.6,27.9,67,0.4
901.3,26.0,77,0.8
900.6,24.1,86,0.6
900.2,23.1,94,0.7
900.0,23.0,91,0.1
899.9,23.2,92,0.2
900.7,22.7,94,0
901.2,21.5,98,1.3
901.8,21.1,99,0.8
901.7,21.0,100,1.6
902.0,20.9,99,0.3
902.1,20.6,100,0.8
902.2,19.9,100,2.2
902.1,20.3,99,0.9
901.6,19.8,100,0.6
901.6,19.8,100,0.5
901.8,19.3,99,0.5
902.1,19.2,97,0.6
902.5,19.6,98,0.1
902.7,19.8,98,0.3
902.6,21.6,93,0.8
902.9,23.5,87,0.1
902.8,24.5,81,0.2
902.7,24.8,80,0.2
902.7,25.2,76,0.1
902.4,24.5,77,0.3
902.2,23.1,85,0.2
902.0,23.2,83,0.7
901.8,22.6,85,0
902.1,20.9,92,0.4
902.6,20.2,93,0.7
903.3,19.8,90,0.4
903.8,18.7,96,0.4
903.7,18.2,99,2
903.6,18.3,100,1.2
903.5,18.3,96,1.1
903.1,18.0,98,0.3
902.6,18.4,95,0.5
902.4,18.0,96,0.3
901.9,17.8,98,1.3
901.9,17.6,99,0.6
902.1,18.1,96,0.4
902.4,18.2,97,0.1
902.7,18.0,98,0.2
903.0,18.7,99,0.2
903.3,18.3,100,0.2
903.4,18.5,100,0.4
903.4,18.1,100,0.4
903.1,18.3,100,0.3
902.6,18.5,100,0.1
901.8,18.0,100,0.5
901.5,17.9,100,0.1
901.2,18.0,100,0.4
900.9,17.7,100,0.3
902.0,16.5,100,1.1
902.4,16.5,100,2.9
902.5,16.3,100,1.9
902.7,16.5,100,2.2
902.6,16.8,98,0.6
902.9,16.4,100,1.4
901.7,16.5,100,0.6
901.4,16.5,100,0.7
901.1,16.3,100,0.5
901.2,16.2,100,1.1
901.4,16.3,100,0.7
902.1,16.4,100,0.1
902.7,16.3,100,0.4
903.0,16.2,100,2
903.1,16.9,99,1.6
902.9,17.8,98,1.1
903.0,19.2,95,0.2
902.7,21.0,83,0.3
902.2,23.5,80,0.3
901.7,24.5,77,0.5
901.2,24.5,83,0.3
900.9,24.8,77,0.2
900.6,24.9,77,0.3
900.5,23.1,88,0.9
900.9,20.8,94,0.8
901.2,20.2,98,1.4
901.7,20.0,97,0.7
902.2,20.0,97,1.4
902.4,19.7,95,1.2
902.4,19.7,90,0.9
901.9,20.1,84,0.4
901.4,19.1,95,0.2
901.2,19.3,98,0.4
901.1,19.1,96,0.6
901.2,18.9,92,0.2
901.4,18.6,99,0.2
901.7,18.6,100,0.4
902.5,19.3,97,0
902.6,20.9,91,0.1
902.8,21.8,86,0.1
902.7,24.3,75,0.2
902.3,26.4,69,0.3
901.7,26.2,71,0.6
900.9,24.1,77,0.6
900.5,26.3,70,1
900.2,26.0,73,1.1
900.2,25.0,79,1.3
900.3,22.7,91,0.9
900.8,20.9,94,1
901.2,20.6,94,0.1
901.9,20.2,97,0.3
902.2,20.1,98,1.4
902.2,19.6,91,1.4
902.3,19.6,90,1.2
902.0,19.7,90,0.9
901.6,20.0,88,1.1
901.3,19.6,90,0.8
901.2,19.9,90,0.1
901.5,19.9,89,0.3
901.8,19.4,92,0.7
901.8,19.7,91,0.1
902.2,20.1,93,0.1
902.7,20.8,91,0.2
903.2,21.8,86,0.2
903.5,23.9,83,0.3
902.9,25.3,72,0.4
902.4,25.0,77,0.5
902.0,25.8,79,0.2
901.4,25.2,74,0.6
901.1,25.5,71,0.1
900.8,25.1,75,0.2
900.8,23.4,84,0.4
901.3,22.2,88,0.3
901.7,20.5,94,1.9
902.1,20.0,95,2.3
902.5,20.4,92,0.9
903.1,20.1,95,0.2
903.1,20.3,93,0.6
902.8,20.6,89,0
902.1,20.7,89,0.6
902.1,20.3,87,0.5
901.9,20.1,90,1.1
901.7,20.3,92,0.5
902.1,19.9,94,0
902.7,20.0,91,0
903.0,21.3,84,0
903.4,21.4,92,0
903.8,23.4,79,0.7
903.7,23.0,82,0
903.3,24.2,80,0.2
902.8,25.6,78,0.6
902.4,24.8,76,1.3
902.1,25.2,76,0.6
901.9,22.2,89,0.8
901.7,22.4,89,0.2
901.9,21.6,91,0.4
902.0,21.0,92,0.8
902.4,20.6,92,0.6
902.8,20.8,89,0.6
903.1,20.4,91,1.5
903.2,20.8,88,0.5
903.1,20.7,86,0.5
902.7,20.5,89,0.9
902.1,20.3,88,0.7
901.8,20.3,88,1.1
902.1,20.2,90,0
901.8,19.8,93,0.5
901.9,19.9,90,0.7
901.9,20.0,91,0.6
902.2,20.8,89,0.2
902.4,22.4,84,0.1
902.8,22.4,85,0.2
902.8,23.8,81,0.2
902.7,24.6,80,0.4
902.4,23.8,83,0.7
901.9,24.6,81,1.3
901.4,23.8,81,0.6
901.1,23.4,83,0.8
901.0,24.8,77,0.6
901.3,23.0,87,0.7
901.6,21.5,95,1
901.9,20.5,100,1.3
902.3,20.4,98,0.8
902.5,20.4,93,1.1
902.6,20.1,96,1.4
902.4,20.0,94,1.8
901.7,19.9,93,0.9
901.2,19.8,95,0.1
900.6,19.3,98,0.1
900.4,20.0,95,1.1
900.4,20.0,93,2.3
900.7,20.1,94,0.9
901.3,19.8,97,0.5
901.7,21.1,94,0.1
902.3,21.2,96,0
902.2,22.0,92,0.1
902.3,24.0,78,0.3
902.1,23.6,82,0.1
901.6,26.8,72,0.4
900.9,26.6,70,1.1
900.5,26.1,73,1.4
899.9,25.2,76,0.6
899.7,25.5,79,0.4
899.6,24.2,85,0.5
899.7,22.1,95,0.1
899.9,20.8,99,1.3
900.4,20.7,99,1.1
900.1,20.7,99,0.1
900.4,20.8,100,0
899.9,20.5,100,0
899.1,20.6,97,0.7
898.7,20.2,98,0.1
898.5,20.1,100,0.1
898.6,19.9,100,0
898.6,19.7,100,0.2
898.8,19.5,100,0.4
899.1,19.5,100,0
899.4,20.3,100,0.7
899.5,22.1,93,0.1
899.9,23.1,85,0
899.8,23.2,87,0
899.1,25.5,76,0.2
898.5,25.4,76,0.1
897.8,26.9,71,0.3
897.4,24.2,81,0.9
897.1,24.9,78,0.2
897.0,23.6,85,0.7
897.1,22.9,88,0.5
897.4,21.5,96,0.3
897.7,20.9,97,0.1
898.3,21.2,96,0.8
898.7,20.9,98,0.9
898.8,21.0,95,0
898.5,21.1,93,0.1
898.0,20.7,97,0.2
897.4,20.3,98,0.4
897.4,20.2,98,2.1
897.2,19.9,99,1.5
897.4,19.8,100,1
897.5,19.6,100,0
897.9,19.7,100,0.3
898.4,19.9,100,0.2
898.7,20.3,100,0.1
899.0,20.7,98,0.1
899.2,22.1,96,0.1
899.2,22.0,96,0.2
898.9,22.8,83,0.2
898.1,22.8,81,0.1
897.5,21.9,91,0.5
897.1,21.4,92,0
896.9,20.8,98,0
896.8,20.7,98,0.3
897.1,20.7,98,0.3
897.0,20.6,98,0.4
897.2,20.5,98,1.6
897.6,21.0,91,1.2
897.9,21.1,89,0.7
897.6,20.1,97,0.4
897.1,19.9,99,0.9
896.8,19.7,98,0.2
896.6,20.0,98,0
896.6,19.9,98,0.3
896.9,19.7,100,0.4
897.4,19.5,100,0.1
897.6,19.4,100,0.1
898.0,19.8,100,0.1
898.7,20.1,100,0.2
899.4,20.6,98,0
899.5,20.7,98,0.1
899.2,21.6,96,0.1
898.4,20.5,99,0.3
897.9,20.4,98,0.2
897.8,19.6,100,1.2
898.3,19.1,100,0.7
898.1,18.3,100,2.3
897.9,18.8,100,3
898.3,18.5,98,2.2
899.0,18.1,100,0.6
899.5,18.8,92,0.2
900.3,18.5,96,0.1
900.1,19.1,89,2.5
899.6,18.9,90,1.1
899.1,18.7,91,0.4
899.1,19.1,87,1.1
898.9,19.6,82,0.5
898.5,19.2,86,2.3
898.5,18.9,88,0.9
898.9,18.7,88,0.8
899.6,19.4,83,0.8
899.8,20.2,83,0.2
900.2,21.1,81,0.5
900.4,22.5,75,0.2
900.4,24.0,73,0.4
900.6,25.7,70,0.2
900.3,24.6,78,0.3
899.6,24.6,72,0.2
898.9,24.8,73,0.5
898.4,24.0,77,0.2
897.9,23.3,82,0.5
898.1,23.7,83,1
898.6,21.6,92,0.9
899.3,21.0,96,1.5
899.6,20.3,98,2
899.8,20.7,81,0.8
900.3,20.3,89,0.3
900.2,20.2,84,0.2
900.5,20.2,86,2.2
900.1,20.5,83,0.8
899.5,20.2,84,0.1
899.5,20.9,78,0.8
899.7,19.9,87,0.8
899.8,19.6,87,0.8
900.2,19.7,88,0.6
900.7,20.3,82,0.7
900.9,21.8,80,0.3
901.2,23.3,76,0.3
901.5,24.8,69,0.2
901.5,25.2,76,0.2
901.3,25.0,76,0.4
900.8,25.5,74,0.7
900.4,26.9,70,0.5
899.9,24.4,78,1.3
900.0,19.1,94,1.5
900.2,20.5,98,0.9
900.7,20.5,100,1.7
901.0,20.2,100,2
901.3,20.4,96,1.9
901.4,20.0,98,0.6
901.8,20.7,88,1.4
901.6,20.0,95,0.3
901.6,19.7,97,1
901.3,19.5,95,0.1
900.8,19.2,97,0
900.3,19.0,98,0.2
900.4,18.7,99,0.4
900.6,19.0,99,0.4
900.9,18.9,98,0.3
901.4,20.1,96,0.3
901.6,20.9,95,0.3
901.7,21.1,91,0.1
901.4,23.7,82,0.3
901.4,23.9,86,0.3
901.1,24.4,84,0.3
900.6,26.5,71,0.5
900.2,26.4,72,1.4
899.6,26.1,80,1.1
899.4,23.3,90,0.7
899.7,21.3,97,1.2
900.0,21.0,96,0
900.3,20.1,97,1.2
900.7,20.1,94,1.2
901.1,19.8,99,1.8
901.3,19.8,100,1.8
901.4,19.6,100,1.5
900.7,19.2,100,0.1
899.9,19.0,100,0
899.7,19.1,100,0.1
899.8,19.2,100,0.1
899.8,18.9,100,0.1
900.0,19.1,100,0.1
900.3,19.3,100,0.1
900.6,19.6,100,0.3
901.0,19.9,100,0.2
901.2,22.9,86,0.2
901.5,23.0,85,0.1
901.7,22.8,84,0.9
901.3,23.6,79,1.1
900.9,24.6,76,0.7
900.1,25.7,71,0.9
899.6,26.0,72,1.5
899.2,24.4,79,1.4
899.2,21.9,90,0.8
899.5,20.7,96,0.8
900.2,20.6,96,0.2
900.9,20.1,99,0.8
901.1,20.1,97,1.9
901.2,20.1,98,1.4
900.9,19.6,99,0.3
900.4,19.6,97,0.2
900.1,19.3,99,0.3
899.8,19.0,98,1.1
899.3,19.4,91,0.4
899.4,19.0,100,0
899.6,18.1,100,0.1
900.1,18.2,100,0.1
900.1,18.7,100,0.3
900.1,20.3,92,0.1
900.5,22.1,86,0.2
900.6,22.3,85,0.3
900.5,23.5,81,0.4
900.6,23.7,81,1.1
900.1,24.3,75,0.1
899.5,23.4,87,0.4
899.2,22.2,92,0.8
899.2,20.0,100,1.3
899.3,19.9,100,0.8
899.5,19.8,100,0.6
899.7,19.5,100,0.3
900.1,19.8,100,0.4
900.4,19.5,99,0.2
900.1,19.6,98,1.3
899.8,19.5,97,0.1
899.5,19.1,100,0.4
899.3,19.2,99,2.3
898.9,18.7,99,2.6
898.9,18.9,97,1.6
898.8,18.7,96,0.4
899.3,18.3,97,1.7
899.5,19.5,94,0.8
899.7,20.2,91,0.1
900.2,21.5,88,0.3
900.4,22.1,87,0.1
900.6,22.3,81,0.1
900.8,24.8,68,0.7
900.9,24.3,74,0.5
900.2,25.4,74,0.5
899.8,25.2,79,0.1
899.6,23.7,84,0.3
899.6,21.0,100,0.8
899.7,21.9,99,0.1
900.0,21.7,99,0.3
900.3,21.3,100,0.5
900.7,21.0,100,1
900.9,20.9,100,1.7
901.4,20.7,100,0.4
901.3,20.5,100,0.7
901.0,20.5,99,0.7
,,,
,,,
,,,
,,,
,,,
,,,
,,,
,,,
,,,
,,,
,,,
,,,
,,,
,,,
,,,
,,,
,,,
,,,
,,,
,,,
,,,
,,,
,,,
,,,
,,,
,,,
,,,
,,,
,,,
,,,
,,,
1011.7,24.2,85,1.2
1011.3,24.2,86,1.2
1010.9,24.2,86,1.2
1011.0,24.2,86,1.1
1011.1,24.0,86,1
1011.6,24.2,84,1.1
1012.4,25.0,80,0.8
1013.1,26.5,73,1.1
1013.5,27.2,74,2.8
1013.5,27.5,74,3
1013.3,28.3,71,2.3
1012.6,28.5,69,2.5
1012.1,28.4,70,3
1011.6,28.3,70,2.1
1011.4,28.1,71,1.8
1011.0,27.5,72,1.7
1011.1,27.1,74,1.8
1011.5,26.8,75,1.5
1012.1,26.5,76,1.6
1012.7,26.7,75,1.7
1013.6,26.2,79,1.4
1014.0,26.1,80,0.9
1014.0,26.1,80,1.4
1013.7,25.2,85,1.6
1013.0,24.7,87,2.4
1012.5,24.4,88,2.4
1012.5,24.5,85,1.9
1012.6,24.4,81,1
1012.3,23.9,82,1.6
1013.1,23.7,81,1.9
1013.9,24.2,77,2.4
1014.8,23.8,87,2.3
1015.6,22.4,94,3
1015.5,23.8,88,0.9
1015.1,24.2,80,1.3
1014.3,24.0,77,1.2
1013.6,25.7,72,1.6
1012.7,25.5,72,1.6
1012.4,25.4,73,1.9
1012.1,22.6,89,2
1012.0,22.4,91,2.9
1012.3,22.9,88,1.7
1012.5,23.6,81,1.8
1013.0,23.6,80,1.5
1013.4,23.7,78,1.5
1013.7,24.0,75,1.3
1013.5,23.6,77,1.2
1012.9,23.2,83,1
1012.1,23.3,82,1.1
1011.2,23.1,83,1.2
1010.4,23.1,82,0.8
1009.9,22.7,84,1.2
1009.9,22.7,84,1.1
1010.3,22.9,84,1.1
1010.6,23.6,80,0.6
1010.9,26.1,71,1.2
1010.8,27.1,71,2.1
1010.5,27.9,74,2.6
1009.7,27.9,75,3.7
1008.9,27.9,77,3.4
1007.8,28.7,75,4.7
1007.0,29.2,77,3.4
1006.1,28.4,80,3.6
1005.7,28.2,82,3.6
1005.3,28.0,84,2.6
1005.2,27.8,84,2.9
1005.5,27.6,83,3.5
1005.7,26.9,82,1.1
1006.0,26.2,84,1.7
1006.2,25.8,79,1.3
1006.2,25.3,76,1.2
1005.4,24.8,77,0.7
1004.8,24.2,78,1.3
1004.2,24.4,74,1.7
1003.7,23.7,72,1
1003.6,24.4,63,1.4
1004.1,24.9,57,0.8
1004.6,24.2,67,1.5
1004.8,25.6,69,1.5
1005.3,27.5,75,2.1
1005.2,27.8,79,2
1004.8,28.8,77,2.3
1004.4,28.7,77,3.7
1003.9,29.2,74,3.8
1003.4,29.7,70,3.6
1003.1,29.3,72,3.6
1003.3,29.4,73,3.6
1003.7,29.1,76,3.9
1004.8,28.0,80,2.3
1005.9,27.6,83,1.8
1006.6,27.5,82,2
1007.5,26.7,87,2.2
1008.5,26.3,86,2.6
1009.3,26.4,82,2.1
1009.5,25.9,83,1.9
1009.4,25.7,83,1.7
1008.9,25.3,83,2
1008.7,25.0,84,1.9
1008.6,24.8,83,2.5
1008.9,24.8,82,1.8
1009.9,24.8,80,1.2
1010.4,24.7,79,1.1
1011.3,25.1,78,1.4
1011.7,25.9,74,1.5
1012.0,26.2,74,1.9
1011.9,26.4,73,2
1011.5,26.7,72,2.5
1011.3,27.4,72,3.7
1010.9,26.2,76,2.6
1010.6,25.9,77,2.9
1010.3,25.7,78,2.4
1010.5,25.0,82,3.3
1010.8,24.8,81,2.7
1011.6,24.7,82,2.6
1012.3,24.2,80,3.2
1013.2,24.1,81,2.8
1014.1,24.1,78,2.1
1014.8,23.9,79,2.7
1014.8,23.3,80,1.9
1014.1,23.1,80,1.3
1014.0,22.9,79,0.9
1013.8,21.9,88,1.6
1013.3,21.3,91,1.1
1013.0,21.5,89,1.3
1013.4,21.4,89,1.2
1014.2,21.6,88,1
1014.6,21.7,88,1.3
1015.4,21.4,89,1.5
1015.7,22.5,86,1.9
1015.5,22.8,84,1.7
1014.9,23.4,83,1.5
1014.4,24.1,81,1.2
1013.5,24.1,83,1.6
1012.6,24.7,79,2.3
1012.5,23.8,83,2.2
1012.3,23.6,84,2.2
1012.3,23.2,85,2.3
1012.9,22.9,87,1.5
1013.7,22.9,86,1.3
1013.9,22.6,88,0.9
1014.2,22.6,87,0.9
1014.2,22.7,85,1
1013.6,22.8,85,0.7
1012.8,22.7,84,1.1
1012.2,22.7,83,0.9
1011.6,22.7,83,0.6
1011.2,22.5,83,1.3
1011.3,22.4,84,1.3
1011.7,22.2,84,1.2
1012.0,22.3,83,1.4
1012.7,23.1,81,1.2
1012.9,25.2,74,1.3
1013.2,25.7,72,1.4
1013.3,26.0,72,3.1
1013.4,26.2,74,4.1
1013.0,26.5,66,4.6
1012.3,27.1,65,3.8
1011.7,27.2,62,4.5
1011.1,26.2,64,3.3
1011.0,25.9,65,3.3
1011.5,25.4,65,2.7
1012.3,25.0,64,2.7
1013.0,23.8,73,1.7
1013.4,23.8,70,1
1014.0,23.4,70,2.3
1014.0,23.1,73,2.1
1013.8,22.7,74,2.2
1013.6,22.7,74,1.7
1013.1,22.3,76,2.1
1012.8,22.3,76,1.2
1012.7,21.8,78,1.4
1012.7,21.6,81,1.5
1013.0,21.7,78,1.4
1013.6,21.4,79,1.8
1014.0,23.1,67,1.2
1014.4,25.6,59,1.1
1014.7,26.9,64,1.9
1014.5,27.4,62,1.6
1013.9,27.5,62,1.7
1013.2,28.2,61,1.4
1012.3,28.1,59,1.4
1011.6,28.1,58,1.5
1011.4,28.0,59,1.6
1011.6,27.2,62,1.7
1011.6,26.8,62,1.2
1012.0,26.6,61,1.6
1012.7,26.3,60,1.2
1013.2,26.0,61,1
1013.6,25.5,66,0.9
1013.8,25.1,70,1
1013.5,24.4,73,1.1
1013.2,23.9,75,1
1012.6,23.3,77,1
1012.3,23.1,76,1.4
1011.8,22.6,76,1.4
1011.7,22.4,74,1.4
1011.9,22.8,65,0.9
1012.1,22.7,68,1.4
1012.6,23.9,61,1.5
1012.9,26.3,60,0.8
1013.2,27.1,64,1.2
1012.8,28.1,65,2
1012.6,28.1,65,2.2
1012.4,28.9,65,2.1
1011.6,28.7,62,2
1010.9,27.6,65,1
1010.4,27.4,66,1.9
1010.2,27.5,69,1.7
1010.2,26.8,76,1.7
1010.7,26.5,76,1.6
1011.5,26.4,76,1.4
1012.0,25.7,81,1
1012.3,25.4,81,1.1
1012.8,25.1,80,0.9
1013.0,24.7,81,1.6
1012.2,24.7,81,1.3
1011.7,24.4,81,1.6
1010.9,24.4,81,1.2
1010.1,24.2,81,1.7
1010.2,23.9,81,1.5
1010.4,23.9,81,0.7
1010.7,24.2,76,1.1
1011.0,25.3,71,1.1
1011.3,27.5,63,0.7
1011.5,27.8,66,1.5
1011.8,28.3,73,1.2
1011.3,28.9,76,2.4
1011.1,28.2,81,4.2
1010.0,27.5,84,2.4
1009.5,27.1,88,3.7
1008.8,27.1,92,2.1
1007.8,28.8,86,4.9
1007.4,28.3,87,3.9
1007.9,28.0,86,3.2
1008.3,27.8,83,3.3
1008.5,27.9,76,2.5
1009.2,28.0,72,2.4
1009.4,27.9,74,2.1
1009.2,27.6,68,2.4
1009.2,26.3,71,1.5
1009.5,26.2,82,1.6
1009.3,25.8,82,1.1
1009.4,25.7,82,0.7
1009.7,25.3,87,1.8
1010.3,25.0,87,1.7
1011.0,25.2,83,2.1
1011.8,25.2,83,1.2
1012.5,25.6,80,2
1012.6,26.2,78,2.6
1012.6,26.4,78,3
1012.4,27.5,73,3.8
1012.1,26.8,77,2.8
1011.5,26.5,77,3.6
1011.2,25.6,80,2.7
1011.0,24.6,83,3.1
1011.0,24.3,82,3.3
1011.5,24.1,81,2.9
1012.5,23.7,82,3.1
1012.9,23.4,83,3.3
1013.9,23.3,82,2.4
1014.7,22.3,87,1.5
1015.4,22.3,85,1.5
1015.3,22.2,85,1.6
1014.9,21.8,87,1.6
1014.2,21.6,87,1.8
1013.6,21.6,87,1.6
1013.3,21.9,84,1.6
1013.5,22.0,83,1.2
1013.8,22.0,83,1.5
1014.5,22.1,82,1.5
1014.9,22.4,81,1.2
1015.5,22.7,80,1.9
1015.7,24.1,77,1.7
1015.3,26.5,67,2.3
1015.2,26.0,72,3.8
1015.1,26.2,69,3.2
1014.7,25.5,72,2.6
1013.9,24.9,75,3.1
1013.5,24.5,78,2.5
1013.1,24.5,78,2.4
1013.1,24.4,77,2.4
1013.6,24.2,79,2.1
1014.1,23.5,82,1.2
1014.6,23.3,83,1.2
1014.9,23.4,82,1.5
1015.1,23.3,80,1.1
1015.0,23.2,81,1.6
1014.4,23.1,81,1.5
1013.9,22.8,81,1.6
1013.0,22.7,82,1.6
1012.7,22.7,81,1.4
1012.6,22.8,82,0.5
1012.8,22.8,82,0.9
1013.3,22.6,85,1.1
1013.4,23.2,81,1.4
1013.4,25.2,71,1.8
1013.5,26.0,71,1.1
1013.2,26.5,75,1.6
1012.8,26.9,74,1.3
1012.1,27.4,73,1.9
1011.5,27.4,73,1.7
1010.6,27.3,74,2.2
1010.0,27.0,76,1.7
1009.6,26.5,79,1.7
1009.3,26.4,81,1.4
1009.6,25.8,83,1.6
1010.1,25.5,88,1.5
1010.9,24.5,95,1
1011.3,24.6,93,1.3
1011.4,24.9,85,1.4
1011.1,25.0,84,1
1010.5,25.0,84,1.1
1009.9,25.0,84,0.6
1009.6,24.9,84,1
1009.0,24.8,85,1.1
1008.6,24.5,85,0.7
1008.6,24.1,87,0.7
1008.7,24.1,86,1.2
1009.2,25.6,79,0.7
1009.5,27.7,78,1.4
1009.7,29.5,79,3.1
1009.4,29.7,79,4.8
1009.1,30.2,79,4.7
1008.4,30.3,78,4
1007.4,30.6,77,3.9
1006.2,30.7,73,2.7
1005.1,30.9,70,3.9
1004.3,30.9,70,2.7
1004.7,29.7,75,3.8
1005.7,28.8,81,4
1006.6,28.5,83,3.4
1007.6,28.1,86,2.6
1008.3,28.1,84,2.2
1009.0,28.1,82,1.3
1009.6,27.9,82,1.8
1009.6,27.6,81,0.4
1009.6,27.4,81,0.5
1009.7,27.5,79,1
1009.9,26.3,85,3.1
1010.8,26.1,86,3.7
1011.8,25.6,82,4.6
1012.5,25.0,81,4.6
1013.8,25.1,80,4
1014.7,24.5,78,4.6
1015.5,24.6,74,4
1015.5,25.9,69,4.1
1015.7,25.7,66,3.6
1015.6,25.0,68,4.1
1014.9,25.0,70,3.4
1014.4,26.0,64,3.6
1014.3,24.9,61,3.8
1014.5,24.2,63,3.1
1014.5,23.8,67,2.1
1015.2,23.0,71,1.9
1016.0,21.5,77,3.1
1016.5,21.5,77,2.3
1016.8,21.9,75,2.1
1017.1,22.5,72,1.7
1016.8,21.8,76,1.4
1016.0,21.4,75,2.3
1015.6,21.5,69,1.7
1015.1,21.4,69,2.2
1014.3,21.5,67,1.9
1014.1,21.6,65,2.2
1014.1,21.6,66,1.6
1014.7,21.6,67,1.8
1015.1,22.0,66,1.6
1015.4,22.5,66,0.8
1015.3,23.6,63,0.9
1015.0,23.9,63,1.4
1014.3,24.7,64,1
1013.6,25.4,66,1.6
1012.7,26.1,65,2.3
1012.1,26.3,67,2.5
1011.6,26.1,67,2.6
1011.2,25.8,67,1.9
1011.1,25.8,68,2
1011.4,25.4,70,1.9
1011.4,24.8,73,1.8
1011.8,24.4,75,1.9
1012.0,24.4,72,1.5
1012.2,24.3,73,0.8
1012.2,24.2,74,0.6
1011.7,23.5,76,1.5
1011.2,23.7,75,1.2
1010.6,23.2,77,1
1010.3,23.2,78,1.2
1010.4,23.1,79,1.1
1010.7,23.2,79,1.3
1011.1,23.2,78,1.2
1011.8,24.1,76,1.3
1012.0,26.0,69,1.2
1012.2,26.4,66,1.4
1012.0,27.1,63,1.2
1011.6,27.5,66,2.2
1011.4,27.3,66,2.3
1011.0,27.4,69,1.8
1010.6,27.5,73,1.5
1010.5,27.2,78,2.1
1010.5,26.4,83,2.5
1010.8,25.6,85,2.8
1011.2,24.7,92,2
1011.6,24.8,90,1.4
1012.2,24.9,86,1.8
1012.8,25.1,85,0.8
1012.9,25.0,84,1.1
1012.5,24.8,87,1
1012.0,24.7,87,1.2
1011.4,24.7,86,1.2
1010.6,24.5,86,1.3
1010.3,24.3,87,1.2
1010.5,24.3,87,1.1
1010.9,24.0,87,1.4
1011.3,24.0,87,1.2
1011.6,25.8,76,0.8
1011.6,27.4,68,0.8
1011.6,28.6,65,1.4
1011.5,28.7,70,1.9
1011.6,28.9,69,2.4
1011.1,28.8,71,2.2
1010.3,29.6,68,2
1009.8,28.4,73,2.4
1009.4,28.0,73,2.6
1009.1,27.7,77,2
1009.2,27.0,81,1.5
1009.6,26.7,84,1.3
1010.2,26.7,81,1.2
1010.8,26.5,80,1.2
1011.1,26.4,80,1.1
1011.5,26.7,79,0.7
1011.2,26.4,80,0.9
1010.7,26.1,81,1
1010.1,25.5,85,0.9
1010.0,25.2,86,1.4
1010.0,24.8,87,1.5
1009.9,24.8,85,1.1
1010.3,24.8,84,1
1011.0,24.7,85,1.1
1011.5,26.1,77,1.2
1011.7,27.5,72,0.9
1011.9,29.5,70,1.5
1012.1,29.7,70,1.8
1011.8,29.9,70,2.9
1011.3,30.1,69,3.6
1011.1,29.6,71,3.1
1010.6,28.9,75,3.3
1010.4,28.7,76,2.7
1010.1,28.3,77,2.5
1010.4,26.9,79,2.9
1010.9,27.0,77,2.3
1011.6,27.0,77,2
1012.4,26.4,77,1.3
1012.7,26.7,76,1.5
1013.0,26.5,74,0.8
1013.2,26.2,80,2.4
1012.8,25.6,77,1
1012.5,25.4,75,0.9
1011.8,25.1,75,0.9
1011.6,25.0,73,1.3
1011.6,24.8,73,0.9
1012.1,24.6,74,1.8
1012.5,24.9,73,0.9
1013.2,25.6,69,1.3
1013.6,27.9,64,1.3
1013.9,28.2,68,2.4
1013.9,28.4,67,3.8
1013.4,28.7,67,4.5
1012.9,28.1,67,4.7
1012.2,28.3,65,4.2
1011.9,27.4,67,4.9
1011.6,26.5,72,4.2
1011.6,26.0,74,3.7
1012.2,25.6,73,3.3
1012.9,25.5,75,3.1
1013.4,25.0,79,2.6
1014.0,24.9,73,1.6
1014.5,24.7,72,1.4
1014.4,24.5,72,1.2
1013.7,24.4,72,1.7
1013.2,24.2,73,1.7
1012.7,24.0,74,1.6
1012.2,24.0,73,1.6
1012.1,23.9,73,1
1011.9,23.9,73,0.6
1011.7,23.6,75,1.2
1012.3,23.9,74,0.8
1012.6,24.8,72,1
1012.7,26.2,69,1.6
1012.7,27.8,65,1.9
1012.7,28.2,64,2.7
1012.3,29.2,68,3.3
1011.8,29.7,66,3.6
1011.0,29.3,67,3.9
1010.6,28.4,74,3.4
1010.3,28.5,73,2.5
1010.0,28.1,73,3.1
1010.2,28.0,74,2.7
1010.7,27.4,78,2.5
1011.2,27.1,76,2.2
1011.7,27.0,76,1.6
1011.9,27.3,73,1.4
1012.1,27.2,75,0.9
1011.7,26.4,79,0.9
1011.1,26.0,80,0.9
1010.3,25.7,81,0.5
1009.7,25.4,82,1.2
1009.3,25.0,83,1.3
1009.1,24.8,84,0.9
1009.4,25.0,83,0.9
1009.7,25.0,82,1.4
1010.0,25.9,77,0.8
1010.1,27.8,74,1.5
1010.1,28.6,73,1.9
1010.0,29.7,69,1.7
1009.8,28.6,74,1.7
1009.2,28.7,75,2.1
1008.7,29.0,75,2
1008.1,29.3,72,2.5
1007.6,29.5,73,2.2
1007.3,29.5,73,2.9
1007.3,28.6,77,2.5
1007.9,28.1,79,2.2
1008.6,27.8,83,1.6
1009.2,27.3,86,1.9
1009.4,26.9,88,2.4
1009.4,26.4,90,1.9
1009.0,26.0,89,2.7
1008.0,25.5,94,1.3
1007.2,25.3,95,0.9
1006.5,25.6,93,1.2
1006.1,25.6,91,0.7
1006.3,25.6,91,0.6
1006.6,25.7,89,0.7
1007.1,25.9,85,1.4
1007.4,26.2,84,2.3
1007.7,27.1,80,1.1
1008.0,28.9,78,1.7
1007.7,28.9,76,3
1007.5,28.0,79,3.2
1007.0,28.5,77,4
1006.4,28.5,78,3.5
1005.8,28.6,78,3.1
1005.5,28.1,77,2.9
1005.2,27.7,79,3.2
1005.6,27.3,82,2.9
1006.3,27.1,79,2.4
1006.8,26.9,76,2.6
1007.5,26.6,78,1.9
1008.2,25.1,82,2.4
1008.5,25.3,77,2.1
1007.9,25.3,76,2.2
1007.4,25.3,75,1.5
1006.6,25.6,74,1
1006.1,25.5,74,0.7
1005.7,25.2,75,1
1005.9,24.7,79,1.1
1006.2,24.7,79,1
1006.6,24.7,81,1.2
1007.3,25.7,76,1.1
1007.7,27.6,66,0.5
1007.9,28.3,67,0.8
1007.8,29.1,69,1.8
1007.5,29.3,69,2.5
1007.0,29.8,69,1.7
1006.4,28.9,73,1.4
1005.8,29.5,70,1.4
1005.4,28.8,72,2.1
1005.2,28.4,71,2.4
1005.4,28.2,71,1.7
1005.8,27.9,76,1.2
1006.5,27.6,78,1.5
1006.9,27.3,74,1.9
1007.2,27.0,75,1
1007.5,26.9,74,1.1
1007.0,26.7,83,1.6
1006.5,25.9,85,2.2
1006.3,25.9,84,1.9
1005.7,25.8,83,1.4
1005.6,25.6,82,0.9
1005.8,25.4,81,1.1
1006.2,25.3,81,0.9
1006.7,25.4,80,0.7
1007.2,25.8,79,1.2
1007.9,26.3,78,0.5
1008.5,26.8,76,1
1008.5,27.3,76,0.9
1008.2,27.6,76,1.8
1007.6,27.6,76,2.7
1006.7,27.3,79,2.4
1006.5,27.2,78,2.2
1006.3,27.0,79,2.1
1006.0,26.5,83,1.7
1006.8,26.4,82,1.6
1007.5,25.3,92,1.5
1008.2,25.4,90,0.9
1007.6,25.2,91,2.2
1008.3,25.2,91,0.8
1008.6,25.1,87,1.1
1008.2,25.0,86,1.4
1008.0,25.0,87,0.8
1007.5,24.8,86,1.6
1007.4,24.8,85,1.1
1006.7,24.6,85,1.7
1007.1,24.4,86,1.8
1007.6,24.7,81,1.4
1008.1,24.6,82,1.3
1008.9,25.8,76,1.5
1009.4,27.8,69,0.8
1009.6,28.4,70,2.7
1009.7,29.5,67,3.3
1009.8,28.8,74,3.8
1009.3,28.9,76,4.1
1009.0,27.8,77,4
1008.6,26.3,86,3.7
1008.6,24.8,94,2.6
1008.5,25.4,91,2.7
1009.0,24.6,90,3.5
1009.8,24.0,91,2.8
1010.2,23.8,91,2.2
1010.4,23.8,90,1.5
1011.1,24.1,87,1.4
1011.8,23.9,85,2.2
1011.5,23.8,85,1.4
1011.3,23.6,85,1.9
1010.7,23.5,84,2.3
1010.5,23.5,83,1.9
1010.5,23.4,83,1.8
1010.6,23.5,83,1.6
1010.9,23.5,83,1.6
1011.4,23.8,81,1.8
1012.1,24.4,79,1.4
1012.6,25.4,81,2.2
1012.8,25.3,81,3.1
1013.4,24.7,83,2.9
1013.3,25.7,80,3.7
1013.1,26.6,74,3.7
1012.5,26.7,68,3.5
1012.2,26.1,73,3.6
1012.3,25.1,78,3.4
1012.1,23.3,87,1.7
1012.4,22.8,87,1.8
1012.8,22.7,87,1.5
1013.2,22.4,85,1.9
1013.7,22.6,82,2
1014.1,22.7,80,2.8
1014.4,22.7,79,2.9
1013.9,23.0,77,2.5
1013.7,24.2,80,2.3
1013.7,23.4,82,3.4
1013.0,22.7,77,2.4
1012.7,22.9,78,1.3
1012.8,23.1,83,2.5
1013.2,22.7,87,2.9
1013.0,22.6,81,1.8
1013.4,23.6,76,1.6
1013.7,24.8,76,2.7
1014.2,24.2,79,2.1
1013.9,25.9,73,2.7
1013.5,25.7,70,2.5
1013.1,27.2,61,2.8
1012.6,26.8,58,2.5
1011.8,27.1,60,2.5
1011.6,26.7,64,1.9
1011.3,26.3,66,2.7
1011.3,26.0,63,2.3
1011.5,26.1,62,1.6
1011.7,25.7,66,2.3
1012.4,25.2,69,1.2
1012.8,25.0,70,1.3
1013.0,24.8,71,1.3
1012.9,24.6,71,1.2
1012.3,24.2,70,1.1
1011.8,24.3,69,1.1
1011.3,23.6,73,0.7
1011.2,23.3,76,1.5
1011.0,23.1,76,1.1
1011.1,23.0,76,0.9
1011.4,22.9,77,1.4
1012.0,23.5,75,2
1012.2,25.7,67,1
1012.5,26.5,70,2.5
1012.4,27.9,65,3.1
1012.1,28.4,63,3.5
1011.6,27.6,66,2.1
1010.7,27.6,69,2.6
1009.9,27.6,65,2
1009.5,28.6,60,1.7
1009.1,28.3,62,1.8
1009.2,27.1,61,2.2
1009.6,26.8,64,1.3
1010.0,26.6,68,1.5
1010.7,26.5,68,1.2
1011.4,26.4,69,1
1011.9,26.4,68,0.9
1011.9,25.8,72,1.7
1011.1,25.2,75,1.8
1010.4,24.6,77,1.3
1009.8,24.6,77,1.2
1009.4,24.1,79,1.8
1009.1,23.6,79,1.3
1009.2,23.2,78,1.5
1009.5,23.7,73,1.2
1009.6,25.4,65,0.9
1009.4,27.5,59,1.3
1009.8,28.1,58,1.9
1009.8,28.6,63,1.9
1009.5,28.9,65,2.3
1009.4,28.5,67,2.2
1009.0,28.9,67,2.3
1008.5,28.2,70,2.2
1008.3,27.4,73,2.3
1008.0,27.4,74,0.7
1008.0,27.2,77,1.8
1008.1,26.6,79,1
1008.2,26.9,76,0.9
1008.8,26.7,78,1.2
1009.3,26.8,78,0.9
1009.8,25.4,91,1
1009.9,24.8,95,0.9
1009.4,25.0,95,1.3
1008.8,24.8,89,1.4
1008.1,25.0,88,0.3
1007.8,25.0,84,1.1
1007.6,25.0,85,0.8
1007.7,25.0,82,0.9
1008.1,24.7,83,1.1
1008.8,25.8,78,0.6
1009.1,26.4,76,1.5
1009.2,28.4,73,1.5
1009.3,29.1,73,2.9
1009.1,29.0,74,3.4
1008.8,29.3,73,4
1008.2,28.7,75,3.4
1007.4,29.1,73,2.6
1006.8,30.1,72,2.6
1006.2,29.7,76,1.9
1006.1,29.4,76,1.7
1006.6,28.9,78,2.2
1007.1,28.1,80,2.4
1008.0,27.9,79,1.9
1008.6,27.7,81,1.5
1009.5,27.6,82,1.3
1009.7,27.4,81,1.1
1009.1,26.9,82,0.9
,,,
,,,
,,,
,,,
,,,
,,,
,,,
,,,
,,,
,,,
,,,
,,,
,,,
,,,
,,,
,,,
,,,
,,,
,,,
,,,
,,,
,,,
,,,
,,,
,,,
,,,
,,,
,,,
,,,
,,,
,,,
1002.8,17.8,98,1.8
1002.5,18.0,98,1.5
1002.0,17.9,97,1.7
1002.0,17.8,99,1.8
1001.9,18.6,98,0.8
1002.5,18.7,96,1.1
1003.1,19.5,97,0.2
1003.7,20.4,91,0.4
1004.1,20.8,88,1.5
1004.8,21.4,86,2.2
1004.4,22.8,83,1.2
1003.6,24.0,83,0.1
1003.0,24.4,75,0.4
1002.3,23.1,82,1.3
1001.7,23.6,85,1.4
1001.5,21.7,88,1.7
1001.6,20.8,92,2.3
1001.7,19.3,97,2.5
1002.6,18.5,99,2.4
1003.6,18.2,99,2.4
1004.3,19.3,99,2.1
1005.0,18.8,99,3.3
1005.0,18.7,99,4.8
1005.2,18.5,99,5.3
1004.8,17.9,99,5
1004.3,17.6,99,6
1004.1,16.9,99,6.4
1004.4,16.6,99,6.2
1004.4,16.6,99,6.1
1005.0,16.8,97,6.8
1005.8,17.0,95,6.1
1006.1,17.2,95,6.5
1005.8,17.4,93,5.6
1006.1,17.4,94,6
1005.6,18.0,91,6.1
1005.1,17.9,91,5.8
1004.4,18.1,91,6.1
1003.8,17.3,95,6.2
1003.4,17.2,95,5.5
1002.5,16.5,99,4.9
1002.4,16.6,99,6.1
1002.3,16.7,99,5.4
1002.5,16.8,99,6.1
1002.6,17.0,99,4.7
1003.2,17.2,99,4.2
1002.9,17.3,99,3.7
1002.4,17.3,99,3.6
1001.8,17.5,99,3.7
1000.8,17.8,99,2.5
999.7,17.8,99,1.4
999.1,17.7,99,2.3
998.7,18.1,99,1.7
998.4,18.4,99,1.9
998.8,18.2,99,1
998.9,18.2,99,1.5
999.1,19.5,98,0.3
999.3,19.1,97,2.7
998.8,20.8,97,4.1
997.8,22.8,90,5.8
997.0,24.2,86,6.1
996.3,24.4,86,6.3
995.1,24.6,87,7.9
994.8,24.0,90,7.9
994.7,24.4,90,8.9
995.1,23.9,93,9.1
995.3,23.8,96,6.6
995.5,23.8,94,6.9
995.5,23.7,91,8.4
996.0,23.4,88,6.5
996.8,21.7,94,3.9
996.7,22.6,94,4.5
996.5,22.8,97,4.5
996.0,22.8,99,6.3
995.5,22.5,99,6
995.2,21.9,99,5.2
995.0,21.5,99,3.7
995.2,21.4,99,3.4
995.3,22.0,99,2.2
996.6,21.5,99,2.1
997.5,18.3,99,2.9
998.5,17.4,99,3.8
998.5,17.4,99,3.8
998.5,17.1,99,5
998.6,16.9,99,4.9
998.7,16.7,99,4.3
998.6,16.6,99,4.5
998.6,16.3,99,4.6
999.0,16.1,99,4.7
999.5,16.0,99,4.2
1000.7,16.2,99,3.4
1001.1,15.7,99,4.6
1001.8,15.6,99,4.3
1003.0,15.5,99,4.5
1003.5,15.9,99,3.1
1003.1,15.9,97,3.8
1002.7,16.0,96,3.8
1002.8,16.1,97,3.7
1002.9,15.4,98,3.2
1002.5,15.1,99,3.8
1002.7,15.3,99,3.4
1003.2,15.3,99,3.3
1004.0,15.5,98,3
1004.7,15.5,98,3.7
1005.3,16.1,98,2.7
1005.7,16.5,89,3.3
1006.0,16.8,81,3.1
1005.9,17.4,82,2.8
1005.5,17.6,75,3.7
1005.1,17.0,81,2.6
1004.7,17.3,76,2.5
1004.5,17.4,79,2.1
1004.5,17.0,79,1.9
1004.7,17.0,76,3.2
1005.4,16.6,71,2.8
1006.3,16.5,74,2.3
1007.1,16.7,79,2.7
1007.8,16.7,81,2.5
1008.2,16.4,84,2.8
1007.8,16.3,86,3.1
1007.4,16.2,86,3.5
1006.8,16.3,87,5
1006.3,16.5,87,4.6
1006.1,16.4,88,4
1005.5,16.1,89,4
1006.0,16.0,90,3.4
1007.0,16.2,86,3.3
1007.7,16.3,84,3.3
1007.9,16.8,82,4.4
1008.5,16.8,82,4.3
1008.4,17.6,84,3.3
1008.2,18.1,80,3.5
1007.6,20.0,70,2.3
1006.9,20.4,72,2.9
1006.1,21.0,73,2.3
1005.5,20.4,75,1.6
1005.2,19.0,82,2.4
1005.3,17.8,89,2.8
1005.9,17.1,93,2.1
1006.1,16.8,94,2.4
1006.5,16.6,98,1.5
1006.9,16.4,99,2.2
1006.8,16.4,99,2.4
1006.1,16.3,99,2.5
1005.7,16.0,99,2.8
1005.3,16.0,98,1.4
1004.9,15.8,98,1.6
1004.5,16.0,99,2
1004.4,16.0,98,1.7
1004.6,15.7,98,2.1
1005.0,15.9,97,1.9
1005.6,16.5,94,2
1006.0,17.6,89,2.3
1005.7,17.9,85,2.4
1005.4,19.2,76,2.1
1004.8,21.9,71,0.5
1003.9,23.0,69,0.4
1003.4,22.8,68,2.8
1002.7,23.8,67,1.7
1002.1,22.7,69,2.7
1001.4,22.0,73,2.8
1001.4,20.7,77,1.7
1002.2,19.6,87,2.7
1002.4,18.6,95,1.5
1003.1,18.4,98,2.1
1003.7,18.1,99,2
1004.1,17.8,99,1.8
1003.9,17.7,99,1.9
1003.9,17.8,99,1.9
1003.8,18.0,98,2.3
1003.2,18.0,97,2.3
1003.0,17.9,98,2.6
1003.1,17.5,99,1.7
1003.4,17.3,99,1.8
1003.9,17.6,99,1.3
1004.4,19.1,92,0.8
1004.7,20.1,88,0.6
1005.2,21.8,80,0.7
1004.9,22.9,78,1.5
1004.7,22.9,78,1.6
1004.1,24.1,69,1.4
1003.2,23.8,75,0.6
1002.5,24.5,74,0.9
1001.6,24.0,79,0.9
1001.4,22.4,79,1.6
1001.1,21.6,85,2.2
1001.5,20.6,88,1.8
1002.1,20.1,90,2.1
1002.7,19.3,94,2.8
1003.3,19.1,97,2.8
1003.1,18.7,99,1.4
1003.1,19.3,99,1.1
1002.9,19.1,99,0.7
1002.6,19.5,99,1.1
1002.1,19.3,99,1.9
1002.1,18.9,99,2
1002.0,18.5,99,2
1001.8,18.2,99,1.7
1002.3,18.1,99,1.7
1002.6,19.4,99,0.4
1003.0,20.1,94,1.3
1003.3,21.4,86,0.2
1003.3,23.3,80,0.7
1003.1,24.7,73,1
1002.4,23.5,83,2.3
1001.7,25.6,69,0.8
1001.0,23.6,81,1.4
1000.4,22.5,85,1.5
1000.1,21.8,89,1.3
1000.2,21.8,89,1.2
1000.7,20.8,92,2
1001.3,20.3,90,2
1002.4,19.5,95,3
1003.2,19.5,97,3
1003.7,19.7,99,2.7
1003.4,19.1,99,4.4
1002.7,18.4,99,5.2
1002.5,18.0,99,6
1001.7,17.9,99,5.5
1001.1,17.7,98,5.7
1001.3,17.5,97,5
1001.5,17.4,96,4.6
1002.2,16.9,99,4.4
1002.7,16.7,99,4.9
1002.9,16.7,99,5
1003.5,16.4,99,5.1
1003.3,16.1,99,5.5
1003.2,16.0,99,6.1
1002.5,15.4,99,6.6
1001.7,15.3,99,6.9
1001.9,14.4,99,6.8
1001.6,14.5,99,6.6
1001.9,14.3,99,6
1001.9,14.7,99,5.6
1003.2,14.7,99,6
1004.3,14.0,99,6.1
1004.9,13.8,99,6.1
1005.8,13.8,97,6.8
1006.2,14.2,94,5.9
1006.1,14.4,91,5.9
1005.8,14.6,90,5.6
1005.7,14.2,92,5.7
1005.3,14.2,91,5.1
1005.5,13.4,99,4.4
1005.4,13.3,99,4.1
1005.3,13.1,98,4.5
1006.0,13.9,94,4.3
1007.1,13.9,96,4
1007.7,13.9,98,3.9
1007.8,13.9,98,4
1007.9,15.0,93,3.3
1007.7,15.3,91,3.1
1007.8,15.8,88,3.1
1006.9,15.7,83,3.2
1006.5,15.8,90,2.6
1006.1,16.2,83,3.4
1006.3,16.3,82,3.4
1006.5,16.0,86,2.7
1006.6,15.1,86,2.7
1007.0,14.5,91,2.5
1007.7,15.2,84,2.6
1007.7,15.5,83,3.6
1007.9,15.1,91,2.7
1008.3,15.3,89,2.9
1008.1,15.3,90,2.9
1007.8,15.1,89,2.9
1007.3,14.9,89,2.7
1007.2,15.2,89,2.8
1007.0,15.0,89,2.5
1006.9,15.1,90,2.5
1007.4,15.5,88,2.5
1008.1,16.1,84,2.8
1008.5,17.6,83,2.5
1008.9,18.1,74,2.7
1008.7,19.2,70,2.7
1008.3,19.8,68,2.6
1007.9,20.4,69,3
1007.6,20.6,58,2.7
1006.7,20.4,62,2.1
1005.9,20.4,67,1.8
1005.3,19.1,71,1.8
1005.3,18.1,76,2.1
1005.3,17.0,81,2.5
1005.6,16.5,86,2.6
1005.9,17.0,83,3
1006.3,17.2,85,3.2
1006.5,17.2,85,3.2
1006.3,16.6,89,3
1005.5,17.0,87,3.4
1005.0,17.4,87,2.5
1004.1,17.3,89,2.6
1003.3,17.2,91,2.8
1002.9,17.2,90,3
1002.9,17.5,85,3.4
1003.3,17.9,84,3.8
1003.5,18.6,86,2.8
1003.1,19.7,77,1.7
1003.3,20.2,80,1.3
1003.1,20.9,73,1.4
1002.7,22.3,69,0.5
1001.9,23.3,70,0.4
1001.0,24.2,67,1.8
999.7,23.9,69,1.9
998.9,22.5,73,2.8
998.1,21.1,78,4.3
998.0,20.9,79,4.3
998.3,20.6,83,4.4
998.4,21.8,79,5.1
998.7,22.2,79,5.6
999.2,21.4,87,4.2
999.3,21.3,90,5.5
999.1,21.6,90,5.2
998.4,20.7,95,3.7
997.9,20.8,95,4
997.2,22.2,90,6.3
996.6,22.4,89,7.5
996.3,22.2,91,7.7
996.5,22.1,92,6.6
996.9,22.2,92,7.5
997.4,22.6,92,8.2
998.0,23.1,91,9
998.4,23.2,91,8.9
998.9,24.2,86,8.8
999.4,24.0,87,7.3
999.7,23.4,90,2.2
999.8,24.1,84,2.4
998.3,23.1,90,1.3
999.0,25.0,80,1.8
999.1,24.3,77,2.2
999.2,22.9,87,2.4
1000.5,22.4,89,2.1
1001.4,21.0,93,2.8
1002.2,19.9,96,4.4
1002.8,19.3,97,4.1
1003.4,19.2,96,3.2
1004.5,19.0,98,2
1005.1,18.8,97,2.3
1004.8,18.8,94,2.8
1005.3,18.4,98,2.9
1005.8,18.5,99,3.7
1006.1,17.9,99,5.3
1007.0,18.0,99,3.4
1007.2,17.4,99,4
1008.1,17.5,99,3.2
1008.8,17.2,99,3.6
1009.6,17.3,99,3.6
1009.3,18.1,99,3.7
1009.3,17.6,89,4.2
1008.9,19.1,89,3.5
1008.9,18.5,95,4
1008.6,18.3,92,4.8
1008.0,18.1,88,2.9
1007.9,18.2,92,2.3
1008.2,17.6,89,2.3
1008.6,17.5,89,2.2
1008.7,17.2,90,2.2
1008.5,17.4,81,2.5
1009.3,17.5,77,2.4
1009.3,17.1,82,2.5
1008.3,17.3,77,3
1008.1,16.8,83,2.6
1007.0,16.8,89,2.8
1006.4,16.6,89,3
1006.2,16.6,90,3.2
1006.3,16.9,93,3.8
1006.1,17.1,90,4.2
1006.0,17.2,90,4.5
1006.4,17.3,89,4.1
1007.2,17.6,88,4.4
1007.0,18.2,85,4.8
1007.3,18.6,84,4.6
1007.3,18.4,85,4.9
1007.1,18.1,88,3.8
1006.4,18.3,80,4.3
1006.1,19.0,81,3.5
1005.4,18.7,86,4
1005.2,17.9,86,3.9
1005.2,16.5,96,3.6
1005.3,16.0,96,3.7
1005.6,15.3,97,3
1005.8,16.0,97,2.9
1006.4,15.8,98,3.5
1006.2,15.3,98,3.2
1005.9,15.8,97,2.7
1005.5,16.0,98,2.6
1004.7,16.0,99,3
1004.3,16.1,99,3
1004.1,16.1,99,3.1
1003.8,16.2,99,3.2
1004.4,16.3,99,2.8
1004.6,16.6,99,2.6
1004.9,16.9,99,1.8
1005.5,17.6,98,1.8
1005.8,18.3,96,1.9
1005.7,19.1,91,1.9
1005.3,20.3,85,2.4
1004.9,21.1,83,2.2
1004.3,21.7,82,1.5
1003.8,21.2,85,1.7
1003.2,21.2,86,1.7
1002.8,20.2,83,2.5
1002.7,19.4,88,2.2
1002.9,18.5,93,2.1
1003.1,17.9,97,2
1003.6,18.4,98,1.7
1004.2,18.2,99,2
1004.5,18.5,99,1.9
1004.1,18.4,99,2.6
1004.0,18.4,99,2
1003.3,18.5,99,1.9
1002.8,18.6,99,1.1
1002.5,18.2,99,1.3
1002.5,18.1,99,1.4
1002.8,19.0,94,2.3
1002.9,19.0,95,3.8
1003.4,19.8,92,2.9
1003.2,20.5,89,1.9
1003.4,21.8,82,1.6
1003.2,23.2,75,0.9
1002.6,24.0,72,0.9
1002.2,24.3,69,1.3
1001.5,25.0,76,0.6
1000.6,25.1,74,1.9
1000.1,24.2,78,1.8
999.7,23.5,82,2.4
1000.0,22.9,84,1.5
1000.2,21.3,92,1.8
1000.6,20.6,95,1.7
1001.6,20.2,97,1.4
1002.2,19.8,98,1.6
1002.6,19.6,98,1.5
1002.7,19.9,98,1.6
1002.3,20.0,98,1.2
1002.2,20.3,99,1.2
1002.2,19.9,99,2
1002.1,19.9,98,2.2
1002.7,19.7,99,2.4
1003.1,19.6,99,3.9
1003.3,19.6,99,3.5
1004.0,19.6,99,4.6
1004.9,19.0,99,6.2
1005.8,17.9,99,7
1006.7,17.1,95,7.6
1007.0,17.0,92,6.5
1006.7,17.5,92,6
1006.5,17.6,83,6.4
1006.4,17.6,83,6.6
1006.4,15.5,95,6.8
1006.5,15.5,88,7.3
1006.5,16.8,80,7.6
1007.1,16.3,74,7.6
1007.7,16.9,68,7.5
1008.4,17.2,68,7.1
1009.0,17.1,69,6.6
1009.3,16.9,71,6.3
1009.3,16.2,80,6.2
1009.0,16.4,80,5.5
1008.4,16.3,80,5.4
1007.7,16.7,80,6.7
1007.7,16.3,81,5.5
1008.0,16.5,79,5.9
1008.1,16.8,76,5.1
1008.4,16.9,74,5.1
1008.8,16.6,77,6
1009.5,16.9,76,5.3
1009.5,17.3,74,4.4
1009.8,17.1,74,5.4
1009.7,16.9,74,4.5
1009.3,16.7,82,5.8
1008.6,16.8,82,4.4
1008.5,15.4,91,6
1007.9,15.7,86,4.9
1007.5,14.9,96,5.7
1007.8,14.3,97,5.4
1008.0,14.7,98,5.3
1008.0,14.6,99,4.5
1008.0,14.6,98,4.7
1008.2,14.9,97,4.1
1008.3,14.7,96,4.7
1007.7,15.0,91,4.6
1006.7,15.3,92,4
1006.1,15.6,87,4.3
1005.9,16.2,82,3.7
1005.8,16.3,80,3.7
1005.1,16.4,85,3.9
1005.4,16.6,86,3.5
1005.8,16.7,87,3.4
1006.0,16.7,90,3.2
1006.2,16.7,85,3.9
1006.7,17.3,83,3.2
1006.8,17.8,83,3.6
1006.7,18.5,80,2.8
1006.1,19.9,78,2.7
1005.3,20.3,78,2.9
1004.6,21.0,76,2.7
1004.2,19.8,83,2.2
1004.0,18.3,84,3.2
1003.8,18.2,89,2.9
1003.9,17.9,95,2.4
1004.4,17.8,96,2.6
1004.7,17.8,96,2
1004.8,17.9,96,2.5
1004.4,17.8,96,1.9
1004.4,18.1,96,1.8
1003.8,18.1,98,1.8
1003.0,18.0,96,1.1
1002.0,17.8,97,1.4
1002.1,18.0,97,1.4
1001.8,18.0,98,0.7
1002.0,18.4,90,2.2
1002.6,18.3,94,3
1002.5,18.9,92,1.5
1003.0,19.6,90,1.9
1003.2,20.8,87,1.2
1003.3,20.6,84,1.8
1003.0,22.2,80,1.2
1002.1,24.4,76,1
1001.4,24.7,77,1.4
1000.8,24.9,76,0.6
1000.4,23.1,81,1.1
1000.1,22.3,85,2.1
1000.1,21.2,90,2.1
1000.7,20.3,95,2.5
1000.8,19.8,97,2.2
1001.2,19.9,97,1.2
1001.1,19.5,98,2.1
1001.5,19.5,99,2.3
1000.9,19.5,98,2
1000.0,19.3,99,1.7
1000.1,19.3,98,1.3
999.5,19.7,95,3.3
999.1,19.7,97,2.5
999.1,19.6,98,1.6
999.7,20.5,90,0.4
999.9,20.2,95,1.2
1000.6,20.4,92,1.3
1001.0,21.8,88,0.8
1001.0,23.0,88,1
1000.8,23.5,84,0.5
1000.2,23.8,78,0.4
999.3,23.9,79,1.6
998.1,25.5,78,1.4
997.5,25.1,79,0.7
997.3,23.6,82,1.5
996.8,22.8,87,1.5
997.1,21.9,90,1.5
997.3,21.5,94,2.1
998.1,21.0,95,1
999.0,20.8,96,1.3
999.5,20.7,98,1.7
998.9,20.4,98,1.8
999.1,20.6,98,1.9
998.7,20.4,99,1.8
997.9,20.3,99,1.3
997.5,20.4,99,1.5
997.6,20.6,96,1.9
997.7,20.3,99,2
997.3,20.0,99,1.7
997.7,20.5,96,0.5
998.9,21.8,93,0.3
999.3,22.0,94,1.5
1000.3,21.6,95,1.3
1000.6,20.6,98,1.6
1000.1,20.9,99,1.8
999.6,21.4,99,2
999.6,20.8,99,2.8
998.0,20.5,99,1.2
998.0,20.4,96,3.7
997.4,20.2,97,4
997.2,20.6,98,2.6
997.4,20.1,99,3
998.2,20.1,99,3.4
998.7,20.0,99,2.8
998.7,19.8,99,0.8
998.2,19.8,99,0.4
997.6,18.2,99,1.7
997.8,18.2,99,2.6
997.3,17.6,99,2.2
997.3,17.4,99,2.7
996.9,17.5,99,2.5
997.0,17.5,99,2.5
996.8,17.5,99,1.7
997.5,17.8,99,2.2
998.1,18.2,99,2.5
998.5,18.6,99,0.2
998.5,18.9,99,1.4
999.1,18.9,99,1.2
999.3,19.3,99,1.1
999.0,20.2,99,1.4
998.2,20.9,99,1.6
997.7,21.3,97,1.6
997.3,20.7,97,2.1
997.6,19.8,99,2.2
997.9,19.7,99,2.2
998.9,19.6,99,2.5
999.7,19.6,99,3.1
1000.2,19.1,99,3.6
1001.0,18.8,99,5.5
1001.4,18.5,99,6.8
1001.1,18.6,99,5.7
1000.8,18.5,99,4.9
1000.4,18.6,99,4
1000.5,18.6,99,3.7
1000.3,18.7,99,3.9
1000.4,18.9,99,4.1
1000.9,19.0,99,3.7
1001.6,18.9,99,4.1
1002.5,19.0,99,4.6
1002.9,19.2,99,5.7
1003.0,19.3,99,7
1003.2,19.4,99,6.8
1003.0,19.5,99,8
1003.1,19.7,99,6.2
1002.7,19.7,99,6.3
1002.1,19.2,99,5.8
1001.9,19.3,99,5.2
1001.6,19.4,99,5.9
1001.7,19.7,99,6
1002.1,20.0,99,5.4
1002.7,20.2,99,5.4
1003.2,20.3,99,5.5
1003.8,20.2,99,5.4
1004.4,20.2,99,5
1004.4,20.1,99,5.2
1004.0,20.2,99,5.2
1003.8,20.2,99,5.3
1003.5,20.1,99,4.7
1003.7,20.0,99,4.2
1003.6,20.1,97,5.3
1004.0,20.1,97,4.5
1004.4,20.2,96,5.2
1004.9,20.3,97,5.6
1005.4,20.8,96,5.7
1005.8,21.3,94,5.2
1006.2,21.9,91,5.8
1006.2,22.9,86,5.8
1005.9,22.5,88,5.8
1005.5,22.8,87,5.5
1005.2,22.7,87,5.1
1004.6,22.3,87,5
1004.5,21.4,90,5.1
1004.4,21.1,91,5
1004.8,20.5,95,4.7
1005.3,20.3,97,4.6
1005.6,20.4,96,5
1006.3,20.1,99,4.1
1006.6,20.1,99,4.8
1006.4,20.2,99,4.6
1005.8,20.2,99,4.7
1005.5,20.2,99,4.6
1004.6,20.1,99,5.2
1004.6,20.0,99,4.7
1004.4,19.9,99,4.1
1004.6,19.8,99,4.7
1005.1,20.0,99,5
1005.6,20.1,99,5.2
1005.8,21.5,96,5
1006.1,21.9,94,4.7
1006.1,22.6,92,5.3
1005.9,23.4,87,4.1
1005.6,23.2,86,4.7
1005.1,23.2,85,4.4
1004.3,23.3,84,4.1
1004.0,22.8,87,3.7
1003.6,22.5,87,3.8
1003.4,21.8,91,4.4
1003.6,20.9,94,3.8
1003.6,20.5,95,4.8
1004.1,20.4,95,4.4
1004.5,20.2,97,4.2
1004.6,20.2,96,4
1004.6,20.1,98,4
1004.2,19.9,99,3.7
1003.2,19.7,99,3.7
1002.8,19.8,99,4.3
1002.5,19.8,98,4.4
1002.5,19.9,96,4.6
1002.6,19.6,96,3.9
1002.9,20.1,93,5.1
1003.6,20.5,92,5.3
1003.7,20.9,91,5.6
1003.9,21.7,89,4.5
1003.9,23.7,83,4.8
1003.8,23.4,84,4.2
1003.3,23.4,84,3.1
1002.8,24.7,80,3
1002.2,24.4,80,2.8
1001.5,23.9,78,2.5
1000.9,22.9,81,2.2
1000.6,21.9,87,2.9
1001.0,21.1,91,2.8
1001.3,20.5,95,2.9
1001.8,20.3,98,3
1002.4,20.1,99,2.4
1002.5,20.1,99,2.7
1002.4,20.1,99,3.3
1001.9,20.2,99,2.7
1001.5,20.5,99,3
1000.9,20.5,99,2.3
1000.4,20.3,99,2.5
1000.0,20.0,98,2.4
1000.1,20.0,98,2.5
1000.4,20.2,98,1.5
1000.6,21.5,93,2.2
1000.9,22.0,90,2.2
1001.2,23.6,87,1.9
1000.8,24.5,83,1.7
1000.4,25.9,77,0.8
999.8,26.6,77,1.3
999.1,26.8,77,1.1
998.7,26.3,78,1.1
997.9,25.9,78,1.8
997.5,24.8,83,2.8
997.3,24.2,83,3.8
997.2,23.6,85,3.7
997.4,24.1,82,5.1
997.8,24.2,79,6.3
998.0,23.9,81,6.1
998.1,23.6,84,6.1
997.8,23.3,87,6.2
997.4,23.1,91,5.2
997.0,22.7,95,5.2
996.6,22.6,96,5.2
996.6,22.4,97,5.7
996.5,22.7,95,5.6
996.5,22.2,99,4.4
997.0,22.3,99,5.3
997.4,22.9,96,3.7
997.3,24.3,90,5
997.5,25.2,86,4.6
997.5,26.3,81,7
997.3,26.9,80,8.1
996.9,26.7,81,8
996.6,27.2,80,8.7
996.0,27.0,81,8.2
995.5,27.4,78,9.3
995.4,26.8,80,8.6
995.7,26.4,84,9.6
996.0,25.4,88,9.4
996.4,25.2,90,8.3
996.9,25.1,90,8.6
997.7,24.8,92,8.7
998.4,24.6,94,7.4
998.6,24.7,94,6.5
998.4,24.7,94,6.6
